14872	18150
7951	17934
8896	27347
11926	22609
8413	18407
4104	20754
12138	23762
310	22863
8736	20709
1583	19001
8072	27089
7111	22202
7180	21041
8416	19969
11952	16138
5958	26410
4112	18713
14870	21518
3302	23203
3760	22845
3151	18553
11695	23000
9055	27415
80	19675
6136	20616
5737	18251
8984	27385
13720	23223
9155	22882
1466	28021
11234	28115
6646	25583
13118	20098
11418	29632
9385	22382
3752	27581
9064	24014
3485	18668
11455	21618
959	23067
14830	16473
2611	25526
6296	20536
1700	22928
9199	27434
698	27134
11797	28258
2625	20894
8975	27380
9016	27396
13979	19882
6326	29761
747	20495
11648	22526
7499	26950
7268	20459
10253	22370
11226	28111
4482	25566
10481	27857
2868	19598
12157	23763
13734	19199
10364	28214
2790	28919
9729	28797
5952	21111
14047	26332
12663	16484
5318	27592
14068	17290
7656	17631
4524	23949
5723	27106
5868	26046
9693	20159
14157	19831
1399	25618
6925	25337
6306	21832
9836	27686
6015	21946
5808	21347
2106	18753
257	19102
491	15620
12588	19045
4031	18917
4311	17101
4264	16184
3878	25569
812	17962
14622	22465
4212	25672
9441	22203
9483	21785
6904	24418
6733	17722
11348	26431
13787	15154
4024	25232
10706	17027
14408	19058
2661	23395
6264	28925
166	24385
5446	26181
2523	15451
12513	22815
4808	17253
539	29968
6506	29922
5021	20528
8092	17543
421	24475
12465	25996
11258	24470
7606	19967
6868	23663
13331	19971
9194	19255
4800	21822
5804	23449
14143	18438
274	18799
14985	20973
1746	15403
12450	16084
8148	27224
7522	19922
8476	23524
6167	15930
3122	25343
1222	21061
5341	17830
14065	22912
5214	26019
9913	24058
13607	21554
12858	28417
13399	28658
2506	21437
14546	15268
8170	18123
10724	24585
10802	18384
4624	29578
4026	19673
734	23053
10427	22738
5342	20700
8718	19327
6325	29789
8251	21765
11181	18742
10120	15852
14911	28895
6440	22502
7203	21468
9038	16322
2350	25105
4762	16289
13334	16203
6487	26690
6606	27493
3581	28107
12775	19070
98	21175
7784	18667
14835	28879
2089	18705
14523	22759
1410	28949
3585	19972
124	18889
10525	15702
2650	21478
8067	27088
5094	17719
11101	18378
2854	27653
4710	28409
11822	19053
10974	19443
5181	20457
1391	21297
13074	28451
2057	20196
12535	29742
3445	29672
5293	23355
12268	23698
12806	23897
11820	24887
10129	27749
1425	28953
7364	24087
11893	28274
4431	25735
1123	24935
6637	26924
13417	17780
12555	20499
13210	24038
2318	25094
5656	26443
8370	27190
9309	22521
3505	25455
12624	17418
5360	17791
10697	20945
7076	15023
548	29997
13157	15489
2195	21380
8264	27157
6607	24165
11111	26017
10682	25684
8474	18386
4553	23974
7598	26974
4179	29128
5701	16166
11268	21976
1449	16611
6009	16932
14510	26524
11653	28222
13940	28661
4142	22099
3172	16146
70	24339
14239	20047
14259	28765
4093	25865
13729	22855
14494	16764
384	22985
2885	28283
893	25886
688	24569
13573	28572
3877	19244
5026	25607
7497	18354
14782	22025
4882	20611
2911	17913
8369	18232
8491	24211
12067	15866
290	27121
12627	16989
4457	27675
5199	21880
6843	16740
434	21197
3904	25580
11675	19796
4621	22371
10294	23383
10712	22018
5465	21674
4217	17162
2087	25419
8872	18990
271	21495
3004	24903
13514	28546
13104	28458
2424	21436
283	24416
10541	19380
10365	17610
4071	22042
2859	29331
8263	27156
5531	15419
4535	29993
12134	29478
13299	20076
3846	29520
5571	22403
13686	28691
6499	26617
9471	16848
9397	23184
7281	16831
8854	20979
7840	27033
7134	18485
4888	21834
6634	29749
7090	17451
8650	19139
12409	23495
1361	24761
14469	28802
14250	18913
14122	22922
5087	21861
9039	17381
14347	21280
820	20301
14855	26256
8016	19112
13307	16095
10509	29421
3645	26501
12260	17605
6396	15312
2404	26110
340	18607
9232	15258
1866	18684
14921	15301
8598	28017
262	24513
12036	28295
14788	16569
629	24552
11143	15538
2981	23211
4388	27496
4496	15017
14462	17189
5135	25962
956	18161
13053	19414
13844	15693
2069	27921
13448	26067
1440	24112
14184	26996
1129	28699
5488	26193
1219	24946
4115	19473
7338	17768
2768	15173
8489	21648
3374	27790
10538	27879
6368	17667
9462	17709
13916	22222
9900	27704
11667	18416
4173	17152
13404	19151
11689	19839
8452	22616
168	15272
9321	20751
6263	26044
14211	22929
2415	25129
7754	26011
1403	23228
10030	27730
4078	21438
8394	18102
4944	25404
8980	22474
12722	20192
771	20872
14679	29062
10479	19685
6803	17351
3506	24333
14894	20360
12785	28406
10138	23718
1480	16839
3735	16753
11849	23490
2128	17951
6888	17946
4631	25792
6810	26685
7715	23924
4583	15891
2357	21789
12804	15792
5651	18571
5029	25913
3746	23252
7273	15157
11051	22562
1102	26518
11468	17970
5165	22086
14817	17557
6919	20318
3102	26725
3094	28635
4959	25890
6224	21773
14655	19178
8957	17675
504	27409
10699	16233
149	27997
1757	21349
1100	20246
7342	23557
3146	22841
9428	20863
12115	17788
842	18110
11644	29838
670	21591
9538	19865
13336	23750
12064	23397
7138	24114
7428	26935
14228	26691
10709	29414
481	21201
4522	21736
12305	28343
714	29760
6739	25995
4613	15622
5727	26308
11095	28075
8800	17630
13836	24246
4154	21672
1951	19391
4469	21283
2990	27077
9757	27669
1052	23073
2751	22925
1665	19904
8804	20686
1639	21503
14983	26432
12934	16127
6287	26494
1543	23941
4151	25200
12987	28436
5191	26864
14433	26348
2353	15744
3395	19121
1683	29286
8608	23629
6051	27497
4851	27098
12350	22903
3695	20264
4219	25835
6301	16738
13515	22578
6720	23242
5910	24508
13640	22014
7566	26971
10827	27979
1996	28986
9255	16511
4642	20370
11196	24247
14963	18403
13025	23297
14057	20594
12997	25261
9537	27237
10159	29201
11700	28235
1097	24655
14610	17095
12337	26079
7561	20732
14453	17123
10404	20996
9852	16593
10545	18308
1292	29708
14849	18855
8421	16219
9923	20672
14124	23277
5788	15348
3050	26783
6771	27028
824	21228
4281	23076
13737	28602
11613	17243
7534	17774
14947	17005
1774	27353
3198	23220
3556	24998
5440	24135
5982	20498
14728	20573
5482	26117
2088	18002
11718	22943
7164	16074
2097	29719
11672	28230
14203	28195
10354	18249
1134	20385
4133	25652
2831	25506
3803	16893
115	15971
14596	25674
34	18168
1218	19823
6217	16924
5351	26137
706	21578
11264	21664
677	20871
7902	17402
2626	27681
4503	26647
6284	22835
13989	26714
8035	23344
4415	25733
9632	27616
3258	27280
13173	20260
5295	16662
4427	18638
1255	24725
7746	27006
11447	22336
14965	19507
10634	23870
11028	22724
1171	28796
9816	25989
10142	29645
7451	24162
5664	28196
5904	26138
1209	20317
2162	20579
5996	18687
697	20901
7739	25082
9031	20615
7119	29324
8401	26303
9880	21118
11071	22184
14348	16941
4985	21119
11862	22790
2222	25061
7944	17577
7219	17862
3776	25469
5759	16497
561	18046
2361	19990
11699	28234
3908	25582
10396	21060
2473	21395
5697	17923
10092	23715
7917	26113
10357	23985
11402	26542
3199	22335
14710	19607
8967	15726
10014	19977
4881	17117
3315	18944
4894	23685
12568	15870
619	24547
5992	22369
12704	16006
13178	28468
14753	20647
7984	16443
3667	15599
4001	26613
9589	22823
10596	27896
10156	26237
14591	29345
9574	27598
3980	29516
13201	20435
6082	17984
9529	27576
7657	24735
12200	19343
1326	23100
14533	28819
5763	22914
10815	27972
7735	19308
6128	16610
14328	25007
12975	18320
9110	24063
1177	26269
7773	27013
2273	20792
7856	17890
7888	22378
2941	25306
14476	20768
6543	22016
1660	20353
11096	28076
14322	28183
662	18809
1634	16063
3640	25493
1658	22263
5131	25959
8586	26097
7407	20742
100	17752
889	17385
5854	15271
10656	24740
12217	17560
14866	16342
2632	24253
14183	20780
13230	16237
5554	15526
1511	29192
13027	28439
1357	24760
3229	28808
2974	25665
1368	24762
14717	19312
6541	23847
11389	22851
2522	26002
3600	25298
7913	16426
11618	20848
10806	15848
694	18012
8197	20545
1211	25335
3392	16352
2903	15660
1124	21057
3219	25368
2345	20032
5326	15437
5961	16234
7875	22180
14451	19897
8132	27109
14399	26598
10303	21270
10351	18966
7240	26881
6163	29437
14384	17783
4445	25823
2487	15429
11217	28710
2099	19257
3909	16876
10912	17755
4253	23188
2953	23275
183	24391
626	26793
4632	28995
7603	24042
4829	24536
8746	19415
2121	18828
14886	26595
3101	21196
8036	19931
13955	28670
13206	24045
12397	20938
1152	22814
4645	25794
6415	23461
10085	21907
9909	25183
3124	16014
1037	24641
10108	17802
4688	21775
1835	18370
13339	22061
8385	18564
4244	16376
831	18768
5253	20138
8060	24434
10664	22360
2477	19109
6348	23068
11900	20637
13068	16722
1138	28733
11495	15422
4655	25798
13261	21561
13589	28577
135	15368
293	21497
13286	28811
938	25825
9119	29704
13046	28446
7654	27008
9296	27728
4834	20954
13517	15705
5690	17176
5880	17950
11694	20384
6523	26455
4228	24358
846	22233
10763	27956
2754	25970
10672	24015
11118	20910
12791	15551
11726	26852
10663	19528
10544	18631
829	22960
14588	16238
10143	21990
7743	16407
1373	24764
4931	17009
1704	29023
3719	25513
1641	23659
1739	24877
5198	23599
3744	29847
12589	17922
4932	16754
984	23939
14954	15604
19	24260
13086	18129
11182	21807
6048	16698
3826	22323
1476	22130
12700	21018
2359	15339
14247	23071
3721	20941
12496	15390
12186	28322
5285	21073
2573	21456
2989	21540
1438	21431
3339	24717
14212	26480
3555	23401
566	24357
13899	23641
10834	27980
14973	18707
12317	16770
3217	25425
249	28671
3081	29506
10501	27869
14698	19009
10567	23683
7382	26916
8885	28974
640	21085
2100	19052
7161	20835
3251	23029
4906	25878
2070	26356
13773	15273
8028	18779
12728	24011
14765	29319
13967	16674
5372	15061
2556	23578
11578	27967
13552	15821
10633	16825
12892	22132
8238	21234
9204	29529
14078	28708
9855	20777
4100	16749
6530	15228
5452	23925
239	20620
2082	24143
8348	27174
6528	26588
13424	28512
7312	18994
14240	20547
14634	27720
2259	25074
2286	25078
12868	16232
12536	18656
1909	19545
7734	15121
5050	26746
1946	25092
1445	28566
1950	18277
11285	18825
3883	17334
5284	26290
8011	20841
10050	23164
4780	22307
3174	15346
12054	23758
14614	17258
11889	25454
10070	29839
9049	27413
10465	28101
10250	16894
12575	20374
862	19881
11368	20280
6832	15497
4355	25709
9179	18492
14821	19524
9074	24243
9767	19118
9805	20037
164	19456
2048	22396
9694	15250
14743	18772
1732	24874
7659	26989
9543	27584
6355	22215
11619	21967
9712	27656
11141	29132
9090	19167
7432	20592
2984	26277
9249	19342
8557	25034
3643	20084
11464	23650
581	27118
7785	26737
13755	28614
9697	22528
14496	17235
7087	20313
5542	26217
8377	28039
8334	17856
2712	23194
1802	19761
12198	21037
5546	25579
4250	24468
8274	19749
7501	17184
10803	15124
13421	28509
12935	22584
4433	20258
13548	28560
13543	19260
445	27069
2761	23630
14465	15964
6520	26040
140	21266
5949	18076
10891	15734
8290	25547
79	26623
6770	24137
8634	18409
3839	17228
8982	16177
11682	18549
11966	28287
10560	17111
8567	27887
7439	17629
9559	16508
13109	16080
12470	25676
733	20012
5100	16264
160	16531
3941	23272
1314	18526
2667	23185
6938	20061
14222	28755
13667	27047
8234	27146
10518	15292
8914	23649
9830	19039
2896	24825
5456	23447
12559	23043
12314	17645
12060	15968
9617	28972
10042	25075
4927	28937
5683	29050
3748	20892
11869	17168
6726	18130
2774	22340
2888	29323
810	18686
10824	19944
9968	16596
13123	16706
1216	29408
13387	23789
12680	21707
14474	23851
13618	17355
13918	28649
7979	20131
11432	20563
12016	24417
12104	15486
6930	26387
1756	29303
11799	16598
7431	26937
6476	26569
2205	20958
14196	22926
579	26594
8108	24318
6651	26630
13250	16246
3420	22049
4043	23286
1827	29411
2006	22746
6060	19809
1926	24928
559	16888
538	25720
10273	27211
10041	17869
9605	16723
12195	28326
6826	23474
9595	15574
9197	20907
2668	20292
12583	28384
10720	29565
711	18399
7275	29766
14917	22604
9059	21145
13251	19324
13240	16057
4702	25814
5367	15323
14602	28832
7085	15841
7137	23331
3421	23234
2787	20537
8999	28873
11451	16801
10338	17256
423	23792
5301	15060
374	22844
4752	21284
7093	19223
8338	29032
5699	29801
11990	28289
12367	17652
14996	25557
12747	29090
5070	20730
13924	27739
2123	17957
11167	15448
11082	28982
2964	15894
9734	27398
778	24589
1001	29243
1791	24897
2496	24271
6253	21875
6544	20712
9891	18278
5620	23620
10717	27920
7577	16009
8762	27310
4929	16721
12361	28697
1412	23560
883	20776
7903	17303
10314	21006
13544	20531
13980	19371
12670	16572
11052	20685
14022	16346
110	26307
7168	26752
12554	19799
5954	17512
9091	20227
8235	27147
8596	17077
13673	28595
7341	18504
847	24586
9412	26675
14654	18413
5758	23834
10554	27882
10555	22892
10766	17188
10721	20540
6975	29845
13535	17965
5742	23038
9060	16987
10179	22468
4190	26462
10586	27891
3547	15554
2049	15189
2749	25254
12957	21077
6924	26731
11727	17829
9718	15670
957	24619
3646	29171
3819	18556
12020	29362
10409	21915
7541	22000
494	22956
12635	19627
4874	29863
5442	29116
7405	21986
10516	24509
3190	18160
3106	29439
1864	24909
12792	18429
2372	18648
14028	20177
2540	20819
3666	19880
4626	17568
9190	24179
14944	27029
12801	16042
5171	18573
6760	16731
3785	25201
13438	28524
3088	25249
13930	17078
6185	21979
5196	15584
3048	25324
8090	17314
14984	27475
3493	19169
9166	29407
1435	29305
9619	16183
14367	28783
6363	21711
12595	24562
6858	29510
4542	23309
5638	19612
12878	19061
11312	18019
1595	22040
5588	25121
3922	25570
11250	19396
11116	16627
7066	21393
6845	24488
4588	23917
8661	23982
6241	20917
3757	23210
104	24348
6100	26444
5725	18956
10983	26774
3066	23075
3296	23854
1372	27586
1167	29737
9124	18955
6035	24236
9492	15710
5248	29784
6574	18691
14282	24850
13012	23784
12917	22825
11446	15530
2601	20667
13505	17535
5610	26239
10765	24365
3495	25915
8328	21063
3867	25564
13741	28606
6312	18711
13356	20133
6531	18235
9708	19759
9912	16771
1072	24648
4000	18511
855	19829
12606	26015
2933	15886
3836	29886
6822	21029
397	23543
1705	24869
9945	21390
9751	22586
1846	23123
10635	15207
10010	15549
9516	15903
8794	28847
10112	20794
10189	19092
235	21490
6648	17187
8172	19065
3269	15696
8345	18861
13192	19665
267	24413
6132	24466
5536	26214
11617	17404
7204	26877
1081	19024
555	25577
14578	23702
7987	16112
1717	26012
1710	15237
12683	16470
9917	21406
951	15254
1409	19906
14113	29999
10390	26920
2091	17969
12357	23403
9295	23670
10794	26263
3169	25356
7305	15717
8778	19802
1766	24891
8865	16606
1911	24925
1238	21363
9800	23709
476	22750
1871	24911
10954	16663
12808	29224
13435	15862
7198	23621
990	28948
10224	26313
9481	26931
3365	16320
13384	28498
5035	23264
10047	24050
3323	20736
4069	23527
927	26091
13715	28599
4367	17304
8360	27183
14831	29245
14056	19424
2920	29964
1079	19679
14956	24936
1845	17607
10490	19146
9078	29473
9256	23977
5802	26757
9007	28958
8623	27246
12336	28348
10393	21777
5425	20614
10209	29175
3126	16512
12819	21467
12304	29625
13785	26546
13319	28488
12396	21048
8285	26618
14036	19505
7635	20818
4605	17298
2960	21533
10268	17916
2240	22771
3561	25472
9151	21268
9568	29270
12008	18991
1127	29909
9402	19261
11293	23749
4934	17662
6467	15916
13084	28454
10856	27990
5603	23433
10103	27740
12970	22827
12265	23681
10150	18405
9405	27638
1472	15892
6878	26457
1507	20002
14709	18501
779	24341
12284	18181
2492	25154
14807	22262
647	23041
13650	28591
513	15610
12050	20668
10468	19610
12019	27771
4475	25030
13055	22830
4406	15779
1765	22397
2635	25218
2127	21122
8691	27278
5916	25497
1618	18442
7574	19472
447	21198
3543	22259
5461	29187
8254	17442
9545	18636
13692	20129
12182	16149
5693	29448
5728	16576
12147	28315
9765	22022
6106	18550
5084	17617
6047	28242
12013	28291
7894	27050
14755	29082
12515	27119
14667	20160
11861	18939
12511	16197
11416	29962
5202	15767
5224	15163
14299	17746
7931	28266
5756	19902
5512	16524
8779	27314
1877	29980
12608	28386
4327	22038
628	24551
10281	15803
8828	27323
9490	27557
9147	27439
1293	20767
13669	23640
7758	26344
1858	24906
14556	27998
1470	24436
9493	27558
4186	25666
14457	17616
1652	23113
8408	22822
9563	17502
8622	27258
12330	28345
2066	19522
8404	24482
8163	27120
12711	16156
5151	22225
7569	22330
13786	15315
14779	15215
5799	23179
643	24555
5188	17599
4713	15959
2461	20024
10614	27903
1752	18088
14100	19409
13260	22762
2630	29240
8632	20180
3341	29156
12721	23502
8154	27115
5998	27334
2617	27286
4012	25738
3257	24070
6660	23467
7608	26270
12124	24445
8678	23639
1602	22625
3984	22212
10687	15630
4559	15020
13807	25899
7570	15911
7934	16974
12895	28947
14705	23565
10872	15171
9972	18317
8497	16175
14434	16275
5637	21999
2965	21417
7800	27020
1955	15025
3223	21465
1367	28940
10941	22716
12267	24491
1686	21332
9719	22870
13565	25974
2616	15552
7491	26948
6969	18431
2191	15179
3655	22988
2657	25227
7101	17163
11961	28286
14208	19382
8917	18027
5106	26028
4292	25691
4928	27298
5550	17897
7703	20972
2309	22302
10172	17295
1380	22052
709	28991
12821	18333
3248	16390
12576	15155
3885	15159
8398	21747
9988	15012
13772	29076
6029	22992
2869	21665
12419	22585
10074	21008
9329	27485
3147	22164
834	26821
11393	22752
12914	20733
788	16487
9014	15633
9788	18920
693	24573
5053	29511
2665	25230
3659	25433
4517	15455
3243	24463
3797	17901
9641	24147
3507	22619
11628	23896
4113	16927
6629	15318
12434	17785
14012	22904
1402	21723
4114	16654
8137	22363
6729	19541
8642	17194
11909	19530
10563	28934
9128	27432
6599	18644
3550	18681
14638	20566
5621	26240
8732	20843
12850	26650
1436	26220
9633	27617
4390	17317
2190	24851
9498	23690
12989	15608
13702	26919
8177	19290
14238	28761
6921	27066
5533	26506
14087	17978
12628	20983
6409	17966
4049	15668
8287	20176
8672	24885
6671	22493
12748	20486
6652	20883
14560	27176
10576	18723
3742	25519
1231	20635
9008	29172
7550	15883
8601	21047
11565	15556
1521	23916
5009	18882
4333	15133
13330	22153
3934	29946
2299	16807
11161	25694
11790	23842
12523	19143
8384	20424
1498	21121
9908	29205
13207	28471
9408	29153
1993	18887
3054	20891
7918	22388
10000	27724
13913	16549
11026	15649
12497	26721
5076	29139
5870	25090
11787	17489
14067	24932
2902	15158
1416	21416
1453	24785
4187	18903
11287	29041
4966	25893
14696	25091
5833	17254
6575	22664
3489	23571
8906	25664
13653	22028
2658	15617
7125	19746
6556	19876
651	24557
14244	29825
1465	23803
14683	22954
4676	25806
2834	15445
3533	22981
13106	27713
9311	22334
9120	22101
1026	27374
4670	29341
4609	18086
1974	25728
4125	27643
10840	22337
12596	15720
532	20764
1968	22482
8850	26481
6228	26474
3119	20511
10486	18185
9752	16180
9144	27813
7046	16971
14467	18962
5816	24545
3402	25420
11850	22072
14665	22172
5471	28399
1184	26600
7098	23508
1550	24819
12160	28654
996	19286
4029	15021
8907	23648
12520	22134
11595	25935
7247	26882
13799	16683
5644	15184
6331	25022
10312	18821
14404	19506
9172	15488
11511	28178
14006	16480
13553	26754
5020	20390
8731	25274
10328	27802
6260	23283
4211	22749
2001	21971
13851	28633
10262	15983
13411	16236
10788	20239
8752	22753
6044	16930
5735	16874
8604	23885
6767	16889
3369	23232
9218	18660
7719	24389
14409	16441
4545	17025
1991	23413
2646	24937
3178	17778
398	26815
7670	22367
11151	28085
8838	18983
8250	16928
8639	18908
7699	23582
148	19268
8619	24302
8720	19148
2939	15889
9956	22478
7396	24275
4472	21729
11654	28223
3111	16556
3568	27266
10684	27910
11356	20628
12757	22758
12977	22093
1903	19903
6742	20429
3851	20899
8742	19075
3210	25365
14206	28752
1873	25543
13500	21945
12021	19568
1032	27339
11555	21231
6295	21683
1605	16852
10073	29900
2245	24313
8043	17859
3049	17863
10570	16905
2414	25128
1286	25319
13186	16364
14024	21099
3761	24177
1730	19662
2895	23119
11652	17503
9885	27701
490	19566
5823	24971
9669	29756
13626	26227
7343	20502
6370	20893
8324	27170
1462	24792
14127	28721
7575	18664
11140	25202
7905	27057
5464	19262
13925	21969
9850	17401
6027	21405
8572	16736
6402	16300
7309	21379
738	21592
11156	17833
3526	29644
748	20627
8545	24802
4591	17431
9257	16061
14386	27417
5653	26564
10478	28015
7117	26052
10469	18395
9528	19815
8829	29060
8302	27052
3979	15213
14678	20811
7564	16643
2645	19629
7644	16456
9486	27554
1983	15042
6000	21389
4968	29044
8753	20775
4982	25901
2948	29730
14834	24822
8599	17060
9903	27996
3677	16679
6994	25097
11034	18706
1889	16291
12902	17547
12723	28397
4854	26554
9821	29474
13835	15990
10799	26379
2399	25006
6524	29694
1552	22115
12135	23516
12413	16715
11562	24776
12387	28079
2257	20368
5218	17776
14727	17793
2972	21782
1146	24668
8152	20057
1969	25172
637	18205
4290	23830
9521	19022
5640	23414
5154	21220
12444	29581
2092	29692
1351	17248
9534	17022
7392	24637
13970	26751
12442	22813
8603	27254
10424	29903
5479	29372
8505	15198
9475	20443
12345	26987
9453	27248
8331	18080
3929	21282
12404	17379
12551	23656
5286	23354
13751	19357
6580	19814
972	21248
10655	17158
620	24938
8922	16154
5091	17716
10543	15932
56	18530
5303	15647
10304	21404
11128	15080
8740	27301
3211	29361
9287	27469
6990	19734
8845	25281
12089	19369
9761	22288
9210	22506
9924	18446
14458	26436
7602	26978
8760	23643
11237	28117
1937	24955
6328	19485
12764	19374
10392	21409
853	26014
9115	19417
3700	29679
6987	15376
4725	17548
2268	22936
8816	15106
6493	16812
1539	24817
6553	26601
1608	24846
2172	15167
9953	25038
13480	29142
10800	24033
13628	17239
14186	28743
10632	17015
1811	26847
5309	19258
11840	29815
14929	19479
1636	21327
8463	18922
12334	28347
12647	23667
13566	21956
10786	19062
14708	25052
14003	28682
967	24628
13000	28437
8187	28433
1769	19935
12431	29953
7458	18653
8096	22250
1006	16086
3511	26029
2296	29351
13166	20800
3574	20475
2185	27512
4849	17413
2038	23148
2571	17306
9713	27657
10147	18177
9200	21918
3604	16490
2631	19188
6153	25736
2321	16942
229	16853
4841	25864
6510	22012
7430	21689
9851	19432
6958	17825
4005	21441
14452	22240
2760	28388
10493	23891
7147	16718
9080	29560
5489	20245
4855	17612
1027	16330
13220	22708
11537	24660
10402	27831
7206	27798
3446	18849
10067	21760
9680	22788
5497	26196
6815	26692
11148	15553
3946	29054
8711	27291
1574	29216
1883	24193
1839	16982
14373	22124
8088	16457
9622	16789
9487	20182
12982	18964
13726	21859
9312	24478
1007	17538
12911	18593
11677	22157
5396	26023
11310	22366
2580	22872
11557	21399
7481	19909
7935	17546
5172	26024
6200	21857
4925	16688
1317	28736
11858	26897
7578	17249
1977	24052
4566	25779
9815	23040
10400	16866
9029	29831
8223	16741
7957	25326
8856	20836
6794	23951
13237	23427
2035	21370
7863	15965
1501	23313
12447	16051
2199	25143
2593	25204
10369	24849
12416	18943
595	27053
11192	17532
1312	28929
2559	19242
9033	21650
3262	29638
4791	28201
7408	22246
4625	25791
9156	21246
2295	29587
13369	19097
1849	23124
8668	18778
4618	17846
14650	23858
13283	29119
1042	21296
4774	25839
13038	18200
12232	19280
8919	28870
9771	17711
4466	23196
11240	15728
8443	25700
6075	29507
9813	29937
13541	20757
7438	20559
8886	18823
5447	17285
8329	22379
7026	20597
5382	18227
14876	28885
13961	18299
4139	17145
3630	23084
7737	15381
14435	19128
13881	21132
699	18801
13636	25184
13476	24437
2332	25099
1966	21044
3435	21143
1253	28878
394	22973
12417	19536
10401	19855
6744	22027
78	18682
11060	21069
6633	22145
14551	22737
1822	19211
3085	29667
2425	15763
14768	28864
6273	23243
6900	17597
4892	29287
6784	21911
3859	29819
195	24394
11920	21598
7388	16682
5951	26399
11778	17762
2589	19877
14737	28857
13039	28441
4771	15053
575	29438
14279	15935
12668	28390
6948	27078
11496	22143
13598	23806
1437	24182
10470	19721
14858	18959
11219	16729
817	24594
3096	17878
13082	28453
1856	23704
12599	29670
2208	17910
2209	15234
3130	16114
4339	29182
10981	17743
4513	25259
8568	20389
8529	17758
14746	17590
1627	29260
1965	18032
12342	21148
2400	25120
14217	27300
7080	26784
11476	19183
4575	29757
9704	17474
5012	15731
1531	24816
10487	29275
2515	15438
10713	22817
12425	28872
6563	29662
14656	28845
4920	16895
11133	27387
6418	26534
6653	23592
2175	19813
625	20332
14511	19457
7768	21101
6773	26665
11087	28072
8966	16504
1234	24699
3774	19543
14860	19132
7920	26291
7853	15127
1243	24704
6998	21292
13069	18226
6120	25939
13477	27934
1295	15567
13664	20218
8291	29304
12092	19615
5445	21094
13670	16600
13255	28474
1545	19411
4598	29100
1546	27505
7596	26973
1633	29263
8771	29855
6903	24741
13464	17388
318	29753
9979	24116
1427	28954
14106	28717
1025	27312
7551	29463
12834	23360
12566	16253
8196	15077
11771	16141
12843	15161
1047	27402
3168	25355
4798	15259
13745	28610
5604	29395
238	29913
14969	29746
14286	18542
13219	26312
1000	23788
14923	26580
4680	27210
4579	27928
12923	16172
7706	21806
3410	29889
2572	19236
1225	28815
14905	25630
11492	22063
780	24134
2850	25288
2770	21980
8591	21848
3404	16357
12996	19822
1860	24907
4363	17990
5118	21362
13297	16273
11720	28243
6094	26445
14063	16093
9781	20433
7030	16181
2817	18930
10489	27862
1233	26296
9401	19099
13731	22856
13290	27850
6515	29321
3011	23151
13564	18683
14769	28865
3907	17325
14443	28799
13355	17052
7371	27207
1771	29309
8019	22015
7306	21813
9515	27569
9685	25966
775	24588
12170	29123
11518	20167
3488	16388
2879	25203
2698	21482
13557	16702
11224	29137
6242	18024
7086	29486
5841	29732
5795	26336
8457	25690
2154	26101
11444	16491
4194	15632
1672	29280
14379	21628
6400	20198
10425	26449
6065	23908
638	24554
9054	24724
6261	26486
12276	20468
12341	22810
13268	17933
12537	18418
10375	22682
5757	15252
13954	28669
705	24440
979	26020
11640	29498
4862	24944
13249	16937
5054	17233
1384	24768
14320	21227
14446	17704
7538	23574
13538	18843
6180	23170
6967	15069
3117	16104
14690	23841
2825	27556
2343	21962
11409	15797
5696	25637
2355	20939
12851	15191
10528	19281
14660	17255
10838	20790
6737	21086
6519	24287
10617	27905
10410	23121
14378	18726
4945	15950
12682	28392
4258	29031
10241	27767
3157	22582
13574	28573
3611	25403
11233	20761
11166	28088
11242	20109
8266	16708
10889	25563
14747	19335
14301	16565
10909	16416
14387	19064
6327	23937
13859	18068
10203	23721
10494	22691
3707	24942
2491	28646
13809	23333
1118	17880
13828	18925
10472	16502
9594	22819
1077	15819
12788	21212
819	19383
5116	25955
57	17848
8186	22417
7178	26868
13059	28448
10420	22987
5066	26021
2744	25251
5589	26232
11031	29649
1389	19984
10998	29890
14526	28818
132	23014
2247	24457
9353	16984
9261	18389
13484	28541
10828	19003
8876	27218
12189	28323
12813	18629
511	20749
9229	18603
12459	18789
12266	28338
11471	24047
3789	21637
2325	19370
9728	21049
9564	18517
13678	21080
6139	24204
5189	21169
2382	29780
14242	28299
14105	22694
12289	22178
4182	19634
10061	16605
10021	21796
11064	28066
9907	24072
11267	19978
4323	21516
10783	23968
251	20445
8113	15602
12639	26251
8843	16568
8282	28990
10561	20362
14032	29744
9211	17461
11584	26282
11848	24858
10263	17353
345	18363
14990	23866
10685	29687
14838	17602
6616	29000
4377	26798
5466	26187
7772	24836
667	24110
7467	16545
9333	16266
6915	16707
11135	28082
11489	20025
10651	16859
6045	15281
1768	29308
3753	23256
14534	17915
4736	25829
11818	28087
11058	16711
11970	28288
5776	15869
13474	20237
9638	25866
7386	18619
1494	17490
6917	20089
6763	21392
1600	23325
5244	20000
2016	19976
3285	23409
12692	16004
6780	26668
155	21180
11142	22786
11376	23753
9650	25742
12103	29606
2818	20984
6618	17429
9135	25714
10620	22579
7170	17893
2019	17165
452	23935
6406	19973
8775	18558
4061	17818
3613	22974
7802	27285
12257	18006
380	16280
3939	16577
9973	18931
9963	17425
9136	23022
3534	21610
7213	20340
5170	22543
5702	25290
3498	18804
2340	26615
1	23016
14015	18337
4495	25765
13524	23791
3914	21901
5593	17909
14445	22949
5376	21123
14597	28830
3324	27819
8455	22603
4409	25732
1434	26543
12684	18967
9784	21853
10066	19463
1838	21354
3905	15032
5792	20870
9381	27377
7241	26880
11663	17028
5658	15350
3750	29071
11006	18195
14641	24798
8272	23381
8681	19837
5700	17928
857	19916
6483	24284
8652	27268
4155	17483
8523	18758
5190	19216
6356	24160
13232	16505
6977	29537
7617	20265
2370	24289
1024	26945
10812	27971
9511	17268
6030	20231
11105	29285
7900	21461
12968	28093
12809	21430
10875	29435
4246	16780
3702	21453
5631	17367
7878	25568
8343	18862
2861	16781
9216	17265
12382	20480
3020	29143
13804	19724
3183	21571
2873	23267
1577	23058
5624	26986
5927	17973
9188	17584
12371	16249
2105	15130
5441	23366
12897	17639
11576	27197
287	17759
2805	15766
6243	22673
9887	26030
6176	16926
12939	15708
9540	18839
10367	15576
11607	23105
12621	29630
678	20038
1953	17707
5964	20079
12973	16639
10445	15699
5679	24245
7453	17478
7797	21985
8332	16226
12644	20673
5781	21458
10192	25373
6252	29458
4294	27753
8796	17246
4987	22281
5099	17721
6628	26624
6864	19921
6554	23011
9674	22581
2582	21459
2721	19603
8464	24784
9411	18973
11798	17395
14487	21698
6898	15979
294	23027
6456	26558
6872	19758
644	26365
5476	23367
2230	19403
4549	22410
14873	29193
7295	27773
13375	28496
8227	25528
11203	15375
10504	27870
1155	24672
3110	21557
12719	29061
4828	22984
5149	17741
12229	28331
1251	24721
672	23343
10790	17593
9283	15669
8411	23612
14410	28788
5877	19912
10201	22651
8179	16379
6567	27125
11162	20399
6184	19172
8654	15809
7683	25385
6781	26669
4514	27865
449	22567
10102	17252
4130	25651
12472	29880
13379	29553
14147	29858
13964	20860
14837	16631
5129	28112
750	15047
9970	27718
3894	25574
1288	25009
9864	27661
4696	29446
12112	23760
7660	23134
9012	15196
1486	28209
9403	29103
11113	20071
11068	28008
14430	27815
10532	23839
14677	21116
10077	18085
13588	28578
2228	24899
3352	29646
4590	18038
13638	22779
14204	28751
10801	25110
8799	29584
553	25689
4272	22772
3459	20604
3164	19209
8541	16297
3512	25458
3188	21572
13288	17302
9737	22509
14312	26465
6274	22507
12889	28425
14961	18693
520	22755
10166	19476
5397	19010
2284	15286
3541	17847
9294	19712
12438	28365
1685	18508
12605	21337
10483	22833
3436	24720
11630	19638
8861	26321
1523	23581
347	19719
14479	28803
14371	22228
9084	22777
12270	23871
8419	24827
881	24293
3888	28564
11638	28217
1743	20234
729	24657
735	17671
2025	18380
13188	24122
14988	28915
6495	15975
8839	26923
1111	23226
118	20598
8737	20489
10762	24943
11993	24966
117	21176
14537	23855
13867	23586
3083	15918
3599	21966
14016	29101
6655	25845
11043	26038
4432	23548
4969	28615
3276	26306
8539	20487
1163	21235
11733	26658
8688	17364
1919	15005
12592	20677
3260	16294
6662	26633
6677	20789
11261	21949
13713	21076
11002	16055
4768	21799
13585	24292
7041	16278
7694	17855
6155	29811
3191	19071
11243	19299
13403	23405
2642	18875
1626	29255
5137	25649
13723	19648
14623	22274
7836	26990
10376	27827
14730	22614
6820	23619
14263	28767
1630	16200
7005	20134
328	21185
9614	29042
8490	15176
3086	19144
5543	26218
12665	23591
2720	19980
12942	20267
13750	29622
7301	19202
13744	28609
12707	22990
1452	28997
13813	20960
13934	19454
4760	28364
13654	22267
5354	17649
6452	22876
4202	17919
3337	24363
4428	21725
7035	27342
1619	16220
10740	27947
731	24133
2764	29806
2662	23396
14277	22601
7195	22219
5052	21178
12607	15874
12612	22232
8219	27142
6875	20254
11324	22082
9386	25171
8093	26676
12674	20534
7530	26965
12780	26568
10205	19711
922	25961
11327	22747
2229	25064
8564	18507
10104	15748
11512	25571
11467	25588
12077	23994
11304	19193
11316	21244
13931	18576
11710	27500
8297	23607
6768	24525
7495	29383
12646	18708
9437	27540
13580	17159
9796	28616
7666	16957
8289	26096
7877	27043
2684	21137
264	15352
10569	25917
464	18001
13030	20347
11545	17864
8239	20721
14482	28804
3026	22265
9845	16493
11037	20216
3385	21348
9976	27683
5834	22661
14643	29378
9322	22282
13615	18172
11924	16058
7182	16091
8730	22293
13097	28456
1423	27725
12078	25442
1189	27056
12642	16076
8342	17076
9072	27421
2026	16124
11425	16274
3148	21563
11265	28123
7235	28026
2131	29938
9952	22631
4615	25788
10407	21444
7678	24270
8667	23636
11721	28244
3234	29352
14258	19238
12888	17368
2138	15135
5767	23448
4042	18325
22	21157
757	18763
6042	21764
5270	26099
5271	23992
894	19029
3730	25529
12408	29236
12121	19748
1929	22146
13680	20386
876	28856
12654	22182
3933	26741
7764	26825
554	24154
2300	25089
12931	25043
47	19241
3916	20044
7857	20115
6626	29029
12194	16375
12913	23501
8864	21675
2269	29562
526	21206
3972	27022
1125	26414
764	24773
6460	26559
1045	27401
5044	23347
23	24261
5521	20428
5694	17473
14577	28825
588	23740
3091	15938
13883	17980
13675	16044
2192	19399
1980	15040
2266	29256
6727	26645
10594	15065
3297	22269
10429	22105
12611	25339
3336	16111
13996	16468
14008	25977
13101	19385
10287	24526
4497	29600
7590	15063
1060	24644
14116	26525
2224	25062
8124	26661
8059	19769
7045	22196
13877	22626
10370	27823
6169	24097
14627	27652
3280	26146
8326	28944
3989	25609
1591	25193
6672	17914
12116	28309
8180	22411
12672	28391
14309	28260
6741	26654
5311	29403
3565	16157
11932	20548
8424	21866
4140	22341
14030	21661
7993	18884
741	17643
11288	27068
7100	23305
10029	28973
3546	22933
12269	18238
3331	25398
12072	29057
570	24541
1795	29546
11581	20964
9750	16692
2075	15011
8961	28955
13714	22854
7952	16953
6710	26639
14064	17651
5839	17964
11916	28277
12023	16152
12602	17103
11844	23756
9962	23714
2539	29226
371	21179
11647	28221
11794	22167
8813	18134
9792	23511
13724	19272
5888	17582
9369	27520
14893	23218
12649	18285
392	17800
9695	25045
14950	17190
13898	23926
3423	21205
10498	27866
5973	24330
1227	29817
2411	25125
9250	24747
7375	22701
6612	24789
10657	23158
7756	27009
11374	28562
10642	29710
188	18111
1570	24830
4288	19253
799	25060
1229	28817
6394	24018
1814	27595
3005	15901
280	20683
4369	24169
12316	21958
11693	18246
6426	28053
5516	15401
4176	25661
3863	24380
1625	20833
10599	23728
14076	17185
13523	28549
2900	21328
5902	15430
5682	29264
4273	25683
1136	28731
7399	18626
2011	23140
4905	23368
11959	17443
12738	24480
2771	17519
11046	23894
8594	19285
1419	18099
9314	15539
12088	24895
14694	29479
3059	21552
9762	27673
7762	26080
11753	18127
14714	17080
524	25157
4359	21290
1135	17064
11769	19030
2377	24098
3870	25567
14906	28893
10702	27079
599	24537
12604	26155
6127	17941
14162	15856
3008	26724
3213	17658
11079	28069
6906	23382
9517	29445
6057	27699
82	27913
11123	26255
11560	20438
7759	27010
5926	15246
10534	17208
8118	20725
3073	21401
6698	21251
4460	18738
13042	17729
3597	21615
14216	20343
6650	22317
13327	28490
4448	29218
254	20507
9349	21537
13796	15652
10942	18239
6719	16410
12773	19165
7695	22161
8687	27276
5878	26211
14223	23009
7284	28581
9348	23340
8834	28690
4561	23311
3952	19576
8038	24157
4330	18241
7815	22368
4057	18117
2440	27494
1272	29322
13865	28638
14129	21117
8581	26587
13402	24028
7973	27379
12629	17091
12874	27930
14214	23864
14723	17089
10963	27974
12921	22826
5392	15714
13486	22332
10206	26439
6367	26027
11232	28114
386	23301
6479	17400
13665	17195
281	20601
9738	18444
13089	21105
4160	19692
4243	25153
10335	18133
2987	22689
13662	21275
4654	25797
415	23439
2799	29891
9795	15594
14609	28834
9439	27223
4540	21374
2094	20016
11942	15178
13908	29660
10462	19700
12948	28089
367	26288
10859	21824
12657	21700
9783	18420
11089	17885
2654	21816
13003	19393
7463	26460
3215	24351
6659	27774
3767	25527
7849	20812
10935	17126
10778	29538
5780	26329
2670	16132
5743	26316
9509	29933
3064	20102
5472	20364
10862	27994
5161	29365
12618	18179
5336	26130
13944	24778
5993	16882
14050	22193
6382	15452
5934	19418
3447	22408
2189	25366
6208	21921
4239	19004
14632	29774
8210	15095
14097	20095
10091	19928
9307	27759
7018	15598
2546	25173
6007	19841
5358	23358
4951	16653
11055	28063
12298	27621
7861	19723
10931	19690
12945	18387
8880	21305
10040	19401
12143	24374
6753	20750
1153	28630
5501	25533
8445	21629
4372	20884
1898	24916
408	18601
6486	16105
8881	27644
3612	16378
13721	28647
4423	29691
4821	21082
2143	21373
3892	19305
2050	17058
4703	21778
7094	20880
1220	18900
5782	26330
1348	21294
3186	25699
8175	28121
8570	29844
4716	16446
3951	27100
5211	23351
1363	25136
13847	19654
7780	21287
11399	28159
11888	29161
7559	18657
8790	15936
8426	23522
4352	17071
11204	23452
4732	26520
11013	26809
2926	26318
7246	24007
1679	24864
943	24615
7776	21923
3432	20427
9223	18744
13428	28516
5237	23880
174	24387
14671	28849
2897	19246
7896	29177
1139	26854
10947	23741
14025	25760
1832	24901
2479	23171
5837	26360
6982	22710
8351	19557
5040	17579
3616	25035
7693	15239
5107	22409
1586	17278
11395	28158
14220	21606
4077	19191
12910	27036
13526	28553
12063	15016
3036	25320
14070	16406
6095	22885
5001	18443
5713	26302
7173	28216
11335	23878
5632	26244
6372	27249
9058	27418
12307	18201
13481	20327
8901	21573
4336	17262
2595	24746
13064	24305
10243	15371
11410	18679
11388	21827
12626	28387
8159	19489
2709	21483
9505	19108
1005	27097
14786	18197
1740	18793
11146	28083
13306	23552
914	22983
7047	26767
7414	24923
7185	17857
14525	16855
4759	17549
14942	27545
11528	20823
4374	21103
931	23943
10028	25711
7415	16433
10629	29228
488	24499
11177	20526
13999	15197
1548	26272
12951	16579
6149	22633
11479	20501
8158	23530
689	19730
176	15220
6813	26687
5581	16899
14618	19843
5069	18728
1140	25024
13450	22515
11587	15275
6562	15426
6131	23889
1792	15345
9552	19695
1790	29601
2968	15896
9183	24712
10024	16869
4354	21705
6795	26677
1431	20837
10431	26807
522	23997
5698	26287
13532	28552
227	18212
2510	19657
11691	22915
10668	29107
12321	17465
10630	18304
12085	16088
3783	16842
285	23532
7070	24788
4463	21728
1482	26992
3074	24500
14439	28798
6505	23947
480	22678
10266	23723
7387	25436
2083	20310
656	19085
2745	19035
11515	19122
13579	16374
3638	25492
1741	16867
8508	15560
4637	23329
5296	19352
3618	25487
13582	29552
2466	22350
4758	24518
2104	20120
10647	24128
4717	26812
9132	18837
14646	21676
11274	25746
4714	25818
10879	15517
3429	22765
11815	17650
9134	17266
10149	27751
11198	27693
12312	18243
6638	15111
9576	25898
13866	20277
10271	27780
7102	20842
14651	23859
10362	19908
3780	24024
3316	25396
9612	19820
1385	16384
10463	22469
3496	16398
10408	27833
2558	17887
13483	20752
3200	25358
7063	22299
6761	23469
9705	23615
2108	19946
4619	22902
14825	27645
9337	27490
14174	19080
13380	28497
9355	27509
8425	16334
4141	15503
5944	18996
3850	21619
14135	28727
10556	24321
1801	19208
11632	18312
5166	26115
6557	29314
7909	29619
1918	16589
7239	17622
6711	18125
12084	15570
4908	25879
4146	25657
12960	20493
11366	21505
4236	21298
3693	25722
6309	19160
8181	20286
4554	23510
5331	26127
7707	18374
3589	20236
12645	29533
10595	29148
358	22008
4845	19245
6403	16492
14536	20805
63	22971
14977	24606
6031	24099
1022	26496
6881	29099
14412	18847
10512	15697
1890	25225
1964	15086
11121	16990
2853	15782
3481	26392
6441	29629
13498	27649
14959	18528
11109	17805
11048	17938
5468	22065
12233	18209
2629	25215
106	20400
12862	18144
13547	21564
5863	23274
4261	21692
10448	26682
9035	17749
13431	28519
313	24423
3399	16355
6302	29804
5386	20785
420	22597
2901	15876
373	16670
5520	23446
616	26780
10499	27867
9254	17871
7662	18696
2431	19073
13048	17513
7777	18229
14945	16875
12068	28683
8656	19684
11796	18604
9655	27630
11823	18897
517	20676
10236	19474
3706	15572
4063	16730
2837	25285
4195	21509
2474	24159
1857	20718
11332	17201
13326	16224
5395	26161
11341	25463
11602	22148
419	22999
8571	22441
3636	23246
7970	20920
2886	21520
6384	21756
8454	23244
4088	21783
9983	26803
2820	15175
12534	18367
3023	27225
12664	18311
4977	29329
12601	24062
1831	22273
3290	25991
14093	17282
2062	25001
3938	16727
11003	28046
7510	26956
2633	15364
1662	24653
14749	28861
3353	21738
1759	24889
5659	24449
14516	26572
11458	22853
4251	27752
1048	24213
14571	28824
1942	27957
13349	15518
4815	21826
4870	21293
7395	27518
3614	19491
6853	23492
10450	18919
1647	26818
11477	28169
1092	24650
6577	19974
9053	27414
8344	20762
4754	28366
12075	22185
10678	23973
11948	16143
13512	21617
7884	18747
10052	29924
8366	27188
14751	25979
2282	28848
8271	16209
8707	17881
3544	25467
2409	25123
896	19237
14924	18206
11241	28137
12941	20968
12253	26254
7989	18346
816	17712
4030	23285
659	21217
4507	20997
8702	22867
12500	24043
2852	15781
4823	18559
1141	24664
6072	16879
1009	27137
9350	19818
3866	29949
12441	17466
1819	28009
6330	26511
42	23020
1078	24649
516	24199
6359	18582
1330	25111
7228	27664
5167	25984
7717	29897
5528	26213
6168	24152
2051	19027
7971	27295
5057	22092
88	21173
14363	17501
13247	26522
10686	27095
12467	23062
13684	21975
7992	27067
14191	29531
11108	22842
1785	20581
10176	19526
5133	19736
650	21214
9716	28985
6978	26749
1868	24910
14926	28900
435	23905
14664	29867
3263	29895
12264	22189
5398	19650
7221	18496
8431	29502
10246	23149
4807	27096
7742	21558
13971	28660
13270	23431
13853	29274
9264	16849
14210	19315
9548	27588
7389	22690
6897	26790
1256	26005
11621	24829
12222	22806
5619	17421
14731	17527
13788	19670
296	29634
14611	25305
611	17220
12905	28426
10644	18921
14908	28894
11319	28136
7071	23303
4210	15830
12702	15533
8521	22714
9933	15284
6549	26593
8414	19398
14713	20734
13073	28450
6751	26656
852	24863
8823	16563
7818	27030
12109	17371
6262	21987
4089	22125
9395	20546
9677	27639
4009	15226
835	18852
5859	21936
10295	16592
7720	27001
14600	28831
1128	28723
1805	18688
9103	20911
7474	26944
401	26054
14847	29012
4129	17953
8759	19867
1359	15472
2263	29199
751	23631
5417	23363
6740	25747
8189	15758
8178	24458
3912	19562
6492	15741
8653	22445
6005	22832
13117	25228
3865	23154
10820	26048
9432	29047
2442	15400
3171	24419
12485	24532
2841	25286
10826	23746
4309	26515
13767	17843
6430	15920
5739	17178
3470	29950
9089	22414
13164	26223
4166	18486
4163	17016
13736	20397
10547	27048
11377	26458
4320	16500
207	23826
6584	18109
2598	25209
7679	22599
4580	16908
6222	21938
10661	21809
4708	23392
6514	16301
6021	25409
10015	18590
4411	19389
9673	23315
13888	20437
9467	21535
13921	28650
603	15296
6923	18396
2947	21419
11914	27101
3680	16681
1733	24875
5357	27462
818	26073
8447	21939
6932	16082
6947	20472
1151	19985
14318	28051
1110	21265
3729	20106
3142	19895
7346	18639
11873	18225
1981	20294
8353	20772
9449	29037
125	21055
8717	15989
8356	16117
1540	20865
8526	18635
12165	15389
3474	25446
389	15471
6420	26134
1667	24734
8818	29822
3632	23245
13184	17750
14613	28835
10718	27922
9062	26936
12028	23814
7770	15147
10405	29626
5005	23694
9782	29334
320	24429
745	27933
13131	19288
12034	27963
13179	19859
9865	17730
7274	18605
5031	23646
14311	15564
3163	23384
11104	23513
8500	20473
12347	18552
825	18811
4200	29318
11004	16458
245	20724
12351	18143
14952	23007
14862	24296
10006	15354
6694	26493
10098	19591
5306	18675
13652	17115
14058	17267
3035	21546
5415	26041
7321	21668
4581	20802
6417	19718
10999	19304
2600	22889
14393	23597
5645	21769
4552	29429
11172	25673
13824	22305
12162	22801
3226	26407
7226	20453
14043	20514
14902	28892
8267	21278
4452	16418
2949	24922
11102	29259
2732	19709
1049	29603
8887	20609
7267	26577
10207	27758
9419	22545
7496	18309
3968	25478
9506	26828
6334	24520
10194	25688
6944	22596
13905	15555
9947	20857
13917	15450
7002	25745
10127	27747
2334	18873
9570	17918
7881	17894
7477	19961
8676	18412
11635	16943
7689	17840
8781	22462
9474	18848
8110	24273
9277	15476
8910	18770
8903	17777
13418	15909
4775	25840
1907	23808
13072	28449
7381	23564
9063	24026
1145	24667
6571	27566
1650	29266
2157	15146
3688	20648
4898	20970
3609	27405
4216	24281
5774	26327
9365	23015
7646	20107
14776	29353
11523	22770
13613	23796
3584	17670
5666	29875
2649	22594
6791	22592
7969	24221
11610	26848
4269	25775
14270	19773
1319	23098
13586	16846
12708	15626
14406	28787
10880	19609
12936	15981
2125	24208
13415	23337
6882	29952
7229	18223
14739	19781
3386	25375
4738	27313
3595	22662
5609	23840
1554	23109
1195	22152
10986	17092
924	21245
12560	15125
3683	29109
13627	17090
6518	18095
12805	20877
2078	15126
2472	25740
6278	15361
6097	24285
13871	26686
8860	22466
12782	28403
8308	28684
3664	21204
3957	24115
7910	29068
13554	21864
980	24634
11500	18425
7809	28193
5991	26423
1649	21329
6435	19683
1513	15865
9344	18368
5805	27741
5643	26248
9331	16787
7639	15026
1699	25175
12932	16561
6632	29996
4505	16336
14284	19048
13919	15557
9097	22494
3647	16746
8863	15927
6341	24075
10795	27965
5433	16107
10775	23398
4558	15019
252	16555
6113	21177
4420	16716
5362	21871
5037	17689
4600	19377
4153	22405
6679	16665
6194	16777
1448	24034
13681	22390
8532	27563
1764	26451
2307	22612
11150	18424
3009	24010
6349	26521
874	25071
6447	22886
12492	18153
10235	26368
13534	28555
9430	27480
13045	19319
5784	20942
11723	20166
2031	20144
14420	29096
8743	20492
7486	18617
465	16453
13460	28533
11803	22046
8795	22463
8410	27200
3052	15519
2053	29055
4370	24172
131	24368
4712	27343
9470	25296
9052	22486
1824	29410
9499	28875
4764	17257
503	25757
232	16553
9496	18202
1336	15482
7348	21656
11866	15997
13904	23928
5510	24610
6867	23528
7711	24833
9611	24056
12671	26509
8039	16640
9736	19354
3160	16123
1754	23118
11899	19450
14896	28890
11631	20321
6410	15434
4233	16423
11202	21759
5925	22991
6277	26119
409	22389
3322	20622
6859	22114
10035	17506
10761	24853
10484	16467
14468	28801
5474	17884
8498	24843
4813	27985
9	19206
1210	24696
9094	19171
12271	21696
6670	16509
9840	24539
13761	21090
11891	24714
8237	20415
14744	19807
14991	18587
11081	19808
1979	15039
136	15568
3197	22165
1113	24316
2519	29534
1109	18845
3044	17406
4943	29582
1202	18476
7733	20124
6825	17242
8831	16560
933	22089
14828	27483
11159	20293
2731	21642
14297	23094
13479	20463
1237	24702
5509	28960
12656	19359
6513	22920
12830	28415
3116	19046
6576	26604
2221	22548
4284	24561
6598	26612
13608	19924
13452	28528
9187	16802
630	17328
7799	15808
13743	28608
1800	20170
13316	17797
12544	22078
14541	26982
10691	27305
14438	22942
5847	29492
12400	28356
5665	26266
7924	24751
11247	23966
10005	17250
2468	27027
4480	17360
7999	18053
2260	17324
12002	24331
12062	26208
9720	27658
14607	29940
462	24484
9485	22570
14463	29979
39	16962
2079	25434
4282	25685
10435	23606
565	16667
14095	17393
5719	26305
11685	25551
7796	23199
13933	20152
11487	28172
6855	22087
10340	27812
3579	27423
11138	29530
763	24745
11665	29179
13112	28459
8936	22117
8337	20266
14827	23057
8577	15804
7128	18047
9221	16755
1954	19063
6991	27041
5247	18408
887	25881
13503	21831
4421	26589
877	18977
8115	27103
2327	25096
2874	28002
12463	28368
14550	19251
7179	18816
10992	23743
10087	22986
8530	16488
11686	26100
13843	17197
9186	21720
934	24613
10439	24082
12995	23504
9420	27532
3373	29366
13140	28463
3305	18391
2467	27381
1601	18005
14345	15285
1154	18637
6121	18131
2365	19043
8247	22423
3154	19168
14812	19428
3176	19962
14079	18295
4413	22874
6336	21805
12352	28350
9787	29396
3654	25499
8662	23278
11497	20963
11664	28225
930	24180
900	16412
13840	29984
9087	25786
7523	23884
2801	25273
84	24343
6173	20077
2957	18659
3343	16314
6695	22231
2278	21413
13006	29434
3401	16356
4719	19932
7333	26908
8270	27159
13559	20230
5350	20989
1886	23195
71	28939
5790	26334
14075	17764
8784	24030
35	21555
2969	21536
11783	22742
12202	15655
2737	26643
2525	21450
13047	28447
9252	15832
8953	19866
6902	15544
13181	28469
10927	16344
12381	25880
4347	29261
14150	28734
10436	16776
3187	16133
7277	21021
3825	24337
4350	16931
5197	15059
3521	25451
9544	19366
2706	20518
12360	29298
7347	17540
2659	27508
1235	24701
11090	19482
10571	21216
4878	28156
3387	16349
872	21232
9550	15537
10933	17945
12469	24439
8587	18041
4262	15015
13158	21507
14592	17011
6805	15068
2398	18547
5298	26820
10822	17589
3828	16946
6508	22010
12994	22311
9069	17883
7279	19207
12716	20698
5729	23445
14659	22380
12226	23241
8147	18841
414	15833
6229	18489
8453	22192
7502	19184
6746	29307
8926	20909
11301	18203
5669	26268
8535	25192
2251	15260
10583	15794
10749	27951
9982	27626
2719	21724
4647	21442
14981	28956
10874	15547
12870	28992
5892	27311
8524	27523
7081	22683
12261	29091
8525	23626
1593	24840
13058	26438
12164	16834
4860	21817
8583	23126
7752	25515
12580	17144
6157	25098
9759	27671
9174	24731
791	20121
1691	19616
11062	28065
7436	19989
12582	26705
3704	16308
9495	21812
11049	28062
6644	19583
6206	22230
9379	26827
6337	20634
10728	17468
7963	18767
2114	24207
14231	25377
720	24577
8312	17072
14054	24344
12488	16043
9779	20255
5968	18475
10090	20875
11385	24464
10119	27745
14092	16591
13119	22135
14901	15340
11210	17578
3442	19390
11606	29775
4108	15358
13932	28659
6144	15481
3605	21722
4304	15759
500	22472
2547	22497
7089	17453
404	20043
12204	20713
438	23909
4627	15307
2866	19408
7201	29170
8316	27772
13742	28607
3635	16652
7940	21202
9607	27607
13321	15090
6798	26679
11427	15479
3644	19501
10321	18224
12069	26614
10467	18043
11736	22775
7682	26834
1013	27204
5661	23440
12655	26804
3805	18721
6862	15700
5251	18259
1168	19468
4567	20425
13849	16087
9258	23222
2685	15645
5720	16343
5115	25953
5622	26241
12308	28344
4648	23953
9747	25971
2349	25104
6558	22017
1928	26200
7621	29936
2324	19547
8573	17410
1395	29641
7067	22959
8767	19483
4692	25811
7238	20801
1728	24873
5473	26189
2806	22080
12181	18797
6464	29735
13879	28642
10835	19235
13754	16186
10482	20232
4996	25906
4783	26787
13350	23500
2283	28700
4396	21802
7057	24334
739	24581
11807	23489
11789	27173
2161	24210
1028	21254
5496	26195
5941	29928
5	26342
1422	20263
13518	18158
2110	24195
4577	16832
458	28852
10361	19037
9436	26298
13433	28521
5158	17002
10428	23930
12262	28337
3532	19871
2782	25118
7380	18614
4938	21163
13838	18541
4511	19455
5308	22216
5103	18912
10939	15541
9513	22558
2232	19266
12991	27803
6329	27612
13314	15367
12286	27076
3311	19780
3441	17992
721	24578
2018	21368
7632	22187
3935	23954
10477	26824
9005	22692
3214	21070
11724	19554
12798	17541
11152	28086
9921	21994
12954	27488
12739	15310
9319	23671
8347	26819
11934	28281
11779	15545
10423	23010
11879	18342
760	24742
11488	16307
10466	23868
14763	21084
2176	19938
13441	28526
13710	17352
8314	18255
12457	23978
364	17088
7933	19100
9140	21590
12489	24229
596	22400
12166	28319
14559	20476
6533	15907
9789	25166
4597	24732
5483	26191
1274	20184
1646	26403
5174	20065
1115	23903
10225	22652
3622	21616
2599	26960
6682	17736
12737	15667
916	21681
5377	26153
8612	16877
8971	29548
14584	20466
7868	16612
10095	18654
2548	25174
5843	26362
11702	28237
13841	19429
12893	26832
13155	22118
12972	20336
7899	26697
9047	27412
11978	16809
3010	27665
6379	23096
7142	26796
5132	19295
10182	26479
10845	24687
10403	20395
13277	18592
3072	24009
7200	26876
2851	19970
11645	28218
9966	26914
8527	20657
4318	24497
2916	25303
9811	18231
6291	26495
10125	20658
4098	26499
10797	21299
9842	15618
4437	25737
189	29203
6177	18013
2726	27716
3992	18818
2368	20112
477	24809
7402	23566
6265	20249
14785	17621
12880	28422
6034	16602
10046	22634
7121	24216
13409	22719
107	15926
758	16808
8934	20338
13969	19293
12436	17798
12609	17772
3712	25511
13440	17270
12857	29092
859	16900
8392	23610
907	24607
3017	17036
7906	19077
3428	29354
3816	26164
10976	19698
3030	19953
9558	17661
4289	26032
14293	17214
11983	25727
9484	22791
14699	17276
12254	29585
9018	27397
13668	21823
8724	19123
7358	16171
14020	28232
5867	21937
6427	15185
9021	18164
9126	21133
12083	28305
9298	18628
5704	18666
10222	27719
2356	24091
8798	19185
12024	24522
1051	26830
1896	21355
11748	24967
1120	24968
13302	23537
7383	29893
2848	27074
7738	19942
3358	27932
6300	16973
11757	22480
1271	20817
8563	26778
4804	15776
339	21141
6735	21595
895	25887
7887	19404
10970	16427
8986	24994
6680	22629
137	18466
5312	17811
1327	21744
12677	22818
10990	28044
7114	18307
1401	18503
837	26103
4994	15056
4249	18362
920	20998
2725	20461
10020	22657
3448	27040
3288	29339
5287	26104
13685	19660
4691	21071
2870	25289
10689	22703
11741	28248
9755	27668
13915	26271
790	23174
12290	17108
7760	17362
3902	22734
12214	28330
12279	28339
14473	16306
4769	22058
14023	15094
692	20422
13812	19567
10254	21695
898	23063
50	21166
7895	27051
13393	29796
9824	29248
6223	29901
6926	27929
9293	27471
6111	17888
8812	16449
3923	26743
5960	19394
10991	29812
2775	25263
2140	19291
497	20675
5938	27580
13922	29018
2160	19407
1714	29989
4481	16411
14666	28984
8386	20023
1642	22888
5435	26179
2993	15802
7846	29364
7942	18569
9024	18759
5909	21475
13011	18952
4301	22966
2065	20704
12848	28416
3025	15235
1663	29008
4058	17068
6564	22175
14131	17903
14413	17127
12908	23394
6216	19446
12158	23584
12630	17715
744	24453
7120	18957
10502	20275
9562	27591
2347	29671
14626	28838
10106	15992
12698	22820
11775	17632
14227	29238
10443	23872
10863	27995
2449	21188
12873	28420
228	20014
12070	24984
12506	24286
3588	21016
9868	23712
518	25412
2793	25270
5112	21639
7038	22195
8233	24625
8303	16537
14856	24161
5576	22589
4408	25369
6442	26383
5970	29503
4128	19619
3313	25395
13492	15898
10100	29015
1959	26106
5313	28027
7852	22741
9478	27552
2776	22531
10337	27810
12032	28293
8943	22535
13398	20797
7283	24988
1750	24884
11553	28192
4122	25648
4663	21625
1872	21146
3084	25530
2966	15895
1170	23049
4494	15912
13727	16886
2367	15343
2422	25137
432	24479
8585	26083
7363	26912
9629	27614
6165	24148
2153	25018
10293	22197
4746	16321
8991	23812
3456	21596
5045	25926
12781	28618
8675	26053
7938	29758
13687	19810
6550	17330
14587	21218
12919	24706
6453	21680
6617	25402
7167	29169
5290	26105
6783	26670
2516	21295
10945	28022
9886	21097
3691	16339
903	25552
13644	22848
7269	15747
14691	20913
14617	22150
10805	22322
12325	22141
12364	22054
8697	19005
12861	28418
13718	18500
2346	19532
9452	20902
1230	16804
1087	28004
9901	19656
11300	15505
9068	19084
3814	25428
9843	16678
11831	22291
7748	27007
8664	28078
6792	15332
10530	19613
6472	19621
6236	18023
12998	20497
14498	23104
10170	27754
9849	24930
1640	21599
6594	19263
11979	17591
5706	26300
1798	29335
14595	28829
11059	28064
13223	19899
9488	23593
8968	16903
6311	17732
6669	20558
14357	19378
299	29973
7060	29406
10707	29381
9732	22967
899	24276
13820	22309
9727	15695
2344	15328
2366	23099
992	17725
12658	18248
7677	22349
284	21496
9304	18073
2410	25124
7393	20820
14145	19197
8321	29828
7725	19782
9715	15648
7704	20669
7192	29542
1382	28749
6839	16712
14019	28696
2206	20059
562	26456
10894	23892
9465	26681
10444	19569
5457	29517
5649	17300
2395	18124
13176	28166
6375	23321
12479	26925
10168	25197
5875	25826
10381	25851
523	29907
7928	18082
5947	20806
3478	17073
9043	27406
5770	23904
7616	24196
5345	22654
3282	16305
12383	15703
13987	28677
1291	18856
4634	23300
12770	23782
8313	27166
9213	25920
11951	16525
11671	28229
9703	23003
8307	29014
3367	15102
11982	25957
2877	25293
10249	27361
7859	21886
6193	25168
3356	20882
9621	19798
5150	23435
9512	26084
2569	15738
10881	15036
5128	25958
2497	28965
8477	18928
13209	17288
5667	18456
1186	23088
12395	19514
11001	15099
11591	28202
8354	27179
6364	25476
10310	17096
13900	26629
9180	21919
12795	28408
806	17563
14447	27889
13183	23786
8240	19879
172	15840
5655	17223
4512	25767
6490	17113
12353	18298
4601	23324
13139	28462
11439	15939
11405	23152
1185	17851
2608	25210
11508	28176
6910	23534
3763	24659
8741	22622
8049	17448
3513	25459
10972	24103
10221	23722
5121	21895
12816	21872
2812	22606
6297	19375
5984	27801
4565	19606
3619	19825
6063	19920
5408	23362
10823	27976
3095	29778
13694	28597
7581	16533
2146	19687
12610	22393
5522	26205
11245	18192
5368	26151
7177	19322
11577	20127
4102	17130
2620	25049
5025	26585
3208	25364
14999	23017
2577	15495
3156	25350
12962	22095
11145	25919
11657	15204
1244	24705
10577	19484
6237	26475
13377	22402
8418	15508
10505	26404
4669	25805
3538	29681
3338	21735
2527	20308
9927	20703
2183	19786
11412	21753
13509	17210
918	18780
13590	28579
617	17407
11057	17817
10966	18437
13054	15953
9071	18321
11956	29326
12622	16075
4052	20623
8193	24065
5552	23388
5685	26278
9302	16734
13099	17531
13235	21998
7369	20834
10346	22496
3994	18714
4900	25960
10026	17423
5924	26384
9527	27575
2905	25536
636	19861
14843	15962
5708	16045
2452	20210
3793	19517
7668	25421
11463	23895
9399	20051
11320	16476
8897	27348
13340	29405
14784	26765
7925	24671
12365	23678
884	16215
4909	24960
12468	28666
1328	19775
2792	25269
402	20123
7262	26893
14833	29843
11041	16010
1612	16261
14218	20469
9575	21511
5861	26310
3670	20186
255	18874
9658	22576
182	21562
6386	20999
10946	29480
14046	28704
3042	20407
1779	18330
10416	27836
14499	19091
1742	21452
12012	17615
10229	15117
13390	23466
11917	28278
7637	20982
1895	29168
7040	15662
7814	17043
7700	24307
7077	25158
1450	18157
3598	28056
5830	26358
5292	18613
12634	19284
7727	19886
12959	23517
11642	29030
3372	22200
12789	18953
865	24197
1187	15321
12799	18677
1567	21315
11449	28946
14555	25277
2045	19645
9433	16027
10377	21603
2194	23422
13279	20462
3464	22610
1304	23097
2494	22995
9248	27463
1913	15001
2970	25311
13436	20344
9291	19594
695	24356
6211	21242
11709	20205
5852	26363
3932	22763
13926	26388
9212	26833
535	29911
13749	25942
11828	17070
6304	24081
8719	24372
7390	15977
12376	16251
7442	15091
13337	22514
3361	23261
14395	28784
9317	27478
5529	19833
10242	26440
1043	21259
3786	25534
5222	21882
4652	17343
8733	21543
5601	26235
429	21195
8155	28906
9690	21651
4017	21081
6475	18373
12881	25076
4955	18488
13594	28582
2594	15527
10988	28043
3281	29712
8081	17202
5047	16397
3539	16428
5846	21933
12102	26597
1724	23117
11574	19175
10924	17508
2009	29527
327	24433
14939	16965
2419	25133
14366	23144
10641	18543
1833	19059
9722	27662
10741	27775
815	25370
11708	23691
6412	17905
2664	25229
152	22911
9567	23725
6701	18838
3480	25448
2448	24184
5838	16993
11967	16150
1188	24688
3067	19708
13953	18986
10013	22217
8073	26753
14470	29524
13471	28537
1837	18916
7624	16714
10745	18220
2095	15129
13633	29453
14169	28219
3334	25400
6935	26733
11681	28231
2358	29481
10510	28040
3335	18159
4582	22364
7148	15583
4075	22761
3955	20156
10480	19126
998	27016
5787	21930
8766	22748
9387	28971
3458	20240
11945	19754
10748	27950
4560	21742
7638	25542
2385	24716
14114	16389
6028	19743
14136	15942
10565	23647
2550	23138
8694	27281
5913	23455
3418	16361
960	18305
10526	27154
1446	28989
7732	27003
8336	18736
9725	18066
14200	26034
6303	24267
4596	18471
12247	21045
7172	17100
10252	27770
11188	24881
2124	15132
6247	21934
10037	18661
11100	20571
2476	27473
1033	21255
5544	15420
10849	19155
1294	28922
2116	16658
9463	20853
8644	16623
14684	16959
11236	28116
4214	22201
4657	20333
14441	29440
5806	20140
730	18494
4550	25990
1561	22362
9608	27608
3167	24023
3942	29948
10513	22693
13214	15435
1122	26738
4401	22398
14141	19082
11765	21685
14198	15653
1656	25976
185	28168
2842	23033
6477	17763
2159	25019
5721	28188
3153	22384
12882	29348
8174	17377
12091	22797
9227	18694
12048	18632
13044	28445
13596	16710
10659	22106
13777	28620
4266	22938
6068	19997
14033	29776
244	18140
1270	24728
13895	23810
4152	21671
13150	29138
7145	29931
10703	27917
2482	25150
7091	20464
3559	22975
5985	16785
11330	15329
1430	20465
361	22638
6996	29402
8054	18093
4793	22658
3812	21142
3400	27860
8472	29496
6718	21814
40	19240
2298	25088
2923	23484
12473	17912
11352	19008
13456	25999
14144	23938
14260	27059
4485	20048
11097	15523
6704	20717
350	22415
3175	16129
11590	18303
5067	29904
14155	20605
9742	27344
6069	18349
4991	26420
9985	20731
11964	24366
8120	19765
12044	24502
10434	15221
14226	28756
3764	21892
4384	16090
6164	17994
8509	29398
6218	24303
14365	18348
13765	17074
9946	27288
2076	27647
3046	22429
7374	22227
9892	18015
7915	26482
12926	23418
9624	19388
8873	27335
6498	16607
1323	21098
11222	24630
6160	24297
7688	22226
6246	29048
975	26555
13153	16268
13103	19086
3371	17153
11821	20299
6759	15627
7710	17198
12349	28349
38	19608
372	20146
288	16522
6936	20139
8323	23608
278	29489
11214	23956
2119	18365
14268	17160
11035	28059
11024	28055
1226	28816
13067	26949
2021	29191
3508	25457
10447	21750
8979	18279
13254	26619
363	28664
11910	22045
6600	19885
8	20646
5059	21845
6913	26727
1095	24652
8559	16571
5677	21743
14603	28833
1392	28152
475	21950
2380	18575
6521	26582
6716	16292
12274	26695
472	21200
186	29468
5540	15418
10019	21422
3852	25562
3136	18830
9918	25847
4636	20654
8335	22139
7256	26890
3411	23235
2383	29773
10437	26869
10169	22283
14508	24215
10669	27843
3835	15636
3222	24962
752	24582
11588	22109
13335	25821
8871	19830
9524	27574
11292	18176
10628	22940
11747	17606
1655	24860
3801	25539
14091	22977
13690	29633
3482	18426
1277	22450
9388	16317
1207	24695
1893	24665
10705	25508
3768	23260
12095	22549
5568	22138
5915	16574
14563	19785
2369	25151
8171	15624
4802	20046
11106	17273
466	17460
292	29568
9455	29859
12687	23695
14254	21733
6752	26657
10302	24947
7750	15212
4101	29690
11130	21486
14362	28100
9609	19508
11431	29006
2481	29627
3967	16527
5602	17991
10973	19422
1375	24766
2462	29225
7335	26909
2678	25233
7767	27012
8168	25946
8099	23426
2279	18266
1063	24646
4765	17555
12296	17627
14719	28619
7208	29178
4240	16794
12699	16008
2303	23157
1347	24759
4242	17889
13546	26497
10759	23004
13324	15493
3291	18546
1708	18252
5812	15732
8042	25541
7747	18343
12852	16015
5895	20696
13730	28601
6170	16951
5511	19963
3696	18802
7897	17085
13194	20201
14421	15931
4964	29651
11884	18422
94	24345
3657	27594
7112	26341
14826	28530
9598	18187
338	21983
14086	20371
5102	26797
11305	28131
14102	29045
12709	28394
785	24980
9196	27448
7023	18459
4120	17141
3075	17681
3329	20706
3295	16304
3931	17000
7150	18355
11344	28141
6873	16820
44	16335
2171	28926
11484	17373
1900	24920
5957	26409
12631	23779
5572	23424
493	19519
2453	28665
5329	26125
5523	26206
10180	22006
9854	22711
8755	25659
13593	23807
5130	29836
4218	16861
6892	20337
14885	28887
6103	15152
14558	24722
4948	29001
10573	27888
13204	15459
7827	26729
6258	19426
7391	29910
12324	22740
6362	18059
3661	19329
7705	23583
7936	27058
2898	20957
11291	26745
4111	25645
4859	20912
3821	21640
28	16752
8098	21091
3830	20577
10002	19771
10231	22639
5254	25449
5302	17807
13760	25730
7612	16534
3603	16489
4997	17308
3535	22048
1023	27306
11042	18198
8769	27516
1689	24838
2832	25284
9566	16548
2316	25093
13672	28794
3132	16122
7001	15836
904	24605
11364	28979
11180	22079
5583	29908
12466	15305
6782	22580
8057	24140
3769	24164
41	18718
2893	15814
11906	27216
2465	24068
9980	22632
6689	29095
2394	18715
8400	17891
4585	25222
6622	21770
14661	26087
1215	17648
11360	16767
13612	28585
4440	22346
270	16546
3965	29185
11825	17172
4840	25863
3232	16578
9670	23920
6151	27264
9356	18934
5871	24384
13488	22487
12585	16081
5146	17277
13115	22831
7811	27023
5600	16865
13873	20613
4910	17657
3624	25932
7527	16195
10492	18269
14813	23863
5598	17329
7948	27061
13401	18815
10284	21900
6750	26655
11688	16035
5866	20980
725	22428
792	18256
11460	22245
9959	21580
13348	16188
4628	19117
1587	29246
12909	21219
11872	23372
13462	29369
142	21346
1661	29258
1334	24754
13870	22156
8738	19041
10272	27779
6098	26446
9341	27491
13493	17470
13362	18460
4877	27824
6066	24892
5999	19509
6811	15330
8082	18118
10220	17139
7545	21314
6443	26541
6249	29892
10540	26114
7968	16422
11229	22720
8304	29002
5390	26158
14021	16915
10352	18381
3383	19794
8025	16713
4915	21837
4484	20195
1664	18794
3006	24510
4984	16430
13234	19314
3000	20692
9613	27609
9660	27632
11201	28108
14673	27830
6552	25883
10851	19332
7044	26766
5404	26170
8364	22602
9547	26442
6999	23542
7022	15291
1264	28042
1358	19435
425	20339
5537	23387
9306	26095
9152	25761
2450	27212
1988	22595
11744	28251
2446	15406
4824	22252
13991	27805
8441	20543
869	15353
13114	16040
1088	25604
13113	22133
1681	27021
649	29785
14760	17484
2566	27452
1530	29609
4794	25848
5648	29288
12540	16159
6	18854
6101	26447
7636	18364
9894	26031
5793	16495
8899	27350
6950	20178
7953	18155
1340	25948
7932	29790
13371	15737
13752	19018
10558	29842
4953	18724
9195	27447
6800	26684
2421	23165
4213	24347
7648	29098
12440	24446
459	22448
7580	18844
3841	22709
10383	27828
13313	22159
5803	21931
11785	19774
2707	26999
718	24575
396	24472
1888	29985
1520	24815
3560	16432
9839	21189
11583	17082
12185	28321
8815	27322
11070	29729
5420	20965
9869	22723
5962	17977
11838	16396
3986	16733
1830	15674
7366	26369
11692	22023
221	23487
8929	21646
12524	16036
8657	23987
7493	24483
654	19753
4076	17083
12415	27158
2077	21473
12561	15085
4896	21684
4868	27757
14009	28686
4891	25875
2995	29509
9142	16703
8048	16586
2130	17954
14647	23902
1471	19981
14803	17363
2063	19156
14044	20392
7600	26977
7525	15928
5208	15427
7883	29734
11346	23183
1497	24806
14501	21309
12355	28351
5016	20496
12678	18162
13808	24780
5506	17877
9335	24912
2250	20272
10208	16938
14302	21838
1610	23111
2489	25152
2145	15142
14805	20190
9036	15635
8638	29715
14740	18481
8709	18752
3569	22339
9834	18436
145	19012
3806	16613
10743	27949
6983	16590
4529	19026
8659	27270
3553	28952
12454	21344
12098	17121
1161	18946
5380	27559
7539	15679
3202	25359
1678	19584
12924	20711
10476	27855
14166	22518
7092	17200
2115	17952
13395	15972
4972	21247
4191	16269
7519	27538
6138	19791
14527	16668
1305	21289
12038	18514
7328	21083
8528	17136
13271	28478
12056	22794
723	24570
7097	21602
12184	24222
7892	22254
5932	24736
6350	18058
6547	24035
3875	17318
3962	21719
12971	17226
13660	17019
4227	25768
14972	19500
308	24421
6058	19827
14018	22905
12822	20181
13903	22895
9971	18221
5454	17109
3975	17455
12891	17754
783	24166
4694	22536
6896	26412
13600	16580
6003	22784
4789	19595
10319	23724
4653	22574
536	19093
13816	22308
14488	26906
9301	20315
11800	29181
3998	18521
14882	20426
2762	28981
8037	17094
12061	15164
14041	23825
5705	28941
7532	26966
8030	20063
2766	21499
622	24549
3881	29752
13423	28511
1089	18974
2387	25011
5412	16165
3047	25323
7464	21547
5443	28180
13998	19893
7058	28001
13148	25447
1580	24835
12571	28383
8877	18287
14305	28772
1369	29642
344	16811
8381	16608
13269	16030
7907	22386
11625	18339
3330	25943
2681	15871
4145	22768
5126	21544
7478	23002
8503	20852
9138	23664
1734	22347
660	16046
14982	28914
1970	21359
5615	15382
14187	15287
5539	22253
12294	17424
5978	18434
5310	29961
8021	29939
12928	20283
6038	17979
7423	21609
11429	15244
11722	15780
1943	19150
515	16700
14313	17171
9835	21033
591	21926
2475	21997
467	24489
9662	22577
8584	19436
2389	22475
10816	21331
3309	21587
4087	29779
11843	20252
14017	28695
4571	25978
14506	28813
2892	20992
4957	15359
8208	20412
11937	16242
3527	16420
11170	28091
9081	17792
13328	15721
5041	22731
6738	21539
5556	20586
6445	16633
3736	16421
4435	21737
11347	26408
4602	25785
1451	29035
2039	29422
14201	16671
10737	23087
3137	16523
6004	15449
13241	18997
6793	25712
7285	26896
5030	29147
6981	21321
5905	23454
5448	26182
482	16134
3370	23233
7640	26477
5965	19710
6408	20363
1930	21356
6056	19939
12125	15592
7871	17690
9848	27209
4086	26057
5180	15140
14011	29607
14967	18965
8448	26550
12379	28988
7133	18484
12177	16108
2982	17766
4081	29617
1806	29392
9177	20862
4271	25682
7042	18222
4599	17459
860	24599
10734	29160
391	24469
10	17659
2855	15791
12818	18826
14440	29647
6922	26730
11984	29291
6405	15613
6597	23464
12529	26734
11094	16391
573	19779
7261	26892
507	22522
5215	16162
12752	16519
3158	25351
2963	23089
14123	15698
12865	25048
14073	25992
13361	26267
7417	26927
14049	23679
10600	26147
2800	21000
7998	19182
4861	15290
1400	22669
9220	26247
10753	23373
1609	29250
3607	27474
14515	19602
13366	26102
12714	21712
1844	17494
11719	28241
2882	20815
8481	24831
10839	20519
2111	15873
424	24476
6248	19087
5022	20274
5783	26331
1030	24640
4967	25576
909	23064
9065	20813
14317	27425
12306	15465
5000	20099
4973	18764
10770	22776
13958	24450
1307	23192
10230	27762
947	28320
3580	24225
8248	15757
4903	29010
14394	25217
10930	18720
6786	22071
8721	26570
12132	28312
405	15754
13248	16139
9793	23708
13609	16666
3642	25495
14851	17680
14159	20596
13960	16187
4387	20644
4265	24314
3906	25581
9026	27712
1701	15659
4004	21896
13707	26389
3497	25453
10844	27981
7792	29483
4684	26311
13079	24514
7691	15860
2581	27900
14688	20562
5153	25969
11085	28070
1880	22919
7011	22484
5043	18935
7078	23182
1432	26621
4593	17784
3829	15392
2795	27715
5242	29214
2488	16988
10075	23167
6649	27924
7252	26886
7850	21798
7821	20302
12301	20319
11117	19212
5771	26325
4687	22824
7245	23849
6809	22812
14126	16793
5764	18588
4488	17397
203	23823
12840	15712
378	22969
13203	23521
3218	24598
1671	29278
8245	21003
5561	23393
6357	17701
9778	21043
4450	20766
3889	29425
4207	23293
14423	24080
377	19891
12835	20509
13346	26466
9958	20009
569	29697
2464	19987
5096	27709
7904	27506
5935	26393
12673	18975
12491	27784
6764	23910
12746	20590
4949	28041
333	23028
1944	20641
13884	17865
9571	27597
6663	26373
14605	22953
4443	17356
9226	28777
498	23613
5162	15664
6414	23460
1411	18618
14879	21669
2212	25053
403	21955
9911	29824
2931	23208
3416	25429
2004	20878
2137	29021
4070	20847
7230	18600
1309	22290
6271	23385
7627	29382
7263	17997
3479	22756
7613	26033
11480	28170
4790	18769
439	20631
14880	28886
12453	17433
6665	26873
1415	21791
10386	21015
11919	28279
7156	29456
1565	25460
7975	21858
10887	29024
11810	28264
5955	23476
348	22376
11137	15432
13043	28444
5232	24376
8680	23931
12159	28663
13215	16059
12368	28353
8121	21623
8391	20738
9878	29126
12482	18430
8087	18213
6214	21981
3995	25611
564	16918
5478	15199
10819	21215
13472	28538
11834	20359
2536	24254
128	24367
5072	16719
8841	27501
10807	27969
5194	17065
12175	26258
13028	28440
2928	15885
2503	17976
7234	18525
10584	26857
14711	29443
12693	23780
7585	16624
7043	16778
14976	18733
4126	26736
13976	19875
7554	23611
9628	27768
13648	25167
8430	27700
7250	26884
11127	21801
7960	24493
9785	25039
14941	24020
7681	19334
11164	19259
1597	24842
10003	27788
13211	20273
14431	28795
11022	27438
14215	22979
4695	25812
14832	16506
11943	26513
8670	19294
9396	26662
7774	18056
14283	19309
305	24501
8470	27221
9479	29036
6050	17842
3277	15676
12433	19282
469	20947
2728	23198
6465	26562
14490	17809
901	25889
5175	23349
1994	18832
12493	17192
5736	23617
3961	19232
4199	23496
4321	25701
9308	19643
3333	21525
7614	26074
2265	25678
7723	23585
6728	22303
5796	23697
703	19538
6504	17565
11498	29327
10831	15499
10330	25540
6691	29577
8095	17756
5300	23255
4487	17279
10760	16622
14492	23482
5416	24022
12636	23554
754	26262
13510	28545
2341	25102
7962	16939
1962	22207
9823	26993
13202	23598
3882	17838
10016	25002
12495	29664
4788	21821
7264	20930
11246	19661
787	24985
14027	16687
5288	19644
3802	26354
12966	28430
9243	16526
8319	18415
9626	27613
11544	19550
794	27429
6674	15694
12548	29038
5387	23359
14004	21088
11845	23757
997	26712
14319	22939
5369	16684
14089	24995
1505	26981
7620	18267
9803	22591
2858	23206
7950	19535
6880	29540
8007	24061
7834	29046
3820	19256
4177	18263
12329	23622
6178	26120
3283	16299
260	15701
12771	25427
2027	15297
12328	28098
14766	15573
7151	22142
1017	26118
5988	18018
13655	28190
8205	17646
1986	27045
10681	27806
8985	27386
4963	25891
6234	22404
1882	29982
8176	17940
4818	25855
2814	20778
10063	17522
4397	29591
13093	21325
3310	25394
14635	16223
5252	20050
12772	16206
14358	22066
801	24592
5258	26093
2938	20375
2246	15256
11297	16857
2470	22074
13952	28668
1971	20020
10896	17609
12965	22188
354	19273
5824	24675
7479	22883
12886	17337
12481	15379
849	22660
5671	28038
6013	29312
14544	23361
1236	23964
13768	21873
14553	28823
11756	16060
12814	17241
1039	21257
1300	21432
983	16350
3150	18729
12988	22147
6192	20404
11745	28252
8380	20346
14590	28828
5937	25026
9615	17942
9678	27640
633	26940
5056	21844
6957	21828
13891	19153
13026	29549
11454	21013
6837	26860
4019	25334
9931	16925
18	21156
1657	29257
14344	20888
11290	28130
11007	21387
5240	23731
13280	29818
2030	24992
4008	15283
9245	26800
8698	20376
11860	28267
2710	20856
1760	18988
8576	28016
3592	19316
3179	21568
8625	27890
1816	21353
8671	29830
1044	18551
6971	28963
12916	15582
10162	22556
9427	22418
8131	29049
12439	17598
3681	25503
3406	25422
6114	18949
5210	22544
8241	21108
8080	17949
6321	16795
3617	22067
10750	27952
13408	18273
9013	24511
13142	18393
5748	17935
8516	18940
7889	27049
7323	26905
11957	23989
6046	21891
2426	15946
4537	18807
14919	28899
14188	23869
6976	19054
1718	20003
5746	16463
7607	26980
2234	20905
11687	16659
11277	28126
8204	27139
5502	26198
8013	24999
13818	22286
11436	28641
11413	26762
2261	23526
4704	17509
4344	18377
3043	24886
4630	21758
1290	24739
9772	18234
12978	26485
3207	25363
3977	20814
6494	26845
7653	18458
11772	29945
12578	15512
11313	28135
4656	16909
6788	18353
3840	25560
3220	24632
11505	27966
2238	27351
3014	23214
13860	23898
13083	17350
765	24584
5956	23952
2605	26760
12903	21699
1727	29026
13037	18836
300	20276
1522	22140
2822	24150
9193	19250
6407	18064
12407	18464
13894	29884
13385	19020
14778	28867
14142	23837
9809	27679
13562	21786
7116	15522
14403	28785
3279	25387
266	19633
8786	28916
8225	15839
6281	18786
12484	23957
5361	15913
11165	25741
11676	19958
1716	24224
11766	15194
297	18074
10539	18870
14354	20244
5494	21477
243	21238
7144	18228
14912	28896
2829	19367
12224	16850
369	22550
10780	27961
13584	28575
5836	23082
4728	29333
7197	21158
9710	27655
5432	26178
5586	24108
14925	16742
6756	16833
2808	20242
3515	29991
2478	23523
1696	21320
1461	20524
2724	25247
4895	18193
12377	23774
12230	19040
2959	21734
4988	26089
9808	27678
4875	26704
12277	28431
48	24280
8086	26505
8614	23633
8114	19140
9491	23689
2985	25313
6061	19960
6197	24786
1821	26575
8912	25406
10038	23190
12123	20740
2860	21471
3716	25512
2695	15563
14178	21126
2918	21526
4847	15168
8315	26653
10631	20130
12049	28302
7056	19074
5714	15421
11701	28236
14958	19344
9763	18523
737	24580
11063	15634
6052	25502
14532	16836
7015	28144
2197	19301
1021	19496
2041	24996
9925	16929
3388	23421
14323	18009
10324	27015
4297	24086
1776	25546
2755	22163
7843	26471
1799	29213
2683	27799
9209	19681
1059	27551
13383	24542
7083	25252
379	21191
4594	21749
222	17530
4616	23836
175	15306
11594	24852
14814	25317
8167	27123
11854	22351
14892	20827
10869	19696
236	19751
346	15566
12845	27060
10491	24163
3129	16121
4047	18329
5487	26192
6199	24198
8549	17524
891	25885
5900	24485
11853	16507
6159	21096
4459	22931
4356	28102
1094	21263
7789	15187
5887	23958
1197	28809
12179	20661
12774	20173
8640	18194
11175	19914
5424	21534
12055	27936
323	21569
3450	20694
12009	25490
12426	29433
3437	17691
10219	27761
13017	28907
14974	28911
7914	16864
13712	29217
9936	18895
6181	15477
4492	21528
5897	24902
7326	29675
12729	16207
9691	27648
2677	27567
13442	28527
14927	28901
8496	29915
5515	22169
5119	23936
9810	24308
2890	21032
572	24529
3985	27764
8294	29420
14823	29800
13352	17471
9482	27553
4970	20303
6762	20977
1121	24765
13795	28622
2524	16739
9410	25156
5800	15463
13050	16720
14048	23833
7225	29526
5616	20897
9414	24991
8300	21593
3739	21633
13063	28662
6391	19581
10459	26367
1116	16263
3467	25441
7761	16966
6086	21953
3265	16296
2254	28373
9776	19214
6730	18254
4144	25485
14330	25662
7325	23556
9476	23092
11878	28327
1393	25554
9192	22674
1031	27337
11882	16064
1670	26229
7521	22280
13425	28513
5023	25912
7353	18611
53	19353
8562	27245
10861	22455
1869	26636
861	24601
8748	27304
10958	22573
10363	26806
14138	28729
6209	18191
12333	26895
4592	26285
10286	16772
7718	22989
8150	29292
5844	29848
13695	21754
10813	17672
8987	27242
3332	25399
9711	28023
13683	28596
823	26702
14995	26007
4700	22963
2338	15326
2537	24117
12065	18322
6458	16501
4935	20367
11887	28272
9011	15878
9066	27419
11490	21815
8047	20413
11	23018
8045	21002
3264	24997
2613	25212
7181	22218
9363	27517
3577	19556
5109	23348
8015	19094
114	20289
11609	28206
8293	26111
13021	15724
8465	22438
4506	26009
8958	19218
12690	18411
9268	27465
12530	16103
4143	25656
13938	24217
10126	22641
1108	24658
969	27208
9426	27537
7330	28077
6706	20756
14630	28840
5111	22736
9297	17948
5747	27603
5876	21183
13298	28483
1784	17539
3359	22980
1783	15914
3001	20456
14275	25888
11804	26563
4520	21904
9514	29241
7314	15384
13801	18929
11452	22251
7372	18586
5315	19289
14104	15378
12373	28712
1762	24386
11482	18909
5283	17803
10907	18745
6108	21730
7410	24929
13062	16541
3203	29631
5599	26236
8792	19691
4817	16977
8399	25135
13412	28506
2830	21514
797	25033
2002	21365
9754	17734
4995	25596
335	20125
13491	29342
1551	21352
13696	20516
3551	28003
6133	20832
7207	24990
7049	18519
2653	18835
4981	18810
4876	17221
7650	15295
6989	18787
6240	16431
3950	16985
13568	28570
2708	29294
8231	27145
11911	17147
6814	20219
4395	24226
349	22407
14401	29423
4383	20589
12378	24622
5347	26136
13995	23240
10572	25494
11596	19363
9404	29465
15	24259
2703	20708
7457	22249
6525	16799
8212	27085
4683	21767
10621	27908
13273	20408
3758	23271
5765	15394
4744	20508
13229	15816
7509	26955
134	24371
2614	19872
12603	23251
4215	25435
10592	24269
5249	26082
9444	27544
12696	16005
13530	28550
12389	16032
9801	15467
3528	16345
11296	23616
9932	19440
9367	18196
2328	25080
12155	29454
14734	26836
8044	24059
12518	22170
3484	19277
12769	15795
14514	23172
14738	23861
3873	16196
3963	16221
2924	15884
1496	24805
14806	29781
11065	18820
6593	26611
4822	25621
3396	16354
3194	24311
10440	19745
12122	15900
653	20222
13161	25884
9106	27486
6658	16897
5002	18101
7308	26904
11254	18911
910	24609
10695	21779
8423	21224
10062	19338
921	22377
2166	27407
2047	17112
12096	22798
9535	17230
9741	19542
7099	26788
1457	18717
5883	21947
4171	21673
3690	25507
13437	28523
4747	21787
9871	18340
214	23025
12117	29269
13671	18896
5627	23437
60	19421
795	22961
4346	26683
5869	15727
5724	26628
10710	29741
687	20988
6918	20684
802	25113
1257	26309
14146	17021
2056	15088
10158	16910
525	24779
552	21865
1356	16370
1638	20636
14298	29118
10412	23980
10885	27124
2126	19923
2554	19192
11381	24096
1181	27116
8198	27135
2363	27371
13821	19726
3461	16367
1963	29005
3844	21653
944	26391
7872	21517
11881	16435
11481	20844
7025	29616
5201	26059
902	24604
1859	29277
12213	23767
2215	16543
4028	16868
1206	24694
14356	29782
9867	27962
12430	28363
9421	16635
6790	19296
2511	25159
2783	26351
10767	19632
12100	18932
10890	27503
6049	20143
5203	18253
12234	23507
7287	20116
1232	21451
12292	15984
12137	15677
8350	27175
8517	25586
3973	23546
4054	16499
13189	20978
14848	16351
2563	25185
8050	18817
12449	17427
7553	16400
13578	16372
645	24444
12958	22312
2700	15657
4825	25859
3936	25594
873	25838
12879	21819
3751	26162
11129	19138
12140	23352
11433	28163
5157	25973
3284	22199
7543	26969
1331	27222
8327	17635
3832	26418
5886	28167
9578	29615
314	24424
5612	24039
12242	16402
1589	29247
2930	18539
2109	23316
2378	25114
1249	24719
6393	27926
10886	26596
2730	15209
2699	19874
7817	29827
5842	26361
657	29868
13735	27243
5676	18294
10975	16347
3452	25439
10196	19480
12494	19605
12280	22807
8390	17585
9591	23310
9898	19438
9904	21038
11543	26786
7819	21506
4426	27340
7663	25753
4998	23983
4059	17069
13728	27852
7949	26918
5307	21887
8482	18743
9994	27721
12273	16680
13703	24181
2139	15136
10475	16699
5027	17608
8894	27346
11827	29358
3326	26829
10764	23202
4298	25266
9870	24492
3988	25608
8793	23676
1228	29106
4376	25717
7176	15148
3610	25482
14775	18869
73	19579
11936	28282
14381	28534
12136	25275
3999	18512
9451	27546
4836	25860
9161	27727
31	16881
14500	20215
8814	21825
6884	15882
4295	22121
10258	20987
2173	18480
8747	27303
7021	20678
6077	21391
880	18497
5798	16883
12632	19537
165	23815
10653	25754
12543	23499
370	21378
13822	22304
11318	18606
4324	18880
12471	20663
7771	21607
10223	20072
7838	28753
2333	15322
12097	22075
4156	17146
1603	29249
9273	22516
7450	23569
8089	29301
9692	27470
14229	18063
1250	28877
9560	21286
3040	24170
7433	18646
8913	27355
10868	28317
14334	29919
5566	23410
10562	27884
6860	23519
9657	23090
1584	17365
13874	21194
10384	20554
14337	26422
12765	29592
4201	29447
12427	27472
13988	18907
8105	18833
9450	28504
10536	27939
7190	20755
6376	16265
12558	23653
7671	24274
4525	23946
10076	28306
11193	21243
275	18842
7828	17813
12507	20135
1537	15383
6979	16902
11251	27296
10792	22706
1099	26867
6390	16784
4044	25622
9056	19154
11996	28096
4604	26503
2471	21464
14080	18776
10039	15845
13022	22050
7922	21925
4686	29167
4060	25625
4116	25646
12753	26698
11706	19722
2483	22069
14296	20381
1178	24684
937	26370
1157	24676
14545	29083
13901	18689
143	26141
3847	15770
5159	15665
11357	20030
3021	29144
2084	29960
10588	29146
5994	16782
4950	28118
9271	25413
830	24088
2663	16642
10798	28983
2044	22294
2976	22076
14108	22277
9620	21319
13771	29467
12445	20707
6509	23314
911	16547
12505	15550
6105	23458
33	22865
968	16110
964	24627
1463	22154
6582	20069
743	20271
1931	23390
8542	27611
6090	16956
11271	21952
642	26018
5034	25858
14107	28718
14783	29528
12323	23772
11972	19275
8458	25769
10867	17686
9853	17008
9679	16978
3391	21631
13872	22846
2872	25291
6587	26608
1978	26335
12111	28308
5641	24131
3991	25610
13858	19917
10045	21135
5670	15546
9251	16178
13576	20307
701	27011
10121	18069
13499	26671
3621	28149
2756	29469
3564	25474
4399	21718
9061	17378
4608	20645
10948	23984
13539	28557
13318	16158
4867	19186
6914	15638
12983	28434
805	25199
4750	15031
11773	28256
11680	17390
3181	16130
5590	20074
13656	28592
9079	23323
3886	18014
5577	26224
4230	25181
180	24915
2196	20603
8538	27241
1695	24865
7113	15123
13550	17525
3412	15504
9423	27533
1629	19162
12679	24401
8716	27294
6777	25226
8311	22498
13983	28676
600	18697
65	15075
14168	24093
1131	24662
646	24556
11331	28139
4722	25021
9057	20162
11391	19664
6973	19933
1473	23668
13602	29797
13322	29150
9394	19161
11944	18978
13798	16637
8797	27317
8973	24375
892	26693
4181	17906
1335	29944
5827	21717
6378	24950
2117	17956
3161	25353
12196	20396
13061	24323
10378	26942
6471	16395
10811	27970
1528	21312
1628	15937
13317	16917
8945	29316
12251	22318
12455	17238
4329	21792
7214	26739
14316	19318
14052	20953
12727	28398
12847	17430
10441	21343
9095	27895
10368	22857
7218	20460
4358	15716
6143	20161
9791	21655
1019	24639
11737	15875
4308	19066
4569	25780
8777	29019
4499	29202
3427	25432
6473	16584
3422	27461
2037	26710
686	15180
11383	21579
2320	15380
14802	26345
14307	17020
13221	15413
1160	28778
10618	17573
9324	23672
9454	29597
7753	25426
14878	20816
7289	18674
5314	17815
14407	26673
9603	18712
1479	29174
2331	22005
6673	29230
9201	21396
4528	15374
4010	24934
4856	15548
10190	18104
2277	19992
6933	17944
9826	24402
3981	15970
12736	16258
3899	20697
2148	26259
11717	19789
3818	20748
1477	25336
12131	24638
8590	27250
9739	23707
3477	16382
4386	27484
13701	17921
11859	15342
13345	24465
1424	21261
13310	28485
6461	26560
9176	17169
1947	20530
12503	28374
8008	18574
7131	22136
1370	24763
14285	20585
13120	27944
11401	19806
6516	29935
4464	25013
4477	24069
14382	22947
663	17155
4979	20895
1343	23408
13373	23515
7357	27031
4307	17757
13862	24494
4622	29232
10884	18640
11168	28090
5789	17959
9345	23023
3831	22861
7865	15890
5328	26124
86	19764
13	24258
7841	27034
8033	17006
14325	27820
4885	21894
11397	16619
4280	29841
2158	29016
12090	18199
4816	25854
8593	27253
9623	22041
4050	17063
1899	15723
2971	20189
2293	17581
5013	23961
3554	15796
6801	29104
14291	29906
1834	26210
4064	23687
4080	24373
7376	19317
5595	20083
6842	19213
7941	24155
5680	26274
3024	17369
11207	23645
2231	25065
2090	29059
3027	20745
14278	22598
10318	26805
1865	29494
10736	16599
4185	19032
483	21874
12354	15393
12940	19373
10940	15843
10141	27561
8195	25675
1192	24690
13642	22944
11504	24074
7019	25988
5820	22426
9185	18189
2592	16053
4531	22186
5642	26246
4147	18445
10552	18175
13124	18440
9219	22508
9438	17031
5570	27055
2701	16332
13016	18115
11774	15831
9480	28961
13135	18491
5139	18016
12022	24733
1397	24770
1985	17319
13463	19459
7184	18595
5983	24535
83	19760
8450	15399
5977	26416
11373	22208
14503	28812
10285	24917
13392	28500
11501	28173
8252	27152
13560	23035
2	27228
7403	22030
14062	15654
3518	24002
6511	16620
14276	18615
7034	18435
2499	21446
3261	21583
11865	28996
13174	25549
1126	21267
9688	18184
237	21491
7520	17098
2610	25211
1808	22031
9244	27458
7003	24753
13540	29754
6189	29727
5122	17692
4913	25392
14156	15585
2977	16256
13563	28569
14524	16383
12587	29343
7974	18774
10296	20770
7286	15362
8704	27289
655	20270
13133	16766
5828	24882
11493	18479
7096	16814
10580	19011
10585	21269
8456	21250
11715	28240
1502	29743
8117	21612
11814	23078
6196	29535
6667	20171
10245	29424
3824	25555
716	15183
3919	23269
557	17357
5256	17626
8848	23829
7349	24941
6526	24301
8017	17018
11256	27315
12386	16024
1130	19934
11016	19492
7429	22257
12807	18245
12443	23493
6122	17874
4689	21776
20	17834
12651	19345
8123	26777
1064	24647
6573	23225
2925	23215
9822	20382
1553	28776
4178	23292
1085	21899
12768	18281
12552	17041
6257	21906
6083	16434
10051	27391
759	20855
3063	28945
7858	27039
2486	15428
263	24412
2480	24054
8890	17926
4291	29374
2058	15988
14877	21302
2304	28300
1836	22729
14770	28866
2371	25008
6429	20670
9631	27615
201	29401
12538	15960
7829	24837
12221	17516
5082	22645
14422	28791
766	23055
8773	27389
7597	22852
13231	27927
4975	19038
11938	27219
12248	20747
2280	16310
13152	15485
1421	24505
10781	19163
1096	16194
12285	18703
11552	26286
4055	23700
265	19787
3915	17332
2022	15473
8069	15532
11066	16019
7448	29595
2887	16217
12372	17392
5236	18665
14960	18616
10693	20454
14871	28884
14400	20679
11949	27676
6308	24251
2915	25003
6787	21597
1763	27590
4039	29547
8495	27227
3868	24963
12033	28294
4407	21067
5359	17004
11870	26689
8995	15084
6693	17603
2752	24862
8322	27169
6566	19525
8428	21984
3319	15373
11561	28034
506	18044
9030	29385
781	24982
10648	16972
5330	26126
8292	27164
3237	16483
4842	23494
11309	17812
11933	17104
6588	29864
11440	20175
11230	18087
7445	16445
740	16496
422	23729
317	24427
10768	29379
11517	16887
11190	28105
3809	22238
332	16360
14619	27923
10058	27570
256	23026
6965	16996
343	17475
707	24574
1055	18465
2248	23307
8692	21454
8280	16068
387	18980
1987	27515
6080	29763
8371	27191
11067	15338
14966	19279
4279	21716
6876	21522
13430	28518
154	20788
3061	25328
5613	21030
13709	28598
13478	23832
14735	16873
6432	22554
6608	15217
14230	28757
13024	18244
1841	18670
9940	25041
2390	19196
13281	17053
4467	23128
12510	28376
13391	28499
2034	15076
6537	22565
4666	27845
9323	23539
3966	15673
14427	23850
3286	25388
3634	16650
4079	25636
1179	24685
7259	18602
8942	15464
8083	16835
11533	17831
5141	22517
14450	15811
5654	26257
153	24448
10938	28019
2508	18493
6887	26607
6796	26468
793	25028
4850	15188
5562	22119
8679	23638
6484	15740
1484	24796
8103	18035
8310	26498
11308	20488
4498	25766
10371	26075
1199	16160
14636	23901
14940	28905
7313	20432
7370	29920
12793	17044
13032	28998
9573	16788
13957	18351
4678	27373
10604	24530
11963	16147
3275	26674
5845	24959
10624	26735
10756	27987
5402	22037
10083	22918
9915	22628
7947	25357
11018	24060
6385	24249
10317	27791
5140	17179
5423	15195
5899	28165
11918	23389
14190	28745
37	15941
3476	16381
10360	29436
2329	26133
5142	18265
8221	24250
4189	17482
14272	22934
8955	27366
14889	19563
10071	24462
9233	27991
13577	28574
14414	21017
3615	24898
12519	26516
11725	15436
10871	29762
6239	18083
3893	29476
11538	20126
1878	29981
1720	18537
14518	29121
14531	18858
5889	26374
13507	15967
12007	15050
7394	26921
13646	29703
5555	17048
1607	24602
12915	17374
7812	15439
1426	24777
3665	19515
3068	25332
14799	24945
2151	25017
10007	21281
4013	25615
12689	24748
11836	16239
10731	20933
13975	20809
10210	15417
5885	26372
12206	24335
11351	29682
12369	18427
9288	17481
5732	21928
14098	26006
954	26453
12836	18520
4952	24178
2504	25830
2813	21748
8004	27251
7029	29902
14670	17995
12420	23798
5884	26371
12710	28395
10698	27914
7667	25759
4649	25796
11078	25471
14697	16878
9266	22644
1491	24801
11805	28261
1008	24524
14773	19671
3987	26808
8853	21863
2785	19727
8451	19510
3969	15711
14653	24854
11941	15424
4490	17398
1500	24808
9699	24456
14936	28035
4127	18170
12017	17724
13497	19868
14034	28701
5152	19720
3058	15906
10280	27782
11705	28239
54	19364
12517	28378
12370	18645
331	21367
9076	28307
5976	25386
13144	26826
6613	20423
14181	18502
14564	29656
1069	17808
426	21010
10646	26938
4761	17561
11585	24633
13732	22744
8144	17728
7997	20803
8000	16823
5703	26299
2055	21372
9009	20040
6419	21241
10152	18866
12669	23406
4674	29792
3940	23304
9425	27535
14090	18142
13746	28611
10606	20904
14980	27821
12398	28355
10796	20921
10186	23720
11039	20136
2059	20206
2501	29563
3625	22552
13344	28492
4184	26375
13256	28475
14658	18336
6827	16967
14543	29471
953	22881
5890	23453
4573	23320
13075	16062
12697	15128
2202	24474
9949	22921
12920	26366
3071	23927
598	20681
5068	19470
4306	19420
8970	15407
6568	15706
14486	28805
5163	18010
10919	28010
13199	19732
10135	24089
14890	29482
3509	26696
209	17895
13794	19553
13049	22828
11221	28110
14477	27931
3705	19853
4799	17575
3620	25488
8900	15623
13561	29620
14369	20467
9112	24192
2312	15313
7318	29356
5169	29556
6225	19000
12039	28296
11322	15719
1302	24517
5294	17770
14692	23860
1675	29281
12734	18971
14720	20567
7276	20049
3694	17580
10140	26565
8835	27326
13769	18784
2408	25122
6641	18701
13470	18319
5101	17408
9508	22557
10257	22279
4062	25627
7835	23587
6942	21225
13521	15842
14736	18338
62	19448
3745	21634
2978	19636
5692	18219
9634	21120
8574	20402
7788	19792
3548	29772
13676	24167
3270	15625
5105	21869
2093	20517
7132	21403
5822	24242
14928	28902
7129	18483
11323	26055
6212	19130
1654	24859
7599	26975
1975	20052
8055	27086
7966	27063
5819	16408
10902	29371
5051	27460
167	19157
10374	26799
10453	22687
14437	23972
8222	27143
2689	25235
14680	28850
11529	19860
1104	19326
2193	25107
1828	21342
1767	29306
8306	20729
7487	18132
1914	25998
8621	15082
6358	26699
30	18347
7165	26863
14418	22359
12423	18261
10841	21690
6723	16065
5865	29769
10154	21025
11812	28265
2064	15496
13031	23785
3552	29610
7360	27232
4918	21739
14913	15515
4034	25620
4693	26035
10117	19271
7000	21721
13147	16029
11459	26551
1557	20026
161	16968
1405	25985
14060	17014
1934	15010
7051	26769
3344	23231
6585	27522
12681	18871
9234	27000
7406	20599
7528	26964
1692	29290
3128	25142
1941	18171
4483	19826
9937	17458
10804	27792
6012	16439
11530	28186
1406	21339
6657	19680
13088	28455
3928	18885
1815	29242
11832	17217
454	15143
11249	21768
4839	27201
6431	15446
13601	17131
5230	15211
10610	29475
3572	24986
8466	16283
9616	27610
4172	15294
8133	27110
4641	15347
1693	25993
7576	16208
11558	29215
9706	27601
2739	25250
9879	18286
5007	25908
5585	19639
4097	17824
14424	28792
6112	18735
9316	26385
7769	16664
14380	22946
10978	17157
9745	22488
9888	29154
6654	15274
11270	28124
601	16212
8318	27168
10744	16617
6997	16890
2757	20553
12643	15580
12073	29363
848	21229
12839	23483
3250	29914
7990	17333
456	21093
10690	23733
2427	25138
3377	16325
14151	16805
4255	19412
6703	22681
5882	24231
10069	23159
8277	28685
7937	23529
512	29689
4917	23248
3426	25431
7628	19715
2444	23603
1053	24642
12718	19983
4234	21687
14994	28918
11566	28197
4373	23485
5484	17676
1809	18270
14425	25602
10366	16675
2705	25238
12343	22809
10994	29834
568	16704
12794	16425
11019	29963
1148	23086
7105	20352
8387	22432
8862	17500
11394	19770
10122	19533
5410	15828
13359	17231
6829	29152
5011	29519
1046	27399
6317	25763
3848	18532
8276	27161
3060	21551
8325	27171
10772	27960
9191	19247
10616	22697
868	15203
3943	15298
13508	26010
13825	22316
2150	15144
2416	25130
3231	15569
1455	19127
7779	21961
854	15691
8751	22718
5939	24130
4914	15807
13002	20532
2433	24029
5832	20191
4701	25813
6891	26720
8846	15160
14663	18215
7610	18676
5777	26276
4136	25654
11191	29739
9833	25360
10291	24904
10415	28744
10809	19805
1441	26941
3499	24890
5238	26184
9205	27367
8339	16705
13145	18583
875	29075
5444	29340
14069	29159
1301	20874
12705	28393
1818	21138
9267	29544
5391	26159
10521	26660
9129	23888
10259	18857
3563	23173
8627	18540
11760	16142
14026	23818
1519	17439
7020	23544
1876	24914
6398	19918
1863	24908
12283	27526
2777	16417
5848	20639
7288	22024
14059	22727
3673	19735
9228	27456
4314	24291
1922	18968
6545	25824
9108	19189
1065	20006
9681	16204
12593	29417
4897	22091
8136	25638
7215	29065
6927	23820
6676	20925
8224	15528
2285	23844
11112	27968
1316	28930
5061	15581
14752	15027
5636	26245
11350	18119
2456	15411
3921	25587
179	24388
796	25032
12759	20695
11927	24868
162	19220
1518	23380
10922	29347
7344	17477
7854	22430
13583	27571
13473	25450
1581	16137
7136	18050
12790	20943
8689	26406
13033	25789
7422	26930
1091	23080
10787	16465
4040	26722
3864	27975
14257	28764
11423	18107
11485	25660
8809	27320
14716	28855
13094	18731
1103	19384
10145	16747
13558	20220
12057	23914
3293	16302
8100	27094
2342	25103
4430	29311
14349	17638
1684	23189
7529	20005
6109	25029
8420	17767
5738	29384
3523	16405
3668	22713
9162	17853
10905	22836
8820	15769
12243	15397
11666	18533
11908	22011
8669	23637
74	21171
11886	22712
240	23262
11220	29726
14580	20828
952	24618
742	15597
6688	24016
7352	21485
5399	26163
9539	23692
12863	18548
14729	19179
7272	24360
12205	28328
6485	28210
6954	23873
6828	17739
12760	19617
8469	29805
10654	17845
11762	18428
13962	17861
9760	20722
200	21487
6497	16826
11299	17240
14566	19264
2856	19965
7126	24203
5513	23001
8169	29190
5250	26706
3390	25408
6135	23205
1306	21964
8375	27194
51	24306
13691	21425
5607	26238
2961	15893
1825	18313
8128	27108
11960	19848
7191	23799
9806	17628
14361	20288
8275	27160
3414	23236
6182	29700
5582	17902
4073	25633
966	26491
11269	15114
12001	27277
10670	20607
6107	23024
4740	20868
8346	15363
13190	28644
11752	26708
6542	18017
1310	21272
13333	22838
11382	21860
4117	26419
2170	25023
8146	16155
55	19993
5480	26190
9082	22636
4857	25867
2574	20279
12180	15509
7359	23559
6488	15751
3242	16597
11939	19862
13451	15263
10622	18052
12597	26680
10089	25213
3504	21601
4002	17033
14576	22473
4584	20015
10137	29539
1525	21311
4124	16725
9305	18652
8437	21621
13095	15872
11184	22190
13301	20691
10579	19646
3879	16954
5430	26177
4852	20967
8998	27392
4781	25842
10893	27858
14081	17507
13992	28679
11209	15333
9225	22894
12252	19034
14864	16950
10298	19498
6421	26545
10784	22774
1345	20744
12191	28324
6036	24138
505	29765
9648	17086
9661	27633
9939	24220
5378	26154
1166	20795
7373	27878
679	18671
6220	26472
2460	21125
3731	15181
1542	26292
11913	22792
12401	28357
9753	27667
2376	21426
6856	26252
12310	16340
10955	22088
9556	19433
12169	23827
11125	16634
508	15108
8722	25005
10088	25716
13008	24227
11852	18250
13329	24379
2391	18388
443	23913
5491	26333
4587	28119
7625	24235
6425	15067
4958	17154
7805	22285
2198	20580
6352	15325
5434	25918
4863	25869
14861	15849
12183	15818
13810	21318
3800	26740
5811	16603
11153	21233
3792	24643
12120	28310
9875	27698
3328	17491
10557	22476
8149	25697
3974	20446
9874	27697
12238	25650
8255	27236
3566	25067
5071	17514
4835	17588
10895	20626
7107	21381
5046	20569
2168	19276
14013	19742
14798	16709
4562	29713
13645	25338
12362	19205
11088	24037
12326	16018
12556	19797
4521	18989
4099	26603
8952	22588
14824	18372
12385	22504
5534	29451
68	19548
6201	23459
4748	25833
6434	24057
9546	17960
3462	16368
1735	26261
4123	29430
11154	24832
473	15360
14205	22563
11780	23224
12163	22803
5179	16759
11534	22422
10735	22705
2878	15813
8242	27149
8283	26037
9523	24191
7157	23480
8259	23929
5672	24036
12856	15958
8832	27324
1320	17293
11842	28652
2096	24187
5674	26273
12904	15858
12641	16078
8383	24012
8278	19555
4901	25876
7584	15929
851	17206
3587	20064
6387	18509
7351	21660
14811	28871
10305	20029
12258	22085
7074	18357
4103	25643
13108	16696
9222	19116
11131	24905
6988	18417
4169	24278
12937	15982
7008	18449
14955	15480
1927	24952
3983	23276
14464	16646
1564	21780
8802	16542
5740	26488
10758	28181
7651	20019
13811	22860
496	21154
9780	17045
6446	22793
1725	24872
7332	16170
1709	22866
4037	15690
13041	28443
7806	26901
8130	20759
12178	23558
5317	24807
6266	17533
7470	16673
9340	25986
5463	23197
6851	26709
4735	20008
10094	23716
3449	19325
7634	25083
13757	26605
14327	22849
6645	29501
710	24834
11437	21843
3381	24288
6636	26707
1408	26822
10185	21026
5921	17972
8606	15793
4259	15595
7317	22224
330	20932
3857	29514
6221	16976
8084	25027
11698	20512
10244	24595
2455	15412
14484	23853
6227	18022
10779	28624
4776	19896
8558	15774
11892	17801
3790	27196
10846	24738
13445	15785
11880	16248
2417	25131
4557	25778
3910	26000
12952	29399
4541	21959
4366	21710
495	27587
1313	24304
1325	25849
1924	20183
521	26293
2934	21527
11326	20898
8859	22467
13293	23370
8260	17536
3639	19803
14101	19520
11307	28133
11988	19306
3444	25438
11211	18992
1034	21256
1172	26758
7143	18795
10474	27854
12717	19575
85	25374
7540	26968
14442	16748
5752	19828
6091	18739
9171	27444
4425	17376
4534	20655
7803	18360
3038	19776
6123	21973
11044	19337
977	17375
9098	29561
8920	18544
14764	20380
11428	15607
10275	16645
4651	23330
9167	19228
5718	19405
12390	23775
2182	23155
4340	16636
14396	25922
13647	19107
12849	15131
7798	25743
5928	29717
5547	29894
7294	26900
6850	18505
6548	18126
12359	18960
4961	24202
8969	29130
14478	19887
1758	21350
12487	18356
13446	23790
268	20398
8215	20739
5231	19835
4526	16837
5969	19142
277	20105
4276	25748
1509	18094
12532	20959
14628	26289
5769	26322
14548	17135
7958	29934
5745	15978
4174	25189
635	24553
1492	24803
5668	24707
12695	22059
4617	25790
7583	26972
11749	28253
12421	28361
13013	28438
6397	29628
8782	28869
6736	26646
2024	17693
814	25827
6156	27593
11009	28048
5493	16949
13018	23377
5462	29007
770	24168
7601	22333
5818	23318
3858	29611
5006	18568
14014	28694
4751	20199
12340	16494
6275	29857
10611	16096
14703	23204
9028	15730
1493	22624
14836	23443
3439	16337
10738	27946
8024	19044
11122	22505
2223	16125
12250	24894
7544	28706
8417	19387
11257	21841
5881	19707
613	24543
8758	28629
11824	15206
12550	15278
8079	19952
1807	25904
13605	23457
7898	27054
8183	18867
14189	19368
2281	28912
12866	18899
9270	29802
13868	28640
11877	16145
13080	28452
5216	27911
12320	26858
12787	23463
7174	15242
11337	27783
9276	26231
9442	27542
14657	28846
7508	26954
6282	20033
6395	26530
12045	15999
11314	19570
13682	26094
7257	26891
7645	19733
13485	28542
4723	24631
1070	24487
7713	28863
12648	25040
12197	29114
7153	22247
14695	25558
4400	25846
627	24550
1598	19119
4500	27341
4880	27234
2921	15881
3140	26792
13397	28502
5431	17391
1842	19954
3357	21042
486	22730
11871	19883
14975	19511
6219	24332
13519	28548
4941	26314
9500	26934
9934	19441
974	26553
6323	29567
4772	16626
885	21345
4014	25616
7232	23686
66	19504
3725	17462
9581	27666
334	21649
11674	25617
2178	16601
3895	21897
14094	18021
2256	27275
8109	16173
3549	15006
6721	21654
11519	15052
5233	21883
1813	20419
2498	18453
7434	23568
6070	24146
4296	18462
14907	19655
14416	25565
2942	23209
594	23475
6895	24783
8551	29268
1275	24730
3209	23221
6696	18375
7171	26865
12890	15817
3041	29039
4095	21666
9714	19625
5773	21793
9530	27577
9807	27677
13528	25470
5217	23623
11793	24506
6104	15525
3822	18045
13217	24435
14820	19551
8825	18765
3103	23091
14943	15236
4455	21727
12218	19447
4843	15562
631	16815
12288	22296
471	29955
2784	20773
1736	29299
3884	25572
4904	28334
2875	25414
6778	16331
1296	20689
8684	19278
12239	28332
1773	21582
13623	28587
14681	28851
157	16693
11549	23006
2849	24264
13014	16272
14281	24654
1697	18623
5195	29930
14055	19560
12000	17534
3653	20633
12584	15768
4779	18210
9272	18904
433	24256
9749	25456
13469	28536
4873	21781
1812	23120
928	25480
1246	28876
8309	27165
11808	29211
2352	25108
9896	21209
3860	25044
1901	24921
9630	22100
3856	23674
5864	16469
12526	26566
410	16413
10488	22561
9756	17339
3925	21300
10625	26467
12872	27618
1770	15320
5760	19701
446	18554
13427	28515
7514	23336
8613	24233
1355	23102
4341	23416
5541	26216
9206	25749
9325	27481
13468	16279
3097	21556
13353	22935
9279	15587
14793	24593
13449	15276
13289	19135
3472	23238
9359	15097
9583	22804
3947	15575
13378	16191
8536	22996
3510	15521
4659	25800
5062	23052
9873	18951
14549	19915
4193	20208
13185	18031
12231	15810
13861	28636
253	20714
11903	26132
11280	27541
11572	27596
5282	19360
12514	16007
10904	28005
10897	18236
10211	22077
6952	25068
9858	28385
3715	29086
14117	28529
9893	22512
14035	19190
9943	29941
10675	23713
3166	21566
428	22419
11279	28127
3079	15919
10419	18092
9466	20238
7901	18579
12236	28962
3287	25389
1651	21330
14529	22358
2544	18078
13914	28648
1599	17335
7605	26979
2740	22523
6053	22044
10515	21341
11521	18097
4310	20849
7337	25896
2767	25260
12299	28341
7271	19741
10349	16655
2940	16311
3413	25069
455	20447
1488	17182
768	21150
12741	16210
9938	21850
12591	24102
9263	20421
5709	18527
2772	15725
10079	20163
9207	23415
12018	15033
3473	26295
9675	17773
1761	21351
2216	25054
8053	19725
3317	20715
549	24369
4954	27449
11328	16758
9997	20383
457	23948
119	24362
3087	26051
3304	20610
11564	20908
10197	22994
4471	27259
8605	26376
2040	25300
9635	19819
14772	23730
9659	26234
4814	24144
14809	22244
7825	19149
8232	24691
382	23535
13943	29673
2454	17125
8217	20439
341	24442
11788	20491
1712	28977
4162	25945
8434	23959
198	17499
12504	28375
3898	26748
14640	20541
11302	24752
7882	20822
8139	21066
9702	27651
8156	18341
1242	17456
1062	20824
10025	15879
11311	28134
9596	22572
13034	22127
226	16562
12574	16079
2816	25279
14569	28313
8029	20108
12464	26701
11278	22668
4011	15494
9768	19079
732	17674
8566	24071
3724	23967
9827	27685
5971	29623
2638	15963
2935	28994
8693	29643
8833	27325
7714	18655
9723	22271
12152	16193
5972	26415
10008	25718
13770	20247
9303	18812
1394	26728
13009	18982
8143	20200
13679	27261
13537	20213
2074	19713
13567	22029
6635	26627
3880	23266
282	15443
14750	19410
14426	28793
5911	17971
5374	15899
4345	29484
8633	29432
9443	27543
2780	26902
10977	28033
10660	29810
12394	15980
14715	15219
14725	26578
9215	17133
478	25188
5579	16447
7103	17215
11010	28049
994	23070
2996	26988
3711	25510
13937	19198
14846	17731
5686	26279
3062	25329
5209	26064
5505	23375
1687	29289
2239	23039
973	23567
9149	17666
2602	21647
2406	20821
3703	19998
10177	22648
5532	20142
621	24548
8655	23635
14207	29078
556	24523
7248	16168
13533	28554
2687	18634
13699	25819
3398	25376
942	23536
460	21131
13107	29368
5716	17296
12573	15838
2029	29457
14507	18174
3629	25489
811	21810
7855	27038
2962	23019
13610	23795
11176	21917
3057	24879
3854	24954
604	15145
1447	23106
9330	28625
2557	15484
7976	21398
14570	18970
8701	27287
13447	15689
7447	15514
821	24867
13875	20455
1193	21274
4206	23294
9766	22649
1682	24000
4715	17987
2555	26425
12652	20078
2227	25784
10457	26795
1677	29283
10199	28000
8006	24713
400	21420
5611	17566
3924	25589
6725	16324
12153	28316
13311	28486
4018	17284
9818	19416
962	17003
11441	19402
322	21567
3953	17624
2014	23142
5919	15366
13496	21519
9802	21852
14935	15051
13985	23816
25	22275
14629	28839
4362	15969
13165	17961
1057	24107
7866	23922
3649	28951
10842	20867
1029	27330
1635	29271
6909	27422
9434	27539
2621	20781
4682	17873
3312	17827
6818	15760
14202	15540
8483	17432
13739	28604
3127	16016
12256	24378
955	19413
4313	28505
8459	15054
2865	18748
965	26489
10531	27875
9253	21510
430	23879
7716	18529
5055	19365
4662	26398
12149	29722
14377	29234
5355	17787
10084	19465
6980	19801
11965	27424
10227	20093
6202	19464
12841	15957
3246	25380
12255	23769
14668	29898
13264	16227
6438	26538
12877	26349
1349	28936
2824	23281
3256	25381
8480	24237
9881	20209
6830	23481
11272	28125
4568	20765
3637	17882
13606	23794
5858	21935
8471	15049
9625	29846
12516	21541
5711	15826
1982	15041
5383	28950
8388	20418
1362	28938
6037	26430
13410	18406
6833	16323
3937	16641
10146	16629
14120	15447
7075	16986
6073	26507
9497	21523
4305	25698
8188	27072
8166	16615
4317	17574
7867	21803
3255	29400
12701	18290
14233	22878
11103	20638
11387	28155
13102	17717
3327	16222
5794	19297
1592	25509
5675	17338
4032	29958
9600	27925
12129	29881
11679	20557
10719	19682
12358	20854
3627	29965
11643	18578
11579	17312
1303	21575
10388	16348
9592	22571
9999	20587
2639	16020
7801	19088
11008	28047
7367	26913
9111	16843
72	16461
11253	19975
8214	24590
13282	28480
10183	27938
11974	27299
7537	20649
8515	27375
4096	25642
11157	25703
11738	27937
6025	22019
10385	20804
6512	15101
8268	23632
9769	19534
11770	26801
9977	20092
2983	25312
5849	24092
12040	28297
1278	25164
5436	26043
5797	25670
9383	24839
3525	20561
9646	21276
14171	18766
1365	19925
2311	18698
1829	29133
6381	19812
352	25505
2351	25106
14771	29349
304	20214
1396	23486
1643	25452
3623	27252
7476	19307
11321	16271
1613	23843
1894	19471
3709	20951
9262	15300
5495	17446
4391	21632
13501	20103
220	24399
14625	22053
10260	27776
3348	15502
9148	23747
3596	20225
14096	27786
2951	16436
5768	22320
9587	17383
1203	26625
9041	22481
8211	15227
7299	17668
7874	17586
1923	24927
6854	22300
3380	29367
2769	18186
13490	22875
11901	24486
10198	22650
3360	29360
3571	26616
14718	20671
12133	23761
12080	16153
4727	20474
12756	21560
1105	17782
8770	22635
8927	27358
1341	28935
5545	23911
675	21190
5419	15062
12944	28428
177	22278
10751	16466
2432	20974
10609	16393
6411	22111
12145	28314
1904	29063
4639	25793
11392	18163
3107	18781
10315	21011
6187	29695
798	25036
129	21493
7751	25331
11551	29359
10503	20555
11604	17196
10334	21867
7140	26998
11716	21611
4248	26816
2520	26976
12281	23335
1468	21304
11047	23962
7782	23046
585	28147
9181	17225
5110	21870
11136	27899
109	17537
5594	17269
11524	20150
13354	25967
9447	25644
9579	22460
7927	25255
13143	16359
5421	15170
6268	23900
9640	27620
13121	15468
14163	15855
2716	25243
13693	18725
6235	16109
12244	15579
7741	24300
10956	28028
14759	23258
6205	27578
7592	27691
5618	26967
14417	21800
13137	21512
12411	25956
2914	22679
4158	25658
4668	25804
13854	25304
1961	21358
13338	21455
13218	16094
5950	22917
12956	24490
1080	27863
10325	27793
3292	25390
11743	28250
5008	28590
5228	16999
6318	25207
6343	23594
13817	22327
971	26045
4444	17359
7449	15491
8485	19442
3254	27624
1820	29097
5077	29590
14368	29431
7251	26885
12732	16247
4003	23280
6769	15600
10048	16791
10961	22126
4293	25693
14072	21151
5896	28184
3003	15166
7890	15104
12833	16054
3530	25465
6772	26894
12853	19622
12346	23787
9113	21402
9320	20354
8726	18394
5785	16567
11054	21050
5036	24810
11940	15475
2618	26062
1512	15707
4739	17907
5267	18954
14804	20257
1596	24841
12650	16255
10549	27880
11847	16963
1067	21164
8473	15081
14197	28750
9121	29554
10996	16751
12220	29380
14909	16392
1132	24663
5879	17967
10151	17032
8062	15859
5366	26150
12356	15442
9159	15686
1738	19089
3123	26759
8978	15137
10165	20305
4316	29707
7106	26843
2225	29176
10350	25612
14148	15107
7891	22255
150	17841
13358	28493
10537	20393
4887	25873
14581	19659
9502	27562
448	24481
6503	22555
14874	22113
3141	15456
2012	23141
9334	15603
11813	23477
69	19546
8844	16518
9837	26547
9318	27479
6683	28146
7655	20388
13357	20928
6320	22675
3134	25344
1164	24680
8925	23719
13363	18062
2495	15433
14899	17305
12581	24277
9653	19544
12974	28432
7793	29721
7595	18138
12844	22412
4267	15007
4164	29145
7196	18495
11556	24913
8705	17556
2007	24821
7794	22365
3990	29992
2201	23156
13454	20155
5807	20314
10485	27861
10680	23472
2641	29155
5503	19649
9744	27136
3438	26549
8648	29346
8822	29978
97	19995
3149	23425
9599	24239
5324	16661
8288	22354
925	26061
3273	25384
14454	22457
3575	25477
5255	20588
7848	27037
5894	29513
206	17769
17	17737
4869	15055
5164	29135
592	18296
13637	25308
4706	25815
5097	15225
10297	28820
1474	15044
12812	28414
9602	27606
12703	22051
4538	25198
14512	17205
3469	25443
12498	24383
4270	20830
10901	26879
14741	28859
1879	23473
5124	25162
593	28589
6190	25178
1058	22868
8548	25240
551	16689
2003	24976
560	27093
3842	25561
14182	26764
8484	23660
8660	27271
7787	19930
11980	17119
4731	17515
385	21192
1668	26357
6766	16338
14255	22618
4564	15299
4474	25050
8706	22454
850	21230
11826	19174
13489	20490
202	17436
12309	16003
4664	25802
11358	18070
1439	22166
2666	28975
2753	23201
9565	18280
7880	17038
8378	15208
7542	19057
13312	22310
2314	20940
7669	18699
14267	26421
12227	18264
12744	17898
614	22356
6255	23045
5241	22611
2375	19728
14342	21594
13783	20935
9861	27696
479	29803
11846	18366
8041	22229
413	21193
3817	23270
11782	28257
36	18599
7426	24051
6404	26531
4302	26962
12297	16529
6841	16532
11624	28213
4165	16515
665	26841
14459	28800
13781	20251
2272	15280
10212	18910
3362	25223
1694	20520
7202	21170
8946	17495
9117	18894
7189	17167
5929	25327
1213	21100
5219	26004
14372	18890
14338	21479
12339	20304
14971	28910
1342	23945
258	23828
120	29064
5981	18846
1573	17640
5422	26173
671	18924
11923	28280
3173	23177
14300	28588
5639	23436
624	21213
8122	20361
12953	18275
1529	21313
6087	20582
9889	22261
8787	21022
571	16936
1240	24703
1147	22385
13791	23811
12969	17678
12883	29745
13129	28461
11178	15034
14898	28891
4196	17820
13631	19006
6934	15857
1137	27129
4536	26584
11953	28284
215	18879
10928	28014
10667	27983
6551	23971
8032	24571
10782	29158
3039	25715
6596	15663
7586	18419
6621	19158
4595	20985
986	15470
13177	16182
4530	24848
9707	18906
7124	19919
828	16979
8433	22998
12380	27785
27	24611
11768	22168
9928	24700
9948	29786
2647	27765
1117	22021
1366	15943
1252	28714
6907	16244
14953	17289
2401	25020
2149	25016
1143	22620
12225	23322
8685	16765
10438	27841
8349	15823
10068	17849
9373	26283
8847	29767
10373	21285
2396	27684
10527	24697
3651	15800
2437	19573
13019	18037
2493	24900
10733	26022
6213	19068
9146	27436
2233	15249
9456	17283
10452	22685
2512	19795
13414	23302
7795	26983
2857	25161
12076	22795
8358	27181
12241	23768
7490	23572
6871	18877
4786	21842
2627	26199
10399	21226
1713	24151
9238	15902
8389	27195
6951	23213
14535	29056
597	20055
12240	28333
14685	20351
5379	29386
7885	19177
14355	19688
6692	23468
10049	27450
5114	21605
9418	15944
8190	27133
112	20248
7368	24711
2243	21830
3351	19663
4544	24048
7945	16940
13575	20621
64	18773
6681	18589
2863	25972
11084	16625
2530	15453
9856	27694
700	25532
14480	15777
12907	18334
8112	16444
12193	15904
7072	27710
11216	26775
13242	19341
8207	27140
2264	19763
10679	22976
1847	20066
14504	23710
5269	20148
2348	24085
2696	27026
8712	18036
3240	21130
14689	29140
1690	23060
5933	19310
9143	17017
1563	18598
10188	15119
9237	16366
11506	17625
9362	25160
7886	24176
12533	15524
4667	19302
7870	26768
4364	21428
8940	27363
10395	19586
11540	26747
3784	29977
13850	15395
9832	29415
6619	18113
11483	29724
10517	27873
13224	15202
6259	16907
13902	21622
8981	19694
1549	22381
9067	15837
6601	22672
14676	18472
1711	20114
11905	28275
913	25947
10343	24970
13110	28626
8075	20575
12110	22799
9950	17173
11424	24621
4312	29500
3815	29388
8663	27272
14119	18945
9217	27453
7437	20034
5779	21929
13163	18145
3224	19991
3811	16485
9717	29573
5123	20864
11438	19381
14332	16750
10011	29077
7378	22667
14045	17396
4729	29485
4734	17528
2652	25224
9299	19243
3492	23130
11023	19849
809	23299
2135	20539
10464	27851
878	19856
14562	26319
5948	18777
7978	25752
11542	21626
6678	16818
14269	20223
2624	25214
12577	25520
171	28643
12620	25877
10649	29572
12486	19051
7159	26016
10044	27731
10316	18760
583	23160
8874	29464
1571	19215
13878	26750
14346	22173
11349	16333
1262	26145
1381	17175
14615	28836
14290	29551
5346	26135
12099	22471
1789	29332
736	20471
5177	22096
8636	25606
4999	23200
822	24596
14918	28898
5647	15037
10608	27901
11541	15621
7908	29740
2242	22930
4027	21657
8808	29576
11244	25437
2308	24507
14675	27999
13296	23371
99	29108
9275	23230
7260	21065
4677	25807
10643	27750
2322	29870
5856	25639
10715	25776
6316	18318
6502	21989
2791	19596
2986	25314
10673	17084
6324	18048
1344	24758
9647	16126
4038	17056
5176	20262
11608	16851
9046	27410
9114	16960
7031	25208
8116	20086
915	26823
9157	16677
10240	27766
13912	29738
3032	20153
14853	28883
13972	27231
13897	22890
8134	15289
1533	18482
13294	22837
3139	16106
8977	25544
10458	24516
5734	28780
4119	29495
10995	26476
13341	28491
7110	27083
2560	22510
14390	28342
8868	27333
4720	25822
11163	27808
10065	23044
11315	22745
13382	26036
6960	20157
7956	19601
12838	16214
14621	18898
13175	22542
7845	20650
8764	16452
3778	16841
13057	15210
5277	25081
3845	29089
14693	21334
11962	16148
7115	23037
7563	15349
888	17344
6916	20608
11514	15028
2844	20073
9398	17511
3926	20158
13974	16179
10446	17601
13096	23399
789	24044
9393	27528
393	24467
12749	17492
11791	24003
13832	17740
9964	17415
2459	18522
14158	24101
9460	24017
6754	18379
10255	22659
11420	19767
1532	29594
11582	15369
14968	26726
7687	16800
11997	23505
13111	18242
3165	21565
12348	15141
8070	26510
948	24616
6905	24223
6964	23533
6174	16479
3741	18139
14539	28821
3631	22459
3536	18692
2778	27220
2946	22997
2541	22630
5778	20666
9409	19036
10124	24918
14790	21670
9906	25155
871	24206
11457	20485
11185	29295
4470	24218
1414	24774
12623	17832
14887	28888
11969	24617
2028	22004
612	15692
4023	25619
6374	17447
7130	23547
11599	24353
1284	24205
11228	23748
4572	20952
12043	17744
8918	23634
2335	28655
6789	19854
3697	19129
5438	26180
12929	16021
14194	28748
12898	29791
12761	22909
6685	16328
2287	25079
10171	18942
90	19689
8071	27274
2236	25066
4826	23342
9354	20350
4368	22326
5617	25923
6162	15223
5855	27336
3754	16312
8361	22617
12967	18859
6555	20859
13923	28653
11474	17697
8199	21995
6454	26557
3294	16303
9328	22524
13035	16218
7488	21160
1576	16817
8031	25809
4229	17166
5297	23356
1680	29284
12188	16000
5325	26123
9689	23706
1544	23163
12563	28382
14863	16442
10329	27796
11605	29814
8064	20576
14310	16913
13911	19620
12767	26121
6043	18152
1997	20377
7967	25550
9676	23115
8243	27150
1469	24794
7065	18065
14209	21046
6158	26025
246	21492
1090	28103
1041	27382
12215	19894
6377	18061
3230	16284
2691	25256
12046	16151
5375	21898
3028	20113
8931	25934
14388	22766
6603	27672
14314	20297
4157	18938
7322	26109
4980	23345
11981	24346
4795	19892
8407	19270
5183	25987
6470	16100
4923	19628
14130	26831
9501	16970
489	29273
14933	20572
8944	19945
8569	19589
6890	21113
6186	24299
3576	24111
2576	26667
9743	23253
12402	22102
13257	28476
6118	26450
9542	17140
9746	15994
10105	23717
13195	29877
4168	18827
3453	25440
1398	29223
342	24443
12815	17059
13711	25163
12776	22057
3728	23250
7243	16604
4209	22239
6413	26533
7255	26889
14264	28768
14777	18901
9100	27428
6166	22893
10110	22640
8972	29683
4335	25706
4045	23287
14521	19466
12720	15846
9347	29525
5275	17219
13368	21388
8788	17819
5385	26157
13439	28525
3155	16821
2606	28094
10455	19571
8091	17331
11921	22149
12414	22728
12501	24857
1191	24689
7921	15897
12539	15867
10676	26844
1527	29195
7446	23883
2643	18149
2655	18183
12778	19105
9070	22120
4555	25424
2443	27755
14970	22583
2807	21036
3971	25603
9860	21385
8129	27107
6482	24268
870	18562
6690	19635
309	20348
10355	27446
11646	23079
4620	23988
2843	18274
10848	27986
2845	19166
3247	20203
9160	17870
10742	27948
1475	27504
12053	26346
4827	28720
7282	23319
9590	27604
3903	23268
12475	26284
1566	25194
9926	26813
13169	15753
10837	17323
6863	29816
11020	15910
10818	17816
5356	26539
5498	26197
12322	20311
1621	25325
4777	25841
13764	18923
9740	23166
351	24447
5138	24141
2072	28693
2447	15410
4519	18757
440	18941
5349	15516
9859	20889
8191	29680
8397	21988
5235	26071
3379	23317
5373	20900
11851	24495
12437	15993
8153	21752
12980	15851
14992	21340
11169	20923
13531	28551
1315	18180
1536	20088
9798	22477
13629	15542
12860	23680
2023	19884
14891	29777
11295	27797
14722	22955
12758	27178
12598	23696
2514	20132
641	20356
2262	21411
2412	25127
3890	25573
3143	22036
4051	21662
10461	27849
14850	17149
12406	18643
3633	29653
7939	22665
14237	29450
337	24438
355	24454
2747	25253
9231	22248
11928	22047
1248	24718
9990	15640
6339	19362
13149	19348
3717	17156
6124	15257
1217	15404
9122	23129
4225	20950
10139	29967
13756	26548
8107	16270
12432	17837
8699	24027
7500	22757
7702	24559
2174	21376
13461	18075
8560	27073
8507	27625
9269	29583
14429	29921
3708	29975
1793	20976
10213	19956
12456	18536
14502	16964
14074	18288
5322	22623
9088	15805
1204	24693
11592	26066
11120	28080
7258	22264
8514	15066
10602	18782
11730	19651
2219	25058
324	21466
3244	25378
9812	29370
14757	16786
14154	17623
6879	25496
2809	19298
3545	25468
6286	21991
9817	18800
514	15498
6081	23150
5997	16098
1321	28932
14513	19593
3901	22511
3131	16614
3082	18612
10808	23736
4438	29976
14125	25517
2811	17161
52	19340
11763	20335
14280	28771
7302	26903
7611	22338
11864	28268
11728	16174
3012	24563
7155	29072
4767	24188
14288	20660
7059	24004
13688	18327
8840	29850
14132	28724
8265	22425
9086	24266
1194	20172
14243	27817
11298	24674
1038	26842
11369	28145
13151	17449
2113	17955
2796	17867
14721	26364
14066	28707
2169	23551
13651	18401
14287	16922
1719	20944
4167	20510
4365	22073
941	24614
9773	29865
13725	16726
4809	26606
970	24629
1688	16038
13997	21470
7626	22094
9857	27695
7303	20452
5646	26253
3366	21913
10666	18208
3608	25500
7006	17760
6501	26573
4916	22214
10359	21012
14161	15083
14364	16744
10136	21691
2013	24145
1606	23110
3503	24845
9586	19072
8439	27214
3772	27354
5439	23365
2052	20326
1196	19328
4349	28754
10081	22769
9606	22298
7579	29748
7108	17569
724	24572
10548	17576
7755	15616
666	25578
3679	24583
4796	23341
6084	25739
9004	16403
8462	17587
9731	17542
10326	27794
2165	20591
11650	25231
7778	18775
9010	25264
10568	16252
8826	18538
5182	16039
8757	27307
13708	15266
6595	17700
10911	23933
9163	24880
10960	17087
43	16916
7965	26249
5519	19642
2623	19512
2899	15815
8023	29969
9522	15264
841	21531
4866	25870
14616	25491
5591	26233
7652	20154
8602	15282
1404	18098
13889	28645
12066	15172
5239	23135
680	24566
7658	24322
5891	26377
10757	16414
7169	17983
13304	15915
11336	15798
12691	17775
4322	15262
2388	28568
5279	20306
8249	27151
3954	25598
9352	28924
1910	23050
1989	15786
12190	23765
2451	20097
5633	23993
13300	18291
1891	24626
6591	15409
7591	23577
8014	25486
3997	29449
13258	27822
14405	28786
2826	29320
5753	26317
7334	24121
4570	25781
14845	28881
3853	29655
1353	21714
4578	25417
12947	22151
9526	29184
3090	29759
2562	20207
2290	25084
7175	15071
10391	19940
6779	29809
946	21078
3018	29127
708	26461
10496	27864
3911	25584
6535	26591
2867	15801
9775	27674
6280	15565
6459	23462
4303	26008
13386	23506
14341	28781
2080	17669
2803	21508
6610	18112
10589	25073
306	19889
11833	19729
668	19106
11275	27941
8449	27215
7498	15469
786	24113
542	24512
8475	20054
3415	23247
3656	15115
14633	28842
1376	25997
12139	22800
540	18297
6183	20110
10920	24771
13193	15658
9286	21301
7224	20028
5451	26183
2354	17562
3808	19283
4699	26763
13658	26672
3159	25352
3259	25292
7079	20045
8435	20602
10949	16901
4021	17046
12884	28423
9838	27687
14530	17706
5064	19320
808	25236
10708	25892
10506	27871
12666	28389
11453	20482
2588	23181
10282	15619
3201	22097
12509	19564
1076	24064
3403	19677
12802	28410
4048	25623
11513	15787
9726	29105
2274	21412
5335	17835
5986	21790
3349	25764
2634	15571
6664	21089
10022	18750
3451	20309
9002	27394
6478	23465
3099	24666
14248	28763
13389	26651
11767	26791
10078	23996
5334	21890
13267	29896
5625	20391
13856	15105
9666	27635
12521	28379
4865	19060
390	16792
360	19252
7816	17093
2847	24046
7014	16952
4402	29028
3862	24238
14335	28779
6064	18700
9520	27906
1939	15018
1444	28987
1332	23101
12167	27267
10926	20035
7459	18135
2418	25132
14461	20640
10825	27977
749	17488
3384	17545
14964	23907
2270	24503
5276	20810
4221	25852
2362	25000
863	20513
11971	15864
10082	25182
6874	29499
3138	23217
3300	25391
5467	20312
14930	22964
5578	20873
2794	25271
1040	25695
11661	17336
9017	29522
8427	20147
10031	25707
14726	27130
12315	25146
2609	20606
3051	17520
9429	19019
12302	17358
2904	21469
11535	27087
21	17836
436	23906
13782	19078
13370	22972
5918	21694
2374	19817
7692	20484
5530	17637
5048	22908
12859	16017
9042	29087
1050	17641
8941	18328
9525	26049
528	24248
9400	27529
12777	23478
753	16564
5936	21941
2107	24252
4342	17204
14351	23848
5850	15947
10397	22684
241	24407
1073	27680
8965	15074
1173	24682
4547	16161
6953	28957
4974	21774
6001	26500
9259	19234
11712	21704
1810	27352
9239	17138
204	21488
7833	19527
7223	18137
9145	27435
14359	16225
12026	24953
5223	21448
12005	16460
10914	15098
10300	22670
6010	29798
13556	28561
10892	19702
3342	25905
4726	16250
8393	22864
5678	29207
7911	22387
1339	18937
8595	22443
1377	16554
6507	28931
7631	17781
6016	25710
4118	15835
2179	21377
10054	18499
13704	23083
7731	22722
14745	20981
6074	19487
674	24214
6945	15192
5825	16229
7873	22270
10821	29685
12938	29521
8597	18893
12616	22160
10001	16235
12831	20693
14192	28746
7807	27531
13522	15789
13432	28520
2301	16102
10460	27847
6233	20861
6195	21982
13570	20070
4665	15478
11751	28255
13245	25803
5923	26382
8281	17653
2181	26811
1949	21357
4491	26144
615	19083
6835	25316
8076	25466
7685	18563
9313	27476
9290	28559
1299	21324
1952	28689
879	19804
14682	27378
5010	15388
11633	28215
6371	27102
11857	18257
2597	15535
4707	20316
359	23032
2690	18727
8611	27256
13857	26413
9346	23673
4753	21788
12435	23776
5557	23423
4398	17322
7869	17886
4563	25750
7549	23072
381	23139
3345	16315
1298	24743
12015	16026
3686	21161
7831	23005
8340	18545
13191	21878
9096	29728
8916	16914
14471	21288
10043	18072
8630	29871
8141	25944
6911	20082
1555	29209
6026	19495
12825	20783
