2662	17139
4147	18604
13734	28740
9553	24600
2520	16987
10336	25400
10903	25984
4373	18816
5060	19505
8615	23655
9500	24547
4775	19222
12730	29181
12554	27625
5730	20648
10090	25137
5558	20466
8319	23369
8282	23325
6518	21461
14063	29069
14993	29991
3963	18425
10967	26046
2601	17070
11123	26201
330	19669
8081	23141
5480	20388
1994	16459
2968	23037
10660	25732
12242	27322
6813	21776
12608	27675
11370	26443
6479	21416
12618	27685
3274	17751
7491	22540
7456	22504
10491	25554
3534	18007
505	19913
13860	28864
14555	29557
7132	22093
10652	25701
6223	21155
9628	24681
4738	19179
5954	20871
5956	20873
8474	23519
903	15385
12674	27738
5320	20233
817	15305
8268	20341
13885	28889
7005	21972
2755	17227
3329	17806
5279	20203
6021	20939
9437	24481
5435	20346
1976	16440
460	20037
3359	17837
6173	21108
1532	16007
14833	29826
9559	24606
1332	15811
11967	27027
5918	20836
12899	27942
8174	23234
4529	18969
13972	28983
14640	21545
12370	27451
14913	29904
12163	27243
8689	23727
7465	22516
5931	20848
6342	21280
14508	29509
14864	29856
1644	16119
5446	20354
11909	26970
158	19932
2072	16538
7513	22565
6351	21288
9724	24776
7937	22982
7974	23015
8601	23641
382	27151
9575	24623
9177	24219
13731	28737
9353	24397
3980	18442
2221	16686
6220	21152
2168	16634
5937	20854
14773	29772
4515	18956
1026	24340
14253	29259
1893	16359
8927	23975
9149	24190
4707	19150
377	19646
14669	29671
14566	29568
2956	17429
522	19848
12249	27330
10203	25259
5767	20683
5146	19590
4078	18535
11248	26318
7406	22453
12909	27950
7215	22172
14844	29837
7630	22352
10781	25859
5290	20214
568	19899
5868	20784
11213	26280
10470	25533
12583	27649
9210	24251
14007	29017
4337	18780
8585	23624
8769	23817
3242	17719
14207	29217
6531	21476
10804	25880
8346	23392
7033	22001
229	19938
14332	29336
12964	28004
11234	26301
1368	15846
6630	21589
9551	24598
4998	29970
8791	23844
10587	25650
1997	16462
360	19737
2300	16766
12208	27290
12316	27400
9838	24889
4386	18828
9542	24586
1661	16136
5106	22233
91	19901
7825	22874
10926	26003
11896	26957
13487	28496
3607	18078
7418	22465
14686	29686
7485	22534
1221	15697
6119	21051
8844	23896
11802	26863
11618	26690
4097	18557
156	19997
1704	16177
6955	21921
7625	22677
6754	21714
9544	24589
12407	27485
4648	19093
12803	27855
5183	20102
4074	18532
11981	27040
908	15390
9928	27056
11237	26306
4716	19159
13629	28641
8375	23421
3184	17661
287	20021
9622	24673
12782	27836
2622	17091
12286	27366
14349	29352
10832	25906
772	15260
3080	17555
3886	18349
1494	15970
186	19885
7470	22519
384	19822
776	15264
10481	25544
12853	27902
4495	18935
12874	27920
3132	17610
8360	23406
14722	29722
12454	27533
14659	29660
7099	22062
5062	19508
10124	25171
3796	18265
10579	25235
714	15203
1674	16208
6535	21480
12817	27868
13616	28629
4657	19101
1425	15901
14201	29211
6943	21909
1068	15548
7156	22112
11284	26353
9973	25026
2319	16785
12441	27521
10161	24174
8593	23632
10722	25792
13150	28178
13796	28800
13953	28964
9730	24782
9697	24750
2887	17363
13253	28269
14532	29533
10773	25852
807	15294
13382	28388
13143	28173
10233	25288
5321	26423
793	15280
5791	20706
8915	23963
334	19817
11693	26758
208	21198
11826	26889
3619	18090
4306	23765
673	15165
7705	22754
4614	19056
814	15302
4588	19030
9072	24152
11034	26112
12222	27303
3666	18135
13371	28378
3590	18061
12755	27810
5465	20373
10445	25507
12490	27567
7556	22604
14457	29457
13166	28192
12239	27319
2034	16502
8419	23467
11824	26887
7615	22667
9976	25029
2841	17320
943	15425
7434	22480
5464	20372
1966	16881
13210	28225
7798	22848
1553	16028
8316	23366
7166	22121
12329	27414
9853	24905
7769	22819
12680	27743
3732	18200
12905	27947
11782	26843
13872	28877
5981	20897
10324	25389
10913	25993
6297	21228
755	15244
12966	28006
3809	18277
9691	24744
6631	21590
8057	23114
2953	17426
10071	25121
12369	27450
10550	25612
14049	29055
10437	25500
1868	16334
8575	23613
8266	23312
9243	24285
1450	15919
10448	25510
11365	26438
3942	18404
12532	27607
4810	19257
1599	16072
5840	20756
4227	18683
10875	25953
14382	29385
3317	17797
14418	29421
5045	19490
6873	21838
9005	24049
399	20073
6357	21294
12647	27713
9203	24244
11793	26854
1229	15705
12601	27667
8211	23259
4662	19070
10574	25635
5662	20574
3876	18098
13272	22174
8886	23937
6181	21116
11625	26697
7400	22447
14661	29662
11386	26458
12989	28029
2588	17055
9368	24413
9791	24842
8819	23872
14423	29426
12170	27248
6803	21766
9028	24074
8215	23263
7906	22951
3036	17511
3294	17771
4774	19221
5872	20788
2362	16828
10359	25424
6763	21723
9538	24592
3324	17803
1651	16126
11598	26670
3840	18307
12776	22210
12176	27254
12327	27412
66	15064
6372	21309
132	19690
5549	20457
3975	18437
11086	26164
2405	16874
265	19941
2941	17415
11975	27035
3110	17586
922	15404
6140	21072
7685	22354
8641	23679
3501	17974
13700	28709
2832	17310
13085	28118
2060	16527
1883	16349
12946	27985
614	15106
3952	18414
13959	28971
4936	25918
14000	29010
13830	28833
8186	23248
12071	27135
3757	18225
9621	24675
219	19633
12200	27280
7602	22655
14204	29215
2696	17172
14139	29150
8562	23601
13530	28542
12404	27483
9092	24137
8685	23723
4311	18754
541	19915
2973	17444
10563	25625
8523	23250
12348	27430
5451	20359
5921	20838
9933	24985
3431	17906
3828	18295
4026	18488
2130	16597
2026	16494
6947	21913
4947	19393
13508	28519
2868	17347
1908	16373
3854	18319
7273	22270
2756	17228
7866	22913
4176	18630
14426	29429
5585	20493
13739	28746
12083	27148
2166	16632
71	15069
13759	28766
3047	17522
3578	18049
10179	25222
1034	15493
4563	19006
8626	16480
7972	23013
13861	28865
10488	25551
14162	29170
5414	20328
9396	24439
2556	17024
14572	29575
13906	28914
7433	22479
4926	19372
3232	17708
6059	20993
4773	19220
12453	27532
6011	20927
12427	27506
1401	15878
11005	26084
14893	29883
13123	28154
3712	18181
4177	18631
7654	22706
11246	26316
3203	17679
12914	27953
10293	25357
12683	22171
14663	29664
13297	28309
13746	28753
57	15055
14131	29140
3990	18452
14293	29296
14727	29727
633	15124
11589	26661
4795	19241
2389	16858
4692	19136
5739	20656
12635	27701
7738	22789
5970	20886
339	19902
13438	28446
14482	29483
6505	21443
6272	21204
3647	18121
2033	16501
1547	16021
2957	17430
14621	29624
4988	19434
2349	16814
781	15269
1416	15891
13402	28409
14735	29734
8744	23792
8349	23395
3538	18011
2224	16690
7187	22142
11582	26654
12081	27146
9135	24178
5766	20681
6238	21170
11208	26275
4253	18709
3091	17567
9026	24072
722	15211
9866	24918
307	20018
2848	17327
4272	20977
6197	21132
10601	25664
11286	26355
65	15063
9727	24779
7275	22272
6572	21517
6715	21673
8191	23254
4534	18975
12793	27846
9006	24050
13600	28612
12605	27672
2920	17395
3048	17523
12666	27731
6983	21950
7886	22932
3944	18406
9525	24568
14852	29844
7168	22123
2244	16711
5650	20561
5665	20578
2011	16477
2313	16779
12999	28039
5805	20720
4769	19216
9110	24155
7311	22305
7922	22967
12540	27613
7620	22672
4975	19421
14362	29365
13506	28517
14918	29909
6269	21201
5560	20468
8042	23097
11066	26144
6001	20917
3946	18408
7761	22811
14385	29388
1284	15761
8528	23567
9496	24543
3671	18140
13802	28805
3269	17746
3168	28901
9571	24618
658	15149
12568	27637
11384	26456
11364	26437
10854	17316
1249	15733
150	19931
7894	22941
6207	21142
6716	21674
12322	27407
4403	18845
14862	29854
1587	16061
6840	21804
5636	20547
13391	28397
789	15276
2937	17411
1929	16394
11403	26475
1938	16403
1337	15816
5898	20816
8085	23145
1597	16070
2350	16815
1760	16231
3040	17515
9285	24327
1427	15903
3453	17928
9945	24996
7535	22586
14853	29845
5889	20807
8205	23029
12218	27300
6536	21481
8422	23470
2722	17197
1779	16249
7623	22675
3730	18198
11522	26592
177	19808
9563	24610
12556	27627
3109	17585
7009	21976
2744	17218
2979	17449
4244	18700
6972	21938
1920	16385
5518	20426
14346	29349
10825	25899
2255	16722
7296	22292
1103	15583
10091	25138
7101	22064
9984	25039
4126	18586
10908	25988
1583	16058
12268	27349
3549	18022
11048	26126
3724	18192
12783	27837
2210	16676
6104	21028
1985	16450
9829	24880
14900	29891
4900	19360
12382	27462
142	19691
13379	28385
5683	20601
11339	26407
8429	23477
1984	16449
2913	17388
2479	16947
13761	28768
12516	27591
14817	29812
2716	17191
5939	20856
14782	29780
6549	21494
12491	27568
3760	18228
9811	24862
11487	26558
9981	25035
12444	27524
2541	17008
8538	23577
13880	28884
6657	21616
13192	22184
11043	26121
1777	16247
3290	17767
5834	20750
2803	17280
7509	22561
2624	17093
5080	19525
2731	17205
152	19692
14487	29488
11592	26664
8188	23251
14439	29441
3443	17918
1511	28434
7777	22827
3092	17568
1831	16298
11363	26436
3599	18070
14797	29793
9929	24981
13978	28990
945	15427
7775	22825
5831	21996
4409	18850
4768	19215
10082	25132
11848	26910
12873	27919
13682	28691
6586	21531
3468	17944
7552	22601
5571	20479
2693	17170
9024	24083
8264	23310
3193	17670
13835	28838
121	19803
5454	20362
1500	15977
12923	27964
3768	18237
5230	20147
3536	18009
13358	28365
14680	22351
2277	16743
8820	23873
5717	20636
7900	22946
4212	18667
9133	18864
14537	29538
2380	16847
1470	15954
12915	27954
7936	22981
8331	23378
14381	29384
4233	18689
1531	16006
14148	29157
8345	23391
12535	27608
14396	29399
3271	17748
6336	21273
8705	23742
3508	25433
6392	21324
11115	27263
1149	21140
8531	23570
10827	25901
5691	20610
2396	16865
14192	29202
13221	28236
8286	23331
14479	29480
10283	25347
10892	25972
5028	19472
13229	28244
10383	25449
13263	28277
12224	27305
2412	16883
5272	20200
13791	28797
9414	24457
10643	25707
14609	29613
11543	26613
10196	25244
9825	24876
13920	28928
7958	23001
3426	17901
9282	24324
13299	22234
12637	27703
9817	24868
11038	26116
14372	29375
9130	24175
14911	29902
12580	27647
2286	16752
8470	23517
9266	24309
1795	16265
13101	28134
7467	22515
12116	27195
3057	17532
12963	28003
7657	22709
1818	16288
10257	25318
5303	20588
4237	18693
13279	28291
8446	23495
12243	27323
10788	25866
5863	20779
12438	27518
9596	24644
14809	29804
1496	15972
4660	19104
4969	19415
3843	17605
10391	17266
3866	18330
9666	29638
1493	15969
10714	25783
11212	26279
7236	22217
9038	24086
2763	17236
11140	26215
12029	27092
5229	20148
1187	15665
14125	29135
5001	19446
11955	27015
14751	29749
2092	16558
4473	18913
7247	22246
1957	16422
11273	26342
13659	28670
6361	21298
1536	16011
1610	16087
5438	20349
7334	22364
3413	17889
9310	27055
4511	18952
2271	16737
4586	19028
14879	29870
10878	25956
13857	28862
5515	20423
5374	20288
820	15308
10924	26002
14608	29611
14863	29855
4607	19046
5620	20530
5912	20830
13815	28818
14827	29821
3930	18389
1432	15908
13480	28489
9375	24420
11290	26359
13043	28079
3315	17794
14163	29175
10930	26005
146	19930
14523	29524
5375	20289
336	20051
5326	27285
13891	28895
2461	16930
9615	24663
8127	22332
5576	20484
11913	26974
13736	28742
7292	22288
941	15423
524	19947
11202	26270
9299	24342
258	19636
12616	27683
4228	18684
5846	20762
518	19755
4566	19011
4966	19412
13688	28696
3312	17792
5165	19607
4111	18572
303	20015
10531	25593
9246	24288
392	19894
1859	16326
10936	26011
10628	25689
9115	24160
1887	16353
69	15067
11312	26380
9152	24193
7438	22485
13202	29669
14097	29109
12704	27763
10160	25226
12889	22334
10084	24594
8737	23785
12908	27949
27	15026
8285	23330
2311	16777
7267	22264
14142	29151
11392	26465
433	15086
4073	18531
11669	26738
3588	18059
5193	20111
838	15325
10968	26043
3919	18381
14576	29573
2391	16860
10727	25797
7233	22214
5057	19502
10134	21557
8956	23999
11383	26455
11482	26553
2246	16713
11996	27061
7861	22908
1842	16308
1447	15926
12712	27771
1923	16388
7694	22743
11836	26899
10335	25399
8137	23197
12280	27360
2545	17012
10534	25596
5974	20890
9113	24158
2179	16645
13935	28947
4488	18928
13187	28213
12489	27566
6102	21026
13197	22200
10206	25262
14761	29760
6240	21171
8454	23501
10182	25241
6161	21095
5157	19598
572	19907
13862	28866
9231	24273
13315	28325
3798	18267
4446	18968
13771	28777
1526	16001
3001	17474
2925	17399
14795	29791
14688	29688
662	15155
8315	23365
12661	27726
12509	15223
6726	21683
10569	25631
5114	19559
529	19714
2214	16680
7313	22307
12743	27799
5403	20317
10947	26022
10708	25778
14485	29486
6647	21606
11770	26830
13205	28222
14878	29869
13397	28404
5913	20831
2880	17358
3216	17692
3626	18097
2146	16614
4952	19398
10230	25285
8778	23826
3775	18244
12758	27813
5305	20227
4528	18970
4011	18473
8088	23148
8747	23795
3752	18220
9459	24506
8907	23955
4505	18946
154	19863
12171	27249
10014	25072
8132	23192
10626	25687
10754	25825
9156	24197
13962	28974
4977	19423
14310	29314
613	15105
2337	16803
9253	24296
12630	27696
4370	18813
10299	25362
11512	26582
10698	25768
816	15304
10983	26062
467	20066
3868	18332
8292	23337
7338	22368
4933	19392
1323	15802
3041	17516
695	15184
9484	24529
878	15363
11430	26500
9446	24490
5960	20876
230	25245
14799	29795
60	15056
9503	24550
3767	18236
6600	21561
2610	17079
7563	22613
9798	24850
1499	15976
557	27163
1370	15848
16	15019
4849	19298
14105	29116
11439	26509
11492	26563
8168	23223
7714	22763
13938	28950
6765	21726
9008	24052
4673	19117
989	15513
3267	17744
9980	25034
2974	17445
3862	18327
6113	21045
10229	25284
6488	21425
6546	21491
13162	28188
4326	18769
4814	19261
5729	20647
6532	21477
13719	17241
707	15194
8570	23608
2771	27376
4033	18494
5587	20495
1773	16244
4879	19328
5385	20299
2879	17357
1491	15967
5102	19548
11890	26951
14036	29043
7040	22007
391	20031
5591	20499
1865	16332
6344	24672
215	19993
13626	28638
3853	18318
4354	18797
6373	21310
7425	22471
3995	18457
5067	19513
5445	20353
13590	28602
7169	22124
5887	20805
14408	29411
678	15170
3195	17672
333	19699
11719	26784
523	19914
13304	28314
13582	28594
6678	21637
4274	18719
5604	20514
2850	17329
6884	21850
8675	23713
12559	27630
8321	23842
5712	20631
14822	29817
1657	16132
2238	16707
9030	24076
10183	25227
1373	15851
8633	23671
10105	25152
2942	17416
6826	21790
4443	18885
11257	26327
7587	22638
745	15234
1388	15866
14940	29927
2816	17294
4075	18533
494	19833
12452	27531
6110	21042
11397	26470
5656	20569
12015	27079
7019	21986
5705	20624
11705	26770
1690	16163
14107	29118
13984	28995
1354	15832
9360	24405
8079	23139
5584	20492
590	19908
14698	29700
5034	19479
14224	29230
8280	23323
4847	19295
4661	19105
1728	16198
7644	22696
7185	22140
13096	28129
11329	26397
7307	22301
12725	27784
4667	19110
14351	29354
14886	29876
2324	16790
5058	19503
9438	24482
5402	20315
2865	17344
1835	16302
13032	28068
661	15153
9792	24843
163	19771
7018	21985
14909	29900
6682	21641
11480	26550
4197	29985
11894	26955
14301	29305
4747	19189
6683	21642
9552	24599
2563	17031
11841	26903
5340	20256
13026	28062
4535	18976
11829	26891
9862	24915
9049	24096
7669	22721
6663	21622
4503	18944
11713	26778
6573	21518
3787	18257
9642	24695
13124	28155
9196	24237
11366	26439
3282	17760
3103	17579
1871	16337
10035	25085
1524	15999
12795	27848
3143	17621
14628	29630
3113	17589
12926	27966
328	19748
7603	22656
9304	24347
11595	26667
11701	26767
7536	24793
8243	23327
4341	18784
8121	23181
11920	26980
8328	23375
11819	26882
2170	16636
7545	22594
12192	27281
9959	25013
3698	18167
5424	20337
4604	19040
7058	22025
13094	28127
1738	16207
3301	17779
8101	23161
4146	29972
7908	22953
8306	23349
9576	24624
9465	24512
1280	15757
2006	16472
13392	28399
2043	16511
5201	20118
6412	21347
6300	21232
9602	24651
10807	20142
8123	23183
7484	22533
13960	28972
7258	22258
4039	18500
12082	27147
8369	23415
10453	25515
835	15323
3123	17599
1774	16245
4252	18708
14834	29827
9211	24252
6127	21059
2441	16911
4508	18949
10018	25076
9924	24976
1593	16068
1556	16031
14280	29285
12595	27660
13492	28501
7146	22104
584	19796
10718	25787
13068	28103
7532	22583
10952	26027
6696	21656
13642	28653
2555	17022
10669	25739
738	15227
4909	19357
4856	19305
8713	23750
4324	18767
3155	17633
9317	24360
9074	24119
10772	25851
639	15130
5083	19529
2860	17339
11334	26402
12395	27475
3153	17631
10921	26000
4416	18857
6409	21343
7291	22287
10765	25840
4885	19334
2543	17010
11337	26405
169	19883
6957	21923
1873	16340
13553	28565
11320	26388
12961	28001
2013	16479
4826	19274
11851	26913
8509	23549
8338	23385
9977	25030
300	19642
6359	21296
7362	22387
341	19700
14978	29968
3505	17978
559	19916
14717	29717
10427	25490
10076	25126
5091	19537
5579	20487
1028	15528
9802	24853
10648	25720
10694	25764
5198	20115
7478	22527
52	15050
4690	19133
8958	24001
4322	18765
6217	21149
9374	24419
8731	23779
8824	23877
14629	29631
11821	26884
12416	27495
3478	17951
13806	28809
4899	19349
8779	23827
3814	18282
9485	24531
6579	21525
5713	20632
5484	20392
14620	29623
2374	16841
1236	15719
10785	25863
13033	28069
12656	27722
9680	24732
3393	17867
11417	26488
3391	17866
12125	27204
6042	20962
4784	19232
9795	24845
1951	16416
11154	26224
10170	25213
2401	16870
14973	29962
2120	16587
7992	23050
9599	24647
3187	17664
6699	21658
1954	16419
12930	27970
11451	26522
13301	28311
11119	26193
13472	28482
13686	28695
7727	22777
9332	24375
2505	16972
4536	18978
9098	24143
9321	24364
8330	23377
9132	24176
5702	20620
1439	15915
10543	25605
6100	22236
13705	28714
4928	19374
12735	27791
8440	23487
14647	29647
3771	18240
8920	23968
13760	28767
2743	17217
2258	16725
1990	16455
1001	15540
7182	22137
5996	20912
3229	17704
10736	25806
12414	27493
14651	29652
9842	24893
13941	28953
3738	18205
6078	21013
6053	20987
13283	28296
6431	21366
9001	24045
14102	29114
13367	28374
10222	25278
6200	21135
3665	18134
7126	22087
598	15091
7984	23042
12367	27448
9586	24634
4139	18598
5973	20889
3295	17772
6784	21745
3330	17807
1166	15644
11416	26487
401	20095
8841	23893
11813	26876
5280	20204
7023	21990
2908	17382
2586	17053
9288	24330
2720	17195
4429	18871
14592	29595
4261	18717
1946	16411
870	15354
2274	16740
7721	22770
11045	26123
5955	20872
12205	28782
2480	16948
8891	23942
4718	19161
6210	25713
6332	25815
12018	27082
9017	24062
14851	29843
8980	24022
2197	16663
35	15032
762	15250
1116	15596
6143	21076
13585	28597
8032	23088
9522	24566
2993	17466
10985	26064
6866	21831
5158	19599
12502	27579
11886	26948
8563	23603
5961	20877
1888	16354
5235	20153
6356	21293
5475	20383
14175	29186
5908	20826
455	20036
9836	24887
13186	28212
11409	29612
946	15428
7508	22560
1900	16366
5123	19568
11050	26128
5353	20269
6997	21964
3350	17830
14109	29120
13936	28948
8662	23700
12374	27454
3499	17972
5803	20718
4428	18870
3847	18312
10419	25482
1204	15681
1030	15529
5149	19593
4948	19394
8899	23947
6413	21348
14783	29781
13222	28237
5771	21177
8091	23151
7752	22802
5905	20823
13847	28850
5539	20447
1726	16196
403	19740
11637	26709
11051	26129
1656	16131
8180	23240
14764	29763
3173	17650
6259	25715
3438	17911
13270	28283
0	15000
9532	24577
9019	24064
5651	20562
4708	19151
2118	16585
7758	22808
1723	20195
12684	27744
12938	27978
14746	29744
20	15018
8362	23408
9886	24938
2306	16772
14248	29254
12368	27449
6496	21434
5754	20670
7057	22024
10029	22778
12525	27600
5555	20463
4654	19098
1066	15546
9250	24292
9600	24648
3144	17622
9627	24680
13118	28150
2604	17073
9081	24126
6009	20925
5285	20209
4327	18770
14422	29425
13352	28360
8644	23682
10594	25657
10668	25738
6506	21444
7854	22902
6191	21126
11357	26429
11476	26547
5748	20665
9786	24836
4968	19414
7614	22666
680	15172
6844	21808
10308	25372
11655	26726
4368	18810
12907	22225
10542	25604
14069	29075
761	15249
2069	16536
3418	17893
1202	15674
10340	25404
13052	28088
3564	18036
11624	26696
6056	20990
2366	16833
521	27161
3093	17569
4148	18605
14989	29986
1958	16423
1822	16291
4194	18650
2631	22543
10396	25459
1297	15775
8067	23126
2115	16582
7178	22133
7852	22900
2408	16877
11299	26367
7229	22199
4172	18625
7340	22369
2971	17442
6655	21614
6787	21748
7942	25847
10606	25669
6786	21747
3449	17925
8589	23628
11708	26772
12607	27674
9782	24832
12939	27979
12106	27185
12721	27779
2171	16637
1078	15558
3582	18053
2560	17027
8682	23720
9592	24640
4709	19152
7424	22470
6455	21392
2053	16520
4687	19130
11436	26506
7414	22461
1358	15836
1197	15676
9686	24738
6155	21090
3372	17848
14658	29659
9741	24493
4265	20971
14771	29770
9090	24135
10189	25237
13079	28945
13855	28860
7551	22600
5031	19475
9416	24459
10423	25486
4573	19016
136	19656
6799	21762
6316	21252
8783	23829
7461	22511
14350	29353
7326	22347
10080	25128
9174	24215
9466	24513
11304	26373
7087	22050
13637	28648
1619	16095
12497	27573
6522	21466
8161	23221
3062	17537
3601	18072
2386	16855
6317	21253
365	20053
11448	26519
6377	21314
6166	21100
13721	28728
6503	21441
14446	29447
3314	17791
9146	24187
7379	22405
14274	29275
10087	25134
1098	15578
542	19948
9696	24749
664	15152
3997	18460
9833	24884
2097	16563
10343	25408
14981	29975
8308	17119
13092	28125
6692	21652
13521	28533
6130	21062
8246	23293
12291	27371
5497	20405
13451	28461
2264	16731
3989	18451
2698	17174
5793	20708
1632	16108
14501	29502
13698	28707
9820	24871
1146	15628
5027	19471
8910	23958
14152	29161
11122	26200
7507	22559
6411	21345
13712	28721
5391	20305
5979	20895
13701	28710
13080	28113
10106	25153
13430	28437
11025	26103
4822	19269
8433	23396
12105	22545
11258	26328
5720	20639
4131	18591
9732	24784
346	19701
13522	28534
7624	22676
1765	16236
9690	24742
5901	20819
12640	27706
2079	16546
10573	25634
5659	20573
6030	20950
7460	22510
10333	25397
12051	27115
4474	18914
10177	25220
4739	19181
12037	27101
8717	23753
2305	16771
9068	24114
6976	21943
9450	24491
10876	25954
6539	21484
9962	24913
3008	17482
11911	26972
3	15001
7743	22793
3421	17896
3021	17496
2574	17042
1502	15979
267	19778
200	20086
718	15207
3504	17977
1277	15753
14654	29655
11666	26735
5081	19527
381	19739
11645	26717
8853	23903
5810	20725
14077	29084
14093	29101
13635	28646
8721	22335
12802	27854
12850	27899
1454	15930
7103	29816
13608	28620
5186	20104
13507	28518
14944	29931
5047	19492
12757	27812
8228	23276
13424	28431
1803	16273
3932	18391
12521	27596
7357	22383
3592	18063
8181	23241
6966	21932
9970	25023
13889	28893
1578	16053
5397	20311
10317	25382
5989	20905
6599	21546
1840	16307
4338	18781
6258	23767
9713	24767
2320	16786
3790	18259
10005	25062
13615	28628
10334	25398
13751	28758
5188	20106
2918	17393
114	19972
13259	28273
8424	23472
4114	18575
13028	28064
13997	29007
2000	16465
13560	28571
8972	24015
7213	22169
1402	15879
10752	25823
7867	22914
1183	15662
4083	18541
5947	20864
10942	26017
8078	23138
1457	15932
14044	29049
10732	25802
347	19819
9312	24354
723	15040
9716	24770
14153	29162
3756	18224
11880	26942
10619	25682
4973	19419
3857	18322
10188	25233
4425	18867
14169	29177
2447	16916
9392	24435
9336	24379
7109	22071
12922	27962
2375	16842
13513	28525
3898	18359
5907	20824
1973	16437
5736	20654
11263	26332
6706	21665
2640	17103
9041	24089
9457	24504
11219	26286
11369	26442
3486	17959
7823	22872
4719	19162
13110	28142
12397	27477
926	15408
3806	18274
10384	25913
4049	18508
13772	28778
4339	18782
12724	27782
11484	26555
991	15515
10886	19004
4156	18611
8543	23581
4471	18911
11467	26538
13321	28330
12271	27352
9687	24739
9228	24270
8794	23847
14668	29670
5542	20450
12279	27359
6999	21966
375	19676
4553	18994
5180	19621
6697	21657
10988	26067
1622	16098
8318	23367
10440	21247
7173	22128
12870	27916
4876	19325
9219	24261
14263	29268
4423	18865
335	20024
12331	27416
5699	20617
297	19667
10263	25325
462	19840
14437	29439
11545	26615
7715	22764
1528	16003
11004	26083
8210	23258
9055	24102
10893	25973
12143	27223
7971	23012
7180	22135
3981	18443
318	19852
14945	29932
10597	25660
611	15103
2800	17277
6703	21662
14461	29462
3189	17666
12931	27971
13538	28550
7407	22454
3415	17891
13225	28239
6049	20983
11338	26406
11491	26562
14558	29560
103	19858
11351	26419
7836	22884
12691	27751
8786	23832
11809	26870
1393	15870
10061	25111
12261	27342
11377	26450
47	15045
13822	28825
14392	29395
580	19744
2618	17087
8542	21454
4185	18640
3398	17872
5878	20795
10133	25180
13054	28090
1350	15828
6565	21510
11498	26568
5922	20839
7367	22393
9501	24548
3529	18002
7077	22040
6298	21230
3856	18321
8902	23950
2085	16551
2343	16808
302	19720
4452	18893
9917	24969
12741	27797
13347	28355
8397	23444
13399	28406
11656	26727
9574	24622
9385	22220
629	15115
13774	28780
6108	21036
11902	26963
11130	26421
3059	17534
11253	26323
2922	17397
8259	23307
5199	20116
6651	21610
3069	17545
2465	25915
9998	25054
1974	16438
868	15352
11642	26714
14612	29615
12784	27838
3357	17834
8943	24060
9721	25638
10830	25904
6282	21214
8909	23957
11452	26523
6770	21731
2861	17340
5769	20685
11678	26747
2423	16893
9969	25022
10476	25539
4004	18465
14126	29134
9711	24765
3043	17519
7576	22626
12153	27233
13406	28413
14803	29799
2917	17392
6427	21362
8709	23748
11360	26432
4369	18812
7950	22993
6069	21003
8998	24042
3476	17949
12893	27937
9187	24228
13387	28393
4062	18520
2243	16710
9377	24422
10434	25497
8465	23511
9646	24699
3134	17612
3139	17617
13320	28329
1694	16167
13819	28822
5270	20184
8830	23883
6973	21939
14164	29176
7518	22570
2828	17306
4456	18897
1696	16169
4706	19146
6279	21211
4264	20968
453	19790
14111	29123
3028	17503
1542	18551
13047	28083
2293	16760
14759	29758
10483	25546
11748	26814
12837	27887
7542	22591
8997	24041
6827	21791
4333	18776
2021	16488
13955	28966
107	19800
4096	18556
3533	18006
8580	23618
4317	18761
7588	22639
12256	27337
13527	28539
2548	17015
10605	25667
7668	22720
8610	23648
4941	19386
6527	21472
12483	27561
2883	17359
13484	28493
12798	27851
6745	21704
11420	26491
9643	24696
14041	29047
2807	17284
14156	29165
13383	28389
7080	22043
79	19650
8706	23743
14334	29338
4290	18735
948	15430
2183	16649
12933	27973
7912	22957
10165	25209
6399	21333
4877	19326
1732	16202
8059	23116
2944	17418
801	15288
3467	17943
7856	19066
13989	28997
10461	25523
14056	29062
7104	22067
1813	16283
7735	22830
1643	16116
13848	28851
11856	26918
7813	22862
11734	26799
6724	21681
4645	19088
2474	16942
14451	29452
9872	24924
13341	28349
11900	26961
238	16077
14544	29545
6150	21084
3465	17940
9534	24579
5969	20885
8199	23024
1585	16059
14693	29694
5673	20585
13173	28199
3914	18377
2290	16756
9235	24277
12707	27766
13841	28844
2091	16557
10422	25485
6242	21173
4551	18992
6112	21044
2685	17161
4166	18620
3643	18115
12764	27819
5726	20645
5459	20367
4216	18671
1178	15658
12884	27929
8766	23814
11460	26531
3597	18068
10322	25387
12214	27295
5682	20603
4159	18613
3026	17501
7782	22832
474	19831
7534	22585
263	19871
12681	22232
14685	29685
2496	16963
9037	24084
831	15319
14941	29928
4486	18926
6002	20920
11692	24295
10479	25542
14358	29361
2753	23354
6495	21432
10022	25080
4451	18892
890	15373
4695	19139
6888	21854
11507	26577
4101	18563
11332	26400
12897	27940
6989	21956
2893	17368
220	19727
12762	27817
951	15434
11423	26494
7239	22223
736	15224
7269	22266
14029	29122
7337	22367
2222	16687
14858	29850
13310	28320
4825	19273
9086	24131
1031	15530
9189	24230
4997	19443
13432	28439
12986	28025
825	15313
7339	22499
10055	25107
1380	15857
1191	15669
1788	16258
1011	15478
12627	27693
10787	25865
8165	23227
7916	22961
3166	17644
10258	25319
1093	15573
14458	29458
9363	24408
4891	19341
11182	26251
4209	18664
12531	27606
9654	24707
12560	27631
10279	25343
2654	17131
14965	29952
9315	24357
9188	24229
13098	28131
7879	23739
6736	21694
12436	27515
10096	25142
11951	27011
9052	24099
10512	25573
12475	27552
1522	15996
11887	26949
8893	23943
3540	18013
1184	15663
7838	22886
5104	19550
6977	21944
10859	25937
3532	18005
11946	27006
3709	18178
10642	25706
8288	23333
10064	25114
4013	18475
8203	23020
1097	15577
5036	19481
2646	17123
4186	18641
4989	19435
10381	25447
10254	25315
9042	24085
12135	27215
4762	19209
1314	15793
10783	25861
13667	28676
9698	24751
3278	17755
14929	29915
14409	29412
4844	19292
11789	26850
8596	23635
5395	20309
8934	24007
449	19878
694	15183
11945	27005
7693	22742
6034	20954
9780	24830
2738	17213
4321	18764
8410	23457
211	19726
9229	24271
1475	15949
1509	15986
1004	15469
10577	25640
11013	26091
13956	28967
13384	28390
1143	15625
13606	28618
12663	27728
12533	17606
9316	24358
2140	16608
8728	23776
998	15484
7448	22496
6475	21412
6901	21869
6109	21031
9978	25031
10521	25583
12406	27486
319	19747
7956	22999
3351	17828
1335	15815
9755	24806
9523	24567
12234	27314
5646	20556
12594	27659
14068	29074
8547	23584
14244	29250
2759	17231
12477	27554
14328	29332
10791	25868
6329	21265
13965	28977
4079	18536
9338	24381
3240	17717
2378	16845
9290	15465
2453	16922
6610	21570
10710	25780
8606	23646
5170	19612
14719	29719
4793	19242
10431	25494
11587	26659
9291	24332
13479	28488
10655	25727
7988	23046
14814	29808
9655	24708
10629	25690
2703	17178
5677	20596
13203	28220
13006	28046
13563	28576
5362	20277
10553	25615
8031	23087
2980	17450
3915	18378
14838	29831
911	15393
14062	29068
10599	25662
9545	24590
12313	27397
11546	26616
7831	22775
4361	18804
1126	15606
8712	23749
6038	20958
14317	29321
2448	16917
13755	28762
3909	18372
9483	27262
2644	17107
8582	23620
3125	18394
6195	21130
3973	18435
10545	25607
9442	24486
5099	19545
8041	23096
7223	22193
14348	29351
3734	18219
5252	20171
5945	20862
7097	22060
191	20099
7516	22568
2705	17179
8216	23264
10502	25565
8758	23806
1489	15965
4435	18877
14988	29984
6450	21386
6439	21374
4363	22206
166	19999
4591	18677
5185	20100
4570	19013
6253	21184
3010	17484
5701	20619
7145	22103
2725	17199
9910	24962
9472	24519
4696	19140
11524	26594
6027	20948
6970	21936
11881	26943
6566	21511
2961	17433
4617	19059
7943	22987
3613	18084
7933	22978
735	15222
14947	29934
11727	26792
3937	18399
6456	21393
13374	28381
10385	25450
5153	19594
12465	27544
5442	29436
1106	15586
5882	20798
8501	23541
8077	23137
2361	16827
6504	21442
9952	25003
9409	24452
9270	24313
583	19723
10840	25919
8287	23332
6859	21823
1276	15756
8395	23441
6347	21284
240	20047
13547	28559
8848	23900
6928	21895
7877	22923
5197	26755
10547	25609
2584	17052
9907	24960
13280	28292
12710	27769
8093	23153
1616	21940
13864	28868
5347	20263
6079	21014
7824	22873
10015	25074
812	15299
8445	23491
9547	24593
3936	18397
3247	17689
4794	19240
11376	26449
7801	22851
2587	17054
7272	22269
12805	22336
14366	29369
14770	29769
898	15379
14807	29802
11807	26868
13190	28216
1473	15946
3466	17942
3518	17989
4392	18834
1220	15696
4221	18676
9936	24987
7955	22998
6398	21332
6924	20739
14969	29954
10696	25766
8013	23070
7869	22915
8802	23855
12875	27921
9957	25011
7129	22090
11696	26761
7583	22633
5343	20259
9636	24689
1482	15957
11047	26125
8847	23899
8678	23716
12119	27198
13306	28316
757	15246
11152	26222
3169	17646
13798	28803
13894	28898
5138	19582
13459	28469
1444	15918
10990	26069
2075	16541
7490	22541
14673	29675
11468	26539
12017	27081
7026	21993
14053	29059
5602	20511
2707	17181
10388	25453
1876	16342
11307	26376
3162	17640
9920	24971
14560	29562
493	19792
2859	17338
10826	25900
12652	27718
12173	27252
9302	24345
2071	16545
10241	25296
11361	26433
14830	29917
14922	29913
320	19668
657	15148
4225	18681
1530	16005
14586	29588
13543	28555
9659	24712
10721	25791
13069	28104
7203	22156
14494	29495
270	19976
5819	20735
4045	18504
14866	29857
5940	20857
1081	15561
1740	16210
13412	28419
6454	21391
180	19865
1099	15579
8892	24110
5798	20713
8366	23412
3033	17508
90	19652
4153	18609
11015	26093
14850	29842
5483	20391
10214	25270
7102	22066
2986	17456
8412	23459
5808	20723
428	15080
2858	17337
44	15042
3018	17493
1019	15485
299	19957
3808	18276
9373	24418
4530	18971
14596	29599
5313	20230
10210	25265
6758	21718
952	15435
940	15422
13027	28063
10026	22344
1545	16019
7021	21988
5376	20290
14641	22327
6774	21734
3260	17737
11373	26446
14796	29792
4151	18607
13745	28750
7125	22086
10045	25095
1084	15564
786	27841
6834	21798
7851	22899
397	19903
13127	28158
5582	20490
487	19912
513	19896
11368	26441
12545	27617
14994	29992
13766	28771
8134	23194
13795	28799
14649	29648
6816	21780
4963	19409
7134	22097
11358	26430
10747	25818
11610	26682
4376	18818
8884	23935
3117	17593
5348	20264
9126	24170
14140	29148
7360	22386
11888	21725
8616	23656
7054	22022
1899	25302
102	19969
7200	22038
9908	24959
14086	29093
7131	22092
4639	19083
14467	29468
11520	26590
9800	24852
1247	15730
7091	22055
6523	21468
6378	21315
5156	19597
459	19830
10581	25644
2160	16627
1307	15786
10111	25158
1498	15975
9564	24611
5224	20141
7918	22963
3905	18368
7589	22640
11348	26416
9280	24322
5735	20653
4204	18659
7800	22850
6668	21627
6733	21691
5796	20711
12499	27575
12779	27833
1065	15545
1924	16389
9806	24856
7128	22089
9444	24488
8863	23914
2191	16657
11245	26315
9114	24159
1064	15544
5607	20517
2567	17035
4772	19219
5789	20704
14399	29402
6569	21514
11279	26348
7702	22751
10884	25962
8000	23058
6730	21687
4485	18925
4860	19309
1419	15894
9554	24601
2995	17468
9401	24445
13332	28340
7152	22108
3389	17864
14185	29195
4210	18665
2158	16625
14730	29730
8354	23401
3297	17774
9911	24963
7521	22572
10766	25841
12197	27277
2325	16791
4757	19204
24	29999
7898	23848
5148	19592
3685	18156
1466	15941
10145	25192
7833	22881
12030	27094
11179	26248
6353	21290
9405	24448
13034	28070
6750	21710
1102	15582
2268	16734
725	15213
7402	22449
11796	26857
2005	16471
1641	16117
1363	15841
205	19992
7196	22150
372	19738
12	15011
12659	27724
10224	25280
11225	26292
12868	27914
14252	29258
1300	15780
2655	17132
412	19825
8805	23860
10306	25370
1200	15679
3259	17735
7289	22285
207	19662
5178	19619
7826	22875
6041	20961
10647	25717
471	27157
4410	18851
11252	26322
12522	27597
4798	19245
10403	25466
2185	16651
7963	19286
2501	16968
11054	26132
14540	29541
8401	23448
4135	18594
6147	21081
9844	24895
5370	20284
8351	23398
6986	21953
4175	18629
315	19644
4043	18502
324	19816
10117	25164
4183	18638
9717	24771
11352	26424
3663	18132
14287	29292
14034	29041
10513	25574
13858	28863
11465	26536
2532	16999
11084	26162
6593	21538
2031	16499
6501	21439
14302	29306
8026	23081
13614	28627
2371	16838
10604	25666
1431	15907
2638	17102
7480	22529
14511	29512
8974	24037
3658	18366
10665	25735
5364	20279
2154	16621
14908	29899
4490	18930
3452	17927
12818	27869
3253	17730
3926	18387
11712	26777
9769	24819
2157	16624
3957	18419
14087	29095
7190	17264
8224	23273
5541	20449
4858	19308
10730	25800
5684	20602
8993	24035
8368	23414
1931	16396
1341	15820
1645	16120
963	15445
12306	27388
14118	29127
6048	20982
2132	16599
11139	26214
3226	17702
13511	28524
9604	24652
3377	17852
5427	20340
1033	15532
12371	26061
7506	22558
7997	23055
3805	18144
8637	23675
937	15419
3761	18230
1182	15609
14183	29193
6585	21530
915	15397
8167	23230
13457	28467
2568	17036
5916	20834
3595	18066
1638	16114
10114	25161
7323	22316
5286	20210
13777	28783
7555	22603
13516	28528
2038	16506
112	19801
3224	17700
9394	24437
73	19919
4633	19077
6076	21011
11164	26234
9157	24198
4613	19054
8464	23510
1784	16253
1880	16346
4960	19406
14959	29946
8555	23592
4934	19380
800	15287
3369	17845
14182	29192
11772	26833
8849	23901
13810	28813
9460	24507
3234	17711
13840	28843
8313	23362
11410	26481
11011	26089
1798	16268
5065	19511
2528	16995
7306	22484
3916	18756
10191	25231
6994	21961
14345	29348
13811	28814
7569	22618
8291	23336
3750	18217
9095	24140
8120	23180
5765	20680
12675	27739
3228	17705
11458	26529
12277	22539
3562	18034
1683	16157
10799	25876
5734	20652
4276	18721
14985	29980
11957	27017
5747	20664
6509	21433
12654	27720
12648	27714
13867	28871
11394	26467
12219	27301
359	20090
7255	22255
942	15424
4809	19256
13500	28510
13046	28082
12112	27191
3774	18243
286	15071
6713	21671
3941	18403
11395	26468
224	19994
9241	24283
6144	21077
10078	16850
14643	29643
1134	15615
5752	20668
11603	26675
13749	28756
2340	16805
3819	18286
8767	23815
14117	20185
14188	29198
6308	21244
14238	29244
13784	28791
4592	24621
14178	29187
12213	27294
6093	21033
10305	25369
9558	24605
2373	16840
14283	29288
9515	24559
8703	23740
6004	20922
159	19998
12643	27709
6930	21897
9589	24638
3632	15896
14731	29731
10217	25273
2955	17428
8594	23633
2217	16683
2417	16887
5643	20553
14012	29022
9402	24444
13583	28595
2433	16903
1945	16410
4781	19229
9839	24890
3661	18130
7765	22815
2377	16844
10777	25856
9002	24046
12396	27476
2951	17424
1345	15824
13930	28938
12457	27536
8524	23563
4181	18635
9916	24968
3381	17861
3222	17698
5647	20557
8253	23300
14333	29337
3820	18287
10269	25334
4397	18839
851	15339
3873	18337
10608	25671
1154	15633
8197	23021
1809	16278
13767	28773
5850	20766
1268	15715
2870	17350
10795	25872
14221	29227
2673	17151
791	15278
4827	19275
10290	25354
3289	17766
3063	17538
834	15322
7017	21984
8247	23294
6407	21341
7582	22632
2233	16698
7807	22857
10216	25272
1293	15771
12325	27410
7186	22141
4288	18733
4958	19404
6047	20981
2407	16876
7527	22577
2692	17169
7907	22952
1834	16301
11132	26209
6086	21020
12054	27118
9295	24337
93	19924
3947	18409
1614	16091
4942	19387
12044	27108
879	15362
14709	29711
2645	17122
4701	19143
5644	20554
3380	17855
2181	16647
13277	28289
7926	22971
7691	17409
6775	21735
11353	26425
978	15459
12703	27762
8141	23202
8723	17293
864	15348
3220	17696
2240	16705
5322	20234
4945	19390
964	15447
8835	25060
9170	24211
7271	22268
4584	19026
10820	25894
4110	18571
4174	18628
9767	24817
9339	24382
12297	27379
8756	23804
10386	25451
7257	22257
12383	27463
12000	27065
12154	27234
13762	28769
14195	29205
13120	28151
2084	16550
12625	17776
527	19985
3543	18016
13330	28339
48	15046
11679	26748
7453	22501
14339	29342
1445	15922
4560	19000
3766	18235
1041	15503
9663	24716
14412	29415
3379	17854
7929	22974
6797	21760
5639	20549
12515	27590
11735	26800
13498	28507
1172	15652
7280	22277
7155	22111
12898	27941
12014	27078
13832	28835
3577	18048
2565	17033
10551	25613
6889	21855
167	19718
4281	18726
12063	27128
8852	23902
9468	24515
7243	22240
11218	26285
1256	15714
649	15141
13878	28882
2687	17163
13102	28135
11553	26623
7079	22042
7763	22813
11408	26480
8303	23346
13794	24588
538	20077
12807	22323
12350	27432
10802	25879
6129	21061
4234	18690
9305	24348
11240	26310
9882	24934
596	19956
7547	22596
7872	22937
6135	21067
8751	23799
3838	18305
9428	24471
11743	26808
5265	20191
2857	17336
659	15150
10661	27057
3215	17736
11914	26975
6614	21573
5522	20430
11962	27022
992	15516
12658	22329
13504	28514
6302	21234
6396	21330
5833	20749
4542	18984
13793	28798
3265	17742
5806	20721
12642	27708
2198	16664
10715	25784
9418	24461
12060	27124
3904	18365
13660	28671
4066	18524
962	15446
9470	24517
37	15034
13378	21554
14741	29739
7377	22403
12971	28011
4649	19094
809	15296
10495	25558
10905	25985
14038	29045
1928	16393
3987	18448
11264	26333
11704	18637
6214	21146
11060	26138
12791	23039
8363	23409
2252	16719
2566	17034
5588	20496
1538	16013
9071	24117
3514	17985
9116	24161
6992	21959
10262	25323
14927	29919
11817	26880
3017	17492
14311	29315
13869	28874
7896	22943
8745	23793
2483	17149
8975	24017
7573	22622
7197	22151
5551	20459
441	19722
6914	21882
4330	18773
6368	21305
11905	26966
7670	22722
6831	21795
13609	28621
5341	20257
235	20046
7679	22731
11036	26114
13958	28970
6964	21930
715	15204
1295	15772
6007	20923
8726	23774
9178	24220
12376	27456
9513	15035
4089	18547
4883	19333
9994	25051
13532	28544
10683	25751
10033	21268
9264	24307
4743	19186
13633	28644
10625	25709
11908	26969
9639	24692
12548	19198
9871	24923
10610	25673
2376	16843
9512	24557
10444	25505
4602	19042
14060	29066
12096	27176
10700	21558
10974	26049
6988	21955
5274	20202
8922	23970
9498	24545
6453	21390
8005	23063
9894	24946
4792	19114
7404	22451
14159	29169
14660	29661
10238	25293
10052	25103
12734	27790
9892	24945
13090	28123
7598	22650
355	19702
7781	22833
5990	20906
14208	29218
3197	26873
8914	23962
14157	29166
3338	17814
9935	24986
2991	17463
1384	15862
13486	28495
8438	23484
11087	26165
8008	23066
466	19982
10916	25996
14108	29119
11104	26179
14215	29221
14604	29607
12943	27983
9020	24065
8058	23111
7821	22870
6189	21124
5105	19551
5433	20344
743	15232
8628	23667
4624	19067
5794	20709
7519	22189
14971	29959
8326	23374
3537	18010
4419	18860
9433	24476
10689	25759
4957	19403
13807	28810
5577	20485
11030	26108
14655	29656
8630	23669
11633	26705
13620	28633
8182	23244
5059	19504
6216	21148
1875	16339
14977	29967
6154	21089
4799	19246
9244	24286
7766	22816
4641	19084
8105	23165
329	19875
8204	23028
4946	19391
13180	28207
5421	22212
1627	16103
8476	23521
3968	18430
13239	28254
8656	23694
12882	27928
9464	24511
380	19647
8133	23193
9109	24154
10800	25877
14914	29905
5633	20543
80	19922
1782	16252
5997	20913
12131	27210
8053	23112
133	19805
641	15133
6187	21122
3491	17964
14582	29584
22	15021
9582	24630
13726	28733
10969	26044
2686	17162
2285	16751
12008	27072
2347	16812
5448	20356
11479	26551
1844	16310
10361	25426
10366	25431
7305	25006
6394	21328
4065	18523
12828	27879
9175	24216
13346	28354
13849	28852
7673	22725
11262	18514
242	19665
13188	28214
6062	20996
10662	20946
11276	26345
10653	25724
9386	24429
6898	21864
12440	27520
11690	26756
7137	22099
7285	22281
6199	21134
13621	28623
12410	27489
3670	18139
2967	17439
10567	25629
6337	21275
2003	16468
3027	17502
3507	17979
13176	28203
4995	19442
486	27159
806	15293
11310	26821
13743	28749
9025	24071
5238	20156
14127	29136
9863	24916
14171	29182
11588	26660
11787	26851
2697	17173
11335	26403
1415	15890
6772	21733
1802	16272
8646	23684
9607	24655
9915	24967
4991	19437
700	15433
67	15065
7366	22390
8614	23654
1007	15473
8730	23778
1193	15671
1789	16259
8738	23786
11032	26109
2808	17285
349	20052
6728	21685
6513	21451
1155	15634
10622	25685
1571	16046
13072	28107
674	15166
2107	16573
6828	21792
12679	27742
4783	19231
7846	22894
6138	21070
8061	23118
9355	24399
8074	23134
884	15365
10053	25104
6580	21526
9311	24353
12806	27858
7370	22396
7503	22555
2820	17297
6385	21322
3812	18280
1376	15854
11806	26867
8302	17113
12335	28854
9618	24667
5773	20688
14134	29143
8932	23979
12402	27498
13262	28276
11839	26900
2559	17026
14026	29033
6975	21942
3611	18082
9100	24145
12238	27318
463	19682
11347	26415
2192	16658
12472	27550
11527	26597
10088	25135
13488	28497
3489	17962
11994	27052
14400	29403
10900	25980
417	19708
11401	16017
3147	17626
3053	17528
14298	29303
5935	20852
13926	28934
3078	17554
5580	20488
577	19950
10280	25344
2549	17016
6382	21319
2406	16875
11703	26769
14003	29013
1963	16427
285	20014
3988	18450
2228	16693
3841	25920
8973	24016
3713	18182
14656	29657
5167	19609
12273	27354
12772	27827
72	19648
12958	27998
4086	18544
1417	15892
2269	16735
12211	27292
12300	27382
12869	27915
195	19810
1959	26187
8490	23530
11977	27037
10387	25452
1478	15951
14646	29646
6836	21800
4700	19135
1267	15745
1684	26510
9987	25043
14165	29172
14938	29925
8506	23546
14821	29815
12842	27891
3378	17853
14748	29746
11151	26221
11178	26247
12746	27802
9567	24614
14778	29777
5363	20278
13676	28685
14100	29112
6654	21613
9921	24972
2839	17318
1169	15649
12832	23836
12790	27844
5496	20404
10590	25653
9193	24234
10522	25584
6809	21772
9487	22157
3287	17764
12403	27482
3096	17573
5107	19552
7352	22379
11393	26466
11845	26907
3074	17550
1316	15795
6362	21299
12846	27895
4674	19118
13485	28494
1069	15549
5044	19489
4864	19313
5187	22341
12579	22423
14521	29522
2775	17248
13939	28951
3858	18323
3998	18461
2798	17275
3416	17892
3097	17572
8359	23405
12987	28026
14517	29518
7850	22898
12430	27509
7027	21994
6045	20965
7458	22506
6304	21240
5546	20454
1636	16112
5271	20199
7905	22933
2702	17177
14265	29270
5447	20355
11749	21559
12719	27777
9753	24804
10890	25969
5557	20465
4241	18697
253	19813
10204	25260
7633	22684
5054	19499
5112	19557
11095	26173
12340	27423
3231	17707
7899	22945
11982	27043
12950	27990
1668	16143
14004	29014
13592	28604
8691	23729
11640	26713
9502	24549
11594	26666
4685	19128
6520	21464
7698	22747
6818	21782
8883	22241
11165	26235
3024	17499
10213	25269
4387	18829
1594	16470
1150	15630
1659	16134
14473	29474
1817	16287
2650	17130
7976	23017
6165	21099
14533	29534
13963	28975
3512	17983
1207	15685
9238	24280
4828	19276
9837	24888
13128	28159
87	19758
11418	26489
6090	21024
11876	26939
9079	24124
7742	22792
14824	29818
10171	25214
14254	29260
9232	24275
4283	18728
8281	23324
3556	18029
11174	22326
3574	18045
9818	24869
13503	28513
13685	28694
4022	18484
2898	17374
12955	27995
4436	18878
8829	23882
7949	22420
4812	19259
2081	16548
4676	19120
4829	19277
4712	19155
117	19860
4865	19314
4583	19025
12177	27255
9054	24101
5958	20875
1428	15904
933	15414
5179	19620
1916	16381
5388	20302
3976	18438
4057	18516
14042	29048
12464	27543
6232	21164
14149	29158
13728	28735
1440	15916
4087	18545
202	19632
10757	25828
1461	15933
4970	19416
3603	18074
8084	23144
8487	18933
12377	27457
9226	24268
7130	22091
14606	29610
7748	22798
7772	22822
2247	16714
696	15185
1092	15571
666	15156
8759	23807
10446	25508
2633	17097
4850	19299
4506	18947
2477	16945
2358	16824
5191	20109
8890	23941
3765	18234
10540	25602
14371	29374
9865	24917
10556	25618
7740	22787
7805	22855
5218	20134
10963	26038
8686	23724
6555	21500
8604	23644
6434	21369
2540	17007
7179	22134
6739	21697
3046	17521
13314	28324
12393	27473
8729	23777
5247	20165
12720	27778
14316	29320
10841	25921
10420	25483
8937	23983
6333	21269
11483	26554
1722	17286
11948	27008
1325	15804
891	15374
12326	27411
2663	17140
11159	26229
5029	19473
2262	16728
12555	27626
13994	29003
1226	15702
2996	17469
2669	17146
6438	21373
14459	29459
6452	21388
10480	25543
4374	18817
2270	16736
6571	21516
14309	29313
5930	20847
8102	23162
7380	22407
7709	22758
965	15448
514	20068
2649	17126
12169	27247
13309	28319
2188	16654
9070	24116
11897	26958
3365	17842
3759	18227
12166	27244
4598	19038
8985	24027
986	15488
14845	29838
7667	22719
10500	25563
4316	18760
4478	18918
10066	25116
4347	18790
5741	20658
8439	23485
4754	19196
1437	15913
4462	18902
10013	25071
14873	29864
8119	23179
7004	21971
1791	16261
9830	24881
11932	26992
12919	27959
13255	28270
8189	23252
8238	23286
5076	19522
10024	15621
13000	28040
2764	17237
12916	27956
6659	21618
10465	25528
1948	16413
12204	27287
30	28520
12780	27834
7651	22703
4044	18503
8864	23915
5222	20137
5680	20599
8901	23948
9864	25405
12845	27894
5774	20690
4777	19225
5492	20400
14597	29600
1107	15587
5267	20193
5150	20220
9651	24704
6740	21698
4599	19051
11190	26259
2057	16524
4120	18580
1174	15654
2245	16712
14121	29130
3566	18038
896	20510
5195	20113
4861	19310
1753	16223
8236	23284
248	19775
4106	18567
11277	26346
9955	25009
13898	28903
12187	27269
2599	17068
8039	23095
13107	28140
8333	23380
9519	24563
11137	26213
2488	16955
10779	19164
8749	23797
2239	16704
9591	24639
3567	18039
14825	29819
5567	20475
10530	25592
9739	24791
14370	29373
8970	24013
14223	29229
8964	24217
11250	26320
14488	29489
7591	22643
8193	23255
1741	16211
2579	17047
4990	19436
4312	18755
11657	26728
12636	27702
10231	25286
6794	21756
5679	20598
7567	22617
9930	24982
8569	23607
1662	16137
13081	28114
14786	29784
12978	28018
6590	21535
5069	19515
358	19673
11658	26729
9751	24802
1122	15602
445	19679
3715	18184
6584	21830
1618	16094
3716	18185
451	19680
1434	15910
1394	15871
5306	20246
11516	26585
12552	27623
10654	25726
802	15289
5521	20429
4668	19111
10181	25224
6202	21137
2032	16500
6832	21796
7600	22652
10910	25990
326	20050
9139	17056
6893	21859
7038	22005
13067	28102
10190	25238
2086	16552
2625	17614
11143	26194
13373	28380
5205	20122
12615	27682
8574	23612
2589	17058
4537	18979
7435	22481
935	15417
10978	26053
11001	26080
11265	26334
5534	20442
13665	28674
8293	23339
2226	16691
6148	21082
7065	22028
6033	20953
660	15151
8510	23550
5532	20440
5520	20428
3298	17775
8529	23568
1257	15734
5416	20330
12811	27862
437	19783
12175	17563
6401	21335
10484	25547
8900	23949
2384	16853
10620	25683
13091	28124
10725	25795
14119	29128
5710	20629
12760	27815
10613	25676
10298	25361
2513	16980
10259	25320
14464	29465
2110	16577
9993	25050
535	19905
12665	27730
1131	15612
2596	17065
9509	24554
3070	17547
13355	28362
7815	22864
2894	17369
4138	18597
13077	22421
11552	26622
8001	23059
901	15382
5984	20900
8221	23269
3793	18262
2817	17295
12786	22213
6225	21158
6543	21488
5910	20828
11602	26674
99	19760
14642	29642
8434	23480
3083	17558
717	15206
110	19655
2040	16508
8327	23373
174	26631
13824	28827
4480	18920
1051	15511
1108	15588
13087	28120
5111	19556
5627	20537
5635	20545
14512	29513
5906	20825
7310	22304
8558	23595
13611	28624
13466	28476
7797	22847
6783	21744
5048	19493
104	19654
4585	19027
13982	28992
5915	20833
14964	29951
1227	15703
13220	28235
4280	18725
5212	20131
5133	19578
8496	23536
7622	22674
3769	18238
13284	28295
4520	18961
6981	21948
3249	17725
7333	22363
6346	21283
797	15284
9489	24535
6383	21320
6857	21821
12190	27272
4949	19395
5142	19586
7998	23056
3251	17728
8103	23163
9125	24169
2328	16794
10797	25874
11941	27001
259	19731
9922	24974
4315	18759
7283	29750
13925	28933
2882	18398
12102	27182
1968	16432
9566	24613
7873	22919
4912	20180
9776	24911
4744	25328
5204	20121
2787	17258
2499	16966
14889	29879
171	19864
12469	27548
12147	27227
2945	22175
5719	20638
4767	19214
12925	27965
1071	15551
1936	16401
11055	26133
7263	22260
442	19828
1067	15547
14956	29943
5732	20650
8209	23257
8135	23195
2806	17283
1866	16075
7816	22865
10418	25481
9296	24333
11574	26646
8020	23076
619	15111
12216	27298
3475	17948
12819	27870
5768	20684
13623	28635
444	20061
2093	16559
9714	24768
7279	22276
5953	20870
6626	21585
13454	28464
14340	29344
5194	20112
7118	22079
13573	28586
7150	22106
10816	25890
12140	27220
7659	22711
13986	28996
8007	23065
4805	19252
12810	27861
4499	18940
8622	23662
8144	23205
4206	18661
10904	25983
8554	23591
10758	25829
194	16076
5548	20456
6845	21809
4450	18891
3621	18092
7771	22821
6443	21377
10225	25769
5561	20469
12269	27350
6608	21569
6175	21109
9064	24070
7780	22831
7699	22748
9701	24754
14645	29645
7427	22473
2916	17391
8952	23996
6172	21107
13727	28734
4522	18963
10021	25079
5928	20845
13465	28475
13756	28763
10393	22320
1864	16331
12581	22422
1162	15641
14932	29920
1501	15978
6379	21316
7006	21973
14635	29636
4548	18990
4235	18691
9111	24156
6477	21414
1772	16243
10864	25943
4918	18550
8584	23623
4296	18742
13564	28568
9771	24821
10410	25472
5556	20464
12399	27479
5256	20175
6895	21861
4301	18745
2020	16487
8071	23131
10946	26021
371	19960
1550	16025
7171	22126
2813	23762
5254	20173
9979	25033
461	20065
5563	20471
6589	21534
8780	22339
2682	17159
11937	26997
6652	21611
7635	22686
9570	24617
6081	21016
8537	23576
5239	20157
8384	23430
14122	29131
7975	23016
5249	20167
5661	20243
145	19769
12838	27888
14181	29191
9144	24185
2372	16839
8283	23326
6628	21587
14906	29897
2297	16763
10406	25469
1455	15931
9983	25038
9679	24731
7060	22027
3719	18188
3382	17856
7225	22195
14756	29755
1213	25306
5333	20242
14928	29914
1322	15801
1870	16336
1362	15840
11698	26764
2382	16851
2062	16529
1717	16188
2531	16998
3795	18264
6526	21471
1735	16205
880	17270
8586	23625
11868	26931
1678	16152
11784	26845
14563	29565
12657	27723
10371	25438
13748	28755
8092	23152
3870	18334
10232	25287
13790	28796
2578	17046
10240	25295
9362	24407
14565	29567
2546	17013
13591	28603
11070	26147
9045	24092
5429	25329
11907	26968
7848	22896
1750	16220
10218	25274
2538	17005
10083	25133
5648	20558
14331	29335
7696	22745
10614	25677
1606	16083
4432	18874
10288	25352
5283	20207
1214	15690
14837	29830
11560	26632
4751	19193
12240	27320
12507	27584
1194	15672
8043	23098
821	15309
12862	27909
7207	22161
5452	20360
2463	16932
1770	16242
12141	27221
8155	23216
7697	22746
11187	26256
12975	28015
14347	29350
5799	20714
10774	25853
4141	29978
5231	20149
6956	21922
7514	22566
4263	20970
13453	28462
11128	26207
3270	17747
4122	18582
9807	24857
5325	20255
6810	21773
2139	16607
5822	20738
1631	16107
9208	24249
7736	22786
5470	20378
6073	21007
10497	25560
9359	24403
10010	25068
12160	27240
12564	27633
7531	22582
13557	28573
9631	24684
13437	28445
8325	23372
12084	27149
7759	22810
3367	27054
3918	18379
14110	29121
10395	25458
10803	25881
13996	29006
12334	27419
14999	29997
13820	28823
10743	25813
5962	20878
1390	28441
4041	27251
3213	17690
6153	21087
10889	25970
9276	24319
8273	23316
9398	24441
4872	19321
3358	17835
8461	23508
5169	19611
12957	27997
14360	29363
2583	17051
3704	18173
3560	18033
8249	23296
2015	16482
3399	17873
11443	26514
452	19909
3396	17870
2718	17193
13021	28058
9351	24396
3116	17592
1285	15762
4600	19039
9968	25021
2399	16868
2852	17331
9478	24524
8638	23676
3675	18145
10027	19149
5018	19462
13155	28181
4698	19142
5980	20896
9583	24631
6616	21575
11184	26253
13921	28929
9491	24537
2642	17105
497	20067
7008	21975
11461	26532
14904	29896
7554	24824
9251	24293
13927	28935
634	15125
7120	22081
10072	22688
12056	27120
6609	21389
2666	17142
7061	25844
1165	15646
11777	26838
8418	23466
7983	22429
9729	24781
8072	23132
7123	22084
14968	29956
11317	26385
2353	16818
11577	26649
12542	22218
2954	17427
7228	22198
2503	16970
11375	26448
10873	25951
11229	26296
760	15248
12264	27345
10782	25860
9103	24148
3136	25916
6312	21245
10761	25836
12039	27103
3451	17926
11990	27048
4303	18747
6185	21120
10207	25263
4466	18906
3874	18338
8608	23647
10982	26057
3094	17570
1825	16292
2211	16677
6878	21844
6162	21096
13342	28350
4699	22579
7249	22248
13431	28438
10737	25807
9765	24815
9367	24412
2704	29696
3337	17826
9477	24523
3300	17778
10691	25761
7882	22927
927	15409
12965	28005
12420	27500
3888	18351
5415	20329
5609	20519
1320	15799
2418	16888
356	19820
4215	18670
2637	17101
338	19670
2207	16673
5869	20785
495	20039
12345	27428
13037	28073
3032	17507
4107	18568
6944	21910
8526	23565
11715	26780
9278	24321
9161	24202
9147	24188
1398	15875
8938	23984
7043	22010
2706	17180
10767	25842
14804	29800
1826	16293
14440	29547
13325	28334
4875	19324
1177	15657
61	15059
250	19635
19	15017
310	20016
5257	20176
7672	22724
6358	21295
1733	16203
12567	27636
14427	29430
5776	20691
6262	21192
9128	24172
4415	18856
1527	16002
4714	19157
1925	16390
11547	26617
2729	17203
13650	28661
11033	26110
8670	23708
9094	24139
10175	25218
5637	20546
7923	22968
4840	19288
1321	15800
13501	28511
11559	26630
7631	22682
12405	27484
3642	18114
520	20076
12212	27293
14402	29405
12974	28014
12880	27926
1096	15576
920	15402
9121	24165
12949	27989
350	19856
3175	17652
10866	27266
10362	25427
7350	22377
256	19776
5097	19542
4525	18966
1137	15618
3082	17557
4595	19035
9949	25000
8499	23539
3668	18137
4017	18478
7063	25845
14112	21555
14857	29849
12692	27752
4117	18577
11077	26155
5927	20844
12285	27365
2403	16872
2411	16880
3830	18297
10570	25632
1762	16233
2573	17041
3002	17476
12390	26874
5972	20888
6057	20991
4035	18496
2547	17014
7617	22669
10109	25156
7959	23002
6088	29076
10004	25061
13551	28563
729	15216
12013	27077
3864	16708
10723	25793
2717	17192
4884	19335
9186	24227
2128	16594
1897	16363
11101	26177
13788	28794
2355	16821
4693	19137
4582	19024
10429	25492
12070	27134
7348	22375
3755	18223
14166	29178
1628	16104
4925	19371
6121	21053
14124	29133
1036	15495
14577	29579
3803	18272
11049	26127
8108	23168
6432	21367
11974	27034
10070	25120
3608	18079
6819	21783
4760	19207
10482	25545
12738	27794
554	19757
3627	18099
7889	22938
12589	27654
9108	24153
8320	23368
1115	15595
2975	17446
13481	28490
472	19911
2818	17296
6618	21577
8517	23557
14206	29216
1029	15471
5177	19618
7764	22814
10688	25758
12389	27276
5946	20863
144	19657
5401	20316
5775	20689
995	15519
6514	21452
2875	17354
3629	18104
1665	16140
6464	21401
6817	21781
5084	19530
8736	23784
11280	26349
10399	25462
11659	26730
3969	18431
5019	19463
2804	17281
10039	25089
12007	18938
12412	27491
8115	23174
10128	25175
14823	20973
14019	29028
13057	15388
14547	29549
6063	20997
14326	29330
1222	15698
9104	24149
9366	24411
2317	16783
7302	22298
10016	25073
3496	17969
2670	17147
5695	20614
12504	27581
3286	17763
3049	17524
3394	17868
12356	27437
6757	21717
10851	25930
3575	18046
14499	29500
4196	18652
13856	28861
6241	21172
1181	15661
10494	25557
759	28943
1171	15651
8977	24018
13517	28529
8645	23683
5009	19452
8635	23673
7192	22146
4886	19336
4866	19315
11462	26533
5307	20590
3006	17480
3336	17813
10768	24498
706	15193
900	15381
2793	17262
7349	22376
2933	17406
8254	23301
12043	27107
14895	29886
3172	17649
2846	17325
8888	23939
711	15200
14780	29779
5552	20461
7745	22795
13076	28111
9269	24312
3628	18103
7268	22265
4414	18855
682	15174
7619	22671
1245	15728
2492	16959
7437	22483
9195	24236
14255	29261
7606	22659
5638	20548
12423	27502
14136	29145
5173	19615
1830	16297
4634	19078
10452	25514
3531	18004
12871	27917
499	19752
7517	22569
7605	22658
2647	17124
2602	17071
4034	18495
11175	26244
5943	20860
8347	23393
10780	25858
5095	19540
4752	19194
14460	29460
3939	18401
9540	24583
6459	21396
10739	25809
10009	25066
13505	28515
5126	19571
13464	28474
4123	18583
3892	18355
2819	17298
5818	20733
7344	22370
11707	26771
12935	27975
4750	19192
3744	18211
14210	29103
11805	26866
2550	17017
11812	26875
5893	20811
6137	21069
13902	28910
7586	22637
3522	17995
1907	16372
3454	17929
6268	21200
7944	22988
1313	15792
9803	24840
1755	16225
796	15283
7544	22593
13285	28297
856	15342
1180	15660
13163	28189
2113	16580
64	15062
6919	21887
8933	23980
6190	21125
5467	20375
9192	24233
11100	19297
13709	28717
7108	22070
7768	22818
4124	18584
7138	22095
7581	22631
8676	23714
3108	17584
8826	23879
10374	25440
1436	15912
12563	16829
6559	21504
6829	21793
547	19836
3823	18290
13234	28249
3649	18367
10650	25722
3150	17629
407	19750
10705	25775
4222	18678
3535	18008
12384	27465
9455	24502
8618	23658
3462	17936
3068	17544
10407	25470
5051	19496
7420	22467
9426	24469
14443	29444
11205	26272
5434	20345
8356	23403
9918	25048
14278	29283
14047	29053
7741	22791
3174	17651
14672	29674
294	19734
6560	21505
1089	15569
13845	28848
10833	25907
6164	21098
14343	29346
8982	24024
6177	21112
5200	20117
14082	29089
9492	24538
3154	17632
3122	17598
12737	27793
10995	26074
1872	16341
14525	29526
3188	17665
5832	20748
1079	15559
10245	25299
13469	28479
854	15340
6743	21701
3087	17562
7160	22116
13349	28357
3364	17841
241	19870
5737	28944
7810	22859
14245	29251
6491	21428
13567	28579
6805	21768
1655	16130
14705	29707
4776	19224
7220	22190
2511	16978
4320	18763
14522	29523
13526	28538
6945	21911
8700	23736
7739	22790
11635	26707
14785	29783
5462	20370
5352	20268
8157	23218
13130	28161
4733	19175
1970	16434
1305	15784
6938	21905
4629	19073
14725	29725
627	15119
7526	22576
5316	20592
4779	19227
5802	20717
6044	20964
13916	28924
1289	15767
12538	27611
225	19869
2338	26739
9932	24984
3655	18125
11024	26102
2009	16475
9163	24204
11901	26962
6927	21894
13596	28608
9835	24886
3741	18208
14113	29126
12101	27181
13231	28246
1640	16115
7652	22704
2498	16965
11983	27042
10140	25186
3875	18339
13639	28650
1212	15689
4857	19306
8983	24025
8913	23961
13137	28167
8423	23471
394	19749
5654	20568
8206	23030
6264	18943
9673	24725
2024	16492
12362	27443
3807	18275
14946	29933
10986	26065
7430	22476
1228	15704
10456	25518
6156	21091
2173	16639
6824	21788
11504	26575
3284	17761
10159	25225
13362	28369
881	15364
3620	18091
6714	21672
13577	28589
7415	22462
3850	18315
5228	20146
2814	17291
11390	26463
6870	21835
1046	15506
1073	15553
4986	19432
665	15157
13174	28200
9735	24787
9289	24331
9306	24349
2077	16543
7990	23048
13199	28219
2186	16652
7455	22503
12073	27137
10976	26051
9215	24257
11756	26819
5378	20292
6942	21908
5693	20612
758	15247
939	15421
14462	29463
8054	23109
9380	24425
8739	23787
11763	26827
12670	27734
14264	29269
6603	21564
12995	28035
7960	23003
13753	28760
3648	18122
3683	18153
6525	21470
10906	25986
13942	28954
14627	27060
8223	23271
4642	19085
10558	25620
3749	18216
7308	22302
4579	19022
13372	28379
5208	20125
10867	25945
13335	28343
8106	23166
6892	21858
12591	27656
3177	17654
6445	21381
3844	18309
8666	23705
11216	26283
1557	16032
5049	19494
10987	26066
8671	23709
131	19975
12339	27422
2494	16961
4807	19254
11327	26395
14881	29871
1407	15884
8379	23425
6621	21580
5847	20763
9966	25018
2750	17224
5128	19573
5085	19531
10524	25586
1911	16376
3773	18242
3140	17618
2735	17210
8757	23805
12571	27640
709	15198
3405	17880
8556	23593
3206	17682
8	15007
10646	25696
3366	17843
11653	26724
8532	23571
1173	15653
11572	26644
11989	27047
12937	27977
11960	27021
12460	27539
7754	22805
12113	27192
1133	15616
14383	29386
13638	28649
5538	20446
3264	17741
7501	22552
9726	24778
11155	26225
13153	22168
10339	25403
5477	20385
3902	18363
8683	23721
6640	21599
5093	19538
2617	17086
13587	28599
11232	26299
827	15315
961	15444
2746	17220
720	15209
2203	16669
409	27153
13634	28645
14554	29556
10872	25950
14518	29519
13716	28725
9779	24829
5871	20787
13805	28808
6492	21429
12887	27932
11016	26094
4388	18830
11071	26148
12505	27582
10125	25172
1775	16246
1005	15470
3233	17710
10516	25578
5358	20274
6850	21814
5033	19477
9896	24948
13403	28410
11321	26389
10680	25750
813	15300
11863	26926
7216	22177
13175	28202
6174	21110
1497	15974
10869	25947
13976	28986
11778	26839
1559	16022
704	15191
14356	29359
555	19787
5130	19575
7892	21445
2525	16992
8878	23930
9665	24718
11629	26701
9746	24797
6116	21048
8278	23321
46	15044
11481	26552
10546	25608
1758	16229
14624	29627
12435	27514
9318	24361
14312	29316
13089	28122
1273	15750
13569	28580
10332	25396
14378	29381
13356	28363
6064	20998
4664	19107
13012	28050
10424	25487
12413	27492
6152	21086
4999	19444
7616	22668
7071	22034
14048	29054
9824	24875
4545	18987
8808	23863
11428	26434
10148	25194
12288	27368
4787	19235
5037	19482
11614	26686
7144	22102
7671	22723
10331	25395
5519	20427
10368	25435
3214	17691
13951	28962
8941	23987
1003	15525
1905	16371
5605	20515
1563	23353
222	19888
13060	28095
9648	24701
10086	25007
6611	21571
7359	22385
8740	23788
8335	23382
6198	21133
10028	25082
3656	18118
13170	28196
7324	22317
4463	18903
1881	16347
268	25248
11842	26904
6068	21002
3384	17858
6812	21775
8294	23338
13723	28730
5332	20241
1801	16271
2551	17018
5784	20699
826	15314
3991	18453
7799	22849
9322	24365
1304	15783
4821	19268
4603	19043
1303	15782
12260	27341
7703	22752
10313	25377
3913	18376
5800	20715
11472	26543
272	19779
10338	25402
10565	25627
9508	24553
4224	18679
688	15179
9404	24446
14549	29551
348	20026
12352	27434
7096	22059
13004	28044
1278	15754
13405	28412
12002	27066
10430	25493
2127	16595
5339	20254
6958	21924
12185	27265
8697	23758
7585	22636
7266	22263
7832	22880
10834	25908
14268	29273
2135	16602
3355	17832
13369	28376
4431	18873
7647	22699
1646	16121
8364	23410
9043	24090
8153	23214
2432	16902
10883	25961
6160	21094
12827	27878
14114	29125
14308	29311
7189	22144
7613	22665
4262	20976
11563	26635
3320	17800
14359	29362
344	19855
6003	20921
11002	26081
10329	25393
1718	16189
9039	24087
4299	18741
11094	26172
12471	16142
5262	20187
753	15242
10998	26077
13031	28067
13656	28667
11503	26573
5811	20726
3112	17588
11636	26708
9346	24390
9743	25189
10150	25196
13535	28547
10707	25777
5304	20586
9320	24363
1299	15778
8965	24008
1420	15895
9330	24373
2481	16949
14515	29516
11402	26474
9702	24755
10950	26025
5944	20861
11196	26265
12123	27202
6060	20994
5694	20613
8833	23886
8036	23092
11684	26751
12628	27694
6157	21092
13546	28558
3833	18300
4605	19044
9975	25028
4790	19238
203	20003
9140	24182
8870	23921
7106	22342
11924	26984
6738	21696
13036	28072
11431	26501
8894	23944
385	20030
1969	16433
9204	24245
4908	19356
11195	26264
13357	28364
1123	15603
6442	21376
11733	26798
9227	24269
8248	23295
2390	16859
2054	16521
8467	23513
9474	24521
14197	29207
2906	17380
3495	17968
5842	20758
3912	29961
508	19984
919	15401
5233	20151
11840	26902
10527	25589
11346	26414
2025	16493
4472	18912
4302	18746
11082	26160
7710	22759
3940	18402
14818	29813
3490	17963
14066	29072
13146	22331
1856	16323
7114	22075
8231	23279
8587	23627
4005	18466
4593	19034
1763	16234
6470	21407
11954	27014
4572	19015
1952	16417
13496	28505
3170	17647
2232	16697
6660	21619
8727	23775
9539	24584
13750	28757
7375	22401
11643	26715
1687	16160
13393	28400
3933	18392
10281	25345
12929	27969
6742	21700
4169	18623
6960	21926
13757	28764
2874	17353
2794	17265
7934	22979
8921	23969
7638	22690
3788	18255
778	15266
4193	18649
8873	23924
10048	25099
1860	16327
8861	23912
5405	20319
929	15415
7593	22645
6790	21751
14079	29087
5814	20729
9435	24479
13121	28152
5865	20781
6077	21012
3827	18294
7387	22413
9857	24909
11835	26898
13316	28326
12458	27537
11725	26790
1308	15787
6115	21047
2392	16861
1480	15955
10441	25503
3714	18183
11675	26744
13544	28556
9801	24854
6974	21941
1824	17111
1652	16127
11107	26182
10094	25140
7385	22411
4870	19319
5614	20524
9261	24304
9766	24816
4916	19363
7124	22085
13011	22435
13181	28208
2129	16596
10600	25663
13088	28121
6467	21404
5763	20679
4081	18538
3677	18147
2471	16938
11160	26230
2824	17302
7299	22295
404	19706
9598	24646
8811	27663
11495	26566
2310	16776
7135	22098
10899	25979
569	19846
1977	16442
6015	20931
3439	17913
2370	16837
13837	28840
8639	23677
9913	24965
1546	16020
7487	22536
13030	28066
11736	26801
3801	18270
4845	19293
14307	29312
11097	26175
11301	26369
2250	16717
7252	22252
5550	20458
13932	28940
2296	16762
11912	26973
13483	28492
13740	28747
2430	16901
2529	16996
10695	25765
1301	15779
1486	15962
12854	27903
8612	23652
10640	25703
6292	21224
2609	17078
3606	18077
4638	19082
11052	26130
1898	16364
3457	17932
10044	25094
11800	26861
458	20009
10304	25368
13954	28965
7457	22505
685	15176
713	15202
5610	20520
5565	20472
3958	18420
14433	27213
11906	26967
1231	15707
14391	29389
9400	24443
11534	26604
1234	15718
10964	26040
5686	20605
2439	16909
9337	24380
223	20045
12866	27912
4554	18995
12523	27598
1192	15670
12716	27774
1724	16193
11576	26648
5890	20808
10738	25808
3257	17734
10251	25311
14058	29064
4489	18929
13129	28160
14353	29356
4892	19342
4059	18517
8478	23523
12982	28022
11833	26896
13395	28402
7336	22366
526	19743
9846	24897
257	25247
6040	20960
8643	23681
7198	22152
9546	24591
4964	19410
12069	27133
8947	23991
11494	26564
10611	25674
10008	25065
6254	21185
6263	21193
5758	15384
13193	22185
2815	17292
1892	16358
11239	26308
9272	24315
4125	18585
11639	26711
4609	19049
13980	28991
560	19949
10771	25850
7055	22023
5491	20399
13813	28816
261	19892
5864	20780
8623	23663
13308	28318
10897	25977
12689	27749
5524	20433
11517	26587
4099	18559
14954	29941
11773	26834
14552	29554
9134	24177
10566	25628
5072	19518
11303	26370
599	15092
5932	20849
4854	19303
4055	18513
2242	16709
7276	22273
11627	26699
7001	21968
11647	26719
10537	25599
5894	20812
4449	18890
3558	18031
2363	16830
12843	27892
10515	25575
10489	25552
7413	22460
6481	21418
10939	26014
5336	20251
143	19986
7479	22528
6235	21167
10278	25342
14556	29558
2104	16570
14009	29019
12149	27229
11199	26267
3029	17504
11681	17057
8966	24009
14380	29383
438	15088
9221	24263
13964	28976
1573	16048
14296	29299
14300	22328
11714	26779
6592	21537
1692	16165
7041	22008
2912	17387
13829	28832
13536	28548
3516	17987
8839	23891
6280	21212
12321	27406
13473	28483
9605	24653
1216	15692
12526	27601
13292	28304
6458	21395
765	15253
8724	23757
1972	16436
10459	25521
1937	16402
7177	22132
8477	23522
11513	26583
6675	21634
2530	16997
11222	26289
866	15350
10412	25475
13063	28098
13617	28630
12799	27852
14008	29018
828	15316
11149	17110
5213	20138
9202	24243
7731	22782
13763	28770
4753	19195
4380	18824
9453	24500
56	15054
11761	26825
4546	18988
3605	18076
2627	23761
3792	18261
7325	22321
12040	27104
8234	23282
5209	20126
630	15121
14413	29416
5096	19541
1575	16050
11399	26472
1861	16328
4165	18619
2621	17090
3349	17827
5300	20225
4455	18896
7818	22867
2281	16747
12337	27420
1767	16239
4481	18921
3970	18432
1771	16238
5258	19281
10123	25170
3822	18289
3383	17857
3429	17904
7553	22602
3309	17789
5504	20412
2177	16643
9754	24805
11315	26383
6948	21914
5998	20914
2416	16886
9867	24919
3310	17790
7288	22284
5223	20129
11425	26496
13934	28946
13720	27059
5122	19567
3277	17754
792	15279
13887	28891
12924	27963
9358	24402
1895	16361
3836	18303
11342	26410
13694	28703
6778	21739
11367	26440
3784	18252
13940	28952
13687	28697
10169	25212
13116	28148
14480	29481
9088	24133
6014	20930
14800	29796
7419	22466
11869	26932
12900	27943
11133	26210
14194	29204
5929	20846
3799	18268
12835	21270
8936	23982
7293	22289
9190	24231
861	15345
9462	24509
4938	19383
1681	16155
7410	22457
14729	29729
4343	18786
10435	25498
9411	24454
78	19857
9106	24151
12511	27587
13612	28625
8324	23371
12120	27199
8235	23283
1590	16064
3644	18116
11855	26917
11827	26890
14509	29510
11979	27038
11953	27013
6781	21742
7459	22509
836	21022
3986	29974
10741	25811
9463	24510
1776	25641
5255	20174
4940	19385
2074	16540
6890	21856
6446	21380
2035	16503
8714	23751
9105	24150
6932	21899
8322	23843
6639	21598
14429	29432
12787	27840
5291	20215
4385	18827
2524	16991
3209	17685
4643	19086
3735	18202
5709	20628
10172	22230
11849	26912
4056	18515
7329	22359
4727	19169
11717	26782
12278	27358
6141	21073
6662	21621
14674	29676
9427	24470
3776	18245
11069	26146
8981	24023
11634	26706
1983	16448
4371	18814
12494	27570
1742	16212
14484	29485
14903	29894
733	15220
4987	19433
4724	19166
10523	25585
3638	18110
11926	26986
9093	24138
5618	20528
50	15048
1002	15524
1669	16144
3810	18278
7701	22750
6252	21183
9719	24773
8404	23451
9784	24834
10139	25185
14084	29091
10312	25376
8775	23823
450	20063
7584	22635
13550	28562
7376	22402
11442	26513
2452	16921
2628	25711
6602	21563
4725	19167
7806	22856
7390	22416
7002	21969
3191	17668
6494	21431
3641	18113
6075	21009
7482	22531
4955	19401
8272	23315
11288	26357
5495	20403
8795	23849
5035	19480
6900	21868
13354	28460
13386	28391
5500	20408
5129	19574
6050	20984
5823	20740
6122	21054
1418	15893
9569	24616
3148	17627
5835	20751
537	19786
97	19851
10252	25312
12729	27788
2470	16939
1365	15843
10193	25240
1567	16041
42	15039
4740	19182
2482	16950
1238	15721
1566	16040
11287	26356
7084	22047
10928	26304
689	15953
6886	21852
7398	22445
3931	18390
862	15346
6632	21591
5471	20379
1463	15938
9587	24635
5263	20188
13269	28282
14527	29528
12669	27733
8871	23922
6205	25714
255	19995
12968	28008
1639	24359
10829	25903
7454	22502
7646	22698
9963	25016
13494	28503
6917	21885
14454	29461
12267	27348
13337	28345
7161	22117
8227	23275
1364	15842
11626	26698
8764	23812
2431	16900
5815	20730
8187	23249
7321	22314
3482	17955
13605	28617
3030	17505
5809	20724
2516	16983
9877	24929
10000	25057
8098	23158
9467	24514
13622	28634
7250	22249
11220	26287
4652	19096
3038	17513
4145	18601
2765	17233
981	15462
2762	17235
1248	15731
14504	29505
9828	24879
9619	24668
53	15051
7447	22495
3146	17624
8954	22224
8800	23853
7451	22500
9965	25019
13533	28545
7938	22983
14222	29228
13257	29094
12309	27391
12050	27114
8162	23222
7822	22871
6711	21669
13404	28411
12233	27313
3657	18117
1253	15711
8190	23253
8052	23108
12546	27619
618	15110
1140	15622
3938	18400
8367	23413
2326	16792
5469	20377
6000	20916
12004	27069
8840	23892
11808	26869
7483	22532
3954	18416
7590	22642
13786	24318
6516	21455
2321	16787
5329	20238
4091	18549
14314	29318
414	27154
1960	16424
14294	29297
7706	22755
1914	16379
10519	25581
8337	23384
9549	24596
5738	20655
8179	23239
1488	15964
4028	18490
7729	22780
12254	27335
5959	21462
13528	28540
9349	24393
5934	20851
12496	27572
9410	24453
12349	27431
3192	17669
8801	23854
32	15023
9381	24426
8200	23025
2253	16720
10636	25698
7692	22741
447	20035
1075	15555
9033	24079
217	21199
279	20013
4509	18950
9637	24690
5135	19579
7201	22154
14583	29585
12501	27578
14229	29235
14706	29708
10255	25316
1199	15678
5412	20326
9747	24798
2076	16542
2897	17372
1481	15956
1201	15680
8774	23822
12644	27710
1549	16024
2273	16739
7193	22147
3427	17902
13331	15273
4590	19032
7028	21995
10786	25864
9694	24747
3832	18299
3816	25830
6864	21828
10291	25355
10552	25614
3786	18256
10242	22227
7621	22673
5082	19528
11947	27007
3885	18348
9731	24783
10729	25799
10959	26034
931	15412
14601	29604
3219	17695
2508	16975
9712	24766
7297	22293
8955	23998
10641	25704
4637	19081
6256	20802
3272	17749
6561	21506
14146	29155
12890	27934
5790	20705
2174	16640
12518	27593
8171	23231
4445	18887
7395	22432
6457	21394
10180	25223
3308	17787
7871	22918
4815	19262
5472	20380
13212	28227
855	15341
10966	26042
14067	29073
6596	21541
13273	28285
7372	22398
12700	27759
12225	27306
3461	17935
4072	18530
5488	20396
536	19756
4121	18581
6594	21539
10243	25297
9650	24703
9482	24528
13418	28425
8012	23069
3292	17769
10413	25476
12155	27235
2121	16588
3935	18471
12664	27729
14836	29829
9734	24786
3163	17641
14040	29046
1397	15874
7881	22926
5626	20536
13877	24530
12775	27830
13697	28706
8513	23553
6862	21826
8827	23880
7294	22290
2597	17066
9778	24828
3392	17875
4345	18788
11768	26829
4379	18822
9424	24467
8843	23895
11540	26610
719	15208
9031	24077
13061	28096
8652	23690
6318	21254
4069	18526
1988	16453
14550	29552
1540	16015
10709	25779
12021	27085
11029	26107
4389	18831
9948	24999
5870	20786
12109	27188
14414	29417
4913	20219
12947	27986
8520	23560
6031	20951
3831	18298
4359	18801
9007	24051
12920	27960
11477	26548
10327	25391
2784	17255
11438	26508
1318	15797
1292	15770
8595	23634
2231	16696
2309	16775
3477	17950
14637	29640
13669	28678
4402	18844
8732	23780
423	15076
5217	20133
600	27576
1935	16400
13881	28885
510	19713
5688	20607
13134	28164
10425	25488
10002	25058
1702	16175
11247	26317
2711	17186
8060	23117
6120	21052
1240	15723
3055	17530
2809	17287
3408	17883
13164	28190
457	19681
4630	19074
12411	27490
1255	15713
9431	24475
11779	26840
479	19623
12298	27380
13826	28829
3971	18433
14745	29743
2473	16941
11803	26864
13048	28084
14694	29695
3374	15073
2522	16989
12419	27499
1525	16000
7820	22869
956	15439
652	15144
14154	29163
8260	17268
2977	17447
3686	18155
2909	17383
4113	18574
9852	24904
14810	20967
14828	29822
9452	24499
14001	29011
11475	26546
10168	25211
13562	28575
134	19767
10277	25341
12328	27413
4357	18800
11720	26785
13267	28281
14598	29601
3302	17781
7107	22069
7930	22975
4839	19287
10492	25555
14199	29209
189	19661
11665	26734
7995	23053
5382	20296
1237	15720
4920	19366
1010	15477
10104	25151
14910	29901
4136	18595
8163	23224
11521	26591
12632	27698
1459	15935
886	15369
5159	19600
8838	23890
6533	21478
11767	25964
3156	17634
3758	18226
288	20048
969	15452
6695	21655
4129	18589
6474	21411
2672	17150
7381	22408
6209	23766
12686	27746
6026	20947
11958	27018
10870	25948
7723	22772
2329	16795
766	15254
10295	25359
6650	21609
2561	17028
12398	27478
40	15037
3869	18333
1514	15989
2359	16825
81	19952
11853	26915
13204	28221
9775	24826
3371	17847
9217	24259
8658	23696
14562	29564
5716	20635
7914	22959
14710	29712
3386	17860
1282	15759
13266	28280
7056	25036
974	15455
506	19946
13785	28792
1290	15768
6498	21436
12586	27652
6106	21029
648	15140
9324	24367
6741	21699
5145	19589
13580	28592
9279	16183
8530	23569
5120	19565
11551	26621
1709	16181
4816	19263
13157	28183
9012	24056
11597	26669
11272	26341
2204	16670
2864	17343
5853	20769
14095	29106
6352	21289
1153	15632
5043	19488
7210	22164
2424	16894
3098	17574
7389	22415
10667	25737
12577	27646
4018	18480
12217	27299
9593	24641
7537	22587
14545	29546
3205	17681
247	19891
7913	22958
8962	24005
9925	24979
13901	28908
12794	27847
7416	22463
12864	27911
5147	19591
9847	24898
5020	19465
6963	21929
3004	17478
14363	29366
10223	25279
11822	26885
5967	20883
9676	24728
14304	29308
269	19637
10472	25535
6985	21952
3479	17952
9793	24844
13448	28456
7811	22860
12530	27605
3088	17566
3817	18284
6321	21257
2426	16896
13462	28472
2213	16679
6547	21492
454	19829
6500	21438
1799	16269
6489	21426
7224	22194
574	20079
9213	24255
10457	25519
2260	16226
6480	21417
1205	15683
10202	25258
9390	24432
1947	16412
13017	28055
11930	26990
5366	20281
1955	16420
11110	26185
13823	28826
7903	22949
11583	26655
11426	26497
5182	20101
4730	19172
1878	16344
3524	17997
3375	17850
11261	26331
734	15221
8073	23133
3617	18088
8906	23954
7211	22165
13842	28845
7755	22806
12168	27246
5941	20858
4042	18501
161	20072
7303	22299
11820	26883
2651	17128
13742	28751
2042	16510
10358	25423
12042	27106
278	19732
6969	21935
8030	23086
3821	18288
6276	21208
14432	29434
9881	24933
12181	27259
2990	17462
3570	18042
10157	25202
11267	26337
13571	28583
14885	29875
13001	28041
2109	16575
6709	17183
1537	16012
6875	21841
3604	18075
11293	26362
9773	24823
314	25252
8086	23146
10250	25310
13873	28878
1543	17109
98	19653
11355	26427
7301	22297
4729	19171
11053	26131
9308	24351
8289	23334
5088	19534
11514	26584
1136	15617
3065	17540
9595	24643
1298	15776
13053	28089
9016	24061
775	15263
12157	27237
6967	21933
1708	16180
3104	17580
160	19882
443	20034
14099	29111
6448	21383
1487	15963
12740	27796
5797	20712
9562	24609
9245	24287
12019	27083
1170	15650
1786	16256
4917	19364
8632	23670
7320	22313
8178	23238
8803	23856
12506	27583
6860	21824
3319	17799
1448	15921
8407	23454
6883	21849
3305	17784
3780	18248
2263	16729
13368	28375
12127	27206
10616	25679
11099	23298
7036	22004
14277	29282
9656	24709
11744	26809
11762	26826
5073	19519
11156	26226
5381	20295
1805	16275
4219	18674
3414	17890
14015	29026
6231	21163
3471	17941
968	15451
5848	20764
7328	22333
11322	26390
1063	15539
6168	21103
11740	26805
9376	24421
284	19978
10518	25580
10397	25460
13179	28206
5672	17118
2276	16742
12045	27109
10571	25633
11227	26294
3333	17810
10763	25838
8034	23090
4705	19147
2298	16764
11113	26189
1309	15788
14618	29621
994	15518
4010	18472
8664	23703
13961	28973
6146	21079
1754	16224
14212	29105
3659	18129
13288	28300
4427	18869
282	19893
5991	20907
5600	20507
9971	25024
283	19733
5479	20387
5168	19610
1343	15822
6903	21871
14747	29745
14986	29981
10586	25649
13151	22426
7443	22490
6635	21594
3553	18026
13010	28049
5566	20474
8343	23390
9223	24265
2225	16689
2165	16631
10095	25141
5589	20497
2484	16951
5404	20318
14657	29658
7397	22444
4581	19332
7408	22455
7785	22835
6855	21819
6923	21891
10020	25078
1443	15917
1891	16357
6151	21085
2022	16490
11078	26156
7378	22404
3328	17788
14174	29185
6408	21342
8939	23985
6737	21695
1711	16182
3423	17898
4406	18848
14949	29936
388	27152
14926	21239
14636	29639
13169	28195
7947	22991
406	20058
12812	27863
6996	21963
2661	17138
3141	17619
432	15082
10376	25442
13937	28949
9657	24710
8466	23512
13597	28610
803	15290
14217	29223
1720	16191
3676	18146
5844	20760
2678	17155
13136	28166
7474	22523
11058	26136
3706	18175
13576	28588
12865	22205
175	19630
10954	26029
9527	24572
4424	18866
7199	22153
5696	20615
1933	16398
11570	26642
4213	18668
13933	28941
9451	24492
4250	18706
11578	26650
768	15256
2383	16852
10122	25169
11064	26142
9473	24520
4507	18948
3917	18393
11118	26192
2419	16889
14132	29141
9319	24362
6642	21602
13467	28477
10003	25059
750	15239
3959	18421
14472	29473
10019	25077
12912	27952
12159	27239
13444	28452
374	20054
2517	16984
13015	28053
11910	26971
12247	27328
4841	19289
7007	21974
10929	26832
4420	18861
4659	19103
7865	22912
12886	27931
11171	26241
14155	29164
2212	16678
3924	18385
10955	26030
12610	27677
6550	21495
28	15028
11432	26502
6193	21128
1548	16023
14435	29437
11935	26995
10466	25529
11561	26633
4994	19440
4874	19323
3667	18136
3906	18369
11846	26908
4163	18617
690	15180
1291	15769
10126	25173
6908	21876
9670	24722
1747	16217
1635	16111
254	20019
2849	17328
2218	16684
12953	27993
6591	21536
1395	15872
701	15188
13119	22183
950	15432
489	19741
9707	24760
2446	16915
10836	25910
9750	24801
2684	23841
8117	23177
7628	22680
6984	21951
1586	16060
4226	18682
2730	17204
8503	23542
6933	21900
8592	23631
13541	28553
9171	24213
11619	26691
10401	25464
14228	29234
10682	25755
13065	28100
10314	25379
7157	22113
6597	21542
1366	15844
13497	28506
8344	28396
13243	28258
4334	18777
5327	20237
3542	18015
13586	28598
2854	17333
12241	27321
8597	23637
7045	22012
3584	18055
8257	23306
13351	28359
8146	23207
11166	26236
6369	21306
10623	25686
4950	19396
3679	18149
13463	28473
6562	21507
4791	19239
3882	18253
12052	27116
7957	23000
1423	15899
4954	19400
10047	25098
14116	17029
9284	24326
5777	20692
7405	22452
14020	29029
8341	23388
10895	25975
6929	21896
11108	26183
13776	28784
5242	20160
5630	20540
14816	29810
6723	21680
2778	17251
6588	21533
13064	28099
4372	18815
343	20025
9129	24173
3444	17919
3235	17712
10141	25187
5356	20272
822	15310
13948	28960
11533	26603
14712	20945
9222	24264
12095	27175
3782	18250
11585	26657
12265	27346
12439	27519
14230	29236
2485	16952
3266	17743
3316	17796
3469	17945
14476	29477
2504	16971
14103	29115
13689	28698
8903	23951
2369	16836
1070	15550
1664	16139
7791	22841
4006	18467
6909	21877
62	15060
2122	16589
5192	20110
6623	21582
8284	23329
11256	26326
13295	28307
12815	27866
4353	18796
12289	27369
10576	25639
7031	21998
7910	22955
9249	24291
6925	21892
11079	26157
6940	21906
5782	20697
5572	20480
12038	27102
11328	26396
5425	20338
7683	22734
14891	29881
123	19764
7578	22628
8851	19089
5761	20677
9950	25001
5046	19491
13271	28284
2360	16826
3901	18362
5287	20211
9594	24642
14282	29287
3397	17871
4851	19300
4184	18639
6582	21528
6849	21813
2581	17049
3545	18018
11858	26921
14982	29976
2462	16931
654	15146
10501	25564
13019	22437
5569	20477
4819	19266
11883	26945
13161	28187
10596	25659
4669	19112
1053	15543
651	15143
5474	20382
5658	20572
14755	29754
11114	25040
4104	18565
14120	29129
668	15160
3327	17819
1336	15814
8617	23657
954	15437
7566	22615
8116	23175
12593	27658
13196	22440
14689	29689
9169	24210
2785	17256
6288	21220
13056	28092
12626	27692
4523	18964
12836	27886
7612	22664
10468	25531
7050	22018
5246	20164
3826	18293
6275	21207
13114	28146
12566	27635
8472	23516
2936	17410
13195	22425
9153	24194
5528	20436
9046	24093
6538	21483
13339	28347
11998	27063
13108	22433
5876	20793
11895	26956
4307	18749
8576	23615
5400	20314
11027	26105
10651	25723
8549	23586
1621	16097
2464	16933
10934	26009
2106	16572
6249	21180
3190	17667
1806	16276
11103	26039
1666	16141
3772	18241
9060	24107
7677	22729
4521	18962
5003	19448
5361	20276
12336	16065
6483	21420
1403	15880
500	19686
14338	22178
9352	24395
4863	19312
2333	16799
14173	29184
8818	23871
212	20004
13968	28980
11298	26368
8505	23545
960	15443
11569	26641
12495	27571
9536	24581
5795	20710
9155	24196
9415	24458
2648	17125
1517	15992
9989	25045
7682	22733
2044	16512
7034	22002
9870	24922
5599	20509
8047	23103
5288	20212
14811	29805
4715	19158
586	20043
7445	22492
13142	28172
12503	27580
3225	17701
14236	29242
8111	23176
2502	16969
13040	28075
4238	18694
7967	23008
14389	29393
3003	17477
1232	15708
6822	21786
10865	25944
13974	28985
4541	18983
5888	20806
12486	27564
8453	23500
7363	22391
4366	18808
11644	26716
6649	21608
2265	17263
14043	29050
3044	17518
11518	26588
10962	26037
11622	26694
12731	19201
7417	22464
94	19968
8109	23169
6734	21692
14285	29290
11565	26637
7238	22222
8018	23074
10390	25455
1024	15490
10933	26008
2302	16768
11752	26817
6939	21904
11042	26120
10447	25509
5113	19558
10205	25261
7883	22928
2959	23597
8846	23898
11349	26417
12841	27890
12778	27832
7565	22634
13797	28801
858	21547
10535	25597
679	15171
3576	18047
13086	28119
2653	17127
4294	18396
6902	21870
9214	24256
11651	26722
589	19847
11942	27002
7649	22701
1275	15752
6689	21649
7235	22216
5708	20627
8502	23543
14768	26309
8657	23695
12164	16489
7996	23054
5671	20584
5078	19524
13555	28567
8021	23077
7511	22563
11649	26721
10726	25796
3183	17660
11449	26520
12047	27111
742	15231
2862	17341
7986	23044
14011	29021
4703	19145
4257	18712
4441	18883
1326	15805
13468	28478
8693	23731
14452	29453
6980	21947
8702	23738
9884	24936
8025	23080
2976	19199
12877	27923
9692	24745
10945	26020
14502	29503
157	19658
7529	22580
13912	28920
12906	27948
4254	18710
11192	26261
5755	20672
10455	25517
266	20020
14626	29629
13725	28732
5456	20364
13062	28097
3639	18111
10173	25216
3690	18160
13545	28557
5245	20163
4411	18852
1334	15813
3743	18210
11650	26060
9904	24956
1083	15563
8660	23698
8457	23504
1161	15642
1648	16123
5652	20563
3395	17869
1272	15749
390	19823
14536	29537
12114	27193
9067	24113
3523	17996
10200	25256
5886	20804
8152	23213
9999	25055
14202	29213
8602	23642
11915	26976
1118	15598
10989	26068
1113	15593
4842	19290
2409	16878
3785	18254
3834	18301
5611	20521
1111	15591
6760	21720
9267	24310
11057	26135
12115	27194
6380	21317
13818	28821
427	15079
1961	16425
3908	18371
6224	21157
9879	24931
3011	17485
8869	23920
5312	20229
10246	25300
14386	29390
979	15460
11831	26894
11120	26199
2206	16672
488	19963
14561	29563
7074	22036
4666	19109
8099	23159
12881	27927
1913	16378
14916	29907
12133	27212
9557	24604
5408	20322
8142	23203
13141	28171
4047	18506
4803	19250
8125	23186
5629	20539
8793	23846
8725	23773
14839	29832
10164	25207
11993	27051
9841	24892
321	19781
4882	19331
6920	21888
10912	25992
5430	25149
6186	21121
4748	19190
4935	19381
1060	15536
9255	24298
5498	20406
11535	26605
14416	29419
9378	24423
14505	29506
2116	16583
12422	25067
7113	22074
14615	29618
13985	28994
11939	26999
198	19867
9097	24142
10155	25201
6124	21055
13814	28817
8271	23314
9827	24878
6671	21630
2506	16973
6343	21281
2178	16644
10672	25742
5406	20320
332	19645
5124	19569
12694	27754
14319	29323
14625	29628
277	19639
4852	19301
4408	23127
13724	28731
14600	29603
1130	15611
10267	25332
3437	17912
14924	21237
7195	22149
10357	25422
567	20042
274	19638
9808	24858
331	19959
7133	22096
1379	15858
4568	19009
3569	18041
4721	19163
12575	27644
4469	18909
12067	27131
4625	19069
11788	26848
8573	23611
12651	27717
13477	28487
13868	28872
3651	18124
9194	24235
623	15085
14128	29137
13117	28149
11662	26732
13256	28271
8076	23136
2014	16481
703	15190
13808	28811
13673	28682
8742	23790
874	15358
13836	28839
11566	26638
2344	16809
5724	20643
11765	20944
12388	27470
4438	18880
744	15233
9327	24370
13246	28260
8991	24033
830	15318
3090	17564
10595	25658
9393	24436
13198	28218
12227	27327
12338	27421
12867	27913
4038	18499
5743	20659
1796	16266
4868	19317
14145	29154
8087	23147
10503	25566
9061	24108
2209	16675
10153	25199
11509	26579
13770	28776
13363	28370
11844	26906
4484	18924
8816	23869
3684	18154
11676	26745
6801	21764
7194	22148
353	19736
12646	27712
5792	20707
7498	22550
579	19966
5982	20898
14765	29764
13711	28720
9342	24385
5950	20867
14297	29302
10058	20671
8733	23781
6906	21874
2429	16898
9265	24308
2856	17335
473	19710
7724	22773
6374	21311
8711	28855
4464	18904
8522	23562
10040	25090
3736	18204
8647	23685
13240	28255
5753	20669
11469	26540
464	27155
7254	22254
5911	20829
1351	15829
7237	22221
1609	16084
5669	20582
10475	25538
7757	22176
7980	23035
14493	29494
6183	21118
10151	25197
9395	24438
6440	21375
14528	29529
11398	26471
1090	15570
11542	26612
2048	25968
9898	24950
12976	28016
49	15047
13322	28331
6294	21226
12973	28013
6278	21210
11613	26685
9859	24912
1832	16299
12302	27384
10037	25087
7795	22845
2889	17365
6497	21435
642	15134
4736	19178
14633	29635
4313	18757
1634	16110
13905	28913
14794	29790
2840	17319
7183	22138
5731	20649
8565	23604
3212	17688
13318	28327
4458	18899
13844	28847
13828	28831
12283	27363
7471	22520
4260	18716
877	15361
58	15057
13247	28262
10862	25941
9720	24774
10031	25083
10498	25561
2881	16034
13556	28569
12026	27090
11067	26150
11539	26609
10363	25428
10676	25746
17	15014
13300	28310
12020	27084
1355	15833
5512	20420
13455	28465
13407	28414
8083	23143
3965	18427
12769	27824
2223	16688
14573	29576
9099	24144
10353	25418
352	20089
13613	28626
6941	21907
14855	29847
1807	16277
12347	27429
10438	25501
3797	18266
1347	15826
681	15173
4328	18771
2632	17096
7204	22158
1529	16004
544	19627
3352	20105
11144	26195
4143	18602
10684	25752
11985	27044
6221	21153
14306	29310
2932	17405
12849	27898
1516	15991
9240	24282
5232	20150
1505	15982
11771	26831
2518	16985
10559	25621
10273	25337
14631	29633
6092	21032
402	19961
9239	24281
9996	25053
8014	23071
3849	18314
11591	26663
12754	27809
11404	26476
2155	16622
492	19712
11283	26352
3818	18285
214	19887
6965	21931
14520	29521
516	19753
1685	16158
11927	26987
8207	23023
7347	22374
8855	23905
1605	16082
667	15159
9271	24314
7539	22589
13419	28426
2772	17246
9234	24276
10711	25789
6265	21194
10166	25210
2205	16671
7917	22962
6281	21213
12773	27828
8916	23964
7814	22863
9903	24955
7466	22514
5601	20512
10069	25119
7940	22985
13658	28669
575	27164
4282	18727
7368	22394
13524	28536
10057	25109
11726	26791
3079	22318
8038	23094
7650	22702
5936	20853
9733	24785
1414	15889
1882	16348
2734	17209
14151	29160
1484	15960
2280	16746
882	24841
3100	17576
1507	15984
11200	26268
10409	25471
6103	21027
8762	23810
1460	15936
11424	26495
7356	22382
13365	28372
7317	16044
9529	24574
4407	18849
2537	17004
14256	29262
2842	17321
6921	21889
11466	26537
13084	28117
4192	18648
14465	29466
7024	21991
7202	22155
2836	17314
6493	21430
983	15464
11453	26524
2938	17412
7855	22903
10856	26813
12072	27136
9883	24935
1386	15864
6072	21006
13876	28881
859	15343
727	15215
8113	23172
3283	17758
13025	28061
243	19774
4927	19373
9608	24656
6954	21920
12606	27673
2346	16811
12281	27361
13735	28741
7844	22893
887	15370
8385	23431
13275	28287
3311	17795
4289	18734
3488	17961
6406	21340
13900	28905
14172	29183
944	15426
1862	16329
11929	26989
1203	15675
9630	24683
3696	18166
6863	21827
12308	27390
11150	26220
11116	26190
10679	25749
13787	28793
841	15328
3742	18209
13172	28198
4378	18821
2101	16567
193	20002
125	19974
2972	17443
12980	28020
8023	18540
12365	27446
170	19988
8138	23199
2659	17136
5880	15009
11568	26640
7733	22784
12892	27936
9744	24795
3221	17697
12996	28036
14089	29097
10678	25748
12401	27481
1592	16067
2332	16798
59	15058
1043	15504
11581	26653
10845	25925
5859	20775
8406	23453
6798	21761
7401	22448
10961	26036
2768	17242
10871	25949
8317	23364
3261	17738
10415	25478
5593	20501
13050	28086
10819	25893
8442	23489
4982	19428
4461	22443
12381	27460
1712	25005
7604	22657
9120	24164
9756	24807
8414	23461
9260	24302
13879	28883
9180	24222
3602	18073
1264	15742
959	15442
11604	26676
10607	25670
10631	25692
4710	19153
7409	22456
14092	29100
7164	22119
4418	18859
788	15275
4782	19230
12682	22436
14168	29171
11925	26985
12183	27261
6306	21241
13733	28739
13125	28156
8988	24030
3095	17571
13537	28549
8403	23450
6643	21601
1671	16146
8611	23651
237	19729
9051	24098
14870	29861
2884	17360
14766	29765
12194	27274
8540	23579
12649	27715
3245	17722
1962	16426
10759	25832
1672	16147
8340	23387
14632	29634
2708	17182
2963	17434
11169	26239
11356	26428
4761	19208
12065	27130
9715	24769
11340	26408
13640	28651
6669	21628
3463	17938
12186	27267
5594	20502
3061	17536
3291	17768
13542	28554
9379	24424
7829	22879
5631	20541
6285	21217
7094	22057
10831	25905
7264	22261
6211	21143
8566	23605
3404	17879
8817	23870
5964	20880
14614	29617
327	19853
10318	25383
2982	17452
3746	18213
4094	18554
1884	16350
1564	16038
13821	28824
4931	19378
13293	28305
2457	16926
5783	20698
9520	24564
14898	29889
3581	18052
5787	20702
9293	24335
6301	21233
8995	24039
1357	15835
4720	19223
7655	22707
8564	23602
4309	18751
10054	25105
5952	20869
416	19698
2030	16498
10855	25933
3502	17975
8494	23534
10294	25358
10185	25229
8458	23505
5681	20600
12565	27634
5632	20542
11039	26117
13618	28631
8230	23278
8239	23287
3561	17625
10775	25854
8436	23482
4108	18569
2737	17212
10320	25385
292	19640
1421	15897
3202	17678
7985	23043
127	19804
4745	19187
5920	20837
9036	24082
5966	20882
10348	25413
8942	23988
3791	18260
11080	26158
10823	25897
6934	21901
2397	16866
3982	18444
502	19784
11215	26282
12653	27719
378	27150
4417	18858
4405	18847
2553	17020
11441	26512
2402	16871
13214	28229
10323	25388
12473	23036
5723	20642
6868	21833
1252	15710
4758	19205
2266	16732
7244	22242
5207	20124
14970	29958
11206	26273
4231	18687
6690	21650
5211	20130
564	19716
13165	28191
9794	24846
3596	18067
1329	15808
6946	21912
14354	29357
2180	16646
3230	17706
3708	18177
3339	17815
2664	17141
10760	25835
4704	19148
8867	23918
13967	28979
14724	29724
4205	18660
12582	27648
12426	27505
2752	20565
4258	18714
11711	26776
1015	15481
8784	23830
13073	28108
6084	21019
12315	27399
3151	17917
8782	16428
14365	29368
5645	20555
8009	23598
11459	26530
6544	21489
9137	24180
1059	15535
2308	16774
12693	27753
12833	27884
140	19929
7571	22620
8634	23672
12180	27258
9497	24544
13442	28450
6528	21474
10593	25656
1829	16296
12998	28038
7127	22088
7684	22735
7890	22939
6751	21711
4426	18868
12891	27935
2068	16535
7345	22372
8515	23555
1625	16101
9850	24902
6879	21845
14179	29189
13646	28657
13892	28896
5904	20822
11742	26807
1330	15809
9612	24660
4802	19249
10588	25651
9112	24157
7808	17990
6008	20924
8588	23626
13999	29009
2823	17301
12231	27311
11191	26260
7181	22136
8578	23617
1769	16240
11600	26672
9625	24678
12305	27387
5858	20774
12520	27595
5210	20127
6419	21354
12774	27829
3978	18440
10394	25457
4400	18842
10330	25394
7354	22380
232	19728
1465	15940
7315	22309
2150	16617
1476	15948
511	19834
8274	23317
3171	17648
4594	19033
4189	18645
6541	21486
14064	29070
12493	21703
5664	20576
2869	17348
6707	21666
14750	29748
1412	15887
2289	16755
2838	17317
12122	27201
5309	20248
13249	28264
216	19663
11970	27030
12623	27690
10296	25360
2719	17194
5155	19596
615	15107
10297	25367
4497	18937
14449	29450
13003	28043
9236	24278
2284	16750
5804	20719
14896	29887
9997	25305
5090	19536
1125	15605
8435	23481
5634	20544
5523	20431
677	15169
8386	23432
5750	20666
2125	16592
606	15098
5345	20261
5772	20687
8788	23834
12462	27541
9034	24080
301	20017
2681	17158
14225	29231
13834	28837
12481	27557
14470	29471
9905	24957
5050	19495
12655	27721
11792	26853
4786	19234
6098	21039
4903	19352
11316	26384
4439	18882
3503	17976
10951	26026
6698	21646
8971	24014
11607	26679
1020	15486
6764	21724
10517	25579
14888	29878
2691	17168
31	15030
13334	28342
4922	19368
13144	28174
846	15334
12354	27436
548	20041
2175	16641
4896	19346
12696	27756
9653	24706
5118	19563
9601	24650
1274	15751
13883	28887
8396	23442
6428	21363
325	20023
14984	29963
4555	18996
4556	18997
2357	16823
10138	25184
8698	23746
6170	21105
533	20069
1572	16047
3015	17490
4399	18841
13717	28726
3717	18186
8242	23290
9849	24900
12736	27792
2283	16749
7241	22207
7982	23041
10675	25745
12344	25106
10624	25705
970	15453
11755	26818
227	19773
14587	29589
4675	19119
3794	18263
9009	24053
4575	19018
9644	24697
1932	16397
13630	28642
9481	24527
14478	29479
10436	25499
3672	18141
6854	21818
312	19874
7596	22648
2699	17175
8256	23305
10846	25926
13159	28185
498	19843
340	19735
13160	28186
8391	23437
8237	23285
12172	27250
10656	25728
8129	23189
14444	29445
1120	15600
9059	24106
5612	20522
7116	22077
10681	25754
14218	29224
12479	27556
12476	27553
9506	24539
5038	19483
6931	21898
10486	25549
7003	21970
3635	18107
290	19872
14177	29188
10814	25886
10615	25678
5788	20703
2458	16927
6433	21368
4623	19065
10063	25113
6926	21893
9934	25331
5295	20221
5902	20820
6563	21508
5489	20397
2220	16849
14723	29723
6953	21919
1565	16039
14486	29487
14529	29530
7047	22015
7151	22107
8350	23397
12314	27398
12771	27826
7341	16699
4646	19090
2123	16590
13105	28138
10591	25654
13235	28250
4070	18528
6482	21419
11243	26313
5387	20301
3953	18415
3428	17903
5595	20503
11510	26580
13539	28551
14534	29535
4229	18685
12513	22340
6486	21423
13809	28812
10017	25075
14876	29867
11158	26228
5163	19605
6234	21166
2523	16990
2216	16682
6815	21778
8033	23089
9725	24777
11893	26954
9011	24055
1472	15945
9682	24734
252	19693
9003	24047
11608	26680
1703	16176
5420	20334
12451	27529
12744	27800
9951	25002
1504	15981
4796	19243
12536	27609
9329	24372
14713	26305
13827	28830
1909	16374
6587	21532
9287	24329
13366	28373
6577	21523
8704	23741
12445	27525
4862	19311
4526	18967
2387	16856
9471	24518
8545	23583
2219	16685
6487	21424
13097	28130
10687	25757
1409	17488
8390	23436
1811	16281
8371	23417
11554	26624
867	15351
13907	28915
4020	18482
6606	21567
13149	28177
9417	24460
11732	26797
11177	26246
6271	21203
7242	22237
11999	27064
12323	27408
3783	18251
11664	26733
313	19780
5098	19543
2665	17143
1483	15959
10742	25812
4082	18539
5590	20498
3680	18150
13005	28045
818	15306
2834	17312
5241	20159
2724	29998
10881	25959
9974	25027
10778	25857
13695	28704
8710	23747
1649	16124
12255	27336
1013	15541
6420	21355
4112	18573
12983	28023
14899	29890
10051	25102
1558	16033
141	19954
2680	17157
6284	21216
769	15257
10032	25084
5423	20336
6776	21736
2254	16721
10228	25283
8561	23600
8298	23343
10303	25366
12747	27803
8629	23668
5830	20747
12660	27725
2801	17278
7253	22253
12437	27517
11709	26773
9181	24223
12431	27510
13863	28867
2606	17075
11837	21550
13595	28607
1838	16305
779	15267
11434	26504
3368	17844
14652	29653
2676	17154
14557	29559
468	19683
1581	16056
2770	17244
11548	26618
11596	26668
1311	15790
3248	17724
676	15168
9831	24882
14808	29803
2312	16778
6123	21056
4460	18901
12911	27951
2330	16796
10102	25148
624	15116
6721	21689
12151	27232
8241	23289
7042	22009
2111	16578
12263	27344
13594	28606
1764	16235
2472	16940
8653	23691
3425	17900
1359	15837
7068	22031
7627	22679
5564	20473
2535	17002
7488	22537
4765	19212
8911	23959
4587	19029
4597	19037
1430	15906
7779	22829
1145	15627
3781	18249
525	19964
4893	19343
10621	25684
3120	17596
6725	21682
3473	17937
6679	21638
3031	17506
11944	27004
8262	23308
8654	23692
226	19664
8166	23228
5825	20742
13359	28366
7951	22994
7062	25843
9524	24569
4053	17121
1561	16036
721	15210
5314	22250
6447	21382
3600	18071
1896	16362
14882	29872
3860	18325
8897	23358
10092	24973
173	20083
8859	23909
5023	19467
12514	27589
1451	15925
13714	28723
13353	28361
829	15317
8850	17117
556	20078
13886	28890
1867	16333
1265	15743
6178	21113
1894	16360
5422	20335
411	19707
13648	28659
4881	19330
8183	23245
14687	29687
7880	22925
6215	21147
14205	29037
11285	26354
4547	18989
13643	28654
14776	29775
13289	28301
14104	25982
4532	18973
4540	18982
9331	24374
13568	28581
13764	28744
13529	28541
10404	25467
322	19944
11193	26262
6402	21336
5718	20637
7666	22718
11411	26482
2065	16532
13140	28170
4622	19064
7609	22661
7221	22191
2460	16929
13415	28422
14754	29753
6017	20933
11125	26204
3673	18142
938	15420
824	15312
7386	22412
11723	26788
5296	19602
14568	29570
11381	26454
955	15438
5536	20444
1241	15724
7037	22000
10510	25571
2769	17243
675	15167
5289	20213
13237	28252
14288	29293
14337	29341
11795	26856
3928	20587
7550	22599
5597	20505
4214	18669
1261	15739
1085	15565
9580	24628
8690	23728
8393	23439
7690	22740
7658	22710
14315	29319
3921	18449
11867	26930
13490	28499
1554	16029
7048	22016
2070	16537
2952	17425
7248	22247
10226	25281
11706	26774
8068	23128
9528	24573
8828	23881
14269	29274
14234	29240
509	19625
4390	18832
14434	29435
6133	21065
1138	15619
2726	17200
5543	20451
4789	19237
199	21197
6023	20941
2931	17404
5903	20821
3646	18120
14714	29714
4162	18616
10292	25356
418	19721
5977	20893
5141	19585
2351	16816
11525	26595
13348	28356
10411	25473
8750	23798
14313	29317
10860	25939
14591	29594
3910	18373
4651	19092
5248	20166
6568	21513
12690	27750
12392	27472
1918	16383
8276	23319
7819	22868
5007	19455
14321	29325
1744	16214
13478	28486
2194	16660
373	19704
794	15281
10564	25626
4171	18626
8655	23693
3851	18316
9822	24873
8923	23971
7000	21967
5559	20467
5857	20773
6791	21752
12903	27945
6540	21485
204	20044
10321	25386
1132	15614
12756	27811
4029	18491
14477	29478
5365	20280
345	19671
3056	17531
5963	20879
10645	25710
3894	25129
5437	20348
2984	17454
561	19965
2156	16623
7428	22474
8548	23585
7776	22826
6335	21272
13599	28611
14510	29511
13375	28382
7660	22712
7232	22211
11318	26386
8553	23590
8037	23093
1879	16345
5221	20140
7862	22909
971	15330
5926	20843
12006	27071
14014	29024
10253	25314
587	19900
13055	28091
2028	16496
6987	21954
1601	16078
10861	25940
9107	25096
13579	28591
10464	25527
2822	17300
11023	26101
3186	17663
9430	24474
4833	17115
9364	24409
8314	23363
4631	19075
9706	24759
9102	24147
2534	17001
5845	20761
2354	16820
2066	16533
1039	15499
14005	29015
4003	18464
11964	27024
14602	29605
7082	22045
996	15520
14246	29252
712	15201
565	19795
100	19979
12066	15973
12363	27444
9718	24772
7840	22888
4869	19318
8451	23498
4358	18802
12100	27180
2926	17400
1353	15831
12244	27324
12822	27873
3420	17895
9685	24737
10302	25365
3128	17603
2689	17165
11072	26149
11294	26363
12572	27641
10239	25294
12641	27707
4713	19156
3334	17811
14682	29682
11828	26892
7051	22019
9077	24122
8930	23978
1714	16185
850	15338
7909	22954
7737	22788
6627	21586
3579	18050
3594	18065
13428	28436
14010	29020
13370	28377
504	27160
12432	27511
2940	17414
12814	27865
7662	22714
3701	18170
12896	27939
2415	16885
5458	20366
5728	20646
10351	25416
1926	16391
6274	21206
11268	26336
5899	20817
2459	16928
11682	17458
2634	17098
3500	17973
2749	17223
13429	22442
10632	25693
13145	28175
12500	27577
9514	24558
10734	25804
1452	15928
5473	20381
6766	21727
5432	20343
9053	24100
14539	29540
172	19660
12379	27459
4663	19106
7750	22800
1785	16255
2639	22202
14071	29078
5172	19614
7577	22627
9205	24246
8229	23277
13928	28936
3181	17658
12544	27616
1693	16166
8370	23416
12036	27100
2899	17373
1160	15639
12470	27549
3682	18152
6792	21753
5896	20814
12708	27767
14613	29616
8185	23247
5851	20767
2877	24671
5711	20630
6233	21165
7393	22430
7281	22278
11799	26860
1562	16037
10038	25088
14997	29995
12673	27737
9899	24951
6071	21005
9938	24989
7540	22590
12777	27831
10349	25414
6230	21162
3440	17914
8948	23992
6872	21837
14455	29455
8961	24004
14214	29220
4291	18736
12972	28012
1251	15709
7747	22797
6515	21453
14052	29058
8176	23236
12355	22355
6005	20919
9313	24355
6534	21479
14295	29298
10186	25230
13224	28240
2184	16650
13311	28321
923	15405
398	19782
11928	26988
9044	24091
1072	15552
12292	27372
4836	19284
2766	17238
5621	20531
10458	25520
13385	28392
1052	15512
8976	24020
8192	23198
11	15010
5022	19466
12209	27291
4367	18809
10337	25401
12078	27143
12645	27711
7876	22922
1600	16073
8080	23140
4932	19379
7557	22606
1869	16335
11008	26087
9078	24123
4421	18862
8834	23887
1890	16356
4726	19168
13574	28585
14813	29807
6851	21815
6087	21010
8489	29592
6111	21043
12614	27681
14923	20250
8603	23643
2605	17074
4682	19125
10154	25200
9982	25037
10857	25935
2904	17379
6250	21181
5516	20424
14279	29284
1346	15825
9021	24066
13218	28233
3115	17591
5749	15006
5511	20419
3285	17762
11616	26688
14411	29414
4978	19424
3718	18187
13233	28248
12253	27334
4544	18986
206	19868
1808	16279
13662	28672
8674	23712
3178	17655
13518	28530
5553	20462
9384	24428
7176	22131
4140	18599
1768	16241
13294	28306
3972	18434
6091	21025
628	15120
3883	18346
12079	27144
4564	19007
11791	26852
2919	17394
14474	29475
13008	28047
1127	15607
364	20028
5040	19485
3406	17881
7839	22887
3066	17541
11437	26507
2564	17032
3733	18201
684	15301
8527	23566
1382	15859
1751	16221
13692	28701
4167	18621
13675	28684
4500	18941
11575	26647
4218	18673
12562	16819
12985	28027
7231	22209
1411	15886
95	19980
13803	28806
12839	27889
8514	23554
7645	22697
14235	29241
8169	23242
2058	16525
11414	26485
14468	29469
12378	27458
3058	17533
7809	22858
11074	26152
2872	17351
6465	21402
2475	16943
12098	27178
7674	22726
7278	22275
10644	25708
11251	26321
2364	16831
13216	28231
4384	23859
620	15112
8225	23272
13950	28961
9584	24632
8798	23851
1819	16289
9085	24130
3572	17780
275	19977
11961	27020
7245	22244
7504	22556
5002	19447
14541	29542
14998	29996
7046	22014
1378	15856
14129	29138
7012	21979
11617	26689
2512	16979
2626	17094
5849	20765
3071	17546
2341	16806
6858	21822
5431	20342
311	19746
7442	22489
11668	26737
5578	20486
875	15359
13265	28279
4937	19382
1175	15655
5389	20303
4285	18730
4972	19418
12629	27695
1288	15766
1544	16018
5443	29691
5	15003
1032	15531
5419	20333
2962	23763
4907	19361
2792	17261
6395	21329
2050	16517
1503	15980
8945	23990
4100	18561
354	15075
1317	15796
5482	20390
10490	25553
7330	22360
3723	18191
14948	29935
4670	19113
3693	18163
1058	15534
13245	28261
1975	16439
8441	23488
14967	29955
3645	18119
6677	21636
8768	23816
11450	26521
5298	20223
2636	17100
6227	21160
8459	23506
3654	18128
26	15025
11892	26953
7525	17464
11497	26567
13132	28907
7013	21980
2089	16555
483	20038
13045	28081
8536	23575
4859	19307
1258	15735
12558	27629
3217	17693
4052	18511
2367	16834
3020	17495
11940	27000
1851	16318
5066	19512
12527	27602
5487	20395
5282	20206
3052	17527
1877	16343
7786	22836
1804	16274
11311	26379
13710	28718
12450	27530
1942	16407
2394	16863
1429	15905
10473	25536
8064	23121
5176	19617
7999	23057
1837	16304
5004	19449
4780	19228
1682	16156
9403	24447
7327	22319
9555	24602
13228	28243
13059	28094
9350	24394
13663	28673
12121	27200
10201	25257
1342	15821
4381	18823
6345	21282
9185	24226
11593	26665
1306	15785
13082	28115
12484	27562
11183	26252
6424	21359
1012	15479
4665	19108
10059	23359
13066	28101
10703	25773
5678	20597
14691	29692
10882	25960
4656	19100
6993	21960
8722	23756
11670	27058
10991	26070
14665	29666
865	15349
3200	17676
11201	26269
11537	26607
894	15377
6511	21449
2595	17064
616	15108
12351	27433
4375	18819
9172	24212
8773	23821
9183	24225
11489	26560
9493	24540
13913	28921
8065	23123
1991	16456
10880	25958
5371	20285
7599	22651
7718	22767
13396	28403
13904	28912
8687	23725
1061	15537
3548	18021
2142	16610
5988	20904
14289	29294
1828	16295
13135	28165
9209	24250
14702	29704
6277	21209
1302	15781
1023	15527
12103	27183
12266	27347
4243	18699
6554	21499
1620	16096
12534	22204
5535	20443
3527	18000
10474	25537
5453	20361
14503	29504
1591	16066
7332	22362
14115	29124
5449	20357
8787	23833
2099	16565
10562	25624
83	19923
13866	28870
2490	16957
5131	19576
869	15353
3409	17884
7481	22530
14619	29622
10360	25425
3201	17677
7016	21983
14024	24561
13831	28834
8815	23868
8599	23639
14720	29720
11302	26372
14267	29272
5653	20564
3863	18328
129	19862
6732	21690
11875	26938
12138	27218
4483	18923
12613	27680
4770	19217
4459	18900
2903	17378
1080	15560
13512	28523
14080	29086
4504	18945
8460	23507
5992	20908
4785	19233
12358	27439
8392	23438
5125	19570
5517	20425
1141	15623
12751	27807
7188	22143
13024	28060
5308	20247
9441	24485
5914	20832
7149	22105
11586	26658
376	20092
10697	25767
7331	22361
9789	22330
7374	22400
14584	29586
8416	23464
5707	20626
2542	17009
13421	28428
162	19659
4737	19180
14559	29561
8056	23110
12035	27099
8551	23588
4335	18778
8836	23888
7010	21977
9597	24645
3770	18239
13570	28582
2781	17253
2867	17346
8430	23394
4878	19327
11211	26278
10129	25176
10350	25415
10287	25351
1885	16351
7891	22940
2675	17153
14447	29448
7575	22625
3865	18329
5493	20401
8096	23156
6184	21119
8027	23082
7095	22058
591	19789
231	19634
925	15407
10049	25100
14744	29742
1699	16172
9851	24903
11085	26163
3238	17715
10507	25234
1338	15817
2844	17323
436	20060
8261	23839
12463	27542
13381	28387
379	20055
1422	15898
10100	25146
8022	23078
5812	20728
13230	28245
4620	19062
5071	19517
2758	17230
7713	22762
9705	24758
8046	23102
14209	29219
10067	25117
7656	22708
6882	21848
782	23122
10234	25289
11433	26503
6107	21030
2045	16513
10953	26028
1603	16080
12883	22325
6451	21387
3625	18096
14595	29598
469	27156
1743	16213
3977	18439
5369	20283
6874	21839
2760	17232
2999	17472
11984	27041
14050	29056
14250	29256
4157	18612
4152	18608
8497	23537
3985	18447
14707	29709
12459	27538
7538	22588
13708	28516
7639	22691
11198	21560
13298	22235
4060	21346
12195	27275
10249	25309
13049	28085
13443	28451
3307	17786
2381	16848
6598	21543
4256	18713
4887	19337
12235	27315
2294	16759
6499	21437
13475	28508
13531	28543
11850	26911
12076	27140
13416	28423
6891	21857
14016	29025
5942	20859
5461	20369
11415	26486
804	15291
4626	19068
11969	27029
2454	16923
11780	26841
12203	27286
6338	21276
2539	17006
2251	16718
2083	22350
3124	17600
7858	22905
9790	24839
14976	29966
11493	17116
10686	25756
2172	16638
9635	24688
4025	18487
11710	26775
1196	15673
10450	25512
2598	17067
135	19927
4142	18600
1676	16151
2965	17437
4577	19019
2570	17038
10073	25123
9745	24796
8688	23726
2943	17417
9230	24272
4915	20179
7205	22159
8267	17886
13436	28444
11971	27031
13420	28427
730	15217
4979	19425
4684	19127
9207	24248
14638	29641
4962	19408
8822	23875
10940	26015
5293	20217
7993	23051
271	19666
13769	28775
9919	24970
5383	20297
3239	17716
11275	26344
5409	20323
14588	29590
5725	20644
12539	27612
201	19935
12855	27904
5042	19487
6912	21881
686	15177
421	20082
9143	22439
3321	17801
2608	17077
14740	29738
3563	18035
2847	17326
6194	21129
14237	29243
11309	26378
1211	15687
10922	25313
2215	16681
11882	26944
5883	20799
14405	29408
5506	20414
12320	27405
11689	26754
10115	25162
10993	26072
6203	25253
13223	28238
5824	20741
13514	28526
10421	25484
12590	27655
13957	28969
10639	25702
2947	17420
11838	26901
12603	27670
1389	15867
11917	26977
12228	27308
9550	24597
5394	20308
10062	25112
9901	24953
10469	25532
6971	21937
2767	17239
9220	24262
10364	25429
4806	19253
6877	21843
115	19802
5259	20177
10750	25821
14715	29715
1035	15494
3922	18383
4974	19420
6508	21446
8156	23217
276	25250
11270	26339
14065	29071
9423	24466
3721	18189
7594	22646
1062	15538
9585	24633
11278	26347
1148	17475
11189	26258
10769	25848
14617	29620
14442	29443
11870	26933
12310	27392
7429	22475
6239	20801
6416	21351
13890	28894
4132	18592
2895	17370
6149	21083
6700	21659
4494	21551
3993	18455
5660	20577
12602	27668
11671	26740
748	15237
11680	26749
790	15277
3557	18030
4655	19099
2533	17000
9861	21840
7803	22853
2558	21758
13899	28904
23	15022
3472	17947
12667	27466
3007	17481
1734	16204
10555	25617
1279	15755
8297	23342
1361	15839
9454	24501
10847	25927
2715	17190
4576	19020
9507	24552
1589	16063
6694	21654
3580	18051
10265	25327
14953	29940
10282	25346
3614	18085
7222	22192
2748	17222
7093	22054
14960	29947
10311	25375
9274	28024
7075	22037
4569	19012
8669	23699
13350	28358
5509	20417
3199	17675
10365	25430
3430	17905
7076	22039
2981	17451
7973	23014
2580	17048
11419	26490
10136	25182
9191	24232
11473	26544
3510	17271
5253	20172
7217	22180
6833	21797
11754	21138
11297	26366
5721	20640
33	15027
9632	24685
6348	21285
10843	25923
1630	16106
14594	29597
13248	28263
597	19745
9027	24073
8649	23687
10941	26016
12146	27226
13152	28179
8856	23906
12447	27526
6575	21520
9530	24575
1686	16159
11728	26793
2196	16662
7722	22771
13398	28405
13702	28712
9823	24874
5704	20623
6717	21675
14743	29741
2519	16986
7530	22581
1780	16250
10770	25849
9434	24478
5436	20347
5760	20676
9340	24383
8541	23580
764	15252
2063	16530
10380	25446
14961	29948
7343	22371
12246	27326
9091	24136
1624	16100
10270	25335
12831	27883
5570	20478
4996	19441
8400	23447
3955	18417
11694	26759
13525	28537
11814	26877
1101	15581
1438	15914
12711	27770
6670	21629
6319	21255
6097	21038
10370	25437
4771	19218
8665	23704
7141	22544
12324	27409
1246	15729
7570	22619
7711	22760
10557	25619
4817	19264
6719	21677
6365	21302
9645	24698
7100	22063
9891	24943
1812	16282
1025	15491
4236	18692
5756	20673
3167	17645
1091	15572
8898	23946
13324	28333
9069	24115
4735	19177
184	20001
7396	22438
1139	15620
6808	21771
14497	29498
10868	25946
7941	22986
9678	24730
12860	27907
13737	28743
11879	26920
984	15466
5016	19478
11314	26382
12951	27991
485	19685
14275	29280
4021	18483
12295	27377
1458	15934
6449	21385
8130	23190
8650	23688
14531	29532
14514	29515
917	15399
4137	18596
10925	16882
10504	25567
10812	20181
2761	17234
563	19628
12733	27789
6142	21075
14874	29865
2733	17208
3130	17608
5013	19458
2315	16781
13445	28453
6204	21139
11776	26837
4095	18555
3764	18233
6290	21222
7847	22895
14931	29918
14130	29139
2876	24669
5690	20609
38	24404
988	15492
12952	27992
8104	23164
1057	15533
1667	17269
1462	15937
11379	26452
550	20070
6676	21635
4187	18642
7500	22553
1518	15993
921	15403
2656	17133
11783	26844
11305	26374
763	15251
7148	17459
581	20012
11798	26859
9516	24560
12722	27780
1792	16262
10533	25595
5624	20534
9406	24449
2493	16960
2739	17240
9032	24078
4855	19304
12917	27957
12967	28007
55	15053
9119	23760
1260	15737
8987	24029
14739	29737
7072	22035
2421	16891
2486	16953
5015	19460
1356	15834
1224	15700
3900	18361
977	15458
4331	18774
5540	20448
14701	29703
13018	28056
14491	29492
14995	29993
7284	22280
9876	24928
14992	29989
9581	24629
3872	18336
12597	27664
244	19939
11063	26141
1157	15637
13603	28615
12858	27905
13009	28048
2777	17250
7142	22100
4967	19413
10460	25522
5411	20325
6842	21806
9408	24451
7346	22373
11730	26795
431	15084
7592	22644
3911	18375
14507	29508
6785	21746
12046	27110
3695	18165
296	19695
14819	29811
5281	20205
1167	15647
12852	27901
210	19936
4133	18380
6777	21737
12804	27856
9198	24241
7978	23033
6226	21156
9616	24664
12294	27374
7476	22525
9058	24105
2299	16765
7300	22296
8781	23828
4516	18957
13619	28632
9926	24978
4437	18879
1074	15554
10896	25976
2420	16890
8600	23640
9940	24991
8885	23936
1617	16093
13317	22358
8480	23525
6417	21352
7725	22774
3711	18180
4080	18537
12848	27897
6117	21049
6661	21620
13226	28241
8789	23835
4128	18588
14240	29246
14431	29433
2039	16507
10041	25091
3424	17899
2200	16666
6299	21231
3119	17595
3839	18306
1512	15987
11885	26947
4601	19041
11716	26781
14318	29322
4644	19087
14553	29555
7610	22662
3022	17497
8904	23952
8591	23630
708	15196
7712	22761
11255	26325
10487	25550
9927	24980
7720	22769
14892	29882
990	15514
8668	23707
8450	23497
552	19688
14200	29210
10808	25833
13973	28984
6865	21829
11117	26191
13653	28664
9531	24576
14623	29626
14675	29677
9199	24240
5586	20494
8110	23170
6466	21403
4930	19377
5115	19560
3118	17594
2590	17059
4064	18522
7874	22920
3587	18058
10454	25516
3720	18229
8511	23551
1612	16089
4470	18910
3252	17729
4457	18898
8069	23129
6959	21925
13850	28853
4800	19247
9429	24472
9047	24094
14364	29367
14957	29944
4476	18916
3075	17551
13911	28919
3650	18123
7167	22122
6381	21318
14492	29493
1800	16270
8862	23913
11529	26599
12813	27864
12752	15226
2145	16613
13671	28680
12788	27842
5924	20841
54	15052
14569	29571
7746	22796
11722	26787
1943	16408
12270	27351
10211	25268
9388	24433
5160	19601
4109	18570
8607	23650
14239	29245
14144	29153
3164	17642
13380	28386
11661	23771
11757	26820
6339	21277
1082	15562
8290	23335
9985	25041
4323	18766
9131	15368
566	19837
9609	24657
6019	20936
12485	27563
11758	26822
2167	16633
6212	21144
3520	17993
1168	15648
11445	26516
3340	17816
2688	17164
8296	23341
6094	21190
14793	29789
13523	28535
6307	21243
9277	24320
5744	20661
2643	17106
7637	22689
10685	25753
12248	27329
8255	23304
3829	18296
10828	25902
10528	25590
2047	16515
3441	17915
3565	18037
12284	27364
7788	22838
10443	25506
6800	21763
8232	23280
3176	17653
14078	29085
9436	24480
3983	18445
13313	28323
9082	24127
8336	23462
9335	24378
9626	24679
1198	15677
1705	16178
13482	28491
179	19989
2782	25642
3448	17923
1100	15580
2124	16591
910	15392
997	15521
9357	24401
10674	25744
5324	20236
1944	16409
12258	27339
7664	22716
9649	24702
11956	27016
13677	28686
12178	27256
9693	24746
10784	25862
13782	28789
12706	27765
528	19626
10065	25115
323	19958
669	15161
14581	29583
3227	17703
12761	27816
8202	23027
1650	16125
12111	27190
11059	26137
10852	25931
9880	24932
10485	25548
4259	18715
13103	28136
14227	29233
7783	22803
13232	28247
3925	18386
10999	26078
671	15163
11330	26398
13738	28745
4023	18485
7543	22592
9700	24753
4067	18525
10377	25443
4382	18825
10074	25124
7541	22605
14676	29678
6020	20937
9704	24757
3934	18395
7064	25846
13839	28842
8426	23474
3848	18313
11620	26692
12304	27386
8960	24003
12400	27480
819	15307
6251	21182
3464	17939
6422	21357
137	19928
12184	27264
10658	25730
11949	27009
8625	23665
13340	28348
4914	19362
3967	18429
13816	28819
7989	23047
6581	21527
7090	22053
2751	17225
7446	22493
11306	26375
7595	22647
8813	22166
839	15326
2745	17219
6814	21777
13548	28560
13007	22322
8100	23160
7597	22649
246	19812
7935	22980
6910	21878
3999	18459
9004	24048
12991	28031
12770	27825
6680	21639
14915	29906
1623	16099
3824	18291
8147	23208
8208	23031
2291	16757
6718	21676
6219	21151
13859	19047
7792	22842
3889	18352
2679	17156
9578	24626
3483	17956
11308	26377
9613	24661
1076	15556
7787	22837
5780	20695
7853	22901
2476	16944
7734	22785
972	15454
7309	22303
7966	23007
11474	26545
10879	25957
3539	18012
13413	28420
2241	16706
13323	28332
7440	22487
7952	22995
9087	24132
68	15066
8004	23062
14495	29496
3137	17615
8233	23281
8500	23540
13754	28761
10144	25191
8089	23149
6968	21934
2098	16564
3779	17436
3433	21088
12257	27338
11471	26542
14189	29199
11511	26581
12960	28000
11528	26598
5676	20595
7111	22073
153	19806
3434	17908
5613	20523
6065	20999
8868	23919
9931	24983
14772	29771
860	15344
8160	23220
2896	17371
8880	23932
5841	20757
5884	20800
14033	29040
11564	26636
1151	26058
1967	16431
351	19672
2514	16981
4616	19058
7618	22670
13792	25524
11903	26964
4019	18481
2788	17259
12094	27174
11746	26811
10918	25998
11362	26435
5764	20682
14897	29888
2500	16967
1654	16129
2388	16857
482	19832
2082	16549
9874	24926
12954	27994
10745	25816
14812	29806
13593	28605
11751	26816
14398	29401
9603	24649
1520	15995
14260	29265
947	15429
11641	26712
2786	17257
13252	28267
3432	17907
14760	29759
7548	22597
601	15096
10917	25997
7486	22535
3076	17552
6314	21250
14990	29987
11737	26802
108	19839
10561	25623
3674	18143
1660	16135
7564	22614
5301	20226
36	15033
7073	22065
6638	21597
646	15138
14917	29908
4105	18566
8219	23267
13575	28587
12901	27944
14912	29903
10932	26007
9256	24299
4621	19063
10811	25887
2164	16630
11331	26399
8525	23564
13041	28077
4118	18578
9248	24290
3610	18081
3662	18131
1179	15659
4615	19057
2855	17334
12086	27166
12016	27080
1737	16195
13282	28294
11804	26865
11444	26515
11750	26815
12108	27187
8640	23678
12705	27764
7140	21867
9885	24937
12312	27394
9813	24864
14428	29431
5087	19533
9421	24464
7817	22866
4048	18507
11359	26431
5525	20434
11991	27049
9738	24790
6243	27882
6769	21730
13979	15015
116	19879
11904	26965
9641	24694
1044	24341
2593	17062
3692	18162
14667	29668
8743	23791
14718	29718
11536	26606
8226	23274
408	19678
1854	16321
3825	18292
7904	22950
1689	16162
1449	15927
2049	16516
11238	26307
6096	21035
10994	26073
11188	26257
7392	22418
10346	25411
1670	16145
11499	26569
4702	19144
3517	17988
10849	25938
4340	18783
3304	17783
10818	25892
1424	15900
7069	22032
5817	20732
14546	29548
5938	20855
7665	22717
3881	18345
2988	17460
6761	21721
10898	25978
75	19797
5655	20567
10701	25771
5957	20874
14972	29960
11966	27026
3401	17877
8642	23680
5203	20120
5615	20525
8796	23850
13328	28337
1845	16311
3276	17753
1523	15998
9432	24477
430	15083
698	15187
5640	20550
558	19850
14792	29788
953	15436
9168	24209
1215	15691
3325	17804
7450	22498
11544	26614
10793	25870
9259	24303
11203	22324
3442	17916
3360	17836
2237	16703
9912	24964
12988	28028
413	20032
702	15189
7383	22409
3159	17637
14025	29032
2147	16615
5759	20675
5174	19616
13729	28736
7860	22907
1266	15744
4888	19338
13013	28051
8567	25301
1287	15765
697	15186
6756	21716
12053	27117
7642	22693
12467	27546
9089	24134
11505	26574
11385	26457
13931	28939
1310	15789
2835	17313
11341	26409
4610	19050
9258	24301
1506	15983
7066	22029
6729	21686
14374	29377
7804	22854
12075	27139
4873	19322
14271	29277
5877	20794
7154	22110
8659	23697
192	19631
13427	28435
5116	19561
6529	21475
12709	27768
14639	21544
14901	29892
8483	27396
11153	26223
6664	21623
12468	27547
10237	25292
14030	29036
8177	23237
6289	21221
4559	24239
2348	16813
12904	27946
2495	16962
12425	27504
8175	23235
14806	15087
14788	29787
1371	15849
12210	27268
11922	26982
14441	29442
9812	24863
10077	25127
88	19724
3964	18426
14996	29994
8519	23559
7732	22783
3303	17782
13115	28147
13852	28857
9334	24377
10315	25380
4479	18919
7700	22749
12360	27441
2949	17422
12940	27980
249	19940
11075	26153
12878	27924
3494	17967
783	15270
4477	18917
7286	22282
1239	15722
3623	18094
6782	21743
7841	22889
11816	26879
3802	18271
8334	23381
9868	24920
11157	26227
9176	24218
14662	29663
1018	15526
8090	23150
2802	17279
5993	20909
8984	24026
6735	21693
14106	29117
7611	22663
13747	28754
7358	22384
6270	21202
10156	25203
13074	28109
2821	17299
10923	26001
8858	23908
2440	16910
6838	21802
7640	22692
7423	22508
13801	28804
10693	25763
13924	28932
692	27516
7919	22964
11319	26387
5976	20892
13250	28265
8220	23268
2051	16518
6006	20918
8823	23876
4442	18884
8651	23689
9387	24430
6998	21965
8792	23845
13023	28059
8684	23722
2199	16665
11601	26673
5439	20350
14801	29797
4894	19344
14648	29649
3530	18003
12809	27860
6687	21647
9953	25004
14758	29757
8679	23717
12824	27875
631	15122
9695	24748
958	15441
14489	29490
11508	26578
14266	29271
5909	20827
13411	28418
8754	23801
3697	25914
4230	18686
6604	21565
7086	22049
8448	23492
3160	17638
7695	22744
8452	23499
11933	26993
6180	21115
11959	27019
4220	18675
11269	26338
8957	24000
5786	20701
4671	19115
1271	15748
8572	23610
8484	23527
3281	17759
8889	23940
3422	17897
8842	23894
11313	26381
5379	20293
11090	26168
1729	16201
8479	23524
7928	22973
12698	27758
9383	24427
