4906	19906
9760	24760
8964	23964
13007	28007
12783	27783
4326	19326
7277	22277
872	15872
6736	21736
3554	18554
95	15095
1273	16273
1327	16327
4380	19380
9356	24356
14137	29137
274	15274
6740	21740
8529	23529
4646	19646
3599	18599
4294	19294
9898	24898
11295	26295
2606	17606
14436	29436
13601	28601
427	15427
8574	23574
2706	17706
14094	29094
14392	29392
10237	25237
12143	27143
2341	17341
8906	23906
5874	20874
2134	17134
745	15745
8642	23642
7767	22767
8996	23996
1990	16990
11511	26511
11203	26203
6870	21870
4181	19181
13194	28194
447	15447
11082	26082
3141	18141
11277	26277
4709	19709
7457	22457
10686	25686
13628	28628
701	15701
10508	25508
12727	27727
4040	19040
7167	22167
13692	28692
14487	29487
8195	23195
9852	24852
4390	19390
6092	21092
11290	26290
1619	16619
8831	23831
12481	27481
6033	21033
3913	18913
3692	18692
2165	17165
199	15199
2655	17655
7753	22753
10582	25582
5898	20898
5077	20077
8296	23296
5882	20882
6005	21005
12881	27881
12175	27175
6445	21445
3669	18669
1481	16481
10221	25221
11533	26533
1636	16636
8226	23226
7097	22097
8243	23243
8636	23636
8728	23728
1909	16909
11761	26761
373	15373
4979	19979
14958	29958
12519	27519
14652	29652
14407	29407
2524	17524
5215	20215
6231	21231
11502	26502
10667	25667
10993	25993
11787	26787
1688	16688
6882	21882
13977	28977
10749	25749
5418	20418
1910	16910
2486	17486
9449	24449
11419	26419
12280	27280
3916	18916
4691	19691
13437	28437
12983	27983
10559	25559
151	15151
1594	16594
13327	28327
5348	20348
7081	22081
6485	21485
10590	25590
13315	28315
9758	24758
6245	21245
11296	26296
7027	22027
353	15353
13500	28500
534	15534
4328	19328
8062	23062
11703	26703
4281	19281
14354	29354
9600	24600
3897	18897
11260	26260
6269	21269
10328	25328
63	15063
12466	27466
10188	25188
1156	16156
543	15543
5446	20446
11927	26927
14741	29741
9958	24958
6966	21966
4771	19771
9325	24325
974	15974
1378	16378
14206	29206
10537	25537
13092	28092
365	15365
13740	28740
8034	23034
12252	27252
8362	23362
5689	20689
11239	26239
12735	27735
13421	28421
8538	23538
10813	25813
1657	16657
4277	19277
4769	19769
14458	29458
6711	21711
1680	16680
11704	26704
9505	24505
2875	17875
6549	21549
8897	23897
4876	19876
13777	28777
9990	24990
3876	18876
1415	16415
10701	25701
12596	27596
1620	16620
2212	17212
5464	20464
10276	25276
3583	18583
878	15878
9378	24378
6412	21412
4376	19376
9027	24027
11937	26937
13570	28570
14488	29488
12206	27206
13382	28382
9621	24621
1626	16626
6584	21584
13853	28853
3363	18363
5723	20723
9359	24359
3684	18684
6616	21616
2613	17613
12928	27928
3889	18889
5844	20844
13274	28274
7677	22677
4395	19395
14289	29289
4538	19538
3111	18111
13600	28600
6839	21839
9588	24588
10722	25722
3620	18620
4507	19507
2533	17533
14530	29530
12072	27072
5697	20697
7790	22790
8453	23453
5568	20568
3457	18457
3952	18952
10165	25165
4670	19670
3900	18900
452	15452
12620	27620
9572	24572
4147	19147
12857	27857
3125	18125
1469	16469
359	15359
14154	29154
6373	21373
9003	24003
14295	29295
7401	22401
14164	29164
1244	16244
12348	27348
12406	27406
10995	25995
662	15662
12332	27332
9946	24946
390	15390
13950	28950
13259	28259
13840	28840
4369	19369
13721	28721
1797	16797
3093	18093
6881	21881
12863	27863
10725	25725
9240	24240
2357	17357
11573	26573
9879	24879
1362	16362
14664	29664
2086	17086
14821	29821
6221	21221
11933	26933
7824	22824
2272	17272
7129	22129
13847	28847
4295	19295
11073	26073
11531	26531
11696	26696
10448	25448
7160	22160
2726	17726
5166	20166
2831	17831
13563	28563
7668	22668
13849	28849
5556	20556
11919	26919
9819	24819
4754	19754
13835	28835
8975	23975
8864	23864
11634	26634
13565	28565
12855	27855
5063	20063
14241	29241
11710	26710
13526	28526
4781	19781
13794	28794
6052	21052
8258	23258
12649	27649
8017	23017
10356	25356
6137	21137
13571	28571
4610	19610
3101	18101
7920	22920
6494	21494
12583	27583
14667	29667
5651	20651
13587	28587
4396	19396
9618	24618
7584	22584
14451	29451
11806	26806
1745	16745
10247	25247
12237	27237
31	15031
10209	25209
3185	18185
6816	21816
4310	19310
13387	28387
9814	24814
9857	24857
7784	22784
11188	26188
1610	16610
7717	22717
11763	26763
14187	29187
7234	22234
4039	19039
6675	21675
6521	21521
1394	16394
12997	27997
8885	23885
10845	25845
3614	18614
11886	26886
637	15637
9410	24410
5859	20859
9625	24625
12694	27694
5023	20023
4814	19814
2919	17919
6215	21215
10298	25298
6225	21225
5787	20787
13813	28813
7742	22742
4663	19663
5734	20734
3004	18004
5912	20912
7302	22302
7200	22200
1471	16471
5672	20672
6670	21670
13043	28043
6849	21849
10571	25571
13100	28100
12102	27102
14182	29182
13266	28266
286	15286
3663	18663
12193	27193
8390	23390
54	15054
530	15530
2008	17008
13780	28780
9670	24670
8294	23294
10402	25402
4249	19249
1315	16315
1437	16437
11059	26059
8708	23708
14703	29703
13307	28307
8546	23546
11067	26067
3802	18802
7286	22286
6281	21281
9078	24078
6974	21974
1556	16556
7572	22572
4806	19806
1477	16477
1978	16978
2935	17935
364	15364
10031	25031
3147	18147
5910	20910
12293	27293
9280	24280
5438	20438
6756	21756
11809	26809
8044	23044
3382	18382
1719	16719
1821	16821
10924	25924
9813	24813
7185	22185
5981	20981
13106	28106
13003	28003
6120	21120
8852	23852
1787	16787
13787	28787
14324	29324
9491	24491
13773	28773
5609	20609
12725	27725
2390	17390
9888	24888
13662	28662
2681	17681
13900	28900
12283	27283
654	15654
5130	20130
6594	21594
976	15976
6607	21607
1817	16817
13037	28037
10066	25066
13685	28685
14581	29581
7707	22707
10203	25203
7166	22166
5728	20728
2671	17671
11180	26180
10365	25365
4534	19534
2348	17348
3099	18099
8148	23148
14949	29949
3463	18463
6248	21248
10211	25211
8393	23393
14611	29611
10306	25306
1088	16088
9644	24644
12595	27595
5982	20982
5592	20592
4030	19030
14964	29964
3839	18839
5594	20594
14303	29303
8995	23995
1658	16658
5780	20780
11731	26731
5208	20208
5867	20867
3668	18668
12198	27198
6072	21072
7672	22672
9254	24254
9981	24981
1352	16352
12803	27803
9576	24576
9777	24777
3351	18351
11611	26611
1896	16896
1803	16803
1169	16169
7493	22493
14221	29221
3260	18260
13669	28669
2419	17419
9759	24759
10152	25152
12828	27828
2677	17677
3856	18856
1871	16871
8198	23198
1132	16132
4476	19476
10860	25860
11063	26063
10831	25831
7244	22244
4652	19652
8541	23541
10848	25848
1473	16473
13129	28129
14595	29595
5654	20654
1832	16832
2955	17955
13714	28714
7678	22678
3244	18244
4785	19785
13134	28134
13439	28439
10777	25777
13638	28638
6465	21465
14671	29671
3354	18354
2862	17862
12186	27186
12882	27882
13929	28929
4956	19956
13175	28175
596	15596
3251	18251
10391	25391
6130	21130
4499	19499
14410	29410
11739	26739
4558	19558
6501	21501
6119	21119
9120	24120
4096	19096
3352	18352
8567	23567
8302	23302
14482	29482
12869	27869
13153	28153
13458	28458
14737	29737
6750	21750
2108	17108
5766	20766
13541	28541
923	15923
2941	17941
12556	27556
11314	26314
4524	19524
14603	29603
9968	24968
3746	18746
6545	21545
7260	22260
6852	21852
14080	29080
6794	21794
3873	18873
2257	17257
6410	21410
2626	17626
2877	17877
3823	18823
13956	28956
9577	24577
6105	21105
5207	20207
8743	23743
8428	23428
4580	19580
5752	20752
8389	23389
1144	16144
1798	16798
13667	28667
5218	20218
14056	29056
27	15027
960	15960
11771	26771
7344	22344
4696	19696
6578	21578
8757	23757
10895	25895
687	15687
4668	19668
2074	17074
7066	22066
839	15839
5200	20200
5613	20613
12705	27705
5969	20969
230	15230
7987	22987
2037	17037
5977	20977
10579	25579
472	15472
12339	27339
10893	25893
1988	16988
3523	18523
1058	16058
14883	29883
4639	19639
5809	20809
6353	21353
7204	22204
7192	22192
2531	17531
2367	17367
14229	29229
3546	18546
11092	26092
4739	19739
12757	27757
6700	21700
2073	17073
6647	21647
14033	29033
5103	20103
10030	25030
8374	23374
8307	23307
9412	24412
13924	28924
8457	23457
5932	20932
2970	17970
11375	26375
3738	18738
7932	22932
8112	23112
1550	16550
10005	25005
2805	17805
13933	28933
9136	24136
13716	28716
10718	25718
11358	26358
11519	26519
5760	20760
4723	19723
8223	23223
5145	20145
10914	25914
4201	19201
9123	24123
12391	27391
2444	17444
3339	18339
12068	27068
11009	26009
12760	27760
7880	22880
11843	26843
4914	19914
3818	18818
12738	27738
5345	20345
8688	23688
3518	18518
2396	17396
14627	29627
2143	17143
13070	28070
14397	29397
2441	17441
13073	28073
7718	22718
11217	26217
4611	19611
727	15727
9036	24036
8759	23759
1718	16718
14479	29479
348	15348
14524	29524
3043	18043
12792	27792
6174	21174
12759	27759
10095	25095
11756	26756
10940	25940
9451	24451
6554	21554
11386	26386
14477	29477
11152	26152
2649	17649
11101	26101
1744	16744
5104	20104
1451	16451
9421	24421
444	15444
5614	20614
12700	27700
4003	19003
147	15147
8208	23208
11324	26324
3066	18066
7251	22251
4796	19796
6384	21384
1218	16218
7793	22793
6620	21620
4091	19091
14589	29589
12253	27253
7436	22436
4150	19150
14972	29972
3406	18406
3672	18672
708	15708
8404	23404
13121	28121
3350	18350
13429	28429
13467	28467
11131	26131
9437	24437
6112	21112
5942	20942
345	15345
11598	26598
13708	28708
10683	25683
12790	27790
5831	20831
11712	26712
8749	23749
11921	26921
6825	21825
6996	21996
7360	22360
3679	18679
6726	21726
3621	18621
14152	29152
77	15077
10300	25300
13597	28597
484	15484
3153	18153
565	15565
8376	23376
10119	25119
6341	21341
3184	18184
4617	19617
12665	27665
1884	16884
14748	29748
14738	29738
784	15784
4788	19788
11174	26174
1278	16278
10387	25387
4542	19542
6143	21143
704	15704
12511	27511
6304	21304
3269	18269
910	15910
6681	21681
10825	25825
13578	28578
689	15689
13026	28026
2151	17151
594	15594
8169	23169
5021	20021
14654	29654
10269	25269
1596	16596
5954	20954
12820	27820
12942	27942
11907	26907
4302	19302
6251	21251
12227	27227
5396	20396
9678	24678
8517	23517
2551	17551
5998	20998
13958	28958
780	15780
11537	26537
7594	22594
2090	17090
11443	26443
331	15331
14456	29456
11291	26291
7398	22398
10157	25157
13095	28095
13516	28516
11491	26491
11006	26006
13962	28962
2095	17095
4745	19745
9698	24698
13357	28357
8152	23152
12258	27258
4809	19809
12750	27750
12894	27894
13490	28490
8156	23156
889	15889
13262	28262
9912	24912
8027	23027
421	15421
12658	27658
2714	17714
653	15653
6386	21386
5020	20020
68	15068
772	15772
13132	28132
6961	21961
7780	22780
12394	27394
1633	16633
9918	24918
3388	18388
4559	19559
10056	25056
1707	16707
3494	18494
11950	26950
3941	18941
12512	27512
7791	22791
11257	26257
4504	19504
4513	19513
7719	22719
1853	16853
3837	18837
4869	19869
1361	16361
3806	18806
5083	20083
11585	26585
2384	17384
14808	29808
6618	21618
8903	23903
9150	24150
4934	19934
12588	27588
11210	26210
7845	22845
814	15814
10840	25840
5431	20431
2697	17697
14688	29688
6127	21127
5933	20933
2001	17001
10468	25468
3857	18857
13606	28606
7870	22870
9477	24477
2607	17607
11253	26253
6491	21491
6198	21198
2520	17520
9643	24643
1911	16911
11665	26665
3264	18264
2894	17894
8170	23170
10467	25467
10486	25486
12959	27959
887	15887
2109	17109
5850	20850
13392	28392
10156	25156
5852	20852
7376	22376
535	15535
8	15008
6900	21900
1325	16325
10892	25892
6575	21575
9085	24085
1120	16120
2045	17045
12870	27870
10409	25409
9639	24639
13398	28398
9178	24178
11583	26583
9587	24587
12243	27243
1796	16796
12161	27161
7194	22194
3369	18369
13295	28295
9380	24380
8730	23730
5148	20148
2319	17319
5254	20254
2984	17984
205	15205
2592	17592
3697	18697
2356	17356
10000	25000
7720	22720
8217	23217
2302	17302
7409	22409
13403	28403
7605	22605
8360	23360
13434	28434
10627	25627
10611	25611
8300	23300
7314	22314
973	15973
11894	26894
10653	25653
12950	27950
4298	19298
11922	26922
3240	18240
14208	29208
14699	29699
3910	18910
13535	28535
14454	29454
7170	22170
11782	26782
6610	21610
2211	17211
6763	21763
4399	19399
14138	29138
4742	19742
1676	16676
2789	17789
13243	28243
4508	19508
5834	20834
11185	26185
11070	26070
746	15746
11797	26797
12769	27769
14963	29963
14960	29960
6796	21796
3016	18016
7785	22785
10090	25090
12606	27606
13281	28281
9137	24137
6819	21819
782	15782
14673	29673
5520	20520
10742	25742
7995	22995
6897	21897
1243	16243
9854	24854
2925	17925
13084	28084
8512	23512
1200	16200
3081	18081
7836	22836
3477	18477
12541	27541
9522	24522
6211	21211
5362	20362
14027	29027
11124	26124
13169	28169
8707	23707
10633	25633
4641	19641
11789	26789
10490	25490
14037	29037
7361	22361
9803	24803
10593	25593
617	15617
5538	20538
8372	23372
10854	25854
13690	28690
11685	26685
5554	20554
14838	29838
13572	28572
376	15376
11057	26057
8778	23778
4573	19573
6713	21713
9049	24049
7340	22340
11342	26342
4332	19332
12736	27736
3137	18137
5794	20794
12094	27094
11413	26413
13389	28389
11294	26294
9833	24833
5595	20595
305	15305
2122	17122
8727	23727
11283	26283
13503	28503
10149	25149
8150	23150
4936	19936
13874	28874
11104	26104
5390	20390
6500	21500
4856	19856
9401	24401
9229	24229
14537	29537
14286	29286
4727	19727
13622	28622
4126	19126
1893	16893
10487	25487
10046	25046
13936	28936
2867	17867
13748	28748
10726	25726
7924	22924
11421	26421
14713	29713
13566	28566
3275	18275
64	15064
5624	20624
9609	24609
3046	18046
1760	16760
608	15608
6041	21041
11867	26867
13346	28346
11880	26880
2608	17608
4678	19678
4073	19073
14132	29132
10707	25707
14538	29538
3449	18449
14504	29504
6738	21738
2719	17719
14871	29871
1319	16319
8723	23723
2737	17737
896	15896
11615	26615
13734	28734
7967	22967
10770	25770
1686	16686
1293	16293
4231	19231
14917	29917
12146	27146
7505	22505
4651	19651
11237	26237
4066	19066
491	15491
11451	26451
5284	20284
9657	24657
6898	21898
11890	26890
4317	19317
4200	19200
716	15716
2423	17423
4057	19057
6905	21905
8846	23846
1518	16518
4842	19842
402	15402
10780	25780
9058	24058
7043	22043
13546	28546
11093	26093
9118	24118
14445	29445
8375	23375
5232	20232
3308	18308
2971	17971
9198	24198
9205	24205
5975	20975
8409	23409
5534	20534
11550	26550
13730	28730
3771	18771
1536	16536
1771	16771
6975	21975
14600	29600
2482	17482
2190	17190
570	15570
2871	17871
5037	20037
8719	23719
4703	19703
10957	25957
14461	29461
6813	21813
6753	21753
7925	22925
9611	24611
2557	17557
8650	23650
485	15485
12269	27269
5486	20486
5967	20967
10287	25287
14882	29882
9640	24640
13837	28837
13683	28683
8803	23803
12858	27858
11522	26522
14205	29205
9217	24217
626	15626
2652	17652
11968	26968
13534	28534
314	15314
3922	18922
14155	29155
4699	19699
2817	17817
7873	22873
13215	28215
10344	25344
5657	20657
8845	23845
1629	16629
13160	28160
6739	21739
9224	24224
6712	21712
3216	18216
2679	17679
12655	27655
7834	22834
2958	17958
8301	23301
8711	23711
11459	26459
13067	28067
7627	22627
13199	28199
9984	24984
615	15615
8009	23009
8539	23539
3483	18483
5051	20051
14084	29084
9943	24943
1041	16041
891	15891
5832	20832
1157	16157
3254	18254
5305	20305
14912	29912
4339	19339
11251	26251
12318	27318
6141	21141
5569	20569
5286	20286
800	15800
5797	20797
4124	19124
12045	27045
2446	17446
12205	27205
12758	27758
11767	26767
5222	20222
13643	28643
2337	17337
6759	21759
5283	20283
7003	22003
5958	20958
11245	26245
12046	27046
4544	19544
8649	23649
10261	25261
3072	18072
12917	27917
35	15035
10009	25009
8826	23826
4860	19860
5297	20297
680	15680
6013	21013
6252	21252
6111	21111
9920	24920
9478	24478
3886	18886
1717	16717
11590	26590
8621	23621
3471	18471
10122	25122
9674	24674
11586	26586
2385	17385
7602	22602
5713	20713
6036	21036
4266	19266
7010	22010
11825	26825
1137	16137
14989	29989
83	15083
9086	24086
6040	21040
11102	26102
13432	28432
3378	18378
12920	27920
8075	23075
8235	23235
12974	27974
7989	22989
12821	27821
9420	24420
8580	23580
12128	27128
13324	28324
7065	22065
7408	22408
5789	20789
2129	17129
10262	25262
4452	19452
11602	26602
8033	23033
849	15849
6128	21128
2787	17787
2541	17541
9957	24957
6081	21081
7561	22561
13815	28815
361	15361
12457	27457
12791	27791
11838	26838
7449	22449
9709	24709
2105	17105
11034	26034
630	15630
9089	24089
13738	28738
4377	19377
239	15239
6263	21263
8626	23626
1272	16272
6728	21728
12718	27718
5475	20475
4276	19276
42	15042
1616	16616
9267	24267
3361	18361
5785	20785
2435	17435
4130	19130
5217	20217
5805	20805
9163	24163
3991	18991
6568	21568
9824	24824
712	15712
6517	21517
12544	27544
11003	26003
9651	24651
10085	25085
10282	25282
6299	21299
1992	16992
7072	22072
2619	17619
8644	23644
2414	17414
9724	24724
3159	18159
6884	21884
8463	23463
14956	29956
3102	18102
7311	22311
7840	22840
1846	16846
6903	21903
10390	25390
14036	29036
761	15761
4512	19512
5550	20550
1994	16994
8359	23359
8932	23932
2830	17830
12275	27275
7318	22318
11846	26846
5457	20457
251	15251
10670	25670
323	15323
5531	20531
96	15096
14316	29316
1377	16377
8493	23493
388	15388
14536	29536
1908	16908
61	15061
3852	18852
5314	20314
4029	19029
10767	25767
7051	22051
5724	20724
8563	23563
488	15488
4463	19463
12834	27834
9023	24023
3795	18795
5001	20001
10690	25690
9941	24941
2645	17645
9605	24605
14730	29730
5419	20419
2410	17410
7953	22953
2563	17563
13839	28839
3292	18292
4687	19687
3807	18807
9533	24533
9904	24904
3453	18453
12754	27754
1314	16314
1502	16502
14517	29517
2240	17240
13282	28282
2160	17160
12984	27984
10102	25102
3319	18319
13528	28528
6492	21492
658	15658
13339	28339
8051	23051
5777	20777
926	15926
2089	17089
10687	25687
2762	17762
12188	27188
7067	22067
12972	27972
12818	27818
5035	20035
8126	23126
6512	21512
7911	22911
7612	22612
574	15574
9584	24584
2195	17195
522	15522
10634	25634
8860	23860
7288	22288
6447	21447
10280	25280
776	15776
1872	16872
4715	19715
5986	20986
11591	26591
7734	22734
1950	16950
240	15240
14344	29344
9935	24935
2103	17103
2402	17402
5861	20861
730	15730
6161	21161
9590	24590
11581	26581
9562	24562
6223	21223
10946	25946
7749	22749
7057	22057
592	15592
11994	26994
10684	25684
7394	22394
4093	19093
10828	25828
12151	27151
1358	16358
13836	28836
1968	16968
12455	27455
9318	24318
6483	21483
2040	17040
7606	22606
8089	23089
11208	26208
14200	29200
6224	21224
14002	29002
550	15550
8479	23479
1638	16638
8756	23756
14034	29034
2321	17321
14957	29957
9785	24785
6524	21524
3175	18175
14677	29677
14717	29717
901	15901
3566	18566
14818	29818
8705	23705
11077	26077
4495	19495
7353	22353
4750	19750
5521	20521
10822	25822
191	15191
9490	24490
3144	18144
10546	25546
11292	26292
1034	16034
14590	29590
7308	22308
10431	25431
14998	29998
6066	21066
4282	19282
2403	17403
7491	22491
4957	19957
11088	26088
14437	29437
4038	19038
13792	28792
5355	20355
14999	29999
6798	21798
10160	25160
14235	29235
8068	23068
12403	27403
6474	21474
9108	24108
859	15859
13049	28049
8491	23491
3172	18172
3704	18704
7513	22513
11010	26010
9313	24313
7952	22952
9755	24755
8124	23124
4462	19462
14523	29523
6918	21918
6367	21367
6065	21065
1637	16637
3775	18775
10724	25724
10866	25866
2603	17603
791	15791
8765	23765
2437	17437
1653	16653
2307	17307
7387	22387
12172	27172
3550	18550
14715	29715
9210	24210
12260	27260
10930	25930
8641	23641
9542	24542
5186	20186
9837	24837
11800	26800
2092	17092
11175	26175
7643	22643
13806	28806
13385	28385
12340	27340
12359	27359
12122	27122
11996	26996
5184	20184
5478	20478
11128	26128
11417	26417
9237	24237
14271	29271
3129	18129
3178	18178
1159	16159
7375	22375
5625	20625
1110	16110
10248	25248
1608	16608
11571	26571
820	15820
5778	20778
14567	29567
1820	16820
1198	16198
13604	28604
12433	27433
3815	18815
1595	16595
11305	26305
4112	19112
8020	23020
8812	23812
11256	26256
7894	22894
12474	27474
702	15702
655	15655
1932	16932
13381	28381
8355	23355
12664	27664
7040	22040
1635	16635
6701	21701
4711	19711
4555	19555
9153	24153
82	15082
7488	22488
10913	25913
13122	28122
10600	25600
8813	23813
1212	16212
6912	21912
11653	26653
1515	16515
6928	21928
14598	29598
7117	22117
9246	24246
11499	26499
14767	29767
4648	19648
5308	20308
9821	24821
12868	27868
12311	27311
8659	23659
12557	27557
13759	28759
8646	23646
2722	17722
3629	18629
7201	22201
560	15560
2537	17537
5321	20321
9121	24121
3154	18154
3623	18623
5755	20755
3610	18610
14013	29013
10814	25814
8697	23697
12774	27774
8181	23181
10966	25966
4570	19570
4655	19655
10908	25908
4361	19361
2684	17684
3664	18664
1511	16511
3414	18414
14618	29618
13137	28137
3097	18097
5847	20847
13060	28060
5327	20327
1775	16775
1631	16631
1134	16134
11197	26197
7507	22507
4808	19808
7673	22673
8653	23653
1391	16391
12968	27968
3656	18656
13136	28136
9479	24479
10051	25051
13940	28940
84	15084
7245	22245
11545	26545
2472	17472
11826	26826
10523	25523
7527	22527
2539	17539
4347	19347
13192	28192
6829	21829
12231	27231
7931	22931
4036	19036
1453	16453
13596	28596
7779	22779
8762	23762
2157	17157
5899	20899
3986	18986
8420	23420
4758	19758
8936	23936
3539	18539
14798	29798
3451	18451
1858	16858
13167	28167
6693	21693
2978	17978
5634	20634
6459	21459
7539	22539
2570	17570
7815	22815
9283	24283
4803	19803
2928	17928
7222	22222
11932	26932
3769	18769
2167	17167
863	15863
4214	19214
13713	28713
7695	22695
4207	19207
3993	18993
146	15146
1210	16210
7269	22269
3665	18665
8475	23475
1317	16317
4883	19883
13717	28717
8488	23488
11212	26212
7927	22927
941	15941
7966	22966
4868	19868
7481	22481
5558	20558
14371	29371
9691	24691
2186	17186
2810	17810
9859	24859
5572	20572
14012	29012
1246	16246
7392	22392
5469	20469
11376	26376
3708	18708
2117	17117
1406	16406
2000	17000
14704	29704
401	15401
374	15374
3619	18619
8055	23055
1386	16386
455	15455
5762	20762
11723	26723
14672	29672
2661	17661
1407	16407
8192	23192
8510	23510
12582	27582
14685	29685
8191	23191
10721	25721
1887	16887
1279	16279
10254	25254
13478	28478
8161	23161
10089	25089
13902	28902
3328	18328
11722	26722
6063	21063
953	15953
3505	18505
7794	22794
7033	22033
11231	26231
9735	24735
6864	21864
14073	29073
2254	17254
3999	18999
10125	25125
10195	25195
1081	16081
2072	17072
2106	17106
11176	26176
13799	28799
3864	18864
9060	24060
456	15456
4532	19532
14792	29792
3410	18410
6995	21995
10428	25428
8715	23715
8686	23686
3799	18799
6795	21795
4220	19220
13484	28484
3719	18719
8559	23559
8333	23333
8828	23828
795	15795
4143	19143
13530	28530
4875	19875
7599	22599
9809	24809
2082	17082
10799	25799
2688	17688
758	15758
10931	25931
5821	20821
1077	16077
8455	23455
11808	26808
8496	23496
8770	23770
3840	18840
4753	19753
5999	20999
4482	19482
11774	26774
9273	24273
1255	16255
11734	26734
2640	17640
6872	21872
9390	24390
14220	29220
6262	21262
218	15218
13024	28024
12578	27578
1160	16160
11924	26924
1026	16026
5676	20676
879	15879
8348	23348
32	15032
7537	22537
7831	22831
6797	21797
10632	25632
4647	19647
10109	25109
13130	28130
5398	20398
4726	19726
10016	25016
4505	19505
12802	27802
5168	20168
11881	26881
12418	27418
578	15578
2139	17139
2433	17433
11000	26000
6439	21439
13450	28450
14877	29877
12776	27776
10735	25735
9092	24092
2797	17797
1765	16765
9403	24403
12996	27996
10483	25483
2558	17558
8135	23135
3337	18337
3872	18872
12156	27156
2192	17192
7958	22958
14409	29409
4564	19564
9557	24557
6306	21306
5783	20783
9250	24250
8716	23716
7036	22036
8959	23959
575	15575
14686	29686
3748	18748
12696	27696
13038	28038
7263	22263
411	15411
11281	26281
7676	22676
7769	22769
8533	23533
5749	20749
7322	22322
1740	16740
4721	19721
12570	27570
1494	16494
58	15058
5078	20078
2617	17617
8273	23273
4419	19419
4460	19460
4890	19890
7874	22874
11778	26778
13031	28031
5358	20358
6998	21998
10096	25096
11794	26794
10615	25615
6720	21720
14898	29898
12815	27815
12043	27043
3033	18033
6058	21058
7534	22534
12037	27037
6210	21210
5154	20154
12538	27538
9083	24083
13681	28681
14384	29384
10826	25826
11287	26287
2918	17918
10883	25883
5381	20381
9292	24292
2232	17232
5289	20289
10189	25189
8396	23396
8922	23922
13354	28354
12429	27429
11107	26107
5597	20597
10849	25849
9093	24093
11473	26473
2497	17497
14531	29531
11741	26741
774	15774
11866	26866
7090	22090
340	15340
11398	26398
6612	21612
10340	25340
2940	17940
11423	26423
3030	18030
1754	16754
639	15639
1334	16334
13111	28111
11130	26130
6029	21029
765	15765
208	15208
10455	25455
1883	16883
12484	27484
10861	25861
1024	16024
9102	24102
4989	19989
1075	16075
14049	29049
14201	29201
6152	21152
11091	26091
5988	20988
10695	25695
9275	24275
10800	25800
1790	16790
10235	25235
14905	29905
12126	27126
741	15741
4857	19857
8696	23696
14329	29329
10680	25680
5364	20364
9164	24164
10702	25702
9806	24806
6034	21034
3548	18548
11870	26870
1558	16558
5006	20006
13901	28901
13555	28555
6305	21305
2542	17542
9173	24173
11396	26396
1986	16986
12017	27017
11538	26538
13914	28914
13925	28925
13479	28479
14438	29438
11693	26693
1800	16800
11310	26310
4169	19169
1687	16687
11004	26004
5587	20587
37	15037
12507	27507
9457	24457
10153	25153
6399	21399
3660	18660
1731	16731
7214	22214
11080	26080
10077	25077
7247	22247
3989	18989
14910	29910
6847	21847
201	15201
9398	24398
4051	19051
12493	27493
666	15666
6770	21770
9156	24156
12998	27998
5050	20050
10060	25060
3309	18309
8123	23123
11019	26019
7086	22086
413	15413
11318	26318
9340	24340
1918	16918
8945	23945
4438	19438
14556	29556
10137	25137
9006	24006
11821	26821
10631	25631
10771	25771
10663	25663
8790	23790
1534	16534
12574	27574
13089	28089
13343	28343
5153	20153
4074	19074
10918	25918
14415	29415
11135	26135
4382	19382
1152	16152
9808	24808
1600	16600
2588	17588
8008	23008
7145	22145
8490	23490
1193	16193
10531	25531
7980	22980
5092	20092
11636	26636
5343	20343
12581	27581
1286	16286
13574	28574
3143	18143
3080	18080
5173	20173
12190	27190
1815	16815
1108	16108
7680	22680
915	15915
7607	22607
12390	27390
2819	17819
527	15527
4775	19775
12732	27732
4261	19261
12966	27966
6287	21287
9686	24686
1418	16418
857	15857
7687	22687
3838	18838
13255	28255
700	15700
13269	28269
13384	28384
994	15994
3142	18142
13967	28967
1074	16074
6170	21170
6316	21316
14257	29257
14519	29519
13975	28975
10806	25806
6055	21055
1446	16446
13636	28636
13292	28292
657	15657
1467	16467
9940	24940
11705	26705
1720	16720
10570	25570
8801	23801
1586	16586
13550	28550
8080	23080
6369	21369
9939	24939
12646	27646
12529	27529
8632	23632
4121	19121
2099	17099
4966	19966
6747	21747
2959	17959
6032	21032
5344	20344
13673	28673
12234	27234
6762	21762
12663	27663
4737	19737
457	15457
2516	17516
8601	23601
6239	21239
3263	18263
5819	20819
573	15573
14309	29309
1870	16870
9894	24894
2228	17228
867	15867
11024	26024
5235	20235
3384	18384
14345	29345
12090	27090
14185	29185
1791	16791
11608	26608
9360	24360
3371	18371
8983	23983
5751	20751
12752	27752
13419	28419
3556	18556
1216	16216
12271	27271
6661	21661
10388	25388
2611	17611
3740	18740
3177	18177
12310	27310
8589	23589
8714	23714
13082	28082
14988	29988
5673	20673
11262	26262
5716	20716
1923	16923
7359	22359
3596	18596
5670	20670
9244	24244
11803	26803
13983	28983
1175	16175
4928	19928
14300	29300
3298	18298
10438	25438
12640	27640
3638	18638
5795	20795
4889	19889
5750	20750
7598	22598
2146	17146
14621	29621
5490	20490
9757	24757
6023	21023
11458	26458
12631	27631
5610	20610
14296	29296
13453	28453
9458	24458
2909	17909
3850	18850
14045	29045
14534	29534
8056	23056
59	15059
3248	18248
6024	21024
9427	24427
508	15508
14993	29993
9039	24039
13932	28932
2581	17581
5172	20172
6429	21429
7943	22943
796	15796
11083	26083
4776	19776
4050	19050
1949	16949
13838	28838
13752	28752
6543	21543
4801	19801
14805	29805
2585	17585
10459	25459
4400	19400
3323	18323
5693	20693
13982	28982
1379	16379
5391	20391
6837	21837
11380	26380
9213	24213
14770	29770
7146	22146
8555	23555
8229	23229
7833	22833
8595	23595
12782	27782
105	15105
2222	17222
2773	17773
11726	26726
5152	20152
209	15209
14836	29836
449	15449
3121	18121
4012	19012
4899	19899
167	15167
8989	23989
13859	28859
4241	19241
2870	17870
2344	17344
2609	17609
552	15552
10449	25449
13538	28538
14900	29900
8199	23199
4123	19123
1582	16582
12364	27364
2261	17261
322	15322
1810	16810
10182	25182
4963	19963
14216	29216
6124	21124
7822	22822
7514	22514
6265	21265
14894	29894
8532	23532
1280	16280
8142	23142
6854	21854
5938	20938
1836	16836
13331	28331
14640	29640
12686	27686
4644	19644
10626	25626
29	15029
4862	19862
6889	21889
1819	16819
7763	22763
519	15519
3276	18276
9971	24971
3236	18236
5703	20703
2204	17204
13731	28731
3138	18138
12957	27957
4329	19329
14232	29232
7477	22477
465	15465
6357	21357
9447	24447
8413	23413
14613	29613
13264	28264
10075	25075
12366	27366
5726	20726
10810	25810
18	15018
5439	20439
216	15216
13044	28044
213	15213
11241	26241
2200	17200
11230	26230
12797	27797
834	15834
8414	23414
7453	22453
710	15710
2409	17409
9199	24199
13436	28436
7890	22890
14876	29876
5636	20636
13263	28263
7600	22600
8779	23779
13724	28724
6567	21567
2526	17526
4990	19990
7330	22330
8914	23914
7339	22339
13733	28733
8405	23405
12287	27287
998	15998
7823	22823
219	15219
722	15722
9744	24744
12316	27316
9174	24174
8499	23499
5410	20410
14224	29224
295	15295
14785	29785
10859	25859
8726	23726
14366	29366
5873	20873
12365	27365
3368	18368
3767	18767
2054	17054
3166	18166
3945	18945
14991	29991
542	15542
3253	18253
6877	21877
10272	25272
5459	20459
11752	26752
4331	19331
1549	16549
7388	22388
6542	21542
7856	22856
2416	17416
6956	21956
1839	16839
9608	24608
3390	18390
309	15309
1047	16047
12465	27465
8508	23508
10604	25604
12552	27552
773	15773
8837	23837
12749	27749
5143	20143
2844	17844
6365	21365
14670	29670
7571	22571
14840	29840
8242	23242
7657	22657
494	15494
8274	23274
4116	19116
10625	25625
2281	17281
6506	21506
12892	27892
2418	17418
3929	18929
5463	20463
7866	22866
7524	22524
8665	23665
14142	29142
8272	23272
10535	25535
9161	24161
7237	22237
12498	27498
10919	25919
6230	21230
1782	16782
9973	24973
9171	24171
10935	25935
5306	20306
1482	16482
2823	17823
12055	27055
9582	24582
11406	26406
3302	18302
10061	25061
10192	25192
182	15182
735	15735
3541	18541
12183	27183
13280	28280
11079	26079
1109	16109
4621	19621
8416	23416
4451	19451
2659	17659
2786	17786
14587	29587
3776	18776
10925	25925
4351	19351
3183	18183
3927	18927
9506	24506
3274	18274
4385	19385
8343	23343
1606	16606
10140	25140
8984	23984
5312	20312
11692	26692
8085	23085
12938	27938
8879	23879
5939	20939
8990	23990
1691	16691
14572	29572
2781	17781
14855	29855
8654	23654
9225	24225
6710	21710
10179	25179
1912	16912
1416	16416
11593	26593
8747	23747
8741	23741
8763	23763
7415	22415
10072	25072
8203	23203
9979	24979
11898	26898
2502	17502
14696	29696
1897	16897
7517	22517
0	15000
14112	29112
14330	29330
8266	23266
12103	27103
10032	25032
5498	20498
8173	23173
10446	25446
7112	22112
10068	25068
3882	18882
13751	28751
3562	18562
3343	18343
14593	29593
4443	19443
2799	17799
5836	20836
5527	20527
9046	24046
2428	17428
8675	23675
12619	27619
9994	24994
9207	24207
9088	24088
6866	21866
2989	17989
7327	22327
7750	22750
9555	24555
2761	17761
2890	17890
13658	28658
8821	23821
10783	25783
5026	20026
11279	26279
2064	17064
2406	17406
8074	23074
11276	26276
7542	22542
9749	24749
10147	25147
12499	27499
221	15221
13048	28048
8608	23608
13475	28475
476	15476
6790	21790
8157	23157
14026	29026
3428	18428
13229	28229
11496	26496
10550	25550
13472	28472
4409	19409
668	15668
13388	28388
14262	29262
8201	23201
9024	24024
8578	23578
12789	27789
284	15284
10010	25010
11532	26532
13443	28443
1935	16935
7713	22713
1298	16298
9578	24578
13191	28191
5043	20043
5813	20813
7256	22256
5622	20622
6769	21769
1367	16367
271	15271
6940	21940
9580	24580
7936	22936
2885	17885
8637	23637
3071	18071
3796	18796
13164	28164
8188	23188
10867	25867
5272	20272
7009	22009
1585	16585
13985	28985
9825	24825
5357	20357
7061	22061
7968	22968
11730	26730
12565	27565
14660	29660
2009	17009
7458	22458
9805	24805
3572	18572
9453	24453
11155	26155
3675	18675
7740	22740
404	15404
1063	16063
12615	27615
14153	29153
8263	23263
7832	22832
13855	28855
3218	18218
3245	18245
13208	28208
6617	21617
1829	16829
718	15718
4679	19679
9615	24615
369	15369
7515	22515
690	15690
5585	20585
10795	25795
12306	27306
10463	25463
4422	19422
13911	28911
441	15441
1441	16441
2962	17962
7624	22624
3294	18294
10318	25318
12926	27926
13854	28854
3118	18118
1424	16424
9059	24059
14606	29606
1716	16716
5144	20144
4191	19191
11911	26911
10454	25454
10249	25249
2820	17820
10	15010
3801	18801
4414	19414
387	15387
2536	17536
2683	17683
6968	21968
8165	23165
6850	21850
4839	19839
10652	25652
12695	27695
13006	28006
1499	16499
2678	17678
8592	23592
7868	22868
11790	26790
363	15363
10996	25996
13457	28457
335	15335
8639	23639
2748	17748
10414	25414
5349	20349
11478	26478
9315	24315
1062	16062
4188	19188
1002	16002
13287	28287
13426	28426
1297	16297
6792	21792
13120	28120
424	15424
7835	22835
8458	23458
9389	24389
429	15429
9327	24327
3763	18763
6784	21784
1123	16123
13094	28094
5582	20582
1938	16938
4315	19315
3970	18970
8276	23276
551	15551
11563	26563
11259	26259
11050	26050
5920	20920
1466	16466
11651	26651
3439	18439
12537	27537
6457	21457
1182	16182
9592	24592
5198	20198
10773	25773
6213	21213
6863	21863
6117	21117
7267	22267
3845	18845
14014	29014
14474	29474
4251	19251
1184	16184
2503	17503
1726	16726
6403	21403
10327	25327
2258	17258
13185	28185
5692	20692
11961	26961
6293	21293
13260	28260
13723	28723
9515	24515
8030	23030
10224	25224
1	15001
6773	21773
8469	23469
11614	26614
8067	23067
3752	18752
9694	24694
14633	29633
7838	22838
12808	27808
1929	16929
2366	17366
10436	25436
14405	29405
7440	22440
5588	20588
8591	23591
10021	25021
5009	20009
4398	19398
8136	23136
9856	24856
3847	18847
7501	22501
4500	19500
6093	21093
6667	21667
13617	28617
11020	26020
92	15092
7446	22446
5248	20248
244	15244
12160	27160
7988	22988
13517	28517
10045	25045
2842	17842
11065	26065
6017	21017
13337	28337
12108	27108
3880	18880
4574	19574
3503	18503
2023	17023
10297	25297
12973	27973
14828	29828
7981	22981
11194	26194
9128	24128
6192	21192
10553	25553
7729	22729
8064	23064
13581	28581
5386	20386
2415	17415
11512	26512
9473	24473
2790	17790
12164	27164
3196	18196
5774	20774
11737	26737
7045	22045
6874	21874
12343	27343
9434	24434
2030	17030
789	15789
1698	16698
8878	23878
11407	26407
13602	28602
7689	22689
13441	28441
6277	21277
10048	25048
7955	22955
12255	27255
4041	19041
13347	28347
9098	24098
2294	17294
13996	28996
13879	28879
3825	18825
7441	22441
11541	26541
4810	19810
12832	27832
6401	21401
210	15210
11709	26709
1901	16901
10379	25379
14925	29925
13899	28899
13920	28920
10484	25484
9388	24388
144	15144
14928	29928
12599	27599
14055	29055
1569	16569
8968	23968
13288	28288
5968	20968
8941	23941
8999	23999
4792	19792
7617	22617
8588	23588
13573	28573
1647	16647
6433	21433
13001	28001
14305	29305
7930	22930
4402	19402
9355	24355
6538	21538
5635	20635
9779	24779
8689	23689
13139	28139
6076	21076
13279	28279
6173	21173
9387	24387
1652	16652
1232	16232
12444	27444
2641	17641
7006	22006
14856	29856
12807	27807
12421	27421
3059	18059
4680	19680
2203	17203
1067	16067
4446	19446
10504	25504
7634	22634
9944	24944
4246	19246
8877	23877
1450	16450
10115	25115
126	15126
2031	17031
1000	16000
764	15764
13595	28595
7041	22041
8209	23209
526	15526
10370	25370
13107	28107
7817	22817
2005	17005
13412	28412
4995	19995
14955	29955
14442	29442
9189	24189
711	15711
7983	22983
4151	19151
9723	24723
7998	22998
10329	25329
4269	19269
8958	23958
13761	28761
12681	27681
2066	17066
1921	16921
3723	18723
6376	21376
3050	18050
13706	28706
2142	17142
14852	29852
11453	26453
2926	17926
2398	17398
4549	19549
5100	20100
10778	25778
6176	21176
9521	24521
5639	20639
1343	16343
13612	28612
9040	24040
10086	25086
5025	20025
1805	16805
10427	25427
890	15890
14240	29240
3676	18676
7485	22485
3201	18201
12628	27628
13236	28236
1507	16507
5841	20841
3296	18296
2490	17490
5315	20315
8582	23582
7961	22961
10324	25324
8606	23606
9915	24915
7035	22035
7525	22525
2350	17350
9375	24375
10278	25278
4273	19273
1097	16097
6588	21588
1335	16335
6020	21020
4606	19606
2083	17083
3180	18180
10595	25595
12751	27751
12060	27060
2256	17256
8489	23489
7650	22650
1503	16503
4631	19631
5030	20030
13225	28225
4258	19258
8967	23967
3133	18133
3193	18193
14510	29510
1113	16113
5476	20476
11887	26887
5038	20038
12027	27027
13944	28944
6014	21014
6444	21444
3568	18568
7042	22042
14244	29244
11939	26939
11751	26751
14149	29149
2471	17471
9105	24105
7580	22580
7403	22403
4642	19642
479	15479
14558	29558
10394	25394
325	15325
10495	25495
5437	20437
12020	27020
4472	19472
7163	22163
13980	28980
3766	18766
2944	17944
577	15577
1520	16520
5046	20046
11998	26998
8978	23978
4923	19923
13502	28502
10440	25440
10757	25757
3689	18689
389	15389
3355	18355
13296	28296
6471	21471
7334	22334
10927	25927
7631	22631
6655	21655
11947	26947
3270	18270
3955	18955
8120	23120
3379	18379
12259	27259
993	15993
2643	17643
7741	22741
1233	16233
2754	17754
7993	22993
1497	16497
14462	29462
4677	19677
13514	28514
9185	24185
14749	29749
4019	19019
1580	16580
2803	17803
9601	24601
6660	21660
3210	18210
1245	16245
13765	28765
2848	17848
3228	18228
14663	29663
11976	26976
8088	23088
14930	29930
9818	24818
11475	26475
5339	20339
4576	19576
12023	27023
12044	27044
1060	16060
2960	17960
12612	27612
9122	24122
9489	24489
3431	18431
3734	18734
11829	26829
607	15607
13642	28642
3693	18693
12454	27454
10208	25208
140	15140
969	15969
8628	23628
9369	24369
3651	18651
2777	17777
6208	21208
8734	23734
8205	23205
1951	16951
12814	27814
4114	19114
7450	22450
6336	21336
8078	23078
1029	16029
2594	17594
6150	21150
13969	28969
3440	18440
1195	16195
3637	18637
8368	23368
11066	26066
13183	28183
7276	22276
8336	23336
5945	20945
8381	23381
3639	18639
7745	22745
11893	26893
6546	21546
545	15545
10830	25830
5804	20804
12910	27910
8855	23855
604	15604
13459	28459
9527	24527
10881	25881
382	15382
10877	25877
10869	25869
12240	27240
13702	28702
11211	26211
3816	18816
13178	28178
1974	16974
10910	25910
1079	16079
3119	18119
7305	22305
1984	16984
4373	19373
4477	19477
10482	25482
11069	26069
195	15195
4833	19833
1470	16470
3481	18481
43	15043
7798	22798
11388	26388
3444	18444
9742	24742
12784	27784
13492	28492
6325	21325
11322	26322
523	15523
5869	20869
14279	29279
10098	25098
7007	22007
14174	29174
3010	18010
8776	23776
9072	24072
12059	27059
12929	27929
12212	27212
12470	27470
2462	17462
5994	20994
4767	19767
968	15968
6358	21358
5064	20064
11864	26864
3898	18898
12064	27064
9653	24653
978	15978
10933	25933
13895	28895
8449	23449
13918	28918
11647	26647
12651	27651
818	15818
9395	24395
14508	29508
9627	24627
12925	27925
1612	16612
10986	25986
518	15518
14545	29545
8245	23245
4236	19236
8899	23899
10475	25475
11595	26595
7103	22103
4055	19055
14827	29827
9	15009
14428	29428
9822	24822
1493	16493
4203	19203
8585	23585
141	15141
8849	23849
1256	16256
13009	28009
9348	24348
1552	16552
5436	20436
1083	16083
8268	23268
9067	24067
7378	22378
3078	18078
6656	21656
3622	18622
14645	29645
8919	23919
7193	22193
3527	18527
524	15524
10314	25314
6715	21715
196	15196
13504	28504
580	15580
8237	23237
12982	27982
8066	23066
11064	26064
775	15775
725	15725
1018	16018
2010	17010
14761	29761
7758	22758
3846	18846
13261	28261
9113	24113
541	15541
11304	26304
11209	26209
886	15886
5687	20687
3695	18695
6390	21390
11572	26572
6212	21212
14773	29773
129	15129
4858	19858
10648	25648
5228	20228
2730	17730
12635	27635
6599	21599
12178	27178
7264	22264
5012	20012
7206	22206
4103	19103
1399	16399
3618	18618
9504	24504
5906	20906
6171	21171
6783	21783
11242	26242
10534	25534
5788	20788
13123	28123
11757	26757
8946	23946
1488	16488
10381	25381
14848	29848
9468	24468
5631	20631
439	15439
14732	29732
10765	25765
10479	25479
4238	19238
9589	24589
5183	20183
616	15616
4503	19503
12235	27235
11055	26055
12770	27770
9951	24951
1356	16356
13533	28533
3423	18423
8513	23513
1539	16539
6123	21123
12756	27756
652	15652
2982	17982
5659	20659
2154	17154
2494	17494
13732	28732
3648	18648
544	15544
11791	26791
2359	17359
14273	29273
14353	29353
1382	16382
2901	17901
1807	16807
4087	19087
3662	18662
9409	24409
2864	17864
12908	27908
14632	29632
4960	19960
2184	17184
1226	16226
2301	17301
5706	20706
6031	21031
1330	16330
12799	27799
6389	21389
11177	26177
2453	17453
9104	24104
5053	20053
514	15514
7000	22000
3091	18091
14544	29544
11612	26612
14935	29935
5662	20662
9550	24550
7777	22777
11422	26422
4939	19939
11461	26461
3023	18023
9531	24531
7851	22851
497	15497
14971	29971
14052	29052
10692	25692
9634	24634
4434	19434
14343	29343
11235	26235
13428	28428
8167	23167
1392	16392
11625	26625
14944	29944
4832	19832
13086	28086
13867	28867
14657	29657
14367	29367
7351	22351
5946	20946
8824	23824
7484	22484
10227	25227
13485	28485
4961	19961
7356	22356
9546	24546
2475	17475
5452	20452
486	15486
10476	25476
6396	21396
10159	25159
12197	27197
11392	26392
6947	21947
4591	19591
9713	24713
9043	24043
6924	21924
10544	25544
11589	26589
11528	26528
12299	27299
3171	18171
2468	17468
12018	27018
14184	29184
7589	22589
3899	18899
12653	27653
2991	17991
9511	24511
461	15461
10772	25772
14815	29815
4713	19713
8214	23214
8151	23151
11139	26139
2788	17788
446	15446
11914	26914
7522	22522
8516	23516
7438	22438
4259	19259
7018	22018
7664	22664
9532	24532
7997	22997
10841	25841
1475	16475
13125	28125
3473	18473
683	15683
9443	24443
7341	22341
13335	28335
10613	25613
10058	25058
10266	25266
14043	29043
13017	28017
4602	19602
5192	20192
13705	28705
5334	20334
11397	26397
9404	24404
245	15245
6047	21047
9498	24498
5116	20116
12543	27543
9751	24751
1786	16786
2575	17575
6800	21800
8506	23506
819	15819
12148	27148
3149	18149
1492	16492
12021	27021
12387	27387
5833	20833
5360	20360
11801	26801
2992	17992
5371	20371
1270	16270
516	15516
2057	17057
13316	28316
2115	17115
10796	25796
6529	21529
4575	19575
5313	20313
2956	17956
13644	28644
5449	20449
8629	23629
10731	25731
669	15669
4324	19324
2530	17530
6534	21534
8540	23540
7125	22125
1721	16721
2039	17039
5414	20414
10689	25689
4366	19366
6899	21899
4712	19712
3747	18747
6188	21188
9727	24727
7519	22519
14328	29328
5411	20411
3716	18716
3645	18645
14247	29247
6241	21241
10583	25583
426	15426
13511	28511
962	15962
6860	21860
6593	21593
7882	22882
8503	23503
2058	17058
638	15638
11299	26299
6254	21254
12530	27530
13390	28390
3044	18044
5129	20129
11610	26610
12002	27002
12101	27101
14893	29893
6511	21511
6504	21504
1916	16916
3312	18312
1397	16397
6845	21845
8571	23571
12741	27741
13066	28066
13268	28268
4681	19681
8661	23661
9080	24080
14608	29608
14226	29226
13904	28904
2012	17012
10386	25386
4357	19357
14288	29288
13039	28039
11793	26793
1937	16937
11818	26818
11485	26485
13004	28004
11114	26114
11575	26575
13875	28875
6994	21994
5317	20317
6242	21242
14253	29253
10510	25510
10658	25658
9248	24248
4740	19740
12890	27890
398	15398
12177	27177
10309	25309
1795	16795
11410	26410
12034	27034
10642	25642
9830	24830
1389	16389
3271	18271
1484	16484
3780	18780
14505	29505
5779	20779
13310	28310
7331	22331
9166	24166
12241	27241
979	15979
2514	17514
6118	21118
12607	27607
14493	29493
1015	16015
13850	28850
5106	20106
9186	24186
14515	29515
13101	28101
7635	22635
13750	28750
11186	26186
13679	28679
7935	22935
6310	21310
14029	29029
12437	27437
2826	17826
599	15599
14064	29064
2764	17764
12804	27804
11983	26983
1666	16666
14215	29215
4189	19189
1699	16699
12087	27087
2180	17180
12689	27689
3110	18110
11820	26820
10526	25526
6338	21338
1098	16098
11470	26470
9876	24876
9952	24952
2663	17663
152	15152
644	15644
11013	26013
12170	27170
5194	20194
14058	29058
5782	20782
8575	23575
8437	23437
13540	28540
5586	20586
9840	24840
7084	22084
5745	20745
10472	25472
11670	26670
7180	22180
4308	19308
14420	29420
1290	16290
13793	28793
9564	24564
14433	29433
11108	26108
13718	28718
1344	16344
1422	16422
9829	24829
5139	20139
3094	18094
3280	18280
2126	17126
9722	24722
7859	22859
2771	17771
10346	25346
6906	21906
11938	26938
10339	25339
14040	29040
5015	20015
2880	17880
2999	17999
11377	26377
11492	26492
9014	24014
1601	16601
2235	17235
4125	19125
6919	21919
12852	27852
7570	22570
7881	22881
13149	28149
7189	22189
13782	28782
4975	19975
11172	26172
5822	20822
5014	20014
12610	27610
5177	20177
91	15091
4035	19035
7864	22864
1848	16848
6732	21732
11007	26007
11346	26346
6195	21195
7471	22471
14712	29712
3532	18532
13633	28633
3211	18211
6296	21296
1341	16341
1733	16733
1965	16965
2921	17921
11656	26656
5884	20884
6571	21571
621	15621
5905	20905
10170	25170
13618	28618
496	15496
2874	17874
3277	18277
5369	20369
6985	21985
14679	29679
10834	25834
5477	20477
5956	20956
11436	26436
13032	28032
14658	29658
12334	27334
3207	18207
11883	26883
10691	25691
4535	19535
4360	19360
6590	21590
11747	26747
5735	20735
5641	20641
5543	20543
4707	19707
895	15895
2963	17963
4599	19599
5461	20461
10097	25097
13599	28599
11062	26062
3685	18685
12717	27717
7136	22136
338	15338
12097	27097
14468	29468
8160	23160
10842	25842
7091	22091
9022	24022
8796	23796
8081	23081
81	15081
7670	22670
11075	26075
9712	24712
2680	17680
11733	26733
6608	21608
14265	29265
2481	17481
1878	16878
4905	19905
14607	29607
4669	19669
1900	16900
8850	23850
5593	20593
7056	22056
9778	24778
703	15703
8179	23179
14804	29804
9620	24620
2246	17246
3252	18252
12514	27514
128	15128
10715	25715
13108	28108
8046	23046
14401	29401
2731	17731
7655	22655
9162	24162
5904	20904
3628	18628
13253	28253
14760	29760
14668	29668
8139	23139
13884	28884
306	15306
6502	21502
14535	29535
5964	20964
1102	16102
12089	27089
4094	19094
9496	24496
5540	20540
4244	19244
254	15254
1206	16206
4076	19076
505	15505
13615	28615
7941	22941
12296	27296
2672	17672
10285	25285
12067	27067
14116	29116
10401	25401
7696	22696
400	15400
11125	26125
10264	25264
8298	23298
9272	24272
7037	22037
801	15801
14782	29782
14243	29243
1295	16295
8487	23487
11985	26985
11219	26219
13981	28981
9811	24811
10888	25888
12142	27142
8725	23725
3084	18084
12221	27221
10833	25833
2629	17629
8825	23825
8127	23127
12617	27617
12063	27063
9841	24841
8388	23388
234	15234
8140	23140
5929	20929
9868	24868
5802	20802
10560	25560
14635	29635
4078	19078
8010	23010
6476	21476
14424	29424
4068	19068
3585	18585
11836	26836
7427	22427
13193	28193
2352	17352
65	15065
9020	24020
5604	20604
13727	28727
2723	17723
14923	29923
951	15951
14333	29333
13922	28922
3893	18893
5616	20616
3467	18467
4978	19978
1856	16856
11732	26732
12669	27669
6044	21044
9197	24197
12879	27879
8265	23265
7667	22667
8542	23542
2600	17600
13232	28232
11316	26316
12086	27086
992	15992
7085	22085
3132	18132
3826	18826
9526	24526
14301	29301
12485	27485
1788	16788
10678	25678
4768	19768
9675	24675
8527	23527
3749	18749
2345	17345
5623	20623
4071	19071
3413	18413
6272	21272
4826	19826
1323	16323
567	15567
10338	25338
11143	26143
4219	19219
5781	20781
13322	28322
1880	16880
1834	16834
3601	18601
1468	16468
8979	23979
6526	21526
6684	21684
6788	21788
10542	25542
7212	22212
1357	16357
13917	28917
14368	29368
7423	22423
5091	20091
10916	25916
13898	28898
4649	19649
3960	18960
12483	27483
8097	23097
10703	25703
2003	17003
6557	21557
8264	23264
5169	20169
3553	18553
13445	28445
3964	18964
4470	19470
11232	26232
2667	17667
10240	25240
2977	17977
13881	28881
13583	28583
10283	25283
13903	28903
2469	17469
5042	20042
9373	24373
1447	16447
13340	28340
12185	27185
5188	20188
10397	25397
6116	21116
9031	24031
2710	17710
1345	16345
3950	18950
13647	28647
13945	28945
13248	28248
10129	25129
7358	22358
2769	17769
8593	23593
6421	21421
8781	23781
10281	25281
9581	24581
12885	27885
1268	16268
14953	29953
8129	23129
11708	26708
4362	19362
4081	19081
2905	17905
13684	28684
10851	25851
5423	20423
14772	29772
9835	24835
3711	18711
9513	24513
11871	26871
14115	29115
7503	22503
10659	25659
283	15283
14559	29559
4065	19065
12969	27969
6099	21099
14557	29557
1483	16483
11649	26649
5848	20848
840	15840
8823	23823
14967	29967
8924	23924
11658	26658
6393	21393
7766	22766
7978	22978
10538	25538
4063	19063
14739	29739
5354	20354
11328	26328
1655	16655
9444	24444
6478	21478
9528	24528
10024	25024
3944	18944
9486	24486
2358	17358
12992	27992
6936	21936
4971	19971
14939	29939
2199	17199
3977	18977
47	15047
13852	28852
4635	19635
6615	21615
11628	26628
10275	25275
13349	28349
8842	23842
11978	26978
11725	26725
7181	22181
2170	17170
2056	17056
12575	27575
9314	24314
12110	27110
4428	19428
10352	25352
11076	26076
5770	20770
2718	17718
13865	28865
14349	29349
8818	23818
6391	21391
13819	28819
3884	18884
9708	24708
3385	18385
5502	20502
3288	18288
6802	21802
2627	17627
9548	24548
3934	18934
904	15904
7196	22196
4439	19439
12744	27744
14099	29099
13986	28986
4474	19474
512	15512
6893	21893
10260	25260
12168	27168
12477	27477
14089	29089
13988	28988
10864	25864
9344	24344
2152	17152
2829	17829
663	15663
4911	19911
13358	28358
14331	29331
11858	26858
430	15430
7389	22389
7544	22544
4666	19666
14403	29403
5428	20428
7644	22644
6145	21145
3640	18640
102	15102
14832	29832
7328	22328
6443	21443
5027	20027
11992	26992
9362	24362
14006	29006
538	15538
2393	17393
12315	27315
14145	29145
13590	28590
10358	25358
13069	28069
10416	25416
10862	25862
10873	25873
3784	18784
2309	17309
7024	22024
4132	19132
2201	17201
6035	21035
12810	27810
874	15874
9864	24864
10210	25210
1289	16289
5800	20800
11154	26154
12945	27945
1748	16748
9051	24051
1142	16142
6891	21891
10141	25141
1263	16263
3411	18411
12690	27690
6811	21811
6601	21601
4284	19284
1207	16207
12239	27239
28	15028
6348	21348
1211	16211
13965	28965
5489	20489
6147	21147
11056	26056
2452	17452
45	15045
2644	17644
11570	26570
343	15343
9018	24018
2097	17097
528	15528
13047	28047
13906	28906
4942	19942
877	15877
8254	23254
6038	21038
3448	18448
10530	25530
5718	20718
9394	24394
5741	20741
410	15410
13379	28379
2226	17226
13109	28109
7716	22716
11707	26707
6916	21916
6623	21623
12513	27513
14443	29443
9183	24183
8955	23955
1189	16189
8549	23549
1354	16354
805	15805
5547	20547
2973	17973
6086	21086
3868	18868
380	15380
2578	17578
7959	22959
13551	28551
6957	21957
5931	20931
10989	25989
174	15174
2205	17205
11505	26505
2696	17696
1609	16609
14101	29101
12400	27400
12219	27219
1735	16735
13029	28029
7459	22459
5927	20927
8604	23604
8400	23400
1881	16881
5260	20260
836	15836
4262	19262
9927	24927
10507	25507
906	15906
9306	24306
12230	27230
1995	16995
13128	28128
7576	22576
12678	27678
263	15263
1863	16863
7420	22420
6631	21631
11626	26626
736	15736
14495	29495
2388	17388
2758	17758
9628	24628
6175	21175
8939	23939
11974	26974
11819	26819
9529	24529
14159	29159
4855	19855
4459	19459
8111	23111
1898	16898
1220	16220
10118	25118
9305	24305
6833	21833
955	15955
9880	24880
12195	27195
7454	22454
1753	16753
6678	21678
12338	27338
4070	19070
13846	28846
6982	21982
5650	20650
13054	28054
2583	17583
2509	17509
1641	16641
10112	25112
13863	28863
10980	25980
11025	26025
5763	20763
7301	22301
7087	22087
7604	22604
9261	24261
11033	26033
6586	21586
9455	24455
12708	27708
8450	23450
7316	22316
10277	25277
6291	21291
11687	26687
14470	29470
3353	18353
1812	16812
8421	23421
1227	16227
2548	17548
9175	24175
9341	24341
8793	23793
9350	24350
14133	29133
12362	27362
12209	27209
8917	23917
13753	28753
14465	29465
6451	21451
7490	22490
12452	27452
12813	27813
10511	25511
4457	19457
14865	29865
9021	24021
9509	24509
6154	21154
1868	16868
5736	20736
5699	20699
4736	19736
9937	24937
2861	17861
4815	19815
6687	21687
10549	25549
379	15379
7757	22757
950	15950
3772	18772
13488	28488
3890	18890
7910	22910
1339	16339
8113	23113
3920	18920
7558	22558
986	15986
1174	16174
1409	16409
9661	24661
14550	29550
14336	29336
14740	29740
4988	19988
8566	23566
11654	26654
11997	26997
12091	27091
14255	29255
1533	16533
4496	19496
10871	25871
1920	16920
13886	28886
4694	19694
10029	25029
8851	23851
1501	16501
6949	21949
14623	29623
7395	22395
525	15525
10418	25418
13972	28972
8047	23047
9792	24792
14075	29075
4845	19845
4045	19045
2473	17473
8892	23892
7432	22432
10529	25529
13141	28141
6699	21699
1161	16161
10838	25838
12424	27424
11853	26853
1112	16112
9377	24377
1587	16587
5915	20915
2478	17478
5606	20606
601	15601
10417	25417
1455	16455
1190	16190
6838	21838
6533	21533
8702	23702
3466	18466
4140	19140
7730	22730
4190	19190
13409	28409
4579	19579
12393	27393
4935	19935
12796	27796
12367	27367
7878	22878
13203	28203
6083	21083
5900	20900
5221	20221
10874	25874
7726	22726
6537	21537
12502	27502
9428	24428
179	15179
7355	22355
489	15489
14281	29281
9544	24544
8577	23577
10420	25420
5113	20113
2889	17889
2381	17381
4485	19485
8927	23927
13062	28062
9168	24168
1364	16364
8284	23284
3163	18163
2304	17304
9810	24810
10407	25407
4817	19817
4108	19108
3145	18145
3544	18544
2070	17070
3430	18430
3123	18123
10646	25646
10597	25597
9231	24231
3249	18249
9989	24989
2305	17305
6634	21634
777	15777
3874	18874
8483	23483
2591	17591
5798	20798
6309	21309
8797	23797
13651	28651
9436	24436
595	15595
10636	25636
7954	22954
13369	28369
4046	19046
9890	24890
12246	27246
12539	27539
7203	22203
6577	21577
3930	18930
2778	17778
1588	16588
5087	20087
11677	26677
14423	29423
8867	23867
8847	23847
1886	16886
11344	26344
9029	24029
14892	29892
405	15405
4984	19984
9028	24028
12927	27927
11360	26360
10220	25220
9613	24613
437	15437
3474	18474
13494	28494
12453	27453
5368	20368
10012	25012
5545	20545
8950	23950
2162	17162
3415	18415
5663	20663
9729	24729
1221	16221
9647	24647
1089	16089
3745	18745
14982	29982
7642	22642
5136	20136
14919	29919
5888	20888
12036	27036
8627	23627
9895	24895
9718	24718
9170	24170
2983	17983
10962	25962
8735	23735
3534	18534
6734	21734
11319	26319
13025	28025
11367	26367
5791	20791
11371	26371
13342	28342
7686	22686
11931	26931
11351	26351
1387	16387
7916	22916
2032	17032
12594	27594
3933	18933
3324	18324
4940	19940
2674	17674
4138	19138
13640	28640
13177	28177
203	15203
10199	25199
94	15094
8248	23248
5178	20178
7140	22140
5167	20167
10679	25679
13051	28051
5978	20978
13532	28532
3758	18758
1734	16734
13770	28770
9763	24763
10971	25971
8121	23121
8184	23184
6090	21090
13766	28766
12936	27936
4917	19917
14546	29546
11854	26854
8785	23785
1438	16438
13556	28556
14859	29859
3842	18842
7139	22139
2791	17791
3515	18515
8528	23528
9124	24124
6283	21283
6271	21271
2584	17584
2961	17961
1751	16751
6570	21570
7075	22075
13461	28461
6668	21668
313	15313
6689	21689
10492	25492
1254	16254
14911	29911
14276	29276
3535	18535
423	15423
11312	26312
1598	16598
12971	27971
13529	28529
7229	22229
7940	22940
5340	20340
7021	22021
13	15013
7892	22892
2660	17660
4120	19120
5948	20948
6313	21313
5049	20049
11711	26711
8419	23419
8926	23926
2224	17224
3452	18452
2312	17312
4458	19458
3609	18609
7738	22738
13769	28769
1308	16308
642	15642
8326	23326
1237	16237
4187	19187
3571	18571
12096	27096
8558	23558
6563	21563
4405	19405
6236	21236
6895	21895
6473	21473
12130	27130
3828	18828
8116	23116
4640	19640
11928	26928
2255	17255
5227	20227
4824	19824
5039	20039
6868	21868
6136	21136
3289	18289
9967	24967
10967	25967
13195	28195
11157	26157
2639	17639
7759	22759
10026	25026
8087	23087
9466	24466
2229	17229
8190	23190
12591	27591
2220	17220
14718	29718
6633	21633
10217	25217
13670	28670
10853	25853
13176	28176
5448	20448
13564	28564
3460	18460
748	15748
3764	18764
12656	27656
12523	27523
13207	28207
13071	28071
4199	19199
482	15482
11587	26587
2026	17026
12745	27745
3773	18773
10307	25307
9793	24793
52	15052
2172	17172
3939	18939
13816	28816
6303	21303
11086	26086
9464	24464
1859	16859
5825	20825
14165	29165
13677	28677
2506	17506
11035	26035
12065	27065
7150	22150
2443	17443
4469	19469
10456	25456
4	15004
5984	20984
7613	22613
3425	18425
13163	28163
6749	21749
4449	19449
12011	27011
7221	22221
3223	18223
1565	16565
3757	18757
6431	21431
11676	26676
13971	28971
2813	17813
12660	27660
2061	17061
11513	26513
13470	28470
8076	23076
2027	17027
12244	27244
12301	27301
10413	25413
3454	18454
12357	27357
10519	25519
729	15729
13301	28301
5444	20444
1257	16257
12321	27321
9257	24257
2221	17221
572	15572
2998	17998
7949	22949
14997	29997
4015	19015
6875	21875
12597	27597
1879	16879
11868	26868
14070	29070
6579	21579
5281	20281
7628	22628
8848	23848
135	15135
5058	20058
10124	25124
9705	24705
3980	18980
7912	22912
2017	17017
451	15451
12794	27794
3579	18579
10720	25720
1465	16465
6366	21366
2952	17952
13558	28558
11923	26923
8096	23096
1403	16403
7137	22137
7647	22647
7183	22183
1554	16554
7002	22002
4706	19706
2461	17461
2939	17939
11133	26133
4044	19044
5243	20243
6131	21131
13308	28308
5514	20514
6820	21820
12104	27104
1329	16329
5532	20532
6423	21423
11603	26603
2888	17888
1759	16759
14642	29642
10608	25608
13408	28408
5045	20045
14499	29499
1828	16828
264	15264
2948	17948
12979	27979
11362	26362
3068	18068
9424	24424
9847	24847
6581	21581
11042	26042
11372	26372
11213	26213
2932	17932
14199	29199
4473	19473
11164	26164
3131	18131
6193	21193
3405	18405
1131	16131
11472	26472
5843	20843
14945	29945
1439	16439
14254	29254
6028	21028
12549	27549
6256	21256
8976	23976
1931	16931
4193	19193
845	15845
13197	28197
3976	18976
2445	17445
14759	29759
2568	17568
5709	20709
8947	23947
12245	27245
1318	16318
2140	17140
7162	22162
1320	16320
1426	16426
1393	16393
5082	20082
7049	22049
3630	18630
9446	24446
14995	29995
10939	25939
6146	21146
6121	21121
8435	23435
2264	17264
6990	21990
10400	25400
9547	24547
12662	27662
10614	25614
14872	29872
7023	22023
9211	24211
9050	24050
14122	29122
6270	21270
13689	28689
300	15300
12392	27392
320	15320
11084	26084
3925	18925
8908	23908
337	15337
6989	21989
3509	18509
5401	20401
8141	23141
1874	16874
12621	27621
8207	23207
14032	29032
8930	23930
10065	25065
1557	16557
3443	18443
2314	17314
14502	29502
6497	21497
3281	18281
797	15797
4637	19637
1934	16934
4232	19232
4581	19581
46	15046
860	15860
13949	28949
5733	20733
3794	18794
7698	22698
11554	26554
7155	22155
3686	18686
4497	19497
4433	19433
5400	20400
13537	28537
1906	16906
8720	23720
8788	23788
929	15929
383	15383
11501	26501
7896	22896
12636	27636
8638	23638
2217	17217
2438	17438
10433	25433
3022	18022
920	15920
13631	28631
10144	25144
2744	17744
7399	22399
4658	19658
3345	18345
12740	27740
1423	16423
10821	25821
2326	17326
10762	25762
9858	24858
9288	24288
7347	22347
861	15861
7108	22108
5823	20823
13722	28722
3935	18935
6163	21163
236	15236
5581	20581
14196	29196
6159	21159
9038	24038
11031	26031
13042	28042
4209	19209
13703	28703
995	15995
14694	29694
8050	23050
12521	27521
6836	21836
8048	23048
2121	17121
3987	18987
1689	16689
7662	22662
14629	29629
14729	29729
2354	17354
10071	25071
11045	26045
3674	18674
8802	23802
7639	22639
8398	23398
7905	22905
2110	17110
11781	26781
3158	18158
5889	20889
6010	21010
6490	21490
2480	17480
830	15830
7898	22898
4659	19659
1642	16642
12961	27961
9737	24737
2488	17488
9480	24480
3540	18540
5342	20342
9767	24767
9201	24201
14973	29973
2865	17865
385	15385
4926	19926
13851	28851
4671	19671
12553	27553
10163	25163
13410	28410
9353	24353
14388	29388
7969	22969
12307	27307
13348	28348
8844	23844
13577	28577
7186	22186
2936	17936
2902	17902
13041	28041
8732	23732
13987	28987
4254	19254
8431	23431
9328	24328
7410	22410
14383	29383
1313	16313
8668	23668
10513	25513
12215	27215
10050	25050
5947	20947
13020	28020
4481	19481
8456	23456
5754	20754
8870	23870
9690	24690
14266	29266
4653	19653
4738	19738
3455	18455
13273	28273
7422	22422
9850	24850
14020	29020
11494	26494
7468	22468
11926	26926
14825	29825
7830	22830
10111	25111
10250	25250
9676	24676
515	15515
7885	22885
5732	20732
825	15825
9255	24255
10920	25920
3966	18966
3979	18979
6887	21887
14931	29931
7367	22367
14842	29842
13531	28531
8279	23279
4436	19436
10905	25905
2053	17053
10798	25798
1165	16165
9865	24865
3392	18392
13059	28059
8423	23423
8251	23251
6941	21941
11096	26096
10755	25755
10952	25952
1027	16027
11189	26189
9802	24802
14047	29047
12006	27006
7495	22495
5642	20642
10047	25047
4673	19673
11664	26664
372	15372
4346	19346
7588	22588
4064	19064
11780	26780
6169	21169
3049	18049
10622	25622
192	15192
14826	29826
5924	20924
3946	18946
273	15273
14183	29183
7122	22122
1009	16009
14274	29274
670	15670
7533	22533
4891	19891
6060	21060
3831	18831
14202	29202
7500	22500
2881	17881
9145	24145
11648	26648
5094	20094
13594	28594
7282	22282
14175	29175
11718	26718
6564	21564
14592	29592
1523	16523
8313	23313
6382	21382
11471	26471
2168	17168
4583	19583
11074	26074
11378	26378
6663	21663
13609	28609
11026	26026
56	15056
11888	26888
3869	18869
13138	28138
9042	24042
7439	22439
13554	28554
4603	19603
13016	28016
3529	18529
14586	29586
3326	18326
10353	25353
4314	19314
8647	23647
1854	16854
11913	26913
7928	22928
10268	25268
2668	17668
2950	17950
14035	29035
7393	22393
4000	19000
2814	17814
5080	20080
6203	21203
14766	29766
3559	18559
9866	24866
6910	21910
11171	26171
2725	17725
12341	27341
10105	25105
7266	22266
4006	19006
13990	28990
13452	28452
8100	23100
13216	28216
10823	25823
12934	27934
11355	26355
4309	19309
692	15692
7963	22963
4444	19444
13344	28344
13781	28781
5552	20552
7400	22400
2135	17135
14990	29990
4001	19001
3208	18208
5159	20159
11814	26814
610	15610
14864	29864
6446	21446
3238	18238
8371	23371
10923	25923
8977	23977
5682	20682
9239	24239
11934	26934
9110	24110
4927	19927
8134	23134
5278	20278
13056	28056
4587	19587
10425	25425
7413	22413
13309	28309
13272	28272
164	15164
4227	19227
6627	21627
3919	18919
1993	16993
5004	20004
13300	28300
9885	24885
6406	21406
6703	21703
13373	28373
10219	25219
1847	16847
10485	25485
3311	18311
7821	22821
6755	21755
5453	20453
8212	23212
3597	18597
8287	23287
10158	25158
9115	24115
5496	20496
14873	29873
8750	23750
7142	22142
7660	22660
1035	16035
10330	25330
4530	19530
6420	21420
843	15843
13396	28396
2980	17980
12129	27129
1336	16336
249	15249
4352	19352
9188	24188
9543	24543
10198	25198
350	15350
5141	20141
8211	23211
10671	25671
11047	26047
14317	29317
10493	25493
1419	16419
13351	28351
12958	27958
11444	26444
4340	19340
9259	24259
2569	17569
7610	22610
14469	29469
7262	22262
4498	19498
14396	29396
6540	21540
3150	18150
10899	25899
9766	24766
7814	22814
13789	28789
7154	22154
961	15961
11669	26669
4613	19613
5648	20648
7064	22064
4834	19834
10091	25091
10320	25320
11631	26631
8133	23133
6002	21002
10168	25168
8210	23210
1762	16762
3268	18268
10855	25855
1449	16449
13523	28523
3475	18475
8018	23018
8586	23586
1001	16001
11744	26744
6778	21778
12985	27985
14168	29168
13210	28210
14605	29605
2161	17161
10423	25423
4455	19455
12449	27449
8337	23337
1882	16882
11638	26638
12532	27532
13460	28460
8053	23053
6132	21132
5940	20940
7665	22665
2436	17436
5790	20790
13217	28217
4698	19698
5517	20517
14359	29359
6516	21516
1669	16669
5643	20643
2328	17328
7619	22619
9425	24425
4746	19746
3433	18433
11160	26160
4586	19586
2271	17271
14800	29800
8193	23193
12204	27204
12743	27743
8773	23773
1991	16991
3896	18896
13140	28140
14850	29850
9494	24494
10172	25172
11349	26349
9117	24117
12331	27331
13694	28694
11851	26851
7175	22175
12943	27943
3062	18062
5361	20361
10576	25576
12898	27898
8752	23752
14404	29404
9549	24549
5653	20653
3107	18107
10322	25322
5772	20772
4028	19028
6592	21592
13075	28075
10811	25811
148	15148
4160	19160
324	15324
7272	22272
9816	24816
1199	16199
12440	27440
310	15310
6331	21331
14777	29777
8103	23103
393	15393
1219	16219
6629	21629
898	15898
8498	23498
1504	16504
11352	26352
3214	18214
5175	20175
8598	23598
8052	23052
13040	28040
14736	29736
13632	28632
5513	20513
10710	25710
11193	26193
5930	20930
8721	23721
10709	25709
14150	29150
1973	16973
9719	24719
3811	18811
8106	23106
6973	21973
1755	16755
8998	23998
4595	19595
4820	19820
11735	26735
7008	22008
4556	19556
3234	18234
6694	21694
11792	26792
4009	19009
4802	19802
6746	21746
1895	16895
14946	29946
7705	22705
13366	28366
11198	26198
2485	17485
9303	24303
5921	20921
6639	21639
5887	20887
14163	29163
10802	25802
5793	20793
7109	22109
10415	25415
9797	24797
11667	26667
10983	25983
6217	21217
5598	20598
3577	18577
10884	25884
1258	16258
1250	16250
11162	26162
8474	23474
13728	28728
10809	25809
844	15844
10769	25769
13627	28627
10587	25587
2046	17046
1777	16777
8442	23442
12158	27158
7615	22615
13446	28446
4239	19239
13473	28473
2566	17566
3447	18447
8556	23556
3174	18174
9995	24995
10921	25921
2559	17559
9658	24658
5691	20691
3855	18855
8630	23630
566	15566
10741	25741
7900	22900
8854	23854
10271	25271
3790	18790
13399	28399
7575	22575
10471	25471
12632	27632
10711	25711
8471	23471
4614	19614
5086	20086
12819	27819
13844	28844
278	15278
5300	20300
391	15391
6939	21939
1971	16971
2597	17597
2550	17550
559	15559
13239	28239
6913	21913
14440	29440
14938	29938
4526	19526
6207	21207
7252	22252
4337	19337
13861	28861
8619	23619
3480	18480
10719	25719
12355	27355
13359	28359
14628	29628
8315	23315
5655	20655
5646	20646
6261	21261
11991	26991
1792	16792
13984	28984
8890	23890
13567	28567
6380	21380
5907	20907
25	15025
1566	16566
11161	26161
10736	25736
10850	25850
4206	19206
3653	18653
3726	18726
9593	24593
11420	26420
10912	25912
9834	24834
14961	29961
11657	26657
11551	26551
9298	24298
3055	18055
8568	23568
1835	16835
8486	23486
833	15833
6572	21572
11335	26335
8485	23485
14019	29019
3861	18861
13299	28299
14809	29809
11548	26548
4849	19849
2153	17153
6743	21743
3076	18076
1388	16388
12609	27609
4533	19533
11762	26762
13278	28278
2100	17100
11812	26812
1987	16987
10639	25639
5098	20098
14528	29528
11666	26666
3917	18917
12522	27522
13935	28935
3338	18338
11672	26672
5472	20472
8477	23477
3835	18835
8482	23482
14565	29565
7897	22897
5925	20925
5034	20034
6311	21311
5561	20561
14862	29862
9177	24177
11012	26012
9623	24623
14768	29768
1573	16573
4633	19633
1981	16981
1076	16076
13842	28842
8798	23798
3478	18478
11200	26200
9284	24284
1644	16644
3833	18833
4608	19608
12203	27203
14582	29582
6070	21070
14315	29315
7891	22891
12867	27867
5971	20971
7469	22469
11743	26743
11640	26640
12642	27642
4235	19235
7050	22050
8624	23624
7092	22092
5125	20125
3464	18464
14644	29644
352	15352
6122	21122
10714	25714
7929	22929
9699	24699
9454	24454
2807	17807
8717	23717
13543	28543
13091	28091
9999	24999
2247	17247
8970	23970
9903	24903
12469	27469
8573	23573
1078	16078
9459	24459
10794	25794
12953	27953
9249	24249
62	15062
6469	21469
13655	28655
10110	25110
3429	18429
555	15555
6626	21626
232	15232
419	15419
7253	22253
3558	18558
6582	21582
2465	17465
3805	18805
30	15030
4615	19615
5992	20992
9693	24693
6073	21073
1396	16396
7590	22590
667	15667
7111	22111
1094	16094
1972	16972
7701	22701
2470	17470
2995	17995
6351	21351
6172	21172
9738	24738
12763	27763
281	15281
4619	19619
5180	20180
9701	24701
4127	19127
11503	26503
10014	25014
14527	29527
5618	20618
12047	27047
1519	16519
10815	25815
11680	26680
12604	27604
7447	22447
2132	17132
408	15408
9703	24703
9361	24361
7404	22404
11834	26834
7143	22143
9364	24364
928	15928
9646	24646
10362	25362
11326	26326
8227	23227
12768	27768
8515	23515
14245	29245
8233	23233
8933	23933
3975	18975
1240	16240
5209	20209
10451	25451
3497	18497
2854	17854
12648	27648
12641	27641
14314	29314
2622	17622
5250	20250
9321	24321
2094	17094
5071	20071
10603	25603
5161	20161
5858	20858
3028	18028
9160	24160
12001	27001
12427	27427
1301	16301
664	15664
8125	23125
1977	16977
1057	16057
6967	21967
12349	27349
8875	23875
5839	20839
2689	17689
10251	25251
8991	23991
3878	18878
1429	16429
14903	29903
8090	23090
813	15813
10763	25763
9683	24683
5990	20990
3778	18778
11796	26796
3168	18168
2910	17910
13011	28011
14135	29135
12285	27285
4004	19004
11716	26716
445	15445
13171	28171
8063	23063
9743	24743
5332	20332
8040	23040
12515	27515
5522	20522
4487	19487
7224	22224
10384	25384
5298	20298
12657	27657
11229	26229
2373	17373
2188	17188
10226	25226
13022	28022
2616	17616
14213	29213
11569	26569
9351	24351
6487	21487
9279	24279
9087	24087
11332	26332
14077	29077
10187	25187
14022	29022
1957	16957
4017	19017
13812	28812
13804	28804
1116	16116
6729	21729
5525	20525
7428	22428
13582	28582
4546	19546
1917	16917
1107	16107
14275	29275
13298	28298
11953	26953
6730	21730
1412	16412
2832	17832
8031	23031
8426	23426
3089	18089
14727	29727
2386	17386
3191	18191
49	15049
6650	21650
11662	26662
8587	23587
440	15440
14109	29109
4411	19411
14509	29509
9689	24689
7827	22827
5911	20911
7772	22772
1532	16532
14561	29561
8433	23433
4733	19733
12981	27981
7213	22213
11046	26046
6791	21791
7071	22071
6080	21080
7530	22530
1457	16457
2208	17208
14984	29984
4846	19846
11688	26688
10999	25999
7197	22197
671	15671
13624	28624
1662	16662
13560	28560
11552	26552
6003	21003
1117	16117
14376	29376
13801	28801
14533	29533
5421	20421
4327	19327
9460	24460
10229	25229
3092	18092
2656	17656
10954	25954
9795	24795
792	15792
1711	16711
2927	17927
8678	23678
11099	26099
8234	23234
7962	22962
3307	18307
8495	23495
6742	21742
9720	24720
11546	26546
4900	19900
11393	26393
5294	20294
12638	27638
9787	24787
2248	17248
7240	22240
3538	18538
2745	17745
6326	21326
8059	23059
10808	25808
4630	19630
1373	16373
7956	22956
9873	24873
10515	25515
113	15113
2906	17906
14788	29788
10938	25938
6294	21294
14597	29597
4058	19058
7641	22641
6440	21440
6648	21648
14976	29976
10524	25524
12121	27121
9187	24187
9512	24512
2252	17252
10378	25378
5022	20022
8130	23130
5827	20827
7121	22121
8357	23357
975	15975
2324	17324
1059	16059
11943	26943
2695	17695
649	15649
547	15547
11151	26151
6987	21987
10785	25785
5495	20495
5671	20671
10079	25079
629	15629
8308	23308
3416	18416
12032	27032
6775	21775
1228	16228
5196	20196
4540	19540
14881	29881
8108	23108
7904	22904
12488	27488
11830	26830
9996	24996
8461	23461
14726	29726
7652	22652
4052	19052
127	15127
4043	19043
14914	29914
4885	19885
1264	16264
942	15942
9069	24069
9934	24934
2535	17535
5311	20311
13102	28102
11278	26278
3912	18912
93	15093
13637	28637
3819	18819
10979	25979
6368	21368
3791	18791
3272	18272
13912	28912
9001	24001
4430	19430
10488	25488
3992	18992
5330	20330
4270	19270
5505	20505
4325	19325
10620	25620
3258	18258
10803	25803
7058	22058
11195	26195
6481	21481
1540	16540
14762	29762
8768	23768
8115	23115
6018	21018
12326	27326
6766	21766
5195	20195
5269	20269
10231	25231
6371	21371
11850	26850
3586	18586
3492	18492
1215	16215
2349	17349
3792	18792
14647	29647
13008	28008
11769	26769
9503	24503
8584	23584
897	15897
11964	26964
13246	28246
12500	27500
4819	19819
12561	27561
9638	24638
1153	16153
2665	17665
1939	16939
6556	21556
6379	21379
117	15117
13222	28222
3060	18060
10577	25577
14765	29765
6437	21437
536	15536
7810	22810
14068	29068
1230	16230
11754	26754
5838	20838
9781	24781
7034	22034
11023	26023
13012	28012
1045	16045
9148	24148
10857	25857
9645	24645
12015	27015
7761	22761
7693	22693
19	15019
4167	19167
7153	22153
4560	19560
5851	20851
6043	21043
14801	29801
10730	25730
768	15768
9326	24326
11264	26264
9044	24044
7557	22557
10673	25673
4878	19878
10876	25876
7116	22116
2019	17019
14181	29181
11418	26418
3065	18065
10214	25214
2020	17020
13943	28943
1954	16954
10299	25299
7721	22721
10774	25774
3636	18636
1548	16548
13712	28712
8617	23617
7315	22315
10781	25781
11565	26565
14794	29794
9223	24223
7990	22990
4226	19226
14061	29061
684	15684
6091	21091
13674	28674
2343	17343
7550	22550
6289	21289
6088	21088
5056	20056
4784	19784
9026	24026
14004	29004
9269	24269
1844	16844
10885	25885
5497	20497
14916	29916
1701	16701
12377	27377
5047	20047
12303	27303
3209	18209
9855	24855
13364	28364
7697	22697
11989	26989
501	15501
2621	17621
111	15111
3314	18314
2191	17191
9916	24916
9849	24849
6197	21197
3817	18817
2836	17836
10197	25197
3380	18380
1830	16830
4341	19341
8760	23760
7731	22731
6082	21082
8888	23888
9107	24107
12913	27913
217	15217
12822	27822
12085	27085
13365	28365
12533	27533
14570	29570
9064	24064
2676	17676
4981	19981
1729	16729
11776	26776
13227	28227
2828	17828
6943	21943
316	15316
462	15462
11535	26535
8982	23982
6438	21438
1945	16945
987	15987
5374	20374
12859	27859
8448	23448
7046	22046
5205	20205
14562	29562
90	15090
11354	26354
6789	21789
14796	29796
4454	19454
8753	23753
74	15074
13763	28763
5518	20518
5363	20363
1509	16509
14370	29370
6370	21370
4213	19213
1464	16464
2618	17618
14895	29895
13127	28127
8800	23800
7621	22621
10844	25844
1005	16005
2752	17752
5084	20084
14347	29347
3155	18155
8807	23807
5510	20510
1288	16288
12516	27516
9013	24013
2849	17849
2899	17899
166	15166
6934	21934
3804	18804
12141	27141
12144	27144
510	15510
8005	23005
8925	23925
7271	22271
13800	28800
8898	23898
8427	23427
1767	16767
12922	27922
1674	16674
10512	25512
14090	29090
7332	22332
3003	18003
1933	16933
11429	26429
10076	25076
13231	28231
3014	18014
344	15344
1276	16276
13411	28411
4774	19774
2025	17025
3397	18397
10087	25087
9277	24277
11721	26721
9383	24383
1251	16251
2863	17863
13592	28592
11908	26908
6628	21628
2565	17565
14198	29198
14256	29256
4901	19901
7625	22625
9247	24247
10106	25106
8083	23083
14731	29731
14427	29427
3605	18605
8189	23189
5652	20652
10949	25949
12833	27833
1030	16030
7908	22908
10458	25458
4931	19931
3786	18786
5137	20137
8531	23531
6109	21109
1962	16962
1841	16841
3340	18340
7011	22011
589	15589
4840	19840
8465	23465
14083	29083
3652	18652
7728	22728
238	15238
4946	19946
11383	26383
13968	28968
6054	21054
13871	28871
8197	23197
3881	18881
12402	27402
7176	22176
9635	24635
409	15409
6978	21978
8712	23712
1605	16605
7811	22811
6733	21733
13791	28791
8657	23657
13561	28561
1875	16875
12504	27504
2717	17717
8494	23494
3607	18607
4572	19572
4662	19662
12716	27716
2508	17508
3038	18038
11971	26971
10734	25734
11140	26140
13539	28539
12347	27347
10445	25445
4180	19180
7658	22658
11039	26039
2840	17840
7073	22073
2119	17119
9347	24347
7323	22323
14441	29441
10729	25729
10787	25787
14707	29707
12019	27019
6894	21894
9426	24426
13148	28148
2669	17669
584	15584
3762	18762
4818	19818
4850	19850
5840	20840
11266	26266
5607	20607
2320	17320
5182	20182
2342	17342
14576	29576
10369	25369
8023	23023
6938	21938
2047	17047
4765	19765
8774	23774
9296	24296
6651	21651
6144	21144
3567	18567
2102	17102
9470	24470
6643	21643
6530	21530
1670	16670
9586	24586
5897	20897
12579	27579
9975	24975
13919	28919
12012	27012
1119	16119
11877	26877
4090	19090
12856	27856
1822	16822
4847	19847
7014	22014
9591	24591
10006	25006
8693	23693
6904	21904
5656	20656
602	15602
6335	21335
9659	24659
8094	23094
2856	17856
14937	29937
11613	26613
6723	21723
12526	27526
13220	28220
9382	24382
7567	22567
1084	16084
11002	26002
4982	19982
739	15739
4650	19650
835	15835
7666	22666
12825	27825
4962	19962
7285	22285
9534	24534
2942	17942
12401	27401
9471	24471
12949	27949
11364	26364
1723	16723
4598	19598
930	15930
9913	24913
13825	28825
6619	21619
4321	19321
5909	20909
8502	23502
2429	17429
10069	25069
2296	17296
8060	23060
12319	27319
9954	24954
9566	24566
1338	16338
14197	29197
9774	24774
9002	24002
7681	22681
3959	18959
13143	28143
12876	27876
287	15287
14171	29171
13014	28014
5426	20426
14144	29144
8881	23881
3250	18250
12720	27720
625	15625
14352	29352
9438	24438
6177	21177
2766	17766
14005	29005
2702	17702
5922	20922
755	15755
4645	19645
14191	29191
1538	16538
403	15403
7907	22907
12305	27305
14390	29390
9256	24256
5383	20383
9660	24660
7319	22319
206	15206
4256	19256
2377	17377
5807	20807
14212	29212
4539	19539
6250	21250
6708	21708
2491	17491
3522	18522
13585	28585
3647	18647
14700	29700
12233	27233
12154	27154
4242	19242
8863	23863
11753	26753
6604	21604
14447	29447
3613	18613
13173	28173
12395	27395
952	15952
4531	19531
1613	16613
10167	25167
932	15932
2286	17286
3377	18377
1448	16448
4424	19424
9008	24008
11969	26969
11435	26435
5279	20279
2685	17685
9119	24119
6340	21340
12317	27317
699	15699
7807	22807
12150	27150
13133	28133
10963	25963
9932	24932
9184	24184
14833	29833
790	15790
4915	19915
7295	22295
14799	29799
12213	27213
11112	26112
10547	25547
11816	26816
7733	22733
10457	25457
6025	21025
12416	27416
14784	29784
7839	22839
11156	26156
10532	25532
202	15202
13994	28994
5589	20589
8655	23655
12360	27360
14290	29290
8155	23155
14025	29025
10887	25887
12603	27603
7633	22633
12382	27382
11784	26784
10155	25155
7190	22190
11405	26405
13228	28228
4976	19976
4770	19770
8822	23822
9411	24411
6180	21180
5677	20677
4299	19299
5837	20837
14091	29091
13474	28474
12679	27679
11901	26901
11391	26391
10443	25443
3401	18401
3797	18797
10889	25889
12952	27952
1784	16784
3127	18127
11967	26967
2207	17207
7218	22218
7343	22343
802	15802
8282	23282
7249	22249
1850	16850
853	15853
262	15262
9056	24056
9851	24851
16	15016
8204	23204
392	15392
14325	29325
11560	26560
609	15609
12112	27112
11977	26977
12944	27944
3499	18499
2917	17917
10022	25022
9914	24914
868	15868
3576	18576
8669	23669
10383	25383
10088	25088
3865	18865
5131	20131
14375	29375
7751	22751
9820	24820
4893	19893
3967	18967
1998	16998
558	15558
676	15676
6156	21156
4334	19334
5397	20397
13822	28822
450	15450
5721	20721
2492	17492
1643	16643
11339	26339
2002	17002
6964	21964
673	15673
7406	22406
1177	16177
7630	22630
3658	18658
2979	17979
3891	18891
12598	27598
13286	28286
4257	19257
4493	19493
2633	17633
10035	25035
7685	22685
5432	20432
13367	28367
2893	17893
11483	26483
1398	16398
10817	25817
9680	24680
3247	18247
267	15267
5961	20961
13391	28391
11930	26930
8736	23736
4368	19368
1487	16487
3781	18781
4562	19562
368	15368
11345	26345
15	15015
12907	27907
2806	17806
8994	23994
13034	28034
11966	26966
10628	25628
3787	18787
7465	22465
1248	16248
8213	23213
4714	19714
7972	22972
3087	18087
4985	19985
12304	27304
14299	29299
3445	18445
593	15593
6718	21718
298	15298
679	15679
9291	24291
13934	28934
1201	16201
1038	16038
1794	16794
6427	21427
2975	17975
13487	28487
3592	18592
9209	24209
13464	28464
7559	22559
3484	18484
7169	22169
6450	21450
4313	19313
1508	16508
12329	27329
11556	26556
883	15883
4887	19887
13527	28527
4082	19082
2835	17835
13678	28678
1105	16105
5918	20918
8841	23841
14302	29302
1842	16842
6238	21238
13593	28593
11146	26146
14496	29496
1459	16459
12801	27801
10136	25136
11249	26249
8271	23271
1460	16460
11524	26524
10164	25164
5524	20524
5849	20849
824	15824
9633	24633
10003	25003
9452	24452
9965	24965
10385	25385
11841	26841
12389	27389
12312	27312
10404	25404
1214	16214
8729	23729
11810	26810
9561	24561
781	15781
2544	17544
7683	22683
13438	28438
1712	16712
14745	29745
5301	20301
3229	18229
12766	27766
10509	25509
2093	17093
10598	25598
4255	19255
12903	27903
5678	20678
157	15157
12173	27173
3396	18396
3222	18222
1296	16296
13878	28878
3374	18374
6297	21297
8954	23954
7549	22549
13435	28435
7028	22028
8224	23224
9475	24475
7402	22402
3510	18510
2150	17150
4306	19306
1738	16738
2397	17397
8249	23249
1576	16576
5856	20856
14620	29620
4660	19660
11965	26965
4828	19828
5149	20149
5465	20465
4466	19466
279	15279
12673	27673
14380	29380
1963	16963
73	15073
4010	19010
13885	28885
2822	17822
11341	26341
10540	25540
12963	27963
4134	19134
4657	19657
14373	29373
7380	22380
10932	25932
10521	25521
12990	27990
12923	27923
6638	21638
3490	18490
9970	24970
2440	17440
12053	27053
13989	28989
8952	23952
453	15453
5076	20076
4217	19217
5008	20008
1530	16530
6430	21430
13549	28549
4320	19320
6779	21779
1743	16743
14888	29888
10723	25723
623	15623
7236	22236
647	15647
12650	27650
9882	24882
9596	24596
11111	26111
3707	18707
985	15985
5820	20820
12088	27088
3531	18531
5702	20702
13329	28329
4156	19156
2417	17417
10672	25672
2704	17704
1096	16096
2360	17360
139	15139
6915	21915
10215	25215
12201	27201
6991	21991
8550	23550
10706	25706
11246	26246
10302	25302
2670	17670
9100	24100
9687	24687
6911	21911
4233	19233
9594	24594
1564	16564
9212	24212
1253	16253
8000	23000
9585	24585
14054	29054
8177	23177
11178	26178
14719	29719
6200	21200
12866	27866
2317	17317
12116	27116
14319	29319
6550	21550
6327	21327
5255	20255
11845	26845
11745	26745
14450	29450
7684	22684
14480	29480
13361	28361
549	15549
2869	17869
14361	29361
13580	28580
13820	28820
13414	28414
8709	23709
11958	26958
988	15988
10951	25951
10992	25992
11191	26191
4086	19086
414	15414
11008	26008
7843	22843
5493	20493
10514	25514
4997	19997
13829	28829
4370	19370
8910	23910
12328	27328
7088	22088
6851	21851
11755	26755
3624	18624
1282	16282
7516	22516
2391	17391
13613	28613
967	15967
3961	18961
841	15841
3677	18677
13893	28893
3902	18902
9761	24761
9950	24950
12463	27463
133	15133
7756	22756
2131	17131
6841	21841
332	15332
13495	28495
11891	26891
13201	28201
7771	22771
14237	29237
9997	24997
14624	29624
11333	26333
9414	24414
12497	27497
8929	23929
10013	25013
3157	18157
12370	27370
1976	16976
4475	19475
14231	29231
6452	21452
75	15075
7443	22443
1970	16970
10062	25062
412	15412
12187	27187
2111	17111
11865	26865
8001	23001
13350	28350
454	15454
2658	17658
949	15949
8524	23524
854	15854
5810	20810
11942	26942
14560	29560
10364	25364
14010	29010
11240	26240
1955	16955
3703	18703
10308	25308
4101	19101
9196	24196
14124	29124
3730	18730
9887	24887
12687	27687
10829	25829
9771	24771
10668	25668
11960	26960
9832	24832
8764	23764
7950	22950
282	15282
2964	17964
4234	19234
12527	27527
14845	29845
14970	29970
783	15783
149	15149
7942	22942
7397	22397
11465	26465
11442	26442
8182	23182
8043	23043
11234	26234
5957	20957
5146	20146
6456	21456
11426	26426
5740	20740
333	15333
8787	23787
5309	20309
14143	29143
5460	20460
13720	28720
10824	25824
12290	27290
7802	22802
8257	23257
3657	18657
6030	21030
7345	22345
3115	18115
10100	25100
763	15763
12376	27376
5894	20894
4722	19722
1618	16618
3710	18710
7254	22254
6084	21084
2156	17156
8091	23091
5270	20270
6785	21785
4643	19643
11334	26334
215	15215
9402	24402
346	15346
1663	16663
8367	23367
4407	19407
4178	19178
1066	16066
10744	25744
5120	20120
14675	29675
12033	27033
7921	22921
1188	16188
11168	26168
6654	21654
3892	18892
9159	24159
1537	16537
13283	28283
9732	24732
13483	28483
3519	18519
10766	25766
5601	20601
14724	29724
11509	26509
695	15695
3526	18526
13209	28209
8401	23401
13394	28394
5812	20812
6914	21914
14933	29933
12471	27471
1025	16025
471	15471
13304	28304
10201	25201
4194	19194
1249	16249
2355	17355
12119	27119
9300	24300
6724	21724
6071	21071
9330	24330
10904	25904
7918	22918
1191	16191
246	15246
13811	28811
3582	18582
13591	28591
13462	28462
3152	18152
12709	27709
3774	18774
5811	20811
6167	21167
8913	23913
5950	20950
10041	25041
7661	22661
303	15303
1370	16370
4062	19062
2389	17389
10676	25676
6917	21917
10303	25303
14001	29001
5627	20627
5748	20748
1011	16011
9655	24655
852	15852
9926	24926
11097	26097
11081	26081
10819	25819
5240	20240
3327	18327
4741	19741
14977	29977
7948	22948
13430	28430
6166	21166
7004	22004
2113	17113
12837	27837
3346	18346
3450	18450
14308	29308
10926	25926
7531	22531
1037	16037
6683	21683
11889	26889
10064	25064
10968	25968
5816	20816
7947	22947
12593	27593
10053	25053
4848	19848
10113	25113
13196	28196
6375	21375
14236	29236
6149	21149
13913	28913
12379	27379
3170	18170
3203	18203
1578	16578
2382	17382
5608	20608
2214	17214
2967	17967
9352	24352
13498	28498
70	15070
7854	22854
3739	18739
1561	16561
10612	25612
11839	26839
467	15467
8804	23804
8104	23104
13275	28275
4300	19300
3300	18300
10786	25786
7529	22529
13807	28807
10991	25991
255	15255
11879	26879
8545	23545
8228	23228
10104	25104
2638	17638
285	15285
5801	20801
2700	17700
12933	27933
4794	19794
9200	24200
2580	17580
3600	18600
8961	23961
5406	20406
2308	17308
5351	20351
11434	26434
212	15212
598	15598
11206	26206
2278	17278
7792	22792
13247	28247
5089	20089
14520	29520
9339	24339
8742	23742
2044	17044
4697	19697
10536	25536
11037	26037
9775	24775
2048	17048
6772	21772
11844	26844
438	15438
10343	25343
5830	20830
9337	24337
10499	25499
12580	27580
3442	18442
14822	29822
10252	25252
6835	21835
4521	19521
682	15682
8739	23739
2648	17648
2614	17614
8758	23758
6952	21952
2577	17577
2632	17632
9221	24221
1646	16646
3418	18418
5862	20862
7848	22848
4168	19168
925	15925
4119	19119
6102	21102
8412	23412
4453	19453
7712	22712
2914	17914
1752	16752
10371	25371
10527	25527
5913	20913
8623	23623
11196	26196
5275	20275
5943	20943
8436	23436
328	15328
10059	25059
9476	24476
3646	18646
14228	29228
3722	18722
12080	27080
7325	22325
6930	21930
4682	19682
5158	20158
12668	27668
4762	19762
11856	26856
1889	16889
14781	29781
10839	25839
3013	18013
9560	24560
954	15954
9685	24685
12210	27210
13181	28181
14979	29979
8061	23061
12070	27070
2476	17476
3666	18666
9654	24654
2511	17511
9192	24192
4968	19968
7736	22736
14430	29430
3998	18998
2374	17374
14555	29555
3524	18524
5258	20258
11643	26643
14252	29252
3151	18151
11630	26630
3387	18387
5387	20387
14887	29887
4755	19755
7976	22976
13817	28817
10018	25018
13648	28648
7820	22820
2705	17705
13926	28926
3476	18476
3696	18696
4764	19764
11580	26580
6343	21343
1106	16106
2181	17181
8473	23473
10049	25049
14651	29651
8402	23402
5637	20637
10937	25937
1525	16525
12634	27634
13237	28237
13701	28701
14335	29335
948	15948
11369	26369
121	15121
9558	24558
9334	24334
13103	28103
4798	19798
9917	24917
1283	16283
223	15223
3400	18400
11439	26439
224	15224
9710	24710
415	15415
2107	17107
4812	19812
11390	26390
4218	19218
13291	28291
10852	25852
8022	23022
7735	22735
6907	21907
7	15007
10341	25341
3506	18506
14050	29050
8215	23215
10067	25067
11857	26857
13420	28420
5542	20542
7776	22776
1581	16581
10630	25630
14858	29858
12912	27912
8069	23069
275	15275
10975	25975
5541	20541
13931	28931
122	15122
9598	24598
9740	24740
4689	19689
8603	23603
1375	16375
5877	20877
11466	26466
10347	25347
6259	21259
2332	17332
13486	28486
3051	18051
5576	20576
13725	28725
2159	17159
10405	25405
9842	24842
5535	20535
12412	27412
14638	29638
7299	22299
14419	29419
1928	16928
980	15980
10647	25647
8219	23219
12056	27056
13400	28400
4319	19319
6705	21705
6484	21484
2553	17553
4056	19056
8746	23746
12729	27729
2298	17298
13314	28314
7748	22748
6012	21012
12066	27066
12300	27300
5640	20640
1602	16602
4162	19162
11544	26544
4471	19471
3853	18853
3194	18194
989	15989
5710	20710
12295	27295
3783	18783
170	15170
11860	26860
12167	27167
9530	24530
934	15934
7566	22566
2124	17124
4799	19799
14007	29007
10037	25037
10761	25761
7909	22909
3731	18731
540	15540
6834	21834
6840	21840
66	15066
871	15871
2496	17496
12169	27169
2266	17266
11698	26698
1202	16202
9765	24765
5467	20467
5866	20866
14549	29549
3017	18017
14656	29656
13187	28187
6015	21015
13805	28805
14843	29843
2334	17334
11835	26835
5959	20959
13607	28607
2775	17775
10858	25858
7808	22808
2178	17178
5114	20114
11811	26811
14393	29393
12291	27291
9357	24357
3768	18768
4625	19625
241	15241
5416	20416
1086	16086
3754	18754
12991	27991
10578	25578
4986	19986
13892	28892
4592	19592
5579	20579
564	15564
4464	19464
4176	19176
12028	27028
8058	23058
4866	19866
8446	23446
8901	23901
12536	27536
7107	22107
5392	20392
11167	26167
14038	29038
4553	19553
2404	17404
3246	18246
5140	20140
11016	26016
1360	16360
3584	18584
6636	21636
5808	20808
11183	26183
14239	29239
14522	29522
1023	16023
14962	29962
14846	29846
4197	19197
10635	25635
13276	28276
7020	22020
11659	26659
4335	19335
14024	29024
7547	22547
6347	21347
11285	26285
7342	22342
1789	16789
2734	17734
8387	23387
3502	18502
1568	16568
11884	26884
2202	17202
12223	27223
2887	17887
2059	17059
6398	21398
5462	20462
14746	29746
6653	21653
4791	19791
13755	28755
12191	27191
1785	16785
12335	27335
6787	21787
5599	20599
6722	21722
3320	18320
5628	20628
168	15168
4557	19557
14351	29351
4778	19778
3205	18205
2664	17664
12682	27682
1340	16340
6641	21641
14242	29242
1521	16521
7656	22656
6190	21190
1350	16350
9800	24800
233	15233
2287	17287
2280	17280
9285	24285
8722	23722
1491	16491
1133	16133
8921	23921
14584	29584
9215	24215
6489	21489
5935	20935
4618	19618
3083	18083
10132	25132
3306	18306
14162	29162
738	15738
2413	17413
10350	25350
3863	18863
14710	29710
12200	27200
10367	25367
11337	26337
9165	24165
4216	19216
9016	24016
9333	24333
13995	28995
11433	26433
7795	22795
14358	29358
6950	21950
9731	24731
6786	21786
674	15674
12220	27220
14725	29725
2078	17078
1461	16461
6162	21162
893	15893
5759	20759
1683	16683
6551	21551
5093	20093
8525	23525
8751	23751
5481	20481
5660	20660
4174	19174
1952	16952
2587	17587
4628	19628
7473	22473
12473	27473
13814	28814
8153	23153
14131	29131
2855	17855
6344	21344
13715	28715
1645	16645
7553	22553
5350	20350
2882	17882
14612	29612
5952	20952
5454	20454
272	15272
10116	25116
10366	25366
4379	19379
1524	16524
7773	22773
2843	17843
10501	25501
4912	19912
11596	26596
3932	18932
9636	24636
6235	21235
9019	24019
7472	22472
4519	19519
4478	19478
1287	16287
4280	19280
14107	29107
7611	22611
362	15362
4987	19987
14114	29114
12535	27535
618	15618
289	15289
11993	26993
14643	29643
12451	27451
7528	22528
14573	29573
12586	27586
9988	24988
1650	16650
6057	21057
1172	16172
9799	24799
8607	23607
5121	20121
5684	20684
14096	29096
8411	23411
72	15072
8049	23049
14306	29306
5326	20326
6635	21635
8383	23383
13923	28923
6284	21284
4196	19196
4106	19106
1185	16185
8511	23511
11671	26671
11484	26484
5018	20018
3403	18403
5485	20485
943	15943
11226	26226
14211	29211
11738	26738
12436	27436
876	15876
14659	29659
9310	24310
7923	22923
10291	25291
250	15250
12448	27448
8857	23857
12542	27542
9574	24574
2361	17361
13654	28654
9772	24772
5537	20537
9307	24307
8029	23029
2904	17904
3570	18570
6258	21258
8900	23900
8232	23232
865	15865
8358	23358
5187	20187
12614	27614
10832	25832
290	15290
1607	16607
1390	16390
14978	29978
14097	29097
14121	29121
11574	26574
11309	26309
11053	26053
10444	25444
5074	20074
13233	28233
6436	21436
1703	16703
11547	26547
2223	17223
3329	18329
8092	23092
11940	26940
5251	20251
10584	25584
11892	26892
8218	23218
8858	23858
2987	17987
8554	23554
3438	18438
3661	18661
11144	26144
10040	25040
2653	17653
13930	28930
12568	27568
9061	24061
1103	16103
10712	25712
4816	19816
7205	22205
2455	17455
8783	23783
12829	27829
8912	23912
4122	19122
13652	28652
11813	26813
4996	19996
1514	16514
7005	22005
13665	28665
10619	25619
5567	20567
1885	16885
3736	18736
7487	22487
7030	22030
12459	27459
3069	18069
14009	29009
1404	16404
1531	16531
7255	22255
4930	19930
1592	16592
2953	17953
11400	26400
5548	20548
41	15041
7411	22411
5075	20075
3116	18116
5427	20427
10293	25293
13833	28833
9260	24260
5378	20378
14948	29948
8682	23682
2816	17816
13442	28442
7141	22141
6801	21801
3604	18604
5901	20901
2690	17690
11330	26330
7366	22366
3408	18408
11946	26946
14954	29954
11030	26030
11828	26828
6079	21079
8518	23518
9956	24956
11408	26408
1127	16127
5868	20868
7861	22861
1186	16186
10929	25929
3909	18909
2687	17687
3547	18547
7374	22374
3602	18602
14817	29817
13896	28896
9138	24138
143	15143
9987	24987
3737	18737
5824	20824
8520	23520
9073	24073
8082	23082
1802	16802
14105	29105
12171	27171
11577	26577
7171	22171
7243	22243
186	15186
4263	19263
11517	26517
3978	18978
14272	29272
10121	25121
5002	20002
14992	29992
2646	17646
3564	18564
12704	27704
2501	17501
9035	24035
2701	17701
8570	23570
6855	21855
4993	19993
7760	22760
6673	21673
5829	20829
14028	29028
8960	23960
7853	22853
2483	17483
7098	22098
12921	27921
12049	27049
5273	20273
6548	21548
8349	23349
7682	22682
1384	16384
5860	20860
12554	27554
14048	29048
10042	25042
2495	17495
11456	26456
3299	18299
14463	29463
11416	26416
5591	20591
1194	16194
5162	20162
3322	18322
7739	22739
4729	19729
4224	19224
3167	18167
11633	26633
13211	28211
7165	22165
258	15258
1630	16630
13312	28312
7297	22297
11148	26148
4378	19378
10520	25520
8323	23323
3015	18015
9238	24238
1804	16804
7132	22132
8504	23504
9524	24524
48	15048
6334	21334
1051	16051
14841	29841
7209	22209
14985	29985
2141	17141
1766	16766
1434	16434
11944	26944
5855	20855
2016	17016
14577	29577
13213	28213
8690	23690
10044	25044
10976	25976
11165	26165
9754	24754
502	15502
14060	29060
7710	22710
6744	21744
5539	20539
10617	25617
12525	27525
11265	26265
9481	24481
838	15838
2699	17699
5105	20105
1603	16603
6189	21189
3631	18631
11477	26477
7461	22461
5	15005
11286	26286
4413	19413
13834	28834
2755	17755
3809	18809
3589	18589
7435	22435
6106	21106
1709	16709
2451	17451
13864	28864
10078	25078
1867	16867
2313	17313
2209	17209
7060	22060
2098	17098
8687	23687
11779	26779
5908	20908
6649	21649
13318	28318
12480	27480
6799	21799
4330	19330
13045	28045
10779	25779
10898	25898
13826	28826
9905	24905
1660	16660
10380	25380
1690	16690
1171	16171
4441	19441
8810	23810
6449	21449
11681	26681
8024	23024
3192	18192
11525	26525
12850	27850
6793	21793
4484	19484
5536	20536
10154	25154
11467	26467
1366	16366
4903	19903
14444	29444
12489	27489
9726	24726
13234	28234
13224	28224
4665	19665
1728	16728
13937	28937
2857	17857
4153	19153
7889	22889
3200	18200
2833	17833
5708	20708
14346	29346
11607	26607
9998	24998
2405	17405
1724	16724
1648	16648
6865	21865
6328	21328
6087	21087
12980	27980
3848	18848
12909	27909
3590	18590
10007	25007
12845	27845
14994	29994
8670	23670
3756	18756
8703	23703
9666	24666
10623	25623
2846	17846
204	15204
2004	17004
10422	25422
11639	26639
433	15433
13064	28064
9671	24671
13190	28190
14786	29786
12093	27093
4492	19492
14636	29636
5685	20685
130	15130
13244	28244
9301	24301
8440	23440
732	15732
10255	25255
13711	28711
4427	19427
12257	27257
13688	28688
14227	29227
3000	18000
9227	24227
2479	17479
13277	28277
6976	21976
11557	26557
12446	27446
11885	26885
7770	22770
14983	29983
14297	29297
12905	27905
13862	28862
14650	29650
8366	23366
5773	20773
14117	29117
12775	27775
5307	20307
13663	28663
4480	19480
1776	16776
10263	25263
10681	25681
1772	16772
5944	20944
14356	29356
1814	16814
14602	29602
11988	26988
11902	26902
10945	25945
6818	21818
10948	25948
6859	21859
9682	24682
3310	18310
4684	19684
3931	18931
4489	19489
11652	26652
2114	17114
7541	22541
13744	28744
714	15714
7188	22188
4345	19345
14860	29860
14378	29378
8652	23652
591	15591
5134	20134
4545	19545
2907	17907
9011	24011
1739	16739
5492	20492
7922	22922
6480	21480
5003	20003
3169	18169
395	15395
1425	16425
734	15734
13757	28757
10212	25212
11163	26163
6697	21697
9308	24308
10955	25955
12404	27404
9317	24317
1869	16869
6902	21902
8320	23320
9762	24762
9009	24009
3419	18419
12297	27297
5117	20117
8158	23158
1651	16651
2751	17751
13882	28882
907	15907
6155	21155
13887	28887
2198	17198
2197	17197
1500	16500
13471	28471
9202	24202
10169	25169
3971	18971
6958	21958
6383	21383
14529	29529
11218	26218
9271	24271
2383	17383
13090	28090
2399	17399
4582	19582
12414	27414
3301	18301
6690	21690
12874	27874
11872	26872
7430	22430
11772	26772
12225	27225
4695	19695
6716	21716
10894	25894
5280	20280
6621	21621
8164	23164
12956	27956
12194	27194
7893	22893
9883	24883
11095	26095
5995	20995
13166	28166
9575	24575
12701	27701
6220	21220
9281	24281
10216	25216
1572	16572
8934	23934
8410	23410
5562	20562
2993	17993
8012	23012
10694	25694
9214	24214
5373	20373
14714	29714
12435	27435
3181	18181
13828	28828
2087	17087
11622	26622
4208	19208
977	15977
1281	16281
11862	26862
1322	16322
6606	21606
5230	20230
7257	22257
10846	25846
2924	17924
12778	27778
6871	21871
5480	20480
5239	20239
3504	18504
3056	18056
14580	29580
7306	22306
14042	29042
14471	29471
9535	24535
11481	26481
9219	24219
13072	28072
3215	18215
1704	16704
14906	29906
10002	25002
9322	24322
8635	23635
6804	21804
3156	18156
2532	17532
12843	27843
13444	28444
5666	20666
6404	21404
4184	19184
5698	20698
6754	21754
3221	18221
5953	20953
11327	26327
5896	20896
6997	21997
11642	26642
5394	20394
10978	25978
3365	18365
9169	24169
14210	29210
982	15982
377	15377
3032	18032
311	15311
10123	25123
142	15142
7899	22899
6201	21201
14908	29908
12207	27207
1071	16071
10818	25818
4079	19079
7951	22951
5835	20835
185	15185
8809	23809
3720	18720
914	15914
3968	18968
2812	17812
3335	18335
5893	20893
10039	25039
5814	20814
4690	19690
9012	24012
11370	26370
11861	26861
7217	22217
5211	20211
7608	22608
965	15965
3160	18160
8260	23260
8767	23767
13489	28489
6359	21359
226	15226
4601	19601
10148	25148
7391	22391
1678	16678
5878	20878
2750	17750
7496	22496
1924	16924
10461	25461
1985	16985
378	15378
7138	22138
7352	22352
3612	18612
5393	20393
9919	24919
5731	20731
1043	16043
8093	23093
9266	24266
7259	22259
9391	24391
1873	16873
1562	16562
6426	21426
7312	22312
1714	16714
10336	25336
8514	23514
6745	21745
8602	23602
8277	23277
12771	27771
6672	21672
14552	29552
4554	19554
6605	21605
1953	16953
14363	29363
3220	18220
50	15050
3603	18603
7986	22986
5319	20319
2300	17300
3295	18295
1604	16604
11320	26320
366	15366
9838	24838
2837	17837
3875	18875
9415	24415
13172	28172
12880	27880
9363	24363
5941	20941
6482	21482
4902	19902
8149	23149
1168	16168
13328	28328
4881	19881
10917	25917
9889	24889
10080	25080
6945	21945
12372	27372
5575	20575
357	15357
4383	19383
1958	16958
3266	18266
14609	29609
14733	29733
14578	29578
2050	17050
4593	19593
6247	21247
7595	22595
13947	28947
8700	23700
3370	18370
11873	26873
13619	28619
12333	27333
6979	21979
11382	26382
10554	25554
10518	25518
14190	29190
1927	16927
5494	20494
14518	29518
4734	19734
14915	29915
2776	17776
9695	24695
9637	24637
866	15866
2545	17545
11822	26822
12661	27661
5985	20985
7147	22147
14179	29179
2590	17590
7025	22025
5328	20328
11353	26353
9750	24750
7747	22747
7535	22535
10998	25998
7032	22032
6085	21085
12373	27373
13482	28482
5174	20174
9545	24545
10464	25464
606	15606
14065	29065
150	15150
3520	18520
13621	28621
13058	28058
3039	18039
3047	18047
6011	21011
7250	22250
7113	22113
1031	16031
14539	29539
14752	29752
14757	29757
3136	18136
1628	16628
12534	27534
848	15848
5757	20757
8615	23615
12977	27977
2589	17589
1402	16402
14193	29193
237	15237
3112	18112
13507	28507
5408	20408
7216	22216
11043	26043
24	15024
13810	28810
4136	19136
51	15051
4072	19072
13788	28788
13242	28242
481	15481
8286	23286
8295	23295
1014	16014
11441	26441
922	15922
12721	27721
9642	24642
13783	28783
7346	22346
2458	17458
3422	18422
10184	25184
7182	22182
10865	25865
10094	25094
587	15587
4432	19432
1808	16808
8811	23811
4016	19016
12475	27475
7883	22883
7846	22846
14980	29980
2809	17809
11275	26275
7902	22902
4301	19301
8500	23500
14402	29402
3507	18507
5737	20737
6394	21394
1143	16143
6589	21589
12503	27503
563	15563
9276	24276
8250	23250
11347	26347
11159	26159
12600	27600
265	15265
4751	19751
742	15742
990	15990
14452	29452
1463	16463
7364	22364
3751	18751
277	15277
14379	29379
10569	25569
2738	17738
6349	21349
8694	23694
757	15757
1478	16478
12461	27461
1861	16861
6890	21890
14861	29861
153	15153
3988	18988
7620	22620
1510	16510
14342	29342
3644	18644
10555	25555
10977	25977
10342	25342
3034	18034
3635	18635
997	15997
13687	28687
280	15280
2968	17968
14176	29176
13660	28660
10629	25629
11340	26340
5617	20617
12506	27506
13894	28894
11758	26758
330	15330
4215	19215
5029	20029
3611	18611
2187	17187
7062	22062
11303	26303
7307	22307
13375	28375
1696	16696
4467	19467
10246	25246
9222	24222
6463	21463
7583	22583
12671	27671
10469	25469
14078	29078
125	15125
11274	26274
4494	19494
13908	28908
5085	20085
478	15478
13238	28238
7486	22486
470	15470
1261	16261
5559	20559
1567	16567
1722	16722
13869	28869
9875	24875
8610	23610
7135	22135
5719	20719
8196	23196
4165	19165
23	15023
2292	17292
787	15787
10204	25204
8246	23246
2166	17166
7708	22708
1125	16125
14754	29754
5983	20983
12273	27273
8351	23351
5647	20647
6206	21206
14478	29478
222	15222
10175	25175
14779	29779
1061	16061
12432	27432
11518	26518
6970	21970
2866	17866
6407	21407
225	15225
9604	24604
10868	25868
12386	27386
10015	25015
8340	23340
7219	22219
7982	22982
8484	23484
7629	22629
11325	26325
8594	23594
3077	18077
10958	25958
4589	19589
14926	29926
7654	22654
10183	25183
10406	25406
945	15945
3516	18516
6414	21414
13626	28626
8099	23099
5388	20388
14661	29661
10474	25474
8815	23815
39	15039
8143	23143
4171	19171
2351	17351
4097	19097
7156	22156
13858	28858
4578	19578
7294	22294
5529	20529
13096	28096
5619	20619
11438	26438
12809	27809
10001	25001
8430	23430
6709	21709
11476	26476
9867	24867
2732	17732
420	15420
8880	23880
13476	28476
11106	26106
248	15248
11204	26204
4821	19821
786	15786
2279	17279
9495	24495
8037	23037
7303	22303
4131	19131
3420	18420
7463	22463
7879	22879
12728	27728
554	15554
12025	27025
3563	18563
4511	19511
5885	20885
1526	16526
10820	25820
11616	26616
10450	25450
1122	16122
5533	20533
7725	22725
253	15253
8829	23829
677	15677
1326	16326
14294	29294
3082	18082
14041	29041
3593	18593
9739	24739
6522	21522
9711	24711
14481	29481
5976	20976
6464	21464
9141	24141
6345	21345
14219	29219
8971	23971
13019	28019
2891	17891
9400	24400
6329	21329
1764	16764
294	15294
8314	23314
2859	17859
5329	20329
4743	19743
10599	25599
4950	19950
11706	26706
11029	26029
6853	21853
9924	24924
2876	17876
6951	21951
9688	24688
5564	20564
7054	22054
7379	22379
9258	24258
4605	19605
1150	16150
6768	21768
9416	24416
12737	27737
14364	29364
4157	19157
8701	23701
4265	19265
8872	23872
6280	21280
9776	24776
33	15033
3725	18725
12567	27567
12697	27697
6301	21301
4053	19053
12013	27013
8417	23417
13245	28245
13868	28868
11018	26018
3417	18417
3894	18894
1715	16715
12419	27419
12999	27999
4223	19223
44	15044
1178	16178
3291	18291
11117	26117
5479	20479
9559	24559
13544	28544
321	15321
9286	24286
4098	19098
3671	18671
14678	29678
6751	21751
6948	21948
7231	22231
12026	27026
9901	24901
5422	20422
13015	28015
11431	26431
12313	27313
7679	22679
12706	27706
747	15747
1128	16128
1304	16304
270	15270
6098	21098
7649	22649
4067	19067
14475	29475
3098	18098
6056	21056
4042	19042
9230	24230
10253	25253
672	15672
7915	22915
312	15312
3733	18733
9208	24208
7562	22562
8904	23904
11597	26597
13719	28719
7755	22755
8072	23072
5563	20563
905	15905
4173	19173
12082	27082
7659	22659
4748	19748
8472	23472
14868	29868
2573	17573
5553	20553
9112	24112
688	15688
2013	17013
2288	17288
14695	29695
4343	19343
6322	21322
11948	26948
14630	29630
7223	22223
12450	27450
4304	19304
14837	29837
1541	16541
5365	20365
5441	20441
9081	24081
13798	28798
11255	26255
779	15779
12555	27555
12785	27785
6821	21821
9993	24993
256	15256
8507	23507
14140	29140
7706	22706
6707	21707
4965	19965
14408	29408
11181	26181
14676	29676
2123	17123
8834	23834
8330	23330
12267	27267
6585	21585
7813	22813
12517	27517
9839	24839
1737	16737
14307	29307
2285	17285
11005	26005
4783	19783
13921	28921
10972	25972
9287	24287
8293	23293
2712	17712
10812	25812
12941	27941
2741	17741
2060	17060
605	15605
13157	28157
7945	22945
9282	24282
6227	21227
474	15474
6624	21624
4271	19271
12478	27478
6135	21135
10108	25108
13311	28311
7248	22248
14899	29899
11220	26220
11995	26995
12159	27159
869	15869
1845	16845
5501	20501
14186	29186
10988	25988
7601	22601
10739	25739
2576	17576
1332	16332
1591	16591
12176	27176
11468	26468
4502	19502
10429	25429
12125	27125
8324	23324
14932	29932
3549	18549
8634	23634
13629	28629
6187	21187
2721	17721
760	15760
1306	16306
8889	23889
971	15971
5747	20747
6822	21822
1506	16506
7837	22837
2610	17610
6942	21942
8648	23648
9980	24980
5032	20032
6019	21019
11015	26015
1627	16627
2947	17947
12278	27278
11136	26136
3375	18375
432	15432
909	15909
6831	21831
4797	19797
8317	23317
5602	20602
2138	17138
3189	18189
12051	27051
11962	26962
7828	22828
12860	27860
3064	18064
5060	20060
5506	20506
9784	24784
8026	23026
913	15913
5991	20991
4445	19445
5456	20456
2647	17647
11038	26038
8866	23866
8231	23231
8399	23399
14283	29283
4724	19724
13860	28860
10133	25133
12456	27456
13002	28002
12261	27261
3297	18297
9734	24734
12558	27558
8865	23865
3755	18755
12960	27960
12117	27117
4384	19384
8497	23497
8035	23035
3120	18120
5711	20711
4528	19528
10027	25027
2427	17427
3048	18048
11368	26368
12302	27302
5384	20384
9641	24641
8548	23548
12624	27624
9788	24788
10348	25348
3729	18729
11903	26903
7510	22510
3691	18691
8645	23645
10020	25020
13302	28302
5059	20059
89	15089
7844	22844
6395	21395
10238	25238
1801	16801
13790	28790
5405	20405
2636	17636
2567	17567
509	15509
12040	27040
2916	17916
2183	17183
9343	24343
5379	20379
2411	17411
5101	20101
556	15556
6680	21680
14669	29669
7977	22977
13845	28845
6219	21219
767	15767
1925	16925
11674	26674
13635	28635
924	15924
14125	29125
8664	23664
9748	24748
11775	26775
3808	18808
4800	19800
12560	27560
3793	18793
7445	22445
11480	26480
7239	22239
12137	27137
11601	26601
4632	19632
5590	20590
3029	18029
7671	22671
4955	19955
10377	25377
3173	18173
7789	22789
5109	20109
4541	19541
8206	23206
9649	24649
1004	16004
2218	17218
6267	21267
635	15635
1064	16064
11957	26957
2174	17174
14015	29015
10317	25317
1746	16746
2808	17808
4827	19827
4787	19787
3176	18176
7722	22722
9972	24972
10915	25915
14583	29583
1129	16129
2043	17043
13768	28768
3947	18947
12793	27793
11120	26120
11736	26736
651	15651
10372	25372
11954	26954
14981	29981
6983	21983
6101	21101
6067	21067
3278	18278
1196	16196
529	15529
11673	26673
2827	17827
11011	26011
4870	19870
4268	19268
8596	23596
14088	29088
14959	29959
1793	16793
3907	18907
3905	18905
3513	18513
4537	19537
13821	28821
14031	29031
3923	18923
2780	17780
6360	21360
11863	26863
7504	22504
2662	17662
4210	19210
2282	17282
733	15733
14076	29076
3085	18085
7370	22370
6869	21869
13749	28749
2179	17179
8731	23731
8836	23836
14413	29413
1294	16294
12410	27410
2933	17933
1337	16337
13848	28848
10666	25666
13079	28079
12057	27057
10856	25856
14398	29398
7914	22914
5577	20577
3359	18359
4943	19943
7569	22569
13979	28979
3364	18364
11216	26216
416	15416
14626	29626
13999	28999
14541	29541
12505	27505
10602	25602
334	15334
13258	28258
9336	24336
7241	22241
9622	24622
7511	22511
11361	26361
12824	27824
53	15053
13611	28611
1577	16577
9756	24756
4303	19303
12849	27849
7573	22573
11740	26740
9964	24964
9134	24134
7806	22806
2336	17336
12851	27851
5204	20204
8077	23077
8194	23194
6253	21253
13061	28061
3198	18198
10290	25290
211	15211
14575	29575
12120	27120
11141	26141
1328	16328
13352	28352
9472	24472
13699	28699
1774	16774
13078	28078
7884	22884
10190	25190
8733	23733
10441	25441
12443	27443
10776	25776
14705	29705
3555	18555
4897	19897
2593	17593
7235	22235
2747	17747
3829	18829
1091	16091
12325	27325
7638	22638
9423	24423
8364	23364
11455	26455
3962	18962
9536	24536
5526	20526
12238	27238
1915	16915
5875	20875
2484	17484
10181	25181
6858	21858
13174	28174
3982	18982
11555	26555
2173	17173
9955	24955
1007	16007
7523	22523
5102	20102
8004	23004
11247	26247
8454	23454
7903	22903
13776	28776
8344	23344
13841	28841
6321	21321
12216	27216
2392	17392
4110	19110
8840	23840
6362	21362
4018	19018
5072	20072
2101	17101
14429	29429
1922	16922
7702	22702
3086	18086
13704	28704
4355	19355
9220	24220
1617	16617
2454	17454
1173	16173
3843	18843
3615	18615
10950	25950
3552	18552
4686	19686
3698	18698
358	15358
13832	28832
6688	21688
6595	21595
6298	21298
1956	16956
4590	19590
1020	16020
6510	21510
14173	29173
11132	26132
10589	25589
11350	26350
11121	26121
12153	27153
5347	20347
5150	20150
5219	20219
8920	23920
2783	17783
11263	26263
11221	26221
57	15057
13646	28646
3580	18580
2055	17055
14269	29269
12399	27399
3761	18761
697	15697
3421	18421
8171	23171
2543	17543
2596	17596
13030	28030
11248	26248
12613	27613
3643	18643
2353	17353
7433	22433
100	15100
1673	16673
11224	26224
14350	29350
2231	17231
12643	27643
2238	17238
12915	27915
3885	18885
3021	18021
2709	17709
8370	23370
10784	25784
13098	28098
12106	27106
11526	26526
14189	29189
7385	22385
4804	19804
6676	21676
4089	19089
2227	17227
11534	26534
4146	19146
1299	16299
9539	24539
12265	27265
13202	28202
539	15539
7862	22862
9075	24075
12551	27551
14008	29008
823	15823
6205	21205
13584	28584
13698	28698
11714	26714
12490	27490
8345	23345
3487	18487
5377	20377
6600	21600
7268	22268
14218	29218
8240	23240
8481	23481
14473	29473
12978	27978
5895	20895
8036	23036
1285	16285
11691	26691
2682	17682
4584	19584
10114	25114
3743	18743
5115	20115
12847	27847
14974	29974
14890	29890
11764	26764
10243	25243
1761	16761
600	15600
2380	17380
586	15586
4002	19002
5876	20876
4115	19115
10145	25145
10337	25337
10756	25756
5742	20742
11727	26727
5680	20680
7622	22622
569	15569
4700	19700
13104	28104
12270	27270
12683	27683
10601	25601
2249	17249
9005	24005
5470	20470
4069	19069
6266	21266
12873	27873
9143	24143
12838	27838
12823	27823
12111	27111
6378	21378
917	15917
14874	29874
6381	21381
3134	18134
2049	17049
10638	25638
7796	22796
14411	29411
506	15506
3135	18135
3330	18330
5107	20107
6350	21350
12608	27608
14485	29485
11272	26272
11605	26605
2586	17586
5919	20919
8270	23270
11715	26715
7852	22852
9319	24319
4919	19919
13179	28179
504	15504
1444	16444
12540	27540
10052	25052
2920	17920
2851	17851
12039	27039
4837	19837
5669	20669
8256	23256
13204	28204
817	15817
11617	26617
9985	24985
11021	26021
12024	27024
2460	17460
162	15162
5917	20917
681	15681
6810	21810
13695	28695
7417	22417
9925	24925
9753	24753
4908	19908
7161	22161
14728	29728
8805	23805
4910	19910
10775	25775
3732	18732
7565	22565
3678	18678
12719	27719
11113	26113
2878	17878
1866	16866
6021	21021
3727	18727
2746	17746
2042	17042
12157	27157
8704	23704
12442	27442
386	15386
11986	26986
124	15124
10120	25120
8391	23391
480	15480
5828	20828
11981	26981
5738	20738
6244	21244
8451	23451
10101	25101
4364	19364
9465	24465
14106	29106
276	15276
7653	22653
9253	24253
10947	25947
5402	20402
8016	23016
12479	27479
4100	19100
5233	20233
7124	22124
6061	21061
14851	29851
3130	18130
847	15847
1048	16048
12149	27149
6508	21508
3832	18832
11906	26906
14270	29270
11098	26098
14151	29151
8599	23599
104	15104
13402	28402
14965	29965
5965	20965
4479	19479
1033	16033
4925	19925
3070	18070
10228	25228
6544	21544
3901	18901
884	15884
9869	24869
7384	22384
11302	26302
3777	18777
11979	26979
2801	17801
1615	16615
10496	25496
9862	24862
2733	17733
8285	23285
12131	27131
11184	26184
13374	28374
4552	19552
10717	25717
4620	19620
11001	26001
10607	25607
2522	17522
8424	23424
8972	23972
13250	28250
13332	28332
1145	16145
11060	26060
6001	21001
1013	16013
6960	21960
10491	25491
7855	22855
9747	24747
11127	26127
8244	23244
2834	17834
7207	22207
11409	26409
2572	17572
8339	23339
14655	29655
10982	25982
1149	16149
11293	26293
14395	29395
9316	24316
5987	20987
9068	24068
1151	16151
581	15581
7055	22055
13142	28142
1675	16675
12380	27380
548	15548
762	15762
7526	22526
8422	23422
13992	28992
13424	28424
14734	29734
2068	17068
9263	24263
13710	28710
1677	16677
5701	20701
14323	29323
9569	24569
7405	22405
6246	21246
13760	28760
12229	27229
9704	24704
4515	19515
6671	21671
931	15931
10092	25092
2259	17259
7478	22478
14051	29051
9406	24406
9969	24969
5764	20764
5031	20031
6194	21194
11582	26582
11973	26973
14885	29885
11329	26329
3426	18426
8162	23162
619	15619
3626	18626
1353	16353
2084	17084
1072	16072
13891	28891
2852	17852
11425	26425
2158	17158
4676	19676
6565	21565
13087	28087
6419	21419
7563	22563
10768	25768
10936	25936
14284	29284
442	15442
11798	26798
7492	22492
2798	17798
1967	16967
8942	23942
5366	20366
10574	25574
1135	16135
5551	20551
7829	22829
11847	26847
6140	21140
6503	21503
12893	27893
10295	25295
11223	26223
1831	16831
6505	21505
7812	22812
417	15417
12901	27901
1891	16891
4401	19401
719	15719
1946	16946
6946	21946
10835	25835
511	15511
4417	19417
1770	16770
4344	19344
627	15627
3412	18412
7039	22039
6233	21233
14251	29251
8379	23379
6479	21479
5923	20923
5955	20955
1204	16204
10138	25138
468	15468
2527	17527
1727	16727
5425	20425
1852	16852
12724	27724
3972	18972
4747	19747
3530	18530
2994	17994
4879	19879
8536	23536
14017	29017
14797	29797
1640	16640
7538	22538
2368	17368
754	15754
12196	27196
4253	19253
10480	25480
8597	23597
3213	18213
8789	23789
13557	28557
1284	16284
9836	24836
9329	24329
8523	23523
7663	22663
12605	27605
1781	16781
10705	25705
13150	28150
11138	26138
8269	23269
3357	18357
10194	25194
11773	26773
12817	27817
11301	26301
14318	29318
11051	26051
10497	25497
11959	26959
3117	18117
13097	28097
14521	29521
2724	17724
2474	17474
1348	16348
9733	24733
12162	27162
7452	22452
7187	22187
197	15197
5389	20389
8028	23028
5686	20686
4563	19563
5784	20784
6460	21460
10410	25410
1269	16269
14665	29665
8259	23259
4312	19312
5926	20926
1833	16833
721	15721
13818	28818
10836	25836
5088	20088
4872	19872
9127	24127
7800	22800
14540	29540
1559	16559
885	15885
12510	27510
9573	24573
785	15785
3344	18344
14399	29399
2845	17845
3058	18058
7195	22195
12777	27777
477	15477
8220	23220
8861	23861
11929	26929
7164	22164
6984	21984
10202	25202
13614	28614
14735	29735
14547	29547
7063	22063
10655	25655
5189	20189
356	15356
12711	27711
6114	21114
1192	16192
7070	22070
3800	18800
2540	17540
3921	18921
2447	17447
2339	17339
8073	23073
4761	19761
6330	21330
247	15247
12038	27038
9320	24320
14147	29147
4933	19933
2387	17387
8918	23918
109	15109
13653	28653
5707	20707
14369	29369
11126	26126
1840	16840
2720	17720
492	15492
10442	25442
12645	27645
1036	16036
8522	23522
8997	23997
1959	16959
11145	26145
4623	19623
11450	26450
1271	16271
2177	17177
6597	21597
8354	23354
4375	19375
6988	21988
9440	24440
2763	17763
2915	17915
1413	16413
13368	28368
6692	21692
14466	29466
9154	24154
14942	29942
9265	24265
9439	24439
458	15458
8332	23332
12688	27688
14744	29744
173	15173
6185	21185
740	15740
11447	26447
14355	29355
8202	23202
6826	21826
2448	17448
11258	26258
8600	23600
11945	26945
8118	23118
11105	26105
8380	23380
7803	22803
4260	19260
12337	27337
8306	23306
11387	26387
4275	19275
3313	18313
10083	25083
9945	24945
10797	25797
10426	25426
4998	19998
4510	19510
8241	23241
5252	20252
13562	28562
13856	28856
12698	27698
1479	16479
14161	29161
3114	18114
11412	26412
6519	21519
1166	16166
4945	19945
4916	19916
778	15778
14172	29172
966	15966
13294	28294
71	15071
14214	29214
8101	23101
3943	18943
13451	28451
5771	20771
14870	29870
10738	25738
3285	18285
2883	17883
6237	21237
10502	25502
8119	23119
2599	17599
6286	21286
406	15406
493	15493
12762	27762
5118	20118
7293	22293
5853	20853
3217	18217
5142	20142
11523	26523
4092	19092
2251	17251
4967	19967
10478	25478
7805	22805
5720	20720
1661	16661
9345	24345
2395	17395
8816	23816
11071	26071
2945	17945
9270	24270
6561	21561
6926	21926
4389	19389
12703	27703
4898	19898
11142	26142
13659	28659
3877	18877
6972	21972
14085	29085
14030	29030
10665	25665
3958	18958
11827	26827
10594	25594
10575	25575
9672	24672
4077	19077
3937	18937
443	15443
750	15750
1621	16621
7053	22053
1505	16505
11207	26207
5151	20151
3996	18996
11833	26833
7991	22991
3827	18827
8310	23310
12571	27571
116	15116
14246	29246
2990	17990
7273	22273
5304	20304
11460	26460
12864	27864
13762	28762
10321	25321
11507	26507
10034	25034
2275	17275
13076	28076
8963	23963
5191	20191
13491	28491
8713	23713
2466	17466
1560	16560
921	15921
1205	16205
6255	21255
7869	22869
7724	22724
1571	16571
10333	25333
10934	25934
12113	27113
10909	25909
6760	21760
1778	16778
6453	21453
3325	18325
12666	27666
11915	26915
9482	24482
14742	29742
3126	18126
2412	17412
8737	23737
620	15620
11032	26032
407	15407
6698	21698
14156	29156
6717	21717
9125	24125
12264	27264
12878	27878
2931	17931
11832	26832
4569	19569
3949	18949
11859	26859
2459	17459
2306	17306
11777	26777
10070	25070
14278	29278
13579	28579
4561	19561
6547	21547
3182	18182
13401	28401
2237	17237
5600	20600
5197	20197
2686	17686
12964	27964
1310	16310
10782	25782
5603	20603
14889	29889
6844	21844
13188	28188
6209	21209
8230	23230
13778	28778
9579	24579
4225	19225
5057	20057
14277	29277
804	15804
14634	29634
6520	21520
9076	24076
5523	20523
3500	18500
3162	18162
9445	24445
161	15161
14128	29128
13735	28735
5928	20928
10279	25279
4807	19807
11267	26267
9218	24218
641	15641
3027	18027
6824	21824
11270	26270
13113	28113
7291	22291
8572	23572
14588	29588
5335	20335
4757	19757
5447	20447
4391	19391
6682	21682
7321	22321
2892	17892
36	15036
107	15107
12955	27955
10223	25223
14046	29046
6518	21518
1741	16741
12884	27884
498	15498
3973	18973
7499	22499
4701	19701
5818	20818
428	15428
4829	19829
2974	17974
13036	28036
1065	16065
12965	27965
4973	19973
5429	20429
2493	17493
1940	16940
6857	21857
3895	18895
5229	20229
2707	17707
235	15235
521	15521
2289	17289
11724	26724
2071	17071
12918	27918
5135	20135
3469	18469
1430	16430
6008	21008
4228	19228
11495	26495
5846	20846
8467	23467
3810	18810
5277	20277
1570	16570
7556	22556
8159	23159
2051	17051
8710	23710
2422	17422
631	15631
10522	25522
3128	18128
5615	20615
9966	24966
14263	29263
686	15686
5256	20256
12865	27865
10651	25651
3866	18866
14195	29195
13525	28525
10176	25176
10997	25997
1693	16693
7692	22692
3435	18435
2637	17637
6333	21333
6514	21514
6498	21498
2185	17185
4316	19316
6372	21372
11559	26559
12633	27633
2370	17370
7429	22429
4008	19008
7646	22646
13888	28888
7842	22842
9728	24728
10081	25081
14248	29248
2634	17634
9132	24132
4873	19873
9896	24896
4749	19749
2784	17784
1070	16070
10161	25161
4951	19951
4664	19664
4596	19596
9368	24368
8658	23658
3479	18479
6315	21315
6006	21006
14867	29867
2934	17934
3963	18963
5722	20722
11201	26201
6886	21886
5203	20203
2868	17868
3578	18578
2233	17233
9908	24908
11273	26273
3859	18859
11440	26440
12862	27862
6674	21674
13223	28223
8407	23407
5226	20226
1069	16069
8754	23754
13666	28666
3333	18333
1622	16622
8923	23923
7093	22093
5266	20266
3493	18493
8378	23378
12798	27798
12897	27897
5062	20062
10135	25135
11799	26799
9101	24101
7309	22309
3821	18821
2029	17029
8221	23221
10896	25896
9632	24632
14755	29755
5213	20213
5857	20857
13254	28254
12644	27644
6876	21876
11905	26905
8021	23021
4027	19027
10382	25382
8438	23438
7462	22462
6644	21644
11250	26250
12314	27314
8146	23146
13588	28588
13397	28397
2063	17063
2815	17815
2267	17267
4854	19854
466	15466
10870	25870
14941	29941
8622	23622
5806	20806
9860	24860
4622	19622
342	15342
4954	19954
2554	17554
13063	28063
13198	28198
4959	19959
13575	28575
1474	16474
10713	25713
5970	20970
8253	23253
14063	29063
12413	27413
2297	17297
7079	22079
5865	20865
3394	18394
6637	21637
6944	21944
9871	24871
7350	22350
9681	24681
12052	27052
11401	26401
9194	24194
10363	25363
1783	16783
822	15822
3625	18625
14511	29511
2375	17375
6191	21191
4410	19410
8015	23015
2379	17379
1312	16312
9508	24508
4243	19243
6817	21817
4139	19139
9773	24773
14492	29492
10315	25315
3109	18109
3199	18199
12524	27524
3316	18316
11149	26149
1679	16679
709	15709
3035	18035
8806	23806
13729	28729
2521	17521
11700	26700
6462	21462
2236	17236
9262	24262
14098	29098
9004	24004
4568	19568
1966	16966
13907	28907
11454	26454
12123	27123
8131	23131
7944	22944
13165	28165
9216	24216
10973	25973
12180	27180
2206	17206
10716	25716
4752	19752
12071	27071
5681	20681
3100	18100
8667	23667
4585	19585
11699	26699
14516	29516
5951	20951
2513	17513
2335	17335
2128	17128
13857	28857
14879	29879
13468	28468
10233	25233
10331	25331
3067	18067
4822	19822
12940	27940
12266	27266
1141	16141
5705	20705
2574	17574
187	15187
1542	16542
2340	17340
2793	17793
8795	23795
13700	28700
8318	23318
8569	23569
10556	25556
1454	16454
8943	23943
8102	23102
79	15079
6411	21411
14844	29844
6075	21075
10565	25565
5404	20404
14690	29690
1639	16639
1892	16892
5128	20128
1452	16452
1980	16980
6691	21691
4318	19318
9488	24488
5263	20263
9418	24418
3293	18293
4240	19240
5632	20632
3713	18713
6892	21892
13206	28206
11912	26912
11690	26690
12398	27398
585	15585
11479	26479
14435	29435
3283	18283
12236	27236
7603	22603
4088	19088
7551	22551
291	15291
12016	27016
8537	23537
14222	29222
4107	19107
7094	22094
8643	23643
8406	23406
10131	25131
1242	16242
3232	18232
60	15060
13726	28726
11487	26487
5468	20468
3106	18106
112	15112
14709	29709
2338	17338
4333	19333
14681	29681
10143	25143
11134	26134
8718	23718
6364	21364
705	15705
6096	21096
9236	24236
11027	26027
1623	16623
6603	21603
10473	25473
2716	17716
7152	22152
6059	21059
12779	27779
3424	18424
8907	23907
5249	20249
4278	19278
9556	24556
1247	16247
10990	25990
8280	23280
8007	23007
12887	27887
3687	18687
5815	20815
2401	17401
293	15293
5399	20399
6077	21077
9541	24541
181	15181
12353	27353
12247	27247
9293	24293
14795	29795
13505	28505
9155	24155
7337	22337
12073	27073
2253	17253
13284	28284
14579	29579
3104	18104
1983	16983
12767	27767
5546	20546
6921	21921
7177	22177
3265	18265
8038	23038
11623	26623
8893	23893
7225	22225
6555	21555
2604	17604
6387	21387
9370	24370
6920	21920
7857	22857
9158	24158
10664	25664
5247	20247
4527	19527
713	15713
11529	26529
12083	27083
2239	17239
1260	16260
6613	21613
12147	27147
12602	27602
4730	19730
10585	25585
7157	22157
11588	26588
13065	28065
3139	18139
14434	29434
14446	29446
13200	28200
7377	22377
14764	29764
753	15753
8544	23544
8832	23832
4977	19977
8275	23275
8338	23338
2792	17792
12647	27647
12680	27680
