17360	0	29672
21412	3	26748
26261	4	23917
23669	3	21884
24385	1	23344
24236	0	16424
21783	0	22215
18554	0	21733
28886	0	25986
18184	0	22340
18324	1	27203
18978	1	17685
19414	1	23188
25463	0	20531
21621	0	15841
20299	92	15120
19778	0	29615
24042	0	19025
20304	92	29056
18238	86	22292
18852	0	23590
24830	4	22806
21373	1	21987
19885	3	20413
26513	0	23910
20926	0	23591
29716	3	28634
25520	0	24334
22876	0	26639
25252	0	17442
19383	1	26614
22397	3	20138
23881	92	28776
28687	4	17465
20948	0	25854
21671	3	20251
23550	0	16348
25147	3	26993
29772	1	29192
21974	81	20852
17111	81	29280
15473	92	26906
21782	7	22943
17102	0	26199
25747	1	23690
19321	0	29909
16787	0	22291
25017	0	23993
24081	81	20521
28852	0	17581
18529	3	23234
18334	0	25917
21152	0	16561
19296	0	27387
24157	0	20276
16965	1	15896
18515	0	28497
22934	3	22877
20036	3	27481
15883	0	29105
21485	0	22845
24819	0	27463
16899	0	27475
20823	4	17236
18412	81	23396
29412	3	21954
22956	92	21937
22947	3	16626
21648	0	28468
22950	1	28031
29719	3	28941
21134	0	19737
21593	0	27097
15731	92	29254
16833	0	21761
22307	0	23035
25694	0	29678
16770	0	26254
24204	3	28435
26476	1	15922
16152	4	22384
26724	1	22487
23669	3	22529
22790	0	24344
24829	1	19998
25988	0	19668
20751	0	15228
16533	1	19186
19162	3	27910
18401	4	24602
17247	92	29894
29381	92	15273
29124	1	19615
25060	0	28833
24191	1	20516
20648	92	22640
18412	81	21527
15664	0	22334
24117	4	27178
20056	3	27718
22431	0	29140
18486	0	29841
24902	0	25262
18632	1	24132
21576	0	18337
28899	0	20256
19154	0	24388
23849	0	16244
24043	0	25133
19193	92	28920
22995	0	29964
21421	3	29453
29466	81	29349
16962	1	24315
29488	81	17125
15808	0	27205
22638	0	24011
25114	0	28655
29373	0	28049
20852	81	20912
15718	3	16139
22303	0	25297
21433	0	23715
24777	0	18906
21441	81	17733
24995	4	23378
17127	0	27519
16797	92	28776
17360	0	21714
26073	0	27317
19441	3	24557
24830	4	15896
24786	0	20694
24841	0	26001
17143	1	20164
18428	0	29982
17995	0	23988
17396	0	25652
21279	3	24018
21029	0	21660
19070	81	20325
26474	0	20275
17027	1	19955
26537	0	16339
20752	3	15988
25694	0	28606
21085	1	23837
18508	0	23368
15802	0	23726
29399	0	23258
26176	4	27189
15384	1	27604
22292	3	27186
19329	0	29626
20988	1	26904
16686	0	25657
28888	0	27360
17053	86	22943
24107	0	20397
19664	0	20690
26423	1	17007
26423	1	17017
16163	0	29271
29246	0	16395
21257	0	29644
24078	1	26038
24234	4	20561
19693	0	25541
18686	0	23220
22995	86	18517
23543	3	23501
17122	4	26742
21123	0	28980
25060	0	27772
20840	0	15921
22310	4	25702
19427	4	16046
16673	0	17610
20963	0	23706
25520	0	28047
17766	92	20106
23165	0	28268
25749	3	27385
22483	0	18222
21514	1	15658
24572	4	16399
28786	0	27388
24938	0	16301
21608	92	19031
19402	0	16864
16831	3	20409
20080	1	16160
18429	92	17000
20849	0	19661
16766	0	18580
20319	0	27730
19121	0	16193
15963	4	25323
25385	81	20713
22275	0	23028
16286	92	19280
16163	0	29894
21984	3	26747
19959	0	24374
19880	0	18264
22313	0	15567
29746	4	19851
22389	0	15162
18235	1	25858
17313	92	21468
19690	0	24371
15798	0	23479
21053	0	18651
29734	0	15386
18319	3	24165
25179	0	28402
19133	4	28350
17768	0	20309
20631	0	19274
19449	81	18189
24263	3	24383
19113	3	21878
18476	0	26903
25169	0	16342
22277	0	16873
25308	0	15333
24958	1	29873
21277	0	23562
17452	0	17412
17120	0	16070
25664	0	17940
18244	4	18272
24076	0	19039
25694	0	16904
16168	1	24869
28883	0	18993
17799	1	25439
18432	0	18097
24528	3	17418
25802	0	23121
22930	1	25542
22978	86	28588
26522	4	18690
17766	92	26343
19630	3	19857
24848	0	27483
16965	92	15896
16277	0	21561
19193	92	16604
22518	0	20189
24857	0	17063
21273	0	22877
22463	0	16501
19883	0	24371
17733	81	25244
20879	92	22022
19160	0	26580
21121	0	17425
19399	0	16782
26147	3	28316
16853	1	17492
15786	0	28098
22730	92	15911
21542	0	24006
21251	0	22599
21176	81	19752
26515	0	15621
24768	0	17340
18619	92	18045
18551	1	26042
19779	1	28210
22093	1	17793
15433	1	17254
25732	0	16997
24580	92	28655
15954	4	28442
20855	3	15972
18347	0	20180
19706	1	20423
24236	0	21238
16638	0	18654
24501	92	22444
26015	1	27310
21144	1	23304
23018	0	29882
17121	4	24870
25385	81	20733
24064	1	27474
21103	0	28936
21277	0	21559
19421	1	27878
25314	0	16109
22798	1	24439
19886	3	29400
21524	0	28267
22059	0	26720
17169	1	16492
16963	92	23573
25378	0	17565
22709	0	26738
24358	0	28277
19246	92	20506
22239	0	20180
25243	4	20205
18214	0	27830
29699	0	29941
23459	1	16071
26150	3	17972
29728	81	21930
16416	0	29862
16677	3	25275
22812	81	18565
26528	0	23227
19359	1	27599
20983	86	22235
25180	0	16723
21712	0	26314
20466	1	25987
16150	0	26887
29725	3	25560
17998	86	26116
20458	1	15151
22610	0	20423
21687	3	15008
22010	0	28376
20801	0	27085
19375	0	23329
16951	0	16597
22922	92	28338
25030	3	27263
24048	92	19642
21289	3	25218
17708	0	28457
29485	0	22893
24112	0	15135
17309	0	26313
25057	0	16601
29221	0	28502
21488	0	23020
29749	0	23262
19775	3	28061
22794	1	27985
22755	0	20547
16422	0	27924
16649	1	23526
25349	0	18173
16300	1	27526
15740	0	15016
26512	4	29615
22177	0	24454
20456	0	27036
21910	0	18908
18469	1	16880
19374	0	27990
22676	92	29561
24619	81	18509
17115	0	20142
25017	0	29674
19079	0	23032
20310	0	28252
22748	0	20566
24260	4	28385
20292	3	24404
16975	86	19088
15777	0	26903
20330	0	26726
19754	1	20532
24231	0	28562
20852	81	29728
22695	0	21528
19363	0	26986
18233	0	26253
22724	0	19275
22050	81	29728
25000	0	26808
20029	3	17236
18857	4	27997
15318	0	22353
26333	0	28735
20630	0	28237
26260	4	28969
15958	1	18373
18414	0	27950
23661	1	23156
28853	0	27624
24350	81	24455
26116	86	21195
19386	0	20179
29343	0	19144
19397	90	15990
16131	4	29389
22815	0	18924
20769	0	17743
19366	81	17456
22778	0	15934
22078	4	27160
23155	0	18728
16170	0	15267
23005	0	16622
24731	3	15700
21369	92	19847
19368	0	27922
15872	0	26456
23972	0	26099
22058	1	19041
24578	3	29903
22755	0	15259
24581	0	27121
19059	81	28676
21162	81	25250
21304	0	27515
17027	1	26953
19443	0	29644
29381	1	26505
22725	0	26884
18483	0	25856
22661	0	25622
29720	1	25075
15961	1	18718
22518	0	15307
23430	0	17041
24803	4	27977
17182	0	27500
22115	0	28354
22671	4	25275
23008	0	27375
21927	1	17240
18321	0	15191
15883	0	27939
23447	92	29453
15879	1	28171
19355	4	18981
22398	0	16091
18569	0	29842
25039	0	28712
19506	0	17092
18226	1	29938
22303	0	20261
22310	4	17730
25021	1	28626
15855	0	28985
17026	0	23719
18406	0	25059
29512	4	19732
20749	0	27393
15828	4	20552
18568	0	26795
29357	4	16804
22985	0	29180
22080	0	27838
18200	0	28967
29356	0	18393
18934	0	22360
15913	4	23624
29747	4	26713
16680	0	16923
18057	0	27404
24805	92	15038
20056	4	18224
25251	0	22246
29414	92	29109
24060	86	26473
18616	0	20151
17191	0	23033
18551	1	20407
29484	4	17444
19576	0	24425
24254	3	28232
20651	3	28719
17325	0	19527
20042	0	27832
22865	0	16613
16238	86	29739
26143	0	18039
29770	1	27235
28789	86	23105
22683	92	29673
19876	3	22496
18347	92	17193
21408	1	26312
21398	3	27558
16943	1	27774
22183	3	28496
19319	4	23371
20793	0	23068
24810	4	18887
22673	4	19144
28903	0	28294
22308	92	19618
19368	86	15784
19071	1	26295
18067	0	20544
21649	86	21203
22598	4	26374
19109	0	15152
22670	0	26112
19781	81	19407
17470	0	23560
21576	0	27094
28594	0	16087
16682	4	23451
16271	92	17731
15767	0	21859
20757	0	23456
23555	0	28273
15275	0	18622
24221	0	16878
16736	1	15199
25235	0	15568
22671	4	26196
16942	86	19698
19695	0	23309
17259	0	16656
29893	1	23935
19761	0	20128
19888	3	20702
23484	3	26309
29960	0	19522
25245	81	15519
15444	0	27113
26404	0	19726
15587	0	17782
29317	3	27053
25088	0	27581
20829	0	27809
22862	0	23277
25745	3	16651
17605	0	26020
19692	0	28828
18038	0	15686
24084	0	28913
23442	0	23530
17879	0	15655
20461	1	23349
25388	92	25765
19364	92	29110
29657	0	24523
21296	1	16658
22778	0	27166
24116	0	26200
16404	1	18776
17360	0	26058
22799	3	16916
28872	0	26186
24577	0	23860
15490	81	20033
23090	0	16390
24262	1	16518
16540	0	16859
22744	0	22232
28843	0	25847
19137	4	28384
15941	0	23518
25335	0	23488
16285	1	17625
24568	0	27235
15953	3	27404
18602	4	20138
17534	0	27811
25161	1	18081
17377	86	26273
21738	0	18874
18155	4	25321
18073	0	27980
20457	0	20369
24254	3	24590
25227	0	18026
15913	4	27619
29247	1	15005
17985	1	27264
16784	0	21989
21078	4	22877
26160	0	20231
18826	0	28714
16894	0	15159
29315	0	26872
21129	0	28473
19371	0	25074
16536	1	15111
16107	0	29555
21005	0	26747
18602	4	28797
21272	0	19269
16784	0	17229
20952	0	23760
18241	81	23646
23596	0	17574
24304	1	29902
20463	1	28039
17121	4	28400
18403	0	24645
16635	0	19467
24571	4	23366
24623	3	15675
28671	81	17824
22117	3	16081
17126	0	27826
24509	0	21812
21103	0	16080
25163	0	23292
25761	0	28338
17415	0	25470
17200	0	22439
18921	81	18189
17873	3	22327
21079	0	16590
21578	4	25809
21194	7	17836
20959	1	21858
20866	0	18149
26144	4	17513
19863	4	24678
20065	3	20410
19357	3	17489
15459	0	28557
22045	0	15137
20859	0	15037
17055	0	27345
18244	4	15149
24609	0	19450
17455	1	25770
17179	0	28060
18207	0	28276
16758	0	23391
19154	0	28213
21070	0	27936
23765	3	25876
29731	0	15634
21056	0	22882
21971	0	27503
20889	0	26650
24832	1	27772
22755	0	17022
26123	1	26962
24768	0	28485
24812	92	17660
23104	0	29368
20028	0	23429
24572	4	17658
21517	0	20387
22652	0	23030
23472	3	23703
18010	0	19625
19326	0	28623
16972	81	29657
17879	0	20540
17132	4	25319
21611	0	27724
20751	0	22324
18627	81	23660
17453	0	25610
24110	0	24616
19863	4	29030
22083	0	26909
15510	1	23964
18239	0	27878
15859	0	24889
17284	0	26946
20852	81	20806
23795	0	21893
20837	3	17852
17381	0	23023
28894	0	20149
24373	0	28921
25080	0	28281
24733	81	15729
17290	0	28381
25962	0	16368
15329	0	19950
25379	0	22341
29728	81	23128
26532	0	16520
19630	3	25817
15867	3	17327
29249	0	27086
26173	1	27170
20984	0	29946
17380	86	20656
22015	0	17388
16289	0	23202
19084	0	23322
25578	0	16033
16760	92	29936
21135	92	23741
18003	0	21302
19094	0	16644
20977	81	22003
16949	3	25729
18212	0	28991
22306	3	24422
19977	0	22231
19400	0	24601
25512	0	25630
16044	0	15323
18047	0	16549
29339	0	18875
20868	3	28708
19754	1	24418
21204	0	28365
23659	1	15649
23094	0	23034
21817	3	17225
24231	0	27310
25963	0	20250
25335	0	23113
22874	3	16815
18551	3	19607
25046	0	16115
24788	0	29626
22116	0	19800
15719	0	24675
26134	0	28022
22904	0	18389
21102	0	28974
17774	0	24644
21423	0	27964
17771	3	23255
21823	0	27840
18444	3	28987
29468	0	23565
25783	81	20962
24196	0	18831
25743	4	27384
29242	1	16865
17124	81	20023
26068	0	19800
26068	0	19201
19335	0	26276
17133	0	21748
26532	0	22510
25513	0	27869
24787	4	24898
29693	81	21575
22167	0	18950
22275	0	28512
20788	3	25843
16543	0	24914
17826	92	16059
24045	0	28082
26072	3	17974
18347	0	18107
20312	0	25856
24734	0	17218
18228	0	28510
29284	0	27743
15090	1	19657
22375	92	17516
29973	0	19657
18406	0	26885
21626	0	16005
24191	1	18776
22412	1	16046
16993	0	22247
15772	0	22022
21398	3	15673
22010	0	19679
18427	81	29736
17180	0	29454
18324	3	19647
25243	4	15231
20642	3	18764
20054	1	18174
17762	4	26993
25672	0	23900
22275	0	21785
15515	81	26514
21234	0	26872
22812	81	29994
21253	1	15356
17526	4	26767
21336	4	26000
15863	1	19538
16744	86	28910
26334	0	27788
21253	1	23887
17369	4	19996
15276	0	28743
21971	0	29153
21503	0	27971
21572	0	29436
20823	4	29649
24824	4	20822
22016	0	18650
17846	4	25774
24086	0	22218
18470	1	23887
15963	4	18959
17978	3	28721
28879	0	29193
15509	3	24011
20880	0	18987
16414	4	26189
17880	92	27719
23144	0	16181
22996	0	16172
17471	0	26996
17276	1	23095
21239	0	15909
16254	0	21554
19173	4	24024
21916	0	20140
20756	0	19726
29258	1	21533
16634	86	21014
18555	0	26831
21810	81	17118
25043	3	21359
24978	3	18157
20762	0	20185
15598	0	17103
19401	3	28537
17109	0	24923
19176	0	26848
22009	92	28427
19112	1	22327
16028	81	16475
21208	1	16566
20751	0	27395
24122	92	20362
20839	0	29031
24259	0	27780
18076	0	29848
17976	1	23989
20456	0	24153
24796	0	28352
24942	3	27336
24211	1	16354
16255	0	25844
22307	0	28743
20935	0	20197
23669	3	28937
15594	0	26360
24637	0	20089
17383	0	27637
15616	4	27330
25108	0	23493
16479	4	20000
15953	3	26480
21635	0	28080
21782	0	15024
24114	1	22490
23059	92	18987
25166	4	28025
18761	81	25212
20759	0	29989
26385	0	28949
25115	92	19472
29443	1	22240
20176	0	23194
16297	0	19455
24940	1	16722
25182	81	19771
19290	1	19215
19515	1	22378
18434	1	20621
19501	1	26028
24314	4	19826
21153	1	23610
24568	0	15602
20788	1	23315
19534	0	16228
15800	0	17809
26423	1	16997
24270	1	17177
23532	3	23780
23410	0	17229
21117	0	18969
21173	81	20658
17115	0	16076
25861	0	21537
22075	0	25216
25303	0	18894
29755	4	28487
20756	0	16063
22739	0	25713
17862	81	21378
25040	3	16046
23441	1	17202
22729	92	28334
20154	3	28778
29485	0	20681
29977	0	27280
18135	0	27151
23088	0	24364
22790	0	21344
15863	1	23877
29321	1	21949
25748	3	23834
19755	1	27544
17872	0	20286
19193	92	23066
17893	0	27474
29779	3	26035
19882	92	19605
29318	3	25933
23474	1	28254
15448	1	15615
21843	3	15634
17755	0	26627
22738	0	25948
16157	0	27303
16286	92	27009
25236	3	27617
25097	1	28658
24053	0	27753
20788	1	19737
17089	92	20576
18843	0	20720
15803	0	15036
22669	0	16557
22874	1	26084
18560	0	23625
15814	4	18355
24795	86	18694
20092	4	22074
19089	0	15986
15329	0	16596
24691	0	25466
19328	4	28388
17021	0	20267
29486	3	22879
18761	81	21693
21035	1	16342
22442	92	26581
16784	0	28088
19049	0	27490
25127	86	18570
25032	0	15271
17200	0	18024
29126	0	16092
20462	0	15765
25349	0	26782
21503	0	22752
25519	0	15155
21712	0	15031
17138	0	17008
21199	0	25771
21919	0	29618
21273	0	26751
26264	3	17696
25310	1	19257
21405	0	29448
21664	0	23511
18760	0	27291
17714	0	16353
24578	3	24435
15431	0	23362
24194	0	18849
24804	0	29875
20908	0	25542
19058	0	18708
20978	0	22601
24584	1	28778
22946	0	22752
15496	1	27753
22420	92	17678
29241	0	22435
22050	81	23050
19311	0	26453
25080	0	25683
24705	0	16361
21102	0	16804
19329	0	18291
21742	86	24820
25227	0	22566
19754	1	23994
16854	81	17931
20792	0	23615
16792	3	27722
17893	0	28582
15958	86	22162
18439	0	29461
20878	0	17627
17976	1	25066
24221	0	17425
22695	0	27790
19892	4	17613
24995	4	23226
19075	0	16186
29293	0	28157
19329	0	17236
15481	3	28598
17930	0	27662
17708	0	15845
21356	92	15671
24833	1	16742
26161	1	22322
20035	3	15478
20884	0	28282
21799	92	24395
21544	0	24861
25325	0	15908
25039	0	28408
22308	92	17594
29443	1	22533
20823	3	23817
23018	0	16140
25250	81	24975
21725	0	19182
22226	0	24245
29487	92	18368
29284	0	16035
17299	0	21470
29339	0	16068
24946	0	18807
22442	92	29119
17858	1	23980
17873	3	23027
21753	86	18486
20886	0	16549
18425	0	15023
19323	4	19928
16327	0	22833
22725	0	23715
22741	0	27667
24774	0	28964
20304	92	15271
20214	0	16661
21513	0	19967
26005	0	18173
16302	0	24891
17261	0	28600
23213	1	23690
17452	0	28519
24955	1	16035
24159	0	28828
21315	3	20121
16770	0	21945
22314	0	26369
16762	4	15285
24606	92	16700
21882	1	17175
17692	0	18299
19694	0	15629
21972	92	28708
19423	3	27140
19375	0	15206
25780	0	19224
17383	0	23477
21780	0	23929
20175	1	26754
22945	0	22437
22156	0	16233
24181	0	28391
22596	92	25501
25308	0	21579
22957	3	29601
18543	0	19736
26171	0	26583
20862	3	26552
24824	4	27140
20649	3	27072
25403	0	29621
18354	4	22490
29493	0	17316
19755	1	15743
21186	0	16941
17355	1	18920
18397	0	29428
21111	0	15143
18245	0	25460
23657	0	17677
20079	1	15373
23409	0	26850
28905	0	26830
19422	3	20000
19320	0	15693
17894	0	15573
24940	1	18885
24798	0	20309
16022	0	28460
16167	3	25415
19312	0	17479
17223	0	25172
18555	0	27948
25960	1	26097
28808	0	20280
21800	0	23902
15462	0	26436
17305	92	26816
15515	81	21399
19423	1	27990
18064	0	19212
21648	0	22203
22673	4	27514
29138	0	16191
22943	0	17478
21461	0	16576
22985	0	25206
22518	1	16878
23661	1	28100
22361	92	26909
17312	0	16112
18352	0	17219
28849	0	28408
22962	0	24537
21102	0	17520
25184	0	22533
22402	0	27277
16155	1	25053
19389	4	26626
18602	4	19446
26516	0	23134
17775	81	23524
15337	0	27200
29385	1	15940
19170	1	15216
25077	0	28352
19311	0	27612
23711	1	28456
19665	0	16627
20754	0	26896
20350	0	28006
18430	1	26841
22786	0	18747
19682	0	26571
20081	92	16925
29300	81	17896
21614	1	21797
21506	0	27673
24505	4	27202
15933	0	16037
18142	4	15017
18236	0	24918
22983	0	29196
21215	3	16227
22985	0	19711
16270	0	27318
19802	3	26879
25487	0	15196
16831	3	16860
18240	0	27324
29384	1	27269
28674	0	21733
25111	3	28601
20468	0	26322
17360	0	23359
17769	0	25911
20299	92	26010
16547	0	28759
25596	0	29933
21040	0	20182
15708	0	25346
24595	3	25601
22997	4	27787
19895	92	15763
20084	81	29750
19629	3	16197
18190	0	21770
16420	0	27691
19328	4	19562
26486	92	15759
17884	3	22506
25422	0	20384
24195	0	24366
22397	1	21854
17156	0	21537
16788	0	17611
16949	3	16301
22157	0	23612
18563	0	20678
24236	0	28935
26513	0	17000
15321	0	15566
21335	0	26510
22474	0	18029
21023	0	27439
18626	92	17643
17247	0	18037
22587	0	24459
15741	3	24868
22788	0	21594
17860	3	16491
18511	0	23801
25235	0	27947
21484	0	17966
29246	0	28633
22647	1	19228
17669	0	29150
21155	0	18867
18099	1	20503
22128	0	28369
16440	0	19306
29487	92	19213
15512	3	20697
24606	92	25305
23694	81	28671
20774	0	27821
28761	0	23224
17986	0	16739
20776	0	23067
22997	3	26765
25350	0	15262
29724	0	25121
16817	0	15095
24946	0	24460
23503	0	16106
15596	0	27933
21300	86	15827
16950	81	24320
23775	0	20560
24272	0	19221
29384	0	28434
20910	0	24613
25163	0	23066
19075	0	29023
24971	0	28038
18142	4	20161
18452	0	16184
17869	0	27251
22730	92	15112
15418	2	29576
16974	0	27148
24196	0	27617
24966	0	23214
23037	81	21448
19915	0	16994
17994	3	16375
20985	0	17915
26330	0	29198
16134	86	19087
16336	0	16662
17140	0	15912
18696	0	21358
19866	3	29879
18170	81	25244
20214	0	18050
18417	1	26239
20222	1	20597
21103	0	27524
26183	0	29522
19171	2	29281
26179	4	19674
15278	92	24555
21636	86	20830
29484	3	24747
25154	1	24338
16411	0	23197
23435	0	26019
19892	4	20050
17252	0	15333
15446	92	18374
24729	92	25136
19234	1	21853
29715	3	27451
24847	3	28327
21233	0	16897
22657	0	20125
24810	4	25070
17097	3	28004
21779	0	20542
29414	92	28106
19100	4	29900
29511	0	20413
19325	0	28987
25566	3	23207
22976	0	28961
19822	0	29651
25672	0	22264
17161	92	29786
16155	1	19933
18835	0	15080
17929	0	18738
24502	1	18776
19114	1	26204
21471	0	18739
24154	0	28211
16978	0	17736
15775	0	27335
16411	0	19810
20931	86	21966
20176	0	26771
16406	0	17389
22867	0	29279
25374	0	22317
19610	0	19826
23094	0	24736
20958	0	27992
21185	4	23632
21215	3	18315
18439	0	18388
21268	0	28561
23663	1	29058
25246	81	25436
21908	0	22555
20770	0	23370
21377	4	21822
19105	4	27367
29467	4	18809
21117	0	17007
21225	1	26494
21328	1	29940
18883	2	19448
24291	0	16624
20872	81	21845
29315	0	16185
18408	81	25282
24051	0	22411
15427	1	25394
18063	0	22447
20845	3	18712
28906	3	28861
25223	1	26254
20883	0	17458
22949	3	24739
20037	3	20172
23531	1	26034
18457	0	15014
23949	3	24332
16411	0	23870
17987	0	28166
20792	0	25432
22705	0	15042
19112	3	27240
23422	0	15176
21630	0	20170
22676	92	17421
20859	0	29185
21576	0	21472
21738	0	27770
18531	4	28814
21612	0	26416
25060	0	17795
23859	0	26351
24972	0	26561
22419	0	15364
22603	4	22356
25184	0	23369
18502	0	29812
22942	0	26793
19875	0	26784
24097	0	29183
19191	81	20745
18783	0	18819
17985	1	17702
19160	3	27565
19768	0	18329
18978	1	15564
29392	0	19681
16676	81	23002
22665	0	21566
20571	0	26300
18063	0	15163
17021	0	18708
20350	0	27166
21824	0	29341
29514	0	21892
17829	0	21568
24632	3	28471
16827	0	25552
24960	4	19967
17117	0	16383
19429	0	26617
22310	4	20359
24960	4	25614
23431	0	28362
22227	0	18733
19747	81	23660
22646	3	20070
15780	0	17640
22679	0	27528
21121	0	19473
24993	3	15755
21649	0	29634
22819	0	18572
19989	0	24656
15689	3	22828
22166	0	23106
23932	4	20363
15664	86	18396
17153	1	27885
15346	0	16368
22058	1	15201
19008	0	18274
21153	3	20146
20079	1	29050
22711	0	29431
24216	3	27561
17211	0	18545
22660	0	17024
21271	0	20274
17312	0	22547
15346	0	20489
24994	0	28148
19293	0	27185
21679	0	23377
26130	0	15105
24214	0	28622
24623	3	29623
23661	1	28118
18495	0	18383
22941	3	25261
21263	81	29460
24797	0	24424
21181	86	18161
20039	0	29634
19151	92	28287
24040	86	28678
20315	0	23257
15591	0	26480
22684	1	19709
18934	1	24647
22777	0	23720
20980	0	26210
18483	3	20660
24056	0	23844
19095	3	20429
23503	0	24893
15481	3	23369
29236	3	21588
17878	0	22485
25627	0	16360
21427	1	26603
19503	1	22413
19481	92	20452
16476	1	23979
18208	0	18295
22239	0	20605
17119	0	23376
25388	92	26971
25842	0	18914
19960	0	15066
23869	0	27710
19879	0	18774
29863	1	25529
18445	0	24709
29824	1	28233
20794	0	29634
15414	0	16876
16539	81	26163
24116	0	21456
18407	0	25884
20909	0	16750
24774	0	29530
20457	0	26929
15439	0	22241
21211	1	27284
16775	92	23991
16295	1	24935
22058	1	15072
20758	4	28410
24588	0	26047
18561	1	26953
19239	0	26820
24202	0	27575
17856	0	22506
25025	0	22512
24858	0	27643
23174	4	24865
21631	0	27144
15664	0	29151
21390	0	28606
17682	81	17118
16977	4	25771
20932	0	16378
17278	0	19187
18443	3	25738
18502	0	22448
21910	0	24428
19148	3	18134
15616	4	24869
24124	0	16072
15767	0	26630
15783	0	23901
19901	92	25857
18211	0	16498
17402	1	16493
18105	0	23134
22184	92	22103
22299	4	27600
21164	92	21439
22464	0	17427
18426	1	16617
22164	1	20247
15336	92	28612
25052	0	29294
22476	86	19066
15507	4	19302
21850	0	27733
24493	0	27974
25511	0	26108
22033	0	24711
18609	0	23182
26137	0	28760
17287	0	16174
24520	92	17253
15957	0	28287
23168	0	22496
16205	0	17436
29961	0	29794
24104	1	24142
18203	3	27352
26174	0	16423
25841	0	20639
15855	0	17595
22739	0	28814
29719	3	17626
15415	0	20567
18000	0	17443
17385	0	16971
21356	92	28152
22695	0	23317
21248	1	27799
17855	0	28221
20327	0	28543
29055	92	23803
18531	4	19843
25420	0	20156
24198	4	24667
16419	0	28937
25520	0	25980
21608	92	25451
16943	1	23316
15815	0	25868
19389	4	18729
24592	1	25536
24971	0	27546
21240	1	24892
17114	0	28269
17882	86	22711
18155	4	22771
17827	0	15045
21799	92	27933
29352	3	22354
29704	0	24895
19176	0	15845
17867	1	29093
25287	0	20592
22952	0	26703
17873	3	19811
23763	0	27463
19689	3	19264
17606	0	27533
21068	0	16703
22059	0	29589
20975	3	26738
16753	1	28709
26259	0	19848
24774	0	16822
16036	0	15065
16167	7	20838
25582	1	23087
22923	0	27146
15747	0	17538
15731	92	16096
19417	3	19735
16405	92	25072
17887	86	26432
19987	0	29928
16543	0	24916
16028	81	23524
16670	0	29627
29350	0	27665
16171	0	28425
22237	0	24129
26474	0	16164
23665	3	28388
21192	0	27316
24118	3	18269
29778	92	22503
22707	3	25895
24571	4	23798
17133	0	20676
18761	1	29802
16758	0	27139
23000	0	25984
17300	4	26271
29962	1	26341
21101	0	26984
29765	0	21875
26333	0	15988
29864	0	19015
21038	92	16719
18169	0	15046
16036	0	26798
19985	0	18905
17062	3	26986
18443	1	24475
17247	0	24156
28845	0	15829
20750	0	21840
18696	0	18577
17127	0	27848
19750	0	29887
23275	82	22522
23932	4	23750
19004	3	27984
24529	0	23776
18439	0	28579
21323	0	22384
16943	1	19252
16134	0	15177
26328	4	17966
25299	92	16679
25190	0	26792
22655	90	16867
21270	0	26291
15913	4	25705
17208	0	23233
26051	0	26567
26005	0	22539
25039	0	24010
22874	1	27114
22874	3	26252
20758	4	28210
19514	0	20419
19695	0	28370
16759	3	24134
23014	0	26306
19746	3	27155
19380	92	29678
16949	1	16301
22184	92	19597
15773	0	29273
22620	0	26951
25052	0	18579
22463	0	20517
29712	0	29577
26330	0	16913
22226	0	27745
21330	3	24138
16349	86	20950
20879	0	27210
20079	1	23332
22275	0	16934
24301	86	29299
24724	0	28374
24818	0	23580
18627	81	20767
26128	4	18574
23883	4	23310
22560	0	27434
29350	0	24882
22084	0	17239
15966	4	16084
24625	0	19010
18587	81	22597
17766	92	27864
17405	0	23234
18454	0	20508
24847	3	26614
23077	81	28692
18400	0	27012
23521	1	26678
26329	83	17151
15490	1	16452
25031	4	27464
18761	81	15778
21275	0	20957
22653	0	20686
15473	92	25400
22182	0	27852
17268	1	20348
20464	0	24739
18008	1	23288
25383	1	25824
17307	0	18115
24839	92	18797
25370	3	15629
18496	0	28049
20080	81	29728
23093	3	29265
20948	0	21041
17998	0	16616
24082	0	15095
19751	81	18753
24696	4	16489
17185	0	23706
21174	81	19197
18142	4	23023
19155	0	22142
16685	3	20097
17151	81	29139
21050	0	27443
28674	0	19970
19296	0	23999
22369	3	26774
20948	0	22479
17608	1	19996
16531	1	16566
16540	3	15568
18825	0	18147
20999	0	25785
25296	0	23261
20037	3	27042
16770	0	24664
29694	3	16225
21224	3	19661
18067	0	24025
24181	0	20555
26487	92	15305
20866	0	18150
19129	81	23708
22009	92	23751
22874	1	16885
24940	1	15554
15770	0	23190
19506	0	27157
22933	3	28411
15352	3	18144
28804	0	24603
21485	0	16057
24581	0	29424
20909	0	26408
21407	92	28699
23933	0	27799
23883	4	20702
21005	0	16335
25353	0	17083
20859	0	18574
21078	4	15145
24306	81	29995
16255	0	26341
22647	1	16376
25113	1	27892
16404	1	15582
17116	1	24295
21682	0	27983
22425	1	27462
22306	3	25868
29430	3	28224
29309	3	16569
15816	81	25621
22764	1	28730
18063	0	19850
25903	1	27139
21193	1	18649
20950	1	19965
20653	0	18351
17886	3	24469
23130	0	26410
18367	1	26763
20736	1	20593
23932	4	29033
19153	0	29827
20750	0	21749
19868	3	29831
25167	92	26820
15543	0	18676
29488	1	26614
20852	81	29280
21367	0	29855
19367	4	26959
25525	0	18800
16680	0	28330
26507	1	27259
29241	0	21730
16405	92	16318
23661	1	16885
21374	0	28044
21471	0	19338
15616	4	25821
17189	0	28708
19191	81	22392
20870	0	29646
20029	3	23712
17383	0	15080
29731	0	16565
15589	1	24413
24277	3	25175
15459	1	16224
24946	0	23630
19478	0	29542
16951	0	26029
21249	0	15987
17409	0	15313
16151	3	28806
20867	0	26186
24039	0	26202
15401	0	20206
24995	4	26738
21483	0	17195
19292	0	29785
17179	0	26280
26074	0	27449
22047	92	20479
24230	3	15063
21379	0	29216
15302	4	29949
15784	0	23456
19386	0	29983
24642	0	20687
20906	0	16574
22790	0	23116
19416	3	15693
23384	0	27802
17221	0	20591
22987	0	29200
19063	3	26948
22720	0	27304
18214	0	21724
16198	0	20377
19699	0	23100
20888	0	20113
15957	0	27701
19175	4	28065
20825	0	28194
17065	0	16494
20898	0	21498
29746	4	26220
22037	81	25359
21289	3	24668
15961	7	24653
19459	92	23966
22677	3	19998
15862	0	27433
17860	4	20939
20311	0	20791
20716	0	24164
22128	0	27967
22947	3	15845
26071	0	24408
19322	1	20595
16635	0	27502
17602	4	26942
29287	0	23900
16131	4	29435
29960	0	26086
22741	0	15144
21969	0	15896
21138	0	23615
15870	0	23621
22190	4	22344
20463	1	29519
15913	4	28766
18667	0	26419
24191	1	17646
22680	0	24469
21916	0	28216
24967	0	23188
17838	0	29935
19289	0	23217
21645	86	18625
22626	0	18545
28849	0	17040
22156	0	20268
29527	0	21758
29463	0	25585
20805	1	16607
24811	0	27825
25357	0	25218
15508	0	25889
15454	92	18738
21800	0	16332
29712	0	28021
24048	92	19809
18469	1	29830
25627	0	19577
22922	92	17676
21711	0	23739
25129	92	17574
16763	0	24126
17308	0	26308
24031	0	28332
18163	0	28085
21934	3	23796
23777	0	18282
22077	1	28278
20304	92	23641
16414	4	16558
22874	3	29447
21543	0	20601
17272	0	19723
24114	1	27777
24574	4	27916
23471	3	20525
24231	0	28003
15454	92	27651
26262	0	17718
19760	0	18895
18470	1	27691
23937	92	22553
21630	0	29835
29705	3	28651
16131	4	20352
22484	0	18725
20931	0	23298
28906	3	19807
25032	0	17678
16778	3	28562
20299	92	19719
24119	3	19740
15473	92	17952
21224	3	25168
19653	0	23180
17859	0	28155
15874	1	15269
18842	1	29558
25020	4	25786
20758	4	16924
19133	4	28229
25301	0	25881
24899	0	27828
17142	1	27702
22235	0	27750
15780	0	18656
26274	81	23722
29769	0	29003
21706	0	27438
23932	4	27809
23174	4	27529
29480	0	26691
22955	4	24543
19910	0	23285
20714	81	18438
21679	0	20114
18978	1	22108
29692	81	24817
21513	0	28189
26075	0	27602
25233	0	25940
21228	3	21999
25595	0	25276
28856	0	28083
21484	0	29652
16944	86	28902
21627	0	28820
25517	0	24525
25403	0	19729
29762	3	23264
18626	92	25688
17380	0	27683
21211	1	23350
17072	0	20389
15689	3	15004
26432	0	23749
23410	0	28541
22674	92	22022
24880	0	23245
16787	0	16785
19892	4	24722
18203	3	18920
19887	4	16085
28589	2	23953
18142	4	23891
21621	0	26241
21524	0	29837
21419	3	27714
19256	0	16664
21056	0	16522
15859	0	17657
24797	0	25764
29961	0	29624
22745	0	23631
19763	0	21978
20883	0	24618
20843	0	26550
17932	0	23717
21138	0	16060
21102	0	25653
15880	0	15061
15913	4	24914
19314	0	23577
18842	1	25416
19752	81	15885
17385	0	27115
19148	3	19992
22115	0	16352
26384	1	21717
29570	1	25120
20984	0	22385
19704	0	26767
20313	0	26579
26146	0	27855
17284	0	16360
16944	0	15029
18685	0	19717
17179	0	29816
15495	92	15241
19322	1	19528
17314	3	23032
15327	81	23077
19876	3	25713
16853	81	22807
19396	0	29613
22905	3	22354
17992	0	26091
23548	0	28517
26418	0	21728
20752	3	21501
16947	81	23103
22310	4	28085
29742	4	24131
16436	4	18748
21319	3	16517
21297	3	29211
22862	0	25599
23539	3	24715
16681	0	24537
19191	81	19771
29731	0	25706
21882	1	26440
24539	0	26295
22675	92	26461
29246	0	27469
15517	3	16575
25096	0	23031
16479	4	16606
24577	0	27653
18200	81	16949
17880	92	27745
20296	3	28838
26449	0	29230
22674	92	17922
24773	92	27332
21005	86	19312
29318	3	17436
22620	0	26939
19533	3	22599
16708	0	28080
19868	4	17571
29010	92	25063
21685	92	25507
15532	0	27327
24072	0	29147
28973	0	15300
28781	0	21732
24762	0	22773
21013	3	15105
19543	0	28457
24149	86	24501
21074	0	23857
23546	0	19807
25513	0	19214
19698	0	26743
21286	1	27059
20313	0	17702
20925	0	17972
19067	0	15170
29657	0	19450
25161	1	19242
18627	81	16676
16330	0	27540
16571	3	24604
23384	0	22564
26339	1	16303
15879	1	29153
16269	0	17388
22031	0	27339
26334	0	22145
28786	0	22384
29357	4	28649
23555	0	16184
28677	1	21658
17149	92	29683
29485	0	25897
19865	1	26878
25108	0	27612
15406	0	27794
19292	0	20552
20911	0	22102
29317	3	17789
16479	4	25687
17877	0	18098
24117	4	15391
22722	0	16387
19438	92	27336
25436	8	24467
29731	0	19659
17062	3	18838
19383	1	27812
25019	0	26040
19501	1	24700
16255	0	16801
17138	0	17014
21500	0	15099
15769	0	27644
15851	86	15445
22082	0	27060
18459	3	16568
29321	1	18859
17773	4	28310
24967	0	20102
23056	0	25435
23009	0	19670
20776	0	19211
17247	0	16118
29764	0	28075
17768	0	29105
18426	1	23513
22657	0	20505
26450	0	15646
22982	0	29017
21604	0	28430
25672	0	19594
21200	0	27187
24960	4	28833
18072	0	17588
17708	0	19943
17826	92	29978
21652	0	27010
19682	0	15354
23795	86	18444
17397	92	23166
23436	0	21939
22987	0	18798
22172	1	16563
19104	0	26926
19706	1	17746
26264	3	29063
17670	0	22700
25368	0	28758
17828	3	19235
20315	0	26265
22729	1	28334
25413	0	25901
24273	1	27254
15784	0	18873
16419	0	26687
18558	81	15882
26263	3	28477
29485	0	18019
22978	3	15061
29009	86	20915
20795	0	26693
26136	3	18111
25421	0	28331
19975	0	16662
16479	4	24491
22031	0	22360
19634	0	26660
21116	81	25422
20623	81	20624
16250	86	18546
29478	3	17165
24790	0	27648
24274	1	15065
21982	0	29002
19392	0	27645
25517	0	29531
17867	0	29685
15412	0	26017
19690	0	23876
24835	4	25995
21273	0	28427
16151	3	24550
18372	0	26237
26452	0	26437
25749	3	22252
17891	0	28350
15968	0	16697
24637	0	25075
21103	0	19923
21176	81	26441
29347	0	17949
22823	0	22435
20079	1	28029
17129	0	27159
21909	1	19340
17990	0	28966
19363	0	22702
24279	0	26193
23052	81	24213
22310	4	28744
17634	0	23845
25743	3	28982
26474	0	24434
17021	0	27994
28762	0	26651
19420	86	22738
28873	0	22495
17935	0	20710
22131	0	18666
24732	3	15695
23858	0	27391
20930	3	29210
15475	4	28636
21363	1	29982
21622	0	22321
19759	3	17168
17800	1	26889
23772	0	26805
24718	0	20573
21651	0	20335
19055	0	21965
24820	0	23847
19381	3	28268
21424	81	28692
24075	0	24037
21627	0	15579
16261	1	19006
16982	86	29765
19328	4	26832
20985	0	17446
20989	0	23712
20759	0	19738
16794	92	15248
19296	0	24499
16683	0	20112
29276	1	25846
15382	1	16916
22135	0	27925
21282	0	27298
29957	0	24439
28593	0	15027
24314	4	25049
28835	3	19136
15530	0	23358
19437	1	24249
25364	3	27937
17285	4	29047
18099	1	22595
15880	0	28063
24520	92	29611
29132	0	28949
25039	0	22500
16291	1	15021
28774	0	27291
23403	92	27952
17160	3	26547
16982	0	25717
18207	0	29116
22380	0	25949
21345	0	29076
16829	92	16057
28845	0	27545
19782	81	18556
19104	0	16569
17817	92	28957
16632	92	26525
16479	4	17231
26332	4	18386
21217	4	26226
21373	1	25987
21177	92	26353
17769	0	28806
22619	1	29044
29347	0	25816
21239	0	22352
21078	4	17794
17114	0	19995
23932	4	27980
29824	1	18656
22598	4	27715
17111	81	24728
28839	3	19832
23765	3	29855
25374	0	22548
18293	81	21441
19176	0	20679
21662	0	16078
23435	0	26854
22622	0	19119
19293	0	29901
29734	0	29811
28843	0	22505
22715	0	28308
24600	0	26251
16320	86	21602
15501	0	27399
29138	0	18699
26069	81	20126
23130	0	25970
21438	3	16830
25251	0	29580
20787	0	27396
28886	0	16522
24672	1	16666
15474	0	20066
19704	81	24858
16250	0	28365
16774	0	15649
20752	3	20209
29469	81	25834
24586	81	29466
25245	81	20521
17283	0	17296
18425	0	28523
21279	3	22488
18443	0	15037
17937	0	20356
21338	3	29860
15329	0	27076
22609	0	22844
20773	4	20536
17374	0	22902
29313	1	22070
19290	1	15316
18372	0	28115
29720	1	23918
26122	0	28439
20022	0	27447
18499	1	26669
21336	4	17548
29247	0	22816
24929	3	23670
29713	0	25847
24055	0	28829
29703	81	17864
29741	4	29889
20849	0	25984
20014	81	25784
15433	1	24712
15535	0	24299
20832	0	21952
25694	0	27781
18204	0	28972
29123	92	27044
26487	0	29092
19058	0	23316
22690	0	27977
17995	0	29915
20829	0	28321
28899	86	20914
21225	1	17750
21855	1	28425
17754	0	26387
20837	3	20399
24144	92	29651
22999	0	20264
23524	81	15884
24191	1	15385
18726	0	23221
15276	0	22022
25361	0	17936
17526	4	29840
20129	0	17573
26381	0	27429
28850	0	21751
28947	0	24681
29480	0	18291
19251	0	15643
25253	1	16368
20849	0	26667
20908	0	15637
22040	4	19024
29258	1	16203
26006	3	26790
26286	0	16232
15876	0	20575
25114	0	17840
19415	0	18997
18615	0	19652
25080	0	26372
15877	0	25543
24940	3	25698
19406	0	25217
21219	3	16871
15864	3	26642
17569	4	26569
22695	0	19178
23873	4	18766
20296	3	16136
21099	1	27055
23014	0	26907
21410	0	18583
21374	0	25402
22876	0	28394
15462	0	22896
24199	0	29180
17659	1	27491
29314	0	29964
25076	0	19242
19795	1	16597
22647	1	17788
17832	4	17341
18555	3	28493
29573	3	17326
17368	3	28072
21080	0	17013
16670	0	24878
22483	0	26236
19362	0	27066
21653	0	26059
17880	92	24391
20759	0	25611
24498	1	29047
19771	81	20521
19312	86	24725
23009	0	28145
21273	0	15999
17268	1	26003
19774	0	19657
16302	0	17059
16248	1	27382
20932	0	16348
24123	1	15539
20879	92	15553
22874	1	15702
21800	0	28145
19830	81	18617
24832	81	17598
17711	0	19182
17759	1	16869
25666	4	16217
21404	81	18463
26379	1	26819
22596	92	27115
17569	4	17620
29776	0	16864
25014	0	18888
19055	0	15601
25732	0	16998
23651	0	28553
17371	0	27147
17681	0	25174
29693	81	19771
23883	4	29844
17407	92	15281
16475	81	29750
22610	0	27837
20061	0	20617
21494	3	29110
24212	92	20264
18553	92	27705
17401	1	19537
29487	92	29600
22120	3	20508
16966	1	17020
25902	92	26430
25014	0	17679
16899	3	16390
18615	0	28049
19656	0	23748
17368	3	25869
20847	0	17346
28785	0	17576
24804	0	18874
24188	0	20329
24694	4	15128
15509	3	27327
25748	3	28414
20065	3	18006
18761	1	24662
21577	0	22840
29287	0	19737
17698	1	18740
21545	0	26753
21471	0	25733
26007	0	26602
25627	0	28464
20032	3	20178
23884	3	17739
15826	0	20587
17937	0	20681
20646	92	18385
18726	0	27234
29008	92	19210
18842	1	18861
24217	92	22696
17259	0	24711
20647	3	27063
23476	4	22629
19416	3	19801
19110	4	29577
21074	0	22703
18825	0	26940
24152	92	26047
29488	1	20721
20968	0	15136
29725	3	21465
18691	0	28719
17869	0	28106
21173	81	19196
19095	3	26728
24066	3	19949
22297	0	20557
18220	8	24467
15389	0	16037
20833	0	17164
20468	0	27711
26512	4	29056
29403	81	17991
28687	4	28357
16944	0	26703
26077	1	29833
22895	3	23924
18785	1	16075
22310	4	28011
19746	3	23889
29485	0	22533
19169	4	27031
22795	81	20808
20849	0	26906
23426	0	22919
22722	81	17814
19249	0	19541
24054	0	20540
28803	0	23406
19987	0	16094
24231	0	15101
15981	86	17987
16476	3	15010
18073	0	24460
15327	81	19191
29774	4	23280
21233	0	29424
19369	92	20068
21683	3	19621
22128	0	28265
26345	0	26811
20458	4	27237
24193	0	28562
16249	0	28706
26528	0	27974
18544	1	18344
22955	4	18751
20478	0	25069
24851	0	28792
18142	4	28663
26067	92	24614
28910	0	15377
17770	0	17950
29749	0	16727
15963	4	27979
21107	0	27073
24108	1	28484
15589	1	15068
24984	4	25737
24167	81	23053
26518	0	15550
21627	0	16967
22724	3	27033
15335	0	23157
21258	0	27036
23881	1	27149
19124	1	23385
16583	0	17018
22717	3	16341
24821	0	22233
23421	92	29263
16708	0	28506
17390	0	27807
29734	0	19031
24904	1	26229
21743	0	21302
24632	3	18925
21239	0	26759
22746	1	27197
22372	1	23799
22981	0	26742
20911	0	25446
23986	0	19041
17535	92	28203
24110	2	29576
20642	3	24546
15452	3	25342
18629	1	22173
24578	3	27301
19099	0	24742
15319	0	19736
20084	83	24280
29765	0	17644
22034	92	25735
26158	0	20393
18348	0	16863
23410	0	17746
20883	0	25599
19780	1	21778
24082	0	28146
21215	3	28759
17287	0	16485
21416	3	21528
19828	92	28551
19704	0	20229
19052	1	19257
15347	0	24390
18628	92	20135
20827	0	16917
17933	86	25352
16406	0	26308
21290	0	27226
21229	0	18384
20059	0	27164
16021	0	29121
15594	0	26355
15512	3	18039
21272	0	25806
24766	0	15844
24233	0	28196
21471	0	24735
15593	0	24549
22516	92	27320
15327	81	28692
15936	0	24616
17307	0	28249
24098	3	17431
21030	0	28972
26532	0	28703
19860	3	16662
19886	4	26660
22303	0	18332
25490	0	20093
17876	0	24448
19363	0	25306
16125	0	20428
16036	0	28201
18517	0	16591
16678	92	29074
17988	81	25385
20978	0	15934
16736	1	20118
21215	3	28981
19780	1	27736
15511	3	25322
21239	0	25508
18632	1	25573
17268	1	23714
19293	0	15536
15953	3	26639
17878	0	27727
23882	4	18089
21050	0	29658
25227	0	24601
17958	0	16230
17358	0	22527
29483	1	27913
15666	0	19605
21405	0	29158
21691	92	22159
19098	92	28945
21233	0	20592
17771	0	18419
20876	3	29610
18058	0	29593
20754	0	29937
17707	0	20670
21682	0	16528
20936	0	19587
24091	4	17622
18480	0	27786
29668	0	23753
16415	3	27323
21259	0	24490
21486	0	17005
19205	0	19566
22309	1	29112
17313	92	25264
25222	0	27634
18634	0	23828
24778	0	17966
26128	4	18112
18934	1	25873
19104	0	28538
24836	3	27135
21297	1	15271
16787	0	20071
23049	1	15978
19381	3	26707
19161	3	27418
20127	0	26783
24986	3	22070
17714	0	26230
22422	0	17350
16437	1	15918
17766	92	26726
15384	1	20502
28802	0	20339
17284	0	15607
20646	92	25348
21244	3	15746
19879	0	19244
15336	92	27661
21713	4	15293
23473	0	17422
22647	1	16556
25163	0	15675
20836	0	20376
21219	7	22914
23548	0	23500
22956	92	18703
25019	0	22019
21708	0	24325
22135	0	22348
16826	0	25178
22989	1	26435
16598	0	26448
15280	1	17084
26522	4	28187
29055	3	27616
15516	4	16997
15819	0	16469
24088	0	28699
24639	86	15345
22018	0	29216
23862	1	23507
18954	0	28324
28855	0	27827
19829	1	27967
25413	0	16570
15426	0	27028
21627	0	21470
24825	3	22220
24894	0	16839
17052	0	18996
24627	4	29880
23664	1	21771
22862	0	23632
21156	0	18274
18243	0	26446
26014	3	25477
29371	0	26873
19370	0	23736
15707	0	16144
24697	1	25918
29513	0	26815
18061	0	26770
20850	0	18805
23666	3	27402
29701	1	23574
18527	0	27289
21101	0	20692
24976	1	21877
23522	0	16388
17987	0	27438
19416	3	20173
16405	92	18762
20290	3	24870
26339	1	16376
19442	0	24377
28787	1	16615
16129	0	27957
15624	0	23467
16412	0	25639
29952	1	23380
21219	3	21299
15711	0	16665
24232	0	17253
17600	0	16590
24964	1	28438
22747	7	21929
21294	92	26406
26145	1	15021
24538	0	26930
29773	0	18860
29289	1	28174
17470	0	27022
17051	0	26040
18495	3	19341
24200	0	27613
18531	4	26280
26159	0	20252
20751	0	15391
24303	0	24499
24568	0	28540
23103	81	19313
19052	1	25193
16778	3	27710
21225	1	24912
17835	3	22406
26331	7	24118
18441	3	18093
24994	81	21045
26067	92	16661
25092	3	27228
29314	0	18982
20947	0	17469
18436	1	15989
17179	0	27976
20841	0	26636
21110	0	16494
18191	0	28805
29466	81	21930
17978	1	28731
28909	3	27387
21336	4	21937
29243	0	27613
22789	0	26763
24692	0	23036
25361	0	15653
19176	0	27751
21131	86	24774
19175	4	27877
22064	92	23303
24505	4	15983
18560	0	28988
16787	0	22201
24032	0	19584
15635	0	17061
19290	1	25916
19858	4	23216
22425	1	17671
17129	0	28085
17604	92	23263
21526	0	17443
22981	0	21778
20935	0	25333
28762	0	27019
25159	86	17109
21997	0	25453
17163	1	29424
17526	4	24010
24632	3	24547
17667	92	18013
15514	0	18576
21149	3	26911
25692	0	15904
25444	0	23966
19331	3	28560
20841	0	26674
19829	1	18043
19961	0	18813
17377	3	28206
22671	4	28961
25108	0	28602
22805	1	23361
22381	0	19566
24859	0	29797
22007	0	23225
15785	0	22500
19698	0	19270
15486	3	28361
21176	81	23428
22302	0	26668
20881	0	27675
15813	0	19640
18625	0	21466
15337	0	17543
17760	4	25714
22081	92	25503
25556	0	28998
29698	0	28055
29708	1	21754
25162	3	20223
17929	0	29831
24960	4	20684
21127	0	15145
22924	86	16127
25982	0	23760
24599	92	16037
21307	1	27952
29126	0	28961
29728	1	25832
20215	81	29728
29728	1	27660
21782	0	20191
15426	0	26880
23384	0	28087
15469	92	27269
18443	0	17515
16289	0	18338
22312	1	25461
23444	92	16875
29777	92	27540
17826	92	26911
22156	0	27463
24421	4	23999
22277	0	18964
19336	0	17920
21260	3	29075
21107	0	16035
16287	0	28530
29010	1	19454
29470	1	15098
29378	81	24275
29689	0	27411
15423	3	17488
24974	92	22099
25641	0	22341
21611	0	15305
19495	92	28201
22647	1	20454
25222	0	21348
15760	1	27886
17854	92	23719
24696	4	28278
24039	0	28540
20907	0	15059
20998	0	26460
15089	81	23938
21496	81	18416
15979	0	15249
15883	0	24338
19377	3	17840
25696	0	16983
25519	0	26814
17066	0	20389
23384	0	28296
20299	92	23980
21329	4	19624
24045	0	16913
26159	0	24183
17135	0	18275
17381	0	19031
23383	0	20283
22608	0	26866
22721	0	15252
21829	0	19471
25758	0	21913
15689	86	23104
21608	92	27049
24826	3	21490
20466	1	23491
23942	86	16365
19882	92	21774
17325	0	26306
15869	0	27094
19054	1	26680
16760	92	22289
24099	92	25597
24219	1	19561
18061	0	28963
15734	0	27377
19160	3	22838
16544	0	23501
19008	0	23909
19693	0	26664
22739	0	20690
19063	3	16646
19511	3	20452
19177	4	27150
24041	0	19200
16672	0	27817
21085	1	27630
22646	3	24396
19863	4	18025
16777	0	29440
15458	1	16892
25039	0	17953
17602	4	26320
25627	0	16165
23959	0	22475
24203	81	18505
25902	92	28192
25081	0	27638
19865	0	25103
20219	0	27780
22058	1	21996
19193	92	20916
24842	1	27197
29008	92	20555
29725	3	27315
29357	4	20074
24851	0	23448
22058	1	15563
19497	0	19741
29394	0	29195
22731	3	29325
20022	0	18862
20857	81	17598
18166	0	18820
16296	0	19740
29744	0	26032
20984	0	25874
21320	3	28158
15512	3	28718
17554	0	16301
21177	92	28728
20630	0	17326
25666	4	16218
19100	4	29624
19802	1	29148
18091	0	28356
15879	81	19744
20759	0	15752
17769	0	19979
15415	3	22208
17961	0	27429
16475	81	17559
18612	0	25062
22407	0	22912
26066	0	19990
21076	0	27646
21966	0	20284
25018	0	17679
23542	0	21007
19876	3	21960
15639	0	16590
25019	0	19921
19111	0	15176
21511	0	17795
23200	0	22629
17066	0	20444
18801	0	23712
15855	0	25544
21708	0	15095
19103	0	24439
19054	1	16499
20770	0	17687
24724	0	24605
15874	1	29501
20789	1	24481
22687	0	28811
25815	0	16628
15945	92	27296
24097	0	20232
15967	1	18028
24121	0	16391
17287	0	24138
17855	0	23191
26121	0	23545
20811	3	20439
23057	0	21553
18561	0	28719
18466	92	29785
23932	4	29534
16780	0	27539
25841	0	24246
17826	92	19701
26537	0	25598
21684	0	28217
19870	0	15763
23047	1	27928
17582	0	16144
16476	1	23370
23060	0	25539
26346	0	23125
22518	86	22755
16583	0	16217
21208	3	23580
19101	3	16609
25167	92	26011
21573	0	27930
25373	3	23962
29710	0	29596
29124	3	22461
19137	4	28089
15512	3	26617
28873	0	27941
25398	0	26735
29124	1	15167
18560	0	24683
26128	4	18270
20845	1	27658
24304	1	25700
18170	81	29280
24811	0	22504
23199	1	29985
24776	0	18338
17211	0	24662
22058	1	20273
22404	0	23021
25672	0	29240
25013	4	15578
17271	0	15041
29476	1	27229
22797	4	27577
25031	4	20664
15712	3	25728
17533	86	19497
26330	0	28930
19419	0	23369
15914	3	16881
25744	0	25811
21478	0	27392
24855	1	25066
16678	92	26414
29374	0	28236
16205	0	23366
15422	4	28171
19987	0	26096
25245	83	24284
18166	0	28428
29315	0	15809
29000	0	28635
18502	0	28369
25027	0	19672
16129	0	25728
17133	0	19967
20829	0	23126
25251	0	17437
29012	92	28290
25041	3	29653
19105	4	25709
20907	0	27706
22300	1	25608
24252	0	28522
18844	0	16510
18083	0	24470
22960	0	18221
24952	0	16213
21369	92	28648
16250	0	22286
20024	3	29355
19129	81	25044
16278	0	24001
22474	86	25517
22711	86	17882
29705	3	26623
21855	1	19952
22028	92	27343
21024	0	27228
17021	0	16722
25031	4	25823
24251	1	23592
29743	0	23122
21640	0	23670
19355	4	16920
22980	0	17969
16819	0	26290
16421	0	16890
19759	3	26929
23654	0	29204
19855	1	20371
25041	3	17538
16531	1	26459
19420	4	23677
29957	0	28505
19480	0	23348
17371	0	28191
19892	4	18378
15779	0	23058
15337	0	20356
17250	0	20098
29456	3	19918
26052	1	28630
24768	0	22558
25191	0	15528
23937	92	15353
21237	0	25918
21605	0	24361
19793	3	18823
23761	1	17591
21141	0	17631
24262	1	21913
17861	1	15704
20850	7	25279
21291	0	29990
19986	0	27609
29396	0	20342
16476	0	23979
19533	1	18327
22787	0	22877
29851	0	19200
21963	0	19572
28687	4	27366
16336	0	20421
22808	81	28591
23136	89	17424
24785	4	29625
16598	0	25938
22654	3	28642
29432	0	18901
17371	0	23564
23552	0	17101
17160	3	27260
25385	81	29767
21079	0	16749
20905	0	29422
17021	0	23692
29259	0	16467
15278	92	21302
22088	0	26311
18000	0	16182
21181	0	23023
24855	1	28895
16411	3	24500
15587	0	23855
22689	81	21162
17141	1	18250
29739	0	15205
24691	0	17950
25313	0	17225
23091	7	19704
21407	92	18767
28802	0	21350
22234	0	26858
18073	0	28997
25249	0	19426
23129	3	24388
24606	92	19308
20750	0	25538
15509	3	27289
25414	0	27291
19126	0	29680
18421	0	15084
15278	92	28437
15731	92	22252
17307	0	20259
29338	0	28649
17990	0	15211
17247	0	25435
22673	4	26772
24774	0	20662
19360	1	19624
25308	0	21592
25444	0	22824
19097	3	25571
20312	0	16448
24788	0	17335
25302	0	19642
18535	4	26368
17992	0	21365
22560	0	29041
25751	1	26708
18587	1	21862
22626	0	22469
15337	0	27273
21380	0	26308
20730	0	21556
19110	4	20168
16974	0	23305
23472	3	24379
29515	3	27592
20630	0	29605
23431	0	29160
23008	0	23671
20962	3	27923
22311	92	26707
18347	0	27813
28803	0	15380
21122	0	20189
25403	0	26000
20922	0	20474
18619	92	15917
21202	86	16531
18061	0	23268
21267	1	17019
25389	0	27467
19368	0	15746
15923	0	18919
21195	0	27113
21392	0	28211
16847	0	28700
20759	0	27886
18254	92	17002
17287	0	26001
21423	0	22630
18353	0	20552
18099	3	25453
15869	3	16208
29364	81	22414
24953	3	23632
18238	0	27171
22809	1	19268
22590	81	28591
20472	86	20293
16954	0	26278
17771	0	26942
23384	0	26649
25087	3	24025
20472	0	27176
16405	92	15681
18342	0	24550
22414	81	18753
29221	0	26994
15925	0	20698
15728	3	27645
25208	0	19577
22965	0	20184
22054	0	26696
19631	4	23100
21181	0	22253
24571	4	15840
25512	0	23671
24502	1	16449
21186	0	23355
15325	0	22878
18234	0	26253
24955	1	22489
18414	0	27457
22946	0	26387
21674	3	19938
16162	0	19733
18212	0	17642
24768	0	22891
23016	4	20107
26529	3	16105
19295	0	23216
15516	3	23329
24572	4	18736
16297	0	27935
17889	0	20383
29377	1	27457
21641	0	16902
20053	81	25054
16638	0	24325
22738	0	16919
20909	0	28716
17910	1	20428
18415	0	29143
22947	3	26546
22025	0	27040
20016	1	19974
16790	0	17164
15351	4	20620
22868	0	20474
26070	92	29173
22034	92	27429
28894	0	22207
17732	0	15231
21084	0	27396
22942	0	15752
20749	81	16546
25842	0	26961
15495	92	15916
21608	92	28106
22677	3	29013
18336	0	28456
21291	0	27040
24108	3	15367
18207	0	27839
20655	1	28189
24976	1	27120
21243	3	21748
15717	0	20668
22037	81	17842
19369	92	26659
29318	3	24918
25012	0	28089
19162	3	15149
21502	0	25324
21593	0	28384
20895	0	20591
15814	4	26722
24076	86	20888
19331	0	25770
21395	0	29818
19980	7	16737
22178	0	28355
23528	92	29194
24049	1	28661
22275	0	27421
28674	0	18386
21972	92	22541
17301	0	23270
18527	86	26376
20736	1	15983
19775	3	25765
24060	0	20158
16476	3	25304
24256	3	29116
19173	4	26953
29529	3	16523
29314	0	26701
24399	3	27309
21306	0	25328
26167	0	15576
17125	81	28675
25036	0	15001
24213	81	22050
29948	0	26785
21042	0	26910
16678	92	15117
25169	0	16343
22857	0	25175
21614	1	22339
22466	0	24010
22937	3	18027
17990	0	24166
19163	3	20365
21420	2	23967
29258	1	20367
22642	1	24396
17115	0	24436
17122	3	15379
25230	3	21721
21484	0	20518
25289	0	27233
23413	0	22298
26183	0	25908
16337	1	27268
17818	92	15005
15879	81	15534
22041	92	23564
24196	0	22467
21136	1	19934
24995	4	20577
21181	0	26096
23700	1	27832
25353	0	27434
18430	3	27922
24978	1	16597
15330	0	29555
15591	0	18048
26286	0	25214
29746	4	26679
22854	0	15377
21664	0	17413
25076	0	16718
22812	81	20062
25444	0	21599
22015	0	16569
22933	3	27011
20627	92	16643
26128	4	24897
29707	92	28234
29514	0	28540
22921	3	28065
21346	0	26896
21208	86	16531
17606	0	27937
20030	0	27185
20378	1	18836
21519	0	24743
25388	92	25655
21156	0	23578
19168	0	18781
24734	0	23703
29010	92	16093
24855	1	23989
22296	1	19487
25373	3	18995
23092	0	15287
25512	0	18179
29413	4	19520
19323	4	29419
29485	0	27416
25490	0	29294
18824	0	22325
21726	0	27940
17356	0	18702
19859	3	17341
26264	3	28299
25581	0	19233
21282	86	19555
15511	3	27738
24954	0	26425
21126	0	19824
15887	4	18249
23416	0	20005
22589	1	27333
29243	0	26673
19318	0	26948
23012	0	16517
25093	92	16860
20866	0	27129
17608	1	19532
17117	0	28152
22743	0	22249
22859	0	22828
20753	1	18973
23547	92	16303
28886	0	23451
21080	0	17008
17761	0	28062
23382	92	19956
15797	0	19818
19984	1	22349
26166	92	26640
19080	3	20433
25110	4	27028
15430	92	18574
19435	81	16950
24838	92	22336
19689	3	19252
15511	3	29494
22932	4	17942
23417	0	20343
29134	3	26811
22086	0	24477
21073	0	29250
25033	0	16652
15961	1	22104
19479	0	18005
16789	4	28610
21121	0	27600
21984	3	20418
26179	4	23703
23482	92	26564
21816	1	29096
25085	81	23649
23200	0	21353
25294	1	24487
22403	0	24676
18228	0	18140
17765	0	24451
25385	81	18205
15505	0	23124
24792	0	26055
20728	0	18873
20041	0	21343
28878	0	21349
18211	0	15365
17766	92	23119
21495	1	28756
24236	0	17954
29565	0	27143
16198	0	27411
15337	86	29293
17659	3	27718
25740	0	25430
29397	81	15884
22122	81	20912
23548	0	20207
24034	0	17465
29753	1	22325
21300	0	26294
25091	3	27486
17558	8	24467
19483	81	23102
21005	0	23209
24812	92	17537
19111	0	24001
20832	0	17643
17881	1	22187
23771	0	22837
18561	0	16350
19141	3	21052
25148	0	25135
21133	0	23980
22603	4	20686
20053	81	23874
22077	1	18943
29241	0	27499
24843	1	15310
25519	0	18812
23314	0	19474
21325	1	27874
16895	0	28344
26380	1	18389
25085	0	16862
22970	1	23181
17126	0	20990
19758	3	15065
17764	0	20210
25902	92	29526
15820	86	22095
29699	0	23260
22419	0	28371
20852	81	20729
21261	4	20669
29761	4	20143
15962	0	29400
16826	0	28045
20882	0	21803
28902	0	15029
25732	0	17007
15501	0	29624
21671	3	28728
24992	86	15991
21239	0	21834
22041	92	16052
19295	0	29082
25596	0	25502
24724	0	20552
29706	3	29888
21810	81	24064
18662	0	26563
18760	0	27387
29397	81	26441
22738	0	24435
19991	0	22072
21209	81	20126
22854	0	27064
23412	0	26408
22060	0	20417
22865	0	15111
24221	0	21936
19694	0	20554
22302	0	29115
18772	0	28635
17233	0	19212
15953	3	25770
25115	92	27580
18609	1	23177
16420	0	29887
21674	3	19944
24065	0	15628
22609	0	15907
25029	0	29408
24259	0	22109
22671	4	23509
20021	3	29787
25568	0	22573
23012	0	16500
18360	0	28938
18065	0	26321
25249	0	19588
25155	0	18875
29471	0	26316
24624	92	24135
25669	0	20387
20032	1	20178
25758	0	28629
17102	0	17939
15275	0	23776
19560	0	24430
29776	0	29876
17289	0	20101
24224	0	23245
17274	81	22006
23410	0	20413
20967	0	24454
19693	0	28892
29725	3	24673
15870	0	23767
23986	0	23991
21526	0	27100
21315	1	20121
21195	0	20144
16945	92	25450
26449	0	29232
18467	3	28596
19479	0	25477
25224	3	22357
17887	92	26217
22292	3	26440
18071	1	27506
21705	0	20252
21233	0	19917
15954	4	19462
16547	0	29580
19860	3	18292
19316	0	28305
21591	0	25810
20931	0	21529
19296	0	28811
20777	81	21500
21372	0	23086
17867	81	29286
16475	81	24309
21255	0	17195
18507	0	23892
25694	0	16348
22635	0	24462
21828	0	17045
29568	92	29976
21259	0	18766
23445	81	21334
23432	1	23779
22989	1	18776
29657	0	19460
21665	0	20191
17783	92	15794
24077	92	19219
15498	81	20351
23532	3	21352
24993	1	25999
21407	92	19702
18560	0	23892
22707	1	26619
20880	0	27228
20750	0	21842
29753	1	28323
21394	0	19783
21266	1	17176
19312	0	27173
26128	4	15678
17534	0	26973
22695	0	29389
24672	1	15938
25359	81	17813
28685	92	25473
29357	4	28598
19168	0	26948
19319	4	25653
21068	0	23406
17886	1	27925
24323	0	29857
23275	89	17426
25370	3	27831
23843	0	24145
21169	3	26919
29241	0	15066
18361	3	29898
18619	92	15854
23043	0	29405
28873	0	26768
17549	0	15615
16262	0	18834
20999	0	25509
22275	0	28709
17409	0	16137
19751	81	22418
24118	3	15294
21155	0	26195
15865	0	29629
22735	0	26411
25777	1	19667
21321	92	29946
23059	92	24438
17121	4	21897
23074	0	18530
19328	4	22893
17669	0	20361
28843	0	25637
17078	1	29189
25525	0	28295
23129	3	17793
25032	0	16439
21503	0	18622
29473	0	26114
15512	3	23365
29321	86	20032
17380	0	28173
16418	0	26844
25385	81	24268
20841	0	27168
16564	0	20692
18956	86	21753
26192	0	23313
18412	81	29398
22676	92	16578
19441	3	16994
17284	0	15045
18660	0	22261
24774	0	18837
16827	0	25625
16438	0	16500
17996	81	17889
23445	1	19276
18000	86	22854
29768	4	29144
19879	0	18371
21393	1	29362
17268	1	26242
26522	4	26890
16274	81	24944
28589	0	28014
20760	3	28358
21973	1	29525
17369	4	16080
20982	0	15399
22084	3	23783
20849	0	22696
22895	3	27716
24154	0	23876
18441	3	18652
15715	1	18936
23772	0	28247
24571	4	25106
29476	1	27987
18520	0	18850
15422	4	16485
20988	1	27268
18500	0	20104
17161	92	20593
20852	81	19250
29315	0	26925
16977	4	26650
23384	0	22132
25861	0	16081
25696	0	24369
19045	81	21462
23013	0	27413
16131	4	28831
18416	81	24794
25046	0	21565
21053	0	28252
19768	0	24447
17200	0	24126
26007	0	25396
21909	1	20352
24261	0	24597
22787	0	21993
21004	0	23992
17526	4	27271
19176	0	28231
20462	0	22270
25377	0	26638
28591	81	22808
17268	1	29128
26006	3	21761
17686	0	28927
21075	0	27909
23552	0	26953
19403	0	26126
23466	0	25571
29483	0	21746
28783	0	16985
28787	1	15750
17760	4	27182
29282	1	20391
19103	0	23195
28780	0	28153
19771	81	25834
19355	4	26875
22442	92	24013
22047	92	23494
24017	0	29904
20824	92	25649
20753	1	23305
26286	0	25284
16249	0	28742
29694	3	16697
21246	1	29979
25490	0	26278
28952	0	25128
23172	0	25644
15406	0	16955
16777	8	19598
22483	0	27314
20065	3	26301
19511	3	20451
18528	0	27547
22381	0	29910
17877	0	28176
25038	4	27436
15330	0	19474
24639	0	17481
23090	0	16143
25020	4	18024
22037	81	21378
24951	0	27712
17707	0	24163
24965	0	28038
28899	0	28472
17858	3	24394
19177	4	16818
29695	1	29207
22042	0	17624
15489	3	25739
25384	1	18037
16972	0	15835
29799	0	25651
19103	0	26369
19137	4	15270
21254	0	27026
15476	1	29602
29317	3	26208
22997	3	27787
19414	3	17222
28678	0	28333
28762	0	19034
25513	0	25799
25234	3	21734
22676	92	15026
25740	0	26691
22076	0	17474
22484	0	28179
25127	3	16448
24564	0	21585
23761	1	20147
20770	3	21818
22750	0	20553
19293	0	29283
24838	92	17726
21287	1	16836
22018	0	20556
29747	4	29501
15589	1	25886
25129	92	17811
24875	1	17479
15775	0	25561
24214	0	23717
17528	0	18355
22520	1	23686
23503	0	16868
15873	0	23907
26517	3	24681
18504	0	20939
16954	0	29842
17275	0	17651
23384	0	18141
22160	0	23298
18495	0	17347
17159	3	28330
21984	3	16560
17534	0	26239
29132	0	23477
19253	92	27694
16759	3	25764
19323	4	20445
24824	4	21467
18507	0	28246
25020	1	18024
20780	1	22219
24851	0	23712
29695	1	16007
17226	0	16549
20036	3	28244
21323	0	24249
25668	0	26827
19296	0	24334
16285	1	21820
18641	0	18418
18523	0	22360
16420	0	17433
25001	0	29025
21040	0	25340
17898	0	15975
21294	92	28428
15733	0	26698
15945	92	29500
25289	0	25342
23878	4	26412
20648	92	18958
25231	1	28718
17247	0	15632
15389	0	22261
26335	0	29406
23003	92	19493
15718	3	28741
21653	0	27587
17756	81	21496
25513	0	15145
18561	1	22138
20289	92	23352
21991	4	16783
21706	0	26650
17698	1	18734
22965	0	24480
21683	3	16941
21335	0	25762
19403	0	20165
24826	3	28112
23078	92	25506
29244	1	16072
20975	3	28818
22302	0	28323
25081	0	24554
23037	81	23585
18323	92	26061
23474	1	27283
20848	0	17632
16708	0	23208
19634	0	23567
29768	4	22460
23471	3	27092
21725	0	15970
24584	1	15937
20031	1	29065
15416	0	28135
17858	1	20394
22670	0	29862
21019	0	16264
21800	0	26249
29739	0	15395
20064	81	17151
26116	0	24610
17605	0	15210
17447	1	26242
16949	3	23736
28886	0	16179
26176	4	26778
22958	0	27069
21612	0	28307
19360	1	28208
21156	0	21857
17149	92	25821
24117	4	21890
24976	1	16505
25006	0	27860
17062	3	28008
21779	0	23680
28871	0	20522
18401	4	25536
18633	0	23247
24789	0	28151
18071	1	28039
21245	0	20599
21213	4	28330
17191	0	29100
18000	0	20586
15760	1	23350
15616	4	23393
18259	0	25636
29384	0	17572
16827	0	19238
15933	0	28566
22722	0	16388
29474	0	18850
28909	3	28929
29765	0	27101
22313	0	28238
19503	1	27888
25861	0	16596
20788	3	19800
24571	4	16468
28673	0	27722
17849	0	20164
24971	0	22244
16268	0	28543
23410	0	26997
15925	0	25706
21301	92	28117
19782	81	20038
25962	0	23590
18203	3	26235
20057	0	23756
20843	0	20255
22648	4	27381
28897	1	22579
29483	0	27468
17818	92	23291
29751	3	19616
15953	3	25135
18883	0	28999
23550	0	17908
21911	3	22173
19100	4	26723
15401	0	15213
29340	1	26409
19318	0	27347
24810	4	25882
19168	0	20705
20462	0	22069
25249	0	28455
29705	3	29921
17832	4	26099
20969	81	17847
22401	0	18870
18672	3	22849
16326	0	16830
16827	0	24727
18439	0	27551
24399	1	27542
25006	0	20074
25386	3	22902
25213	0	26804
18694	0	27654
23542	0	18748
28686	81	28679
24154	0	25074
19103	0	20568
25287	0	28018
18431	0	22448
18625	0	27613
24960	4	22321
15332	0	28405
24234	4	15175
29061	1	23341
24773	92	29158
15979	0	18966
16687	0	26064
20215	1	17584
16571	3	24560
19482	1	28978
28877	92	18265
19399	0	15911
20867	0	29531
24992	0	21546
19819	0	20198
19985	0	28564
16768	0	22771
22038	1	23747
29732	3	27107
16725	0	27894
19411	92	26744
15948	1	15831
16766	0	20180
28784	0	26002
22039	0	22881
18401	4	29365
22619	1	18051
17395	0	28325
20921	0	27438
24152	92	23272
15276	0	27539
23200	0	26849
23059	92	22150
20176	0	27467
21679	3	17328
15452	3	26092
29706	3	23690
21634	0	29507
24050	4	18307
16134	0	27759
22946	0	27534
18835	1	19024
22788	0	16800
22750	0	17466
22607	0	24460
25861	0	16519
15946	3	28613
23382	92	27276
20579	86	25045
17205	0	28161
20299	92	15372
17967	0	25480
21108	0	28969
19985	0	25648
21337	0	17589
22305	0	27364
21079	0	27635
16981	0	15213
16237	0	16453
19154	0	29042
20801	0	25591
24799	0	19580
16021	0	22828
22422	0	26838
16328	0	20437
24097	0	28106
28787	1	22217
19411	92	23208
24652	0	24675
24943	3	24454
20630	0	26393
18403	0	19843
17877	0	23990
21229	0	19341
20067	92	15312
21962	0	20386
25757	1	22245
19406	0	28470
21416	1	19020
24625	0	21732
21271	0	15570
18470	1	23687
24830	4	20357
20878	86	16019
17114	0	28008
19400	0	15369
17110	0	15701
21692	1	20119
21244	3	28755
18458	3	18176
18525	0	17479
29443	1	25348
21925	1	24287
22302	0	19202
23471	3	20116
23168	0	19933
19777	3	27125
17268	1	20532
21925	1	20003
29698	0	20615
22517	3	29173
29510	0	27723
21388	0	29295
20350	0	22348
29443	1	21876
25291	0	25711
18677	81	18288
22952	0	17240
16156	3	19453
17801	0	20116
29800	0	27004
20507	0	26861
24809	92	27428
20014	81	29995
19706	1	28397
23424	1	15654
18613	92	16484
24577	0	22333
24818	0	26089
18507	0	19144
21970	0	26205
21991	4	23284
24067	0	26201
19535	3	15757
24698	0	27147
29287	0	19972
21623	0	28248
29737	4	24345
25352	4	19701
29697	0	27236
16404	1	20691
25231	86	15332
29528	4	15222
17062	3	27047
19082	3	26712
18254	92	26865
20655	3	23353
20753	1	23990
20059	0	29660
15719	0	25763
29695	1	28167
22466	0	17840
19515	3	22574
18231	0	25884
26181	1	15113
21393	1	15357
20802	0	27039
29997	92	22386
21103	0	17702
19960	0	27354
22078	4	17648
16134	0	18736
18842	1	22525
21089	92	29422
17714	0	25510
23871	0	19455
21106	0	24567
19895	1	18716
21427	1	29081
26072	3	27292
25693	0	18942
20864	0	20566
18637	3	15212
22923	0	25992
17307	0	29186
25091	3	28358
28604	0	21582
26262	0	17197
15812	0	18810
20890	0	21821
15883	0	18024
18241	1	25322
18528	0	29620
22985	0	16174
16288	3	20937
22730	92	16446
19090	0	16178
15786	0	28273
22690	0	25708
19018	0	21467
29007	0	20592
25023	0	26826
22736	0	17680
24847	3	27153
22656	0	16223
21296	1	16563
17765	0	20243
24091	4	23716
22602	0	19958
25039	0	29583
21506	0	20518
26159	0	20558
20832	0	16907
19137	4	19594
19175	4	24174
25188	0	16799
15862	0	29325
22167	0	15576
20728	0	26109
19292	0	27508
18857	4	27130
23447	92	16488
24223	4	19773
22782	1	28290
24159	0	27281
20748	92	17101
22997	1	15106
19603	0	20269
28868	4	19962
19507	0	19556
21970	0	28234
29383	1	25137
24268	81	22990
15833	0	16192
25668	0	20008
25037	86	18955
24759	0	26915
15404	92	23741
18627	81	21697
16819	0	26749
28802	0	26553
18588	1	29553
24040	0	29047
22671	4	23214
16431	0	28921
18163	0	17214
18842	1	17611
25776	0	28760
25292	0	23327
18501	0	27737
20729	81	20969
15360	1	28279
25083	0	28103
28841	0	27146
17381	0	28707
17777	0	25629
21512	0	21803
22299	4	26697
21166	0	28709
16691	0	21820
19628	0	15572
29005	0	29442
22308	92	27494
19051	0	23266
22090	0	23606
21649	0	22451
19169	4	27765
22388	0	18033
17212	4	27936
17102	0	17429
16008	3	18041
19260	86	19761
24579	3	23808
19793	3	23619
29399	0	26709
15593	0	22232
24188	0	20572
18844	0	28822
29657	0	18719
15324	3	26902
25086	1	27834
21200	0	29172
24508	0	17916
26439	0	25918
16142	0	23736
23057	0	27294
24805	92	25445
24260	4	15908
21271	0	26725
17582	0	25501
23300	3	28826
19417	3	15118
20914	0	27761
21689	0	27185
16753	1	26247
18164	0	20394
16829	92	19542
28850	0	27655
15459	0	17293
19016	1	28272
29697	0	29615
28952	0	19556
24797	0	23796
15459	0	28827
16436	4	23029
18846	3	18224
21003	0	28915
24255	0	21933
18599	81	21536
26379	1	25536
22970	1	24478
20512	0	24482
26392	0	19972
15596	0	27463
24598	92	26320
20029	3	23628
23874	81	20667
22127	3	27151
15713	1	23257
21742	0	27297
15470	0	19571
24278	0	15366
19094	0	18402
22899	0	27633
19361	3	28369
21991	4	16521
15784	0	21491
21126	0	23363
20030	0	23224
16419	0	26873
25190	0	28121
16573	0	23621
16280	0	20518
21442	0	20355
29498	0	26678
17882	92	24347
17872	0	18114
16831	3	27212
20989	0	29790
22397	3	25137
24054	0	19564
24899	86	18074
24214	0	15754
25556	0	28065
17769	0	16191
29269	0	15291
29416	1	26722
19017	0	16765
24187	92	23367
29718	3	29986
22814	81	19771
15879	81	24635
24858	0	19466
17115	0	15912
29338	0	28268
29755	4	27364
21407	92	26035
25161	1	21769
18441	3	17628
17766	92	18040
26401	0	19488
24782	0	29526
21103	0	16808
21259	86	21126
25233	0	29157
23080	1	20359
15499	1	24183
15543	0	26095
23076	0	22613
22628	0	15185
25379	0	23351
21674	3	15259
22596	92	21456
29496	0	27407
20776	0	26559
18412	81	18220
16677	3	23509
17709	3	18198
25272	92	29914
24785	4	27722
17773	4	20576
25352	4	19964
22038	1	23465
19632	0	23806
24114	3	22490
20922	0	26897
24522	0	17536
25311	92	21847
24197	0	24183
21612	0	24248
17262	0	18865
16008	92	23518
23053	81	29398
22860	0	26511
20176	0	23112
16150	0	16722
22876	0	27342
24780	4	26994
29801	1	26509
22800	0	29196
21726	0	27803
21203	3	28037
19916	0	25949
16129	0	28806
21329	4	20561
29312	92	23452
21844	0	26740
17055	0	17031
19377	3	15096
23008	0	24341
29480	0	27545
17161	92	17568
22033	0	23246
15510	1	26798
29357	4	24490
21169	3	18781
17754	0	17590
21443	1	26000
25517	0	20386
28781	3	27334
29057	0	24403
18683	0	28096
20837	3	25254
17264	0	17980
24058	0	29923
16546	81	17503
17976	1	19969
29486	3	25946
22619	1	20209
21416	3	18291
25387	0	19273
21069	0	17949
21113	0	28925
17153	1	24877
20850	0	23800
22650	1	17572
26382	3	27086
24666	0	26636
22058	1	18791
16789	4	25729
29384	0	20707
19392	0	17982
16238	0	26119
15545	0	22742
28903	0	23505
19105	4	18900
22018	0	22066
20883	0	18138
22096	4	28524
21423	0	23753
15473	92	27966
16770	0	17551
23598	1	16052
24724	0	22505
23080	1	26963
19365	81	24311
24948	3	15230
16437	3	27201
20811	3	16913
15624	0	18317
19887	4	17094
23761	1	23970
29750	81	24840
21469	0	25269
29851	0	15028
29374	0	15612
16171	0	22828
24847	3	28725
15324	3	23500
18207	0	26914
20788	1	18965
22649	92	26706
16425	0	27463
18952	0	19738
18531	4	19742
20775	92	26978
22748	0	23266
24900	0	27873
25038	3	18736
18451	3	20010
19321	0	26114
20848	0	15014
19404	3	15829
22724	3	25763
20319	0	22102
26286	0	17091
20892	0	18294
21686	0	17016
23542	0	23922
25686	4	21819
24181	0	15765
18465	3	24715
20898	0	15083
20323	1	16141
20770	0	27914
19124	1	18315
26122	0	22861
17608	3	23920
18460	0	22531
19145	1	23400
26432	0	25071
21039	1	27850
22026	86	25301
29457	1	27141
20931	0	27509
18242	0	24750
17265	1	16457
20313	0	20143
29062	0	15369
25054	81	17118
29699	0	18251
19125	3	26734
29731	0	25933
25842	0	23730
22960	0	21729
19371	0	23229
25161	1	27775
21709	0	22062
21478	0	17253
17860	3	28647
16636	3	21915
19154	0	27178
23011	0	26374
17162	0	25895
24804	0	24667
21014	0	19938
22096	4	23223
23441	1	29643
17026	0	29018
17371	0	24018
21409	1	27249
23409	1	18301
22033	0	16040
18619	92	15840
21029	0	23309
25379	0	16317
16766	0	28331
19862	0	23499
19353	81	28591
24795	0	27722
22178	86	17868
15282	0	24019
25982	0	18420
29055	3	24151
29284	0	27352
24227	1	25647
22035	92	28819
24797	0	26850
17223	0	15763
25782	0	28250
29768	4	20529
22127	3	21795
20762	0	16459
29395	0	27027
19399	0	16446
18605	0	17983
26484	3	23672
29745	4	29661
19754	1	26003
22299	4	23876
21110	0	16604
20742	3	27307
15449	86	26335
22947	3	18991
19434	81	15442
16125	0	23983
24941	0	24761
24271	0	27777
18845	1	20576
19665	0	27141
23009	0	17790
28695	0	24474
20778	0	28946
21824	0	15853
29512	4	26632
24152	1	22492
24883	3	29092
21397	1	18084
17119	0	16062
24635	81	25300
17764	0	20188
29287	0	20562
21508	0	28043
19066	0	24383
17875	0	24675
24270	1	23251
22182	0	26626
17838	0	27882
21510	0	24456
28910	0	26568
21227	3	27742
22078	4	18365
20974	0	29639
20756	0	22408
19373	81	26180
25309	1	18957
28789	1	20244
17898	0	26644
29720	1	24389
28841	86	25200
19122	0	17011
22012	0	23567
22117	3	19523
17805	81	24636
16972	81	18526
19387	1	22487
16538	4	25393
20961	86	26273
18407	0	29544
19425	1	24153
24981	92	28746
21152	0	28631
26013	0	28944
24762	0	20364
25101	1	27863
17880	92	29101
19576	0	27553
24098	0	25472
21054	0	24343
17131	92	26222
24624	92	15905
20297	1	20051
17268	1	19547
20914	0	28086
21430	0	20580
26071	0	26025
16856	3	26287
20311	0	27068
23043	2	26466
17113	92	26580
24049	1	27117
26264	4	26707
15660	0	29943
18001	4	25527
20646	92	18971
16542	0	17779
21780	0	16009
21330	3	24364
21305	0	23640
24824	4	26023
17255	3	28200
19299	3	26688
23256	3	24648
17876	0	17457
26383	0	28915
16686	0	26021
20908	0	27874
25373	3	25426
17766	92	28477
21330	3	19785
29377	1	20206
20933	0	28050
29384	3	29117
22778	0	23327
29261	0	18391
24088	0	22563
16479	4	28193
19103	0	28729
23047	1	19282
25161	1	21771
20765	0	29927
29567	0	28153
16736	2	24853
24691	0	26736
17116	1	27682
15866	0	22548
16753	1	29534
15549	0	29116
26159	0	20435
22419	0	22909
18244	4	22549
18857	4	18130
16151	3	29936
16794	92	26290
21370	1	26407
24967	0	18049
17121	4	24548
21195	0	28667
16777	0	15916
26145	1	26028
26538	4	20409
23482	92	23717
22368	0	23303
23443	92	26212
17817	1	23095
18627	81	16599
25692	0	27362
22226	0	28798
18561	1	27560
24636	81	24064
15857	0	15334
20774	3	18304
23539	3	19198
20175	3	26754
24991	0	16648
23001	92	22355
22520	1	26257
25449	0	20099
20649	3	28890
18857	4	29176
16992	0	26749
25758	0	15056
25243	4	27481
17560	0	27394
22063	92	25416
18412	81	26175
21142	0	18951
29746	4	27742
23444	92	15365
21326	0	25917
18361	3	28663
28849	0	27120
25877	0	23152
24946	0	19015
16761	0	20136
25147	0	26965
20843	0	19244
18204	0	27338
17686	0	29500
20305	3	27899
18602	4	21851
25663	86	24031
21421	3	16655
17845	0	16460
21966	86	20333
19057	1	27956
21164	92	27758
20914	0	24414
24947	0	15303
18470	1	23465
18001	4	27442
20860	4	29628
21247	0	28915
25227	0	19241
18528	0	22838
21139	3	25854
24589	0	20529
19133	4	26351
24092	0	28371
23422	0	25826
21423	0	27535
19887	4	21472
19318	0	19979
23439	0	27334
16299	3	24297
16531	0	26459
24222	4	22191
16992	0	21744
29824	1	28150
23430	0	29943
17967	0	26824
20906	0	23732
17666	3	21064
29497	1	25718
25420	0	15003
24932	0	19707
21383	3	15174
20337	0	23781
16642	0	19523
15337	0	16730
24108	1	28567
21481	0	17498
22658	0	29228
21972	92	20249
29851	0	23217
17694	0	19597
23006	3	22346
20826	3	16710
29432	0	15070
29720	1	23970
25253	1	20621
26124	3	28954
21480	0	27282
21503	0	23720
28686	81	17303
26078	92	26814
21262	92	26189
17835	3	28615
22027	0	29524
29569	92	28822
26474	0	22523
21201	1	23344
25004	3	28437
29476	1	22201
20064	81	17124
23420	0	19675
24972	0	15022
17706	3	17657
26286	0	16004
17817	1	25177
21957	3	27084
20892	0	18343
22655	0	18311
22223	0	28513
17377	1	22074
16419	0	29968
25230	3	24432
15453	3	28082
16151	3	16120
19101	3	16882
17888	1	17688
18321	0	28726
19695	0	25221
26263	4	29677
16170	0	25787
21908	0	16216
21058	0	22159
20056	3	19580
22596	92	28375
21743	0	16244
29487	92	24147
16889	85	29281
21503	0	18340
15455	92	26943
21180	3	29500
19760	0	20409
19290	3	16070
18585	86	19155
22914	0	27587
25271	0	22791
22028	92	20004
25270	0	24454
23136	89	29237
26286	0	18136
18076	0	26107
20298	2	23967
26176	4	17580
20030	0	28987
21407	92	16227
18546	0	25475
17971	1	29607
18641	0	19028
21311	92	29804
25036	0	16719
26129	0	27480
22090	0	18148
19796	3	16923
17133	0	22473
22499	81	29308
16298	4	27663
19882	92	17590
24017	0	26030
15416	0	28144
28589	0	29143
25335	0	26702
23081	0	27956
26167	0	19658
15772	0	26909
24847	3	15894
18456	0	23268
17882	86	21485
29851	0	25657
15515	81	29823
26070	92	29180
24632	3	18080
28872	0	29862
24274	1	26829
25676	0	15049
29706	3	26619
17817	1	15922
21682	0	17628
29957	0	26109
18689	0	26231
21043	3	20276
18219	0	25540
21027	0	27794
21508	0	29054
26334	0	18519
20758	4	20411
25902	92	24617
29487	92	29896
25782	0	21858
19405	81	23186
22973	0	16500
29372	0	20373
17607	4	19003
29573	3	29251
29767	81	20996
17528	86	22423
21968	0	29562
19975	0	26560
29242	1	16520
24189	0	26002
19901	92	19588
20655	3	28189
19175	4	18180
21030	0	21060
16545	4	18285
21428	81	24733
19234	1	15940
20856	1	28421
22633	0	20144
29484	4	15896
19630	3	25107
21125	0	27769
20748	92	27735
22809	3	27606
29768	4	18716
20753	1	26852
18631	0	18713
29484	4	26544
17659	1	18756
16297	0	19187
21487	0	15037
23548	0	29004
16476	0	26302
21618	3	16461
25026	3	27143
17569	4	29115
24932	0	27406
17368	3	20595
17162	0	25715
17397	92	17618
17895	1	26912
22302	0	29516
26346	0	27222
22402	0	15846
20817	3	28338
15477	92	28639
20794	0	16196
21640	0	24392
17929	0	20410
24623	3	17235
22686	4	15079
22658	0	29231
22817	0	27750
16205	0	18837
19315	0	29161
21389	0	29265
29743	0	18745
22428	0	16392
18396	0	17387
25152	0	18583
17330	0	22846
20718	1	24871
20809	81	15606
24581	0	28098
21294	92	20530
21823	0	16527
29416	1	20400
24507	3	15614
21166	86	19048
29142	0	17197
18835	1	19036
22274	0	21773
21581	3	20812
19105	4	27801
19249	0	26024
17117	0	22769
21669	0	29328
20751	0	23333
22086	3	24477
29957	0	16352
25684	0	18903
29769	0	22548
21301	92	19492
22604	4	17721
23016	4	23146
20751	0	15905
20908	0	20340
15389	0	28301
15509	3	25347
21844	0	16577
17166	3	25440
22973	0	23723
17276	1	29643
25152	0	27869
26539	4	18762
26403	0	22475
26474	0	19565
24841	0	17342
17130	81	29469
24624	92	25646
19088	0	29876
26136	3	27388
20883	0	16664
21634	86	16757
15639	0	19488
29287	0	24470
19354	1	22165
20880	0	26216
16819	0	27012
25251	0	19277
21489	0	19807
28971	0	21834
18370	4	16471
18200	81	17996
19193	92	17294
23932	4	25447
24276	86	22615
16761	0	18961
20457	0	26642
19385	92	29166
24055	0	29942
21186	0	18828
15401	0	26746
18431	0	25973
17312	0	29047
17560	0	16000
22905	3	15854
18412	81	21496
22312	1	26250
29289	1	28728
24786	0	29802
15689	3	26716
21232	1	24339
22128	0	22325
23142	81	29496
29317	3	21737
21056	0	19696
28466	1	25839
21257	0	24021
15964	3	26901
29953	86	25782
20091	92	29815
20064	81	23302
29350	0	21452
22128	0	29144
29765	0	28362
17818	92	19238
19366	1	22503
26156	0	29365
19876	3	23296
20988	1	17062
28952	0	28998
23466	0	23834
19386	0	15077
16254	0	20347
17769	0	25134
25091	3	28025
25000	0	18834
19428	1	28666
17410	3	25103
20910	0	16845
18423	0	28861
15401	0	24009
20905	0	27197
15913	4	17742
22419	0	25656
16564	0	23984
17415	0	26975
29477	1	26196
20999	0	24503
21608	92	28476
17986	0	22521
23143	0	28837
18412	81	18509
21006	4	25601
21213	4	27585
19114	1	18032
25167	92	20695
24563	0	21584
20029	3	27424
15790	3	23124
17375	1	20427
25278	0	22542
16440	0	28279
16957	1	18327
20905	0	28344
19544	0	28500
29527	0	29255
16237	0	27984
24041	0	29304
22817	0	17970
17932	0	25217
29417	3	19020
18439	0	27429
16776	0	17936
18161	86	21181
21422	3	23116
24077	92	28305
21598	0	20953
19772	1	22074
22404	0	22020
22994	0	29639
24585	3	22530
25087	3	21938
22764	1	21883
24850	3	16497
15512	3	25510
15328	0	27246
21680	0	17003
21700	0	20254
15913	4	26250
16429	1	15978
15496	81	23428
25669	0	16509
22407	0	27249
21257	0	25450
29705	3	17059
25287	0	16508
18825	0	28322
19899	92	22468
29483	0	29400
15441	1	28169
29765	0	20597
24796	0	20702
23314	0	20938
16428	1	20711
23878	4	27743
24595	3	20203
20226	0	18834
21419	3	26796
25489	1	18041
15476	1	26470
21107	86	19058
21012	0	16645
22397	1	28797
26192	0	28133
24783	1	27362
19166	0	17442
23443	92	15165
21239	0	19490
28862	0	22264
15598	0	26831
16542	0	26590
18934	1	21549
18633	0	28495
29987	1	28106
22800	0	16160
19883	0	20267
20984	0	26358
20778	0	27038
25191	0	29333
15441	0	23903
15855	0	16387
18428	0	25941
16949	1	26667
19363	0	26845
16954	0	19522
17996	0	18119
20024	3	20559
19768	0	27957
16253	1	27437
18449	0	26114
17321	0	25763
25017	0	23512
17062	3	25433
21405	0	27125
25247	3	27003
15547	0	16279
19285	1	29080
21091	0	16616
21311	92	27667
29469	81	28591
20065	3	23726
21345	0	23805
24568	0	24655
21188	0	25576
24803	4	28123
26332	4	17183
29568	92	18664
20472	0	27626
16962	1	24366
23533	81	17701
15716	3	15195
19063	1	15896
22013	0	15130
17766	92	26576
15469	92	26295
24600	0	17908
29300	81	22779
22367	81	19476
19881	1	18286
24097	0	20405
21844	0	18650
22076	0	17550
29384	0	25128
25034	86	23435
24518	0	17480
23859	0	25935
28841	0	29195
22039	0	24869
20784	0	21475
23474	1	15374
24581	0	27007
20835	0	21770
16788	0	18123
25079	1	25586
20749	8	19598
19110	4	15988
23661	3	20280
17134	92	24469
29731	0	28711
18078	0	22495
18544	1	19594
25179	0	15895
26192	0	20665
26121	0	27764
16022	0	28203
18254	92	22467
19082	3	18104
24148	0	20001
19875	0	27663
23773	0	17506
16415	0	20567
21390	0	16863
20753	1	17639
21235	1	29027
28886	0	18751
20931	0	20339
15625	0	15182
15863	1	18012
23955	1	26689
20772	81	24975
25740	0	21785
21850	0	22548
22671	4	25274
21357	92	27114
29309	3	29820
25359	81	17274
29315	0	22578
15807	0	16697
29702	0	20366
29774	4	25504
20972	0	22132
20775	92	28079
19317	1	29083
21506	0	25756
19401	3	19840
19293	0	27648
29717	81	19300
16852	0	21590
21148	4	29411
16827	0	16911
20908	0	20261
17205	0	16621
17448	0	15043
18353	0	23098
24574	4	25502
20564	1	22329
21471	0	25679
19249	0	15002
23104	0	16209
18342	0	20086
20646	92	27035
24139	1	29845
25496	0	18993
19320	0	22221
21142	0	25957
20770	0	27913
17706	3	27662
18038	0	22556
19846	92	15837
22012	0	18767
18588	1	24165
25186	0	20594
18353	0	23776
24784	0	26673
21070	0	16124
18372	0	21880
18842	1	15176
23081	0	26245
26144	4	27450
28905	0	20009
18126	1	28267
20317	0	17482
18952	0	16460
25079	1	29584
19158	0	17557
21370	1	23344
15593	0	26923
18203	3	24893
25110	4	19647
20914	0	16843
15407	0	18137
19868	3	25320
19441	3	17017
16327	0	18549
15948	1	25883
18643	0	16508
18256	1	16603
29736	7	22753
19883	0	27161
26516	0	16378
18038	0	23987
23774	0	19028
17252	0	23760
20719	81	18627
16826	0	29283
20333	0	17080
19754	1	28167
23078	92	28385
24734	0	15899
15481	3	27308
22013	0	28552
20465	0	15058
16261	1	15117
22422	0	27719
20655	1	23353
22854	0	24448
20296	3	23712
23274	92	28647
17196	81	15492
29706	3	15309
25772	0	21814
29366	86	21234
20312	0	16707
18684	0	22524
25746	1	25589
17827	0	24920
19981	86	17675
22307	0	15552
23759	0	28322
24054	0	19974
19441	4	15903
25162	3	28032
24154	0	16041
21101	0	24345
21226	1	22230
19320	0	15674
21405	0	20346
24216	3	18482
21396	81	20713
21393	1	29207
21077	0	24130
19169	4	17744
17065	0	26926
17846	4	29502
26121	0	28916
22997	3	25484
24836	86	26333
19687	0	24027
15771	0	25825
22519	3	23899
25748	3	27619
21106	0	28118
19154	0	19660
21682	0	24470
26171	0	25337
17734	4	27530
24732	3	27511
15877	0	27601
23003	92	18192
18628	92	24749
21687	0	27078
24117	4	19913
19691	3	27791
22781	1	27564
25085	81	20947
22300	1	27920
21424	81	23077
15092	1	16754
20648	92	19726
21511	0	15010
29483	0	20260
19063	3	23510
25160	0	15242
18851	81	17379
18448	1	23906
16960	0	17653
19355	4	25411
15279	0	19914
22635	0	21758
19751	81	29398
15689	1	28257
22777	0	25221
17978	3	16589
24057	92	18692
20967	0	27056
15981	0	26551
16737	0	28386
17360	0	23457
19879	0	19950
22376	0	29981
24032	0	15101
24894	0	17635
20968	0	29625
22669	0	16086
22169	0	19833
24235	4	15038
19355	4	15363
24157	0	22259
23398	0	24561
24995	4	18140
22725	0	26567
22041	92	27742
29952	3	23380
19757	1	27046
20907	0	24164
20333	0	16808
25101	1	27890
20770	0	29911
22464	0	29847
22801	92	27012
17117	0	23117
28688	81	24267
20935	0	17104
16943	1	16565
17142	1	16435
16272	1	26997
16289	0	17511
25040	3	23508
16253	1	16136
25752	0	20076
16162	5	15640
29288	92	15906
24239	4	17617
17605	0	18888
21981	81	21527
18697	86	19096
26537	0	16266
29417	3	28362
21022	0	15680
16716	0	27078
21037	0	15230
16990	0	19736
22034	92	26081
20337	0	21096
24198	4	19229
24057	92	20560
17381	0	27987
15327	81	16948
15475	4	19621
21324	0	19652
16650	0	28702
20042	0	22454
15633	81	20667
21526	0	25140
22160	0	25523
26269	0	20257
29248	0	16478
25761	0	15173
19831	92	15238
29346	0	26544
22989	1	15385
18607	0	23815
21575	83	25896
21058	0	16844
29475	0	26611
19399	0	25726
16850	1	29918
24635	81	19907
19065	0	23827
21607	3	18281
25079	1	24339
26386	0	24763
22620	0	28571
20737	0	23944
29057	0	22269
22921	3	26372
23864	92	22323
23398	0	26555
20027	81	22050
15087	3	23958
29714	0	26766
22730	92	23890
20879	92	21939
21159	0	26472
21251	86	29973
19109	0	27039
20829	0	18981
22040	4	23581
15324	1	23500
23651	0	27590
23438	0	19473
29783	3	22191
22875	1	16051
24953	3	27433
24938	0	15540
22114	0	22294
19774	0	27327
19886	4	23682
19755	1	15687
26122	0	19648
29062	0	28756
24776	0	18813
19320	0	20620
22064	92	26431
22080	0	15032
20975	3	24909
20459	1	17228
22685	0	21643
25773	0	26621
23300	1	26793
15514	0	28002
29010	92	18584
23412	0	19267
24953	3	18832
22639	0	22327
16237	0	23814
24926	0	27487
19552	0	27872
21208	3	26459
19427	4	19676
18884	92	21858
21027	0	18510
18166	0	15255
25684	0	26968
19909	1	18129
21291	0	29522
21971	3	28732
29378	81	16639
23775	0	15055
15785	0	22501
20728	0	22211
22736	0	27106
24119	3	19920
29951	0	28438
26076	3	27031
15739	1	26969
20294	1	23853
25303	0	26874
16791	3	29087
22402	0	18644
17766	92	15845
15821	0	16882
21085	0	16523
29487	92	28766
26130	3	18949
25295	0	19627
23865	1	23605
16168	1	27329
18208	86	20903
24067	0	23209
22267	81	28683
20736	1	20094
25026	3	17650
24851	0	29108
22823	0	16042
24017	0	18823
28886	0	19964
18432	0	25589
21784	0	17822
25640	0	27115
18551	1	15061
15718	1	18070
20988	1	27047
20871	4	20212
18843	0	26645
22046	3	21477
17120	0	29391
21374	0	24612
29285	0	27140
25780	0	28329
21054	0	27453
29779	4	18080
22127	3	18939
22223	0	17477
15470	0	21558
17166	3	23318
22600	92	19948
21625	0	29814
25086	1	23485
20324	3	28489
17371	0	21960
16405	92	26743
17286	0	21567
25684	0	23347
19193	92	29042
24261	0	20428
22675	92	25708
22814	81	22393
25777	1	25839
17216	0	20376
22302	0	26253
19285	1	23977
22361	92	24160
19094	0	15558
21968	0	25919
22188	4	19962
17111	81	29482
21513	0	16043
16261	1	16115
21421	3	25622
25236	3	27830
25563	7	17185
25006	0	27591
21615	0	17480
22653	0	28778
25115	92	27780
17761	0	19570
23074	0	23295
22955	4	29223
21623	0	28094
25956	0	16482
24786	0	20166
16547	0	22246
25782	0	25173
21957	3	17925
29863	1	28539
20998	0	29078
24954	0	17475
22792	0	26730
29458	0	19947
24857	0	25569
24117	4	27247
21844	0	29223
19698	3	23227
20762	0	27317
22610	0	28712
19123	0	24408
26068	0	18946
21513	0	25614
17876	0	27876
28789	3	25737
21726	0	23373
15087	3	23950
24522	0	27183
20992	0	17619
22396	81	29139
17307	0	26311
15739	0	25985
16155	1	18081
25423	1	27641
17211	0	25651
21626	0	23295
21991	4	25446
21040	3	27970
29851	0	26771
16304	1	19818
23482	92	24012
24539	0	24679
19880	0	29929
17827	0	25501
15382	1	19617
22653	0	22149
18587	1	17811
17821	0	25574
15414	0	29629
19377	3	19304
26007	0	15147
22424	0	19458
17052	0	20189
28898	3	23327
25038	4	16070
22308	92	20673
15773	0	20953
20973	0	25836
21211	1	26292
22926	3	15627
23048	3	20612
18127	0	27052
15870	0	20956
19355	4	15394
20890	0	16501
26534	0	15297
24305	1	19035
23176	3	24494
22027	0	26757
28675	81	15882
19008	0	21943
15784	0	17347
22658	0	29227
29863	1	27048
21211	1	27359
23864	0	23712
26128	4	15638
28843	0	25921
22464	0	16483
25750	0	18325
17767	0	15493
18726	0	20791
21483	0	28742
20880	0	27223
22725	0	23184
21006	4	29636
16633	0	29177
25272	92	23922
22059	0	27754
20627	92	20611
15462	0	27228
20579	0	23692
22131	0	23519
21508	0	27179
19628	0	17544
21423	0	25714
17097	3	26503
16338	0	18876
29782	1	26925
23078	92	28165
29504	0	21723
16716	0	28372
15828	4	26256
17138	0	17009
20881	0	25587
17114	0	21340
25273	3	26886
20630	0	15787
24201	0	27466
15860	4	20369
17114	0	24495
18632	1	27341
29319	0	28733
18772	0	18035
29479	3	29667
24034	0	27949
21027	0	17240
29704	0	23725
16031	7	20981
21133	0	16967
25490	0	29671
22395	1	21865
18626	92	18745
16530	86	16769
16436	4	17906
21199	1	24478
20808	81	17379
17263	0	20550
16254	0	25924
16547	0	29586
25202	0	22878
19297	1	17812
23413	0	26818
15865	0	19944
19441	3	16997
28906	3	16522
28841	0	15764
17409	0	27606
21966	0	27817
21084	0	27326
24507	3	23744
19329	0	16467
22042	0	20528
17309	0	26818
21326	0	29150
23764	0	26670
22311	92	26408
22297	0	21656
15832	0	19519
21624	0	26861
21260	3	19465
19501	1	29043
17298	0	27328
24843	1	19236
19545	1	15177
19513	1	28434
17368	3	17524
21147	92	16747
17979	3	23559
18825	0	21747
26130	0	25238
15284	1	15103
25026	3	18959
19195	81	19046
19684	0	22207
15329	0	15301
24634	0	27346
22989	1	19965
15445	0	25503
15343	0	23463
23075	0	23816
17285	4	18086
22740	0	17531
28899	0	27306
22651	0	26053
28787	1	16617
15950	1	27819
23139	0	24404
17314	3	27774
26167	81	17274
25015	0	16236
24306	81	16274
19364	92	26921
20741	0	16516
25060	0	19727
17120	0	17473
17834	3	22563
19110	4	27591
24635	81	16676
29769	0	24920
19514	0	23021
15819	0	18175
21609	81	24105
24152	92	25435
21174	81	25246
24197	0	22360
19858	4	29888
19114	1	26726
24239	4	17795
17321	0	21938
22982	0	24288
23539	3	26869
20512	0	17090
17282	0	23909
20298	0	24682
17065	0	21643
23972	0	22279
25829	1	27564
20636	1	23612
21337	0	16750
16420	0	27549
18191	0	24754
23443	92	28771
25496	0	27155
15887	4	20498
29729	0	27671
22172	1	16658
22008	0	20675
19253	92	28342
17396	0	25132
21982	0	20683
15930	0	21861
17247	0	16570
25233	0	17785
22620	0	18937
19076	3	17574
19167	0	19905
25187	0	19042
19109	0	18247
21149	1	21532
22603	4	23316
24883	3	15305
16831	3	26413
16283	0	16999
25028	0	22411
15954	4	20071
21110	0	17964
19399	0	22890
18479	0	15170
22087	0	21809
25693	0	21490
21228	3	25070
25363	4	20339
21430	0	19701
24522	0	27847
18142	4	26194
29371	0	27271
16431	0	15699
19695	0	19010
29314	0	27568
17210	0	28777
23464	0	20547
20057	0	15314
19405	81	20062
29569	92	27981
15524	0	29897
22028	1	22288
22933	1	27011
21664	0	26912
16543	0	23494
29728	1	28838
29565	0	18014
18400	0	17938
22126	3	24013
15616	4	21555
18783	1	16723
29366	0	26258
18425	0	27436
28900	3	18340
20872	81	21392
17935	0	23724
19684	0	26270
20880	0	25355
16856	3	21584
21398	3	21063
16761	0	26753
27656	1	26969
16770	0	28514
17114	0	15095
16015	3	28765
23542	0	27270
18640	92	23750
26476	1	22108
17866	3	27400
17070	0	16191
17569	4	26252
19379	86	17415
21125	0	16591
18640	92	25459
21508	0	15173
24929	3	15698
29725	3	24150
17734	4	25071
21143	1	20349
21698	0	24644
18440	4	29939
20959	1	21863
29342	0	18141
29318	92	17059
18416	81	24619
24789	0	26406
17089	92	27071
29757	81	18241
24672	1	23340
20782	1	17614
24221	0	20116
17115	0	20423
22673	4	27243
18433	0	23332
17829	0	16024
24266	92	28297
15823	0	29670
23136	82	29237
17124	81	15442
24725	3	17969
26161	1	24381
22927	1	24137
23959	0	25424
22369	1	26298
24048	1	20488
18842	1	16492
22789	0	26465
17394	0	15244
18055	0	15176
25694	0	26527
20826	3	26686
18435	0	21977
19894	92	29532
17069	0	22067
29220	0	23797
24692	0	28644
29351	3	27366
21753	3	18326
21180	3	24690
24847	3	28421
21538	0	26240
15803	0	20692
18495	3	15130
19414	3	28220
24303	0	23265
23529	1	20198
18673	0	25526
22394	3	20344
17398	92	26935
21093	0	26727
25405	86	15489
29475	0	16729
22190	4	23832
17766	92	26206
23878	4	20427
24268	81	17839
18504	0	18975
17889	0	15077
20726	0	16455
19638	1	16006
24787	4	21954
21388	0	25168
21291	0	26787
22956	92	20195
20933	0	24608
22737	0	28263
24952	81	20872
20324	1	16513
21232	1	19032
19108	3	21898
16895	0	27801
24821	0	28567
19389	4	29549
18454	0	22571
17125	81	21673
21642	0	16749
18240	0	15254
26330	0	25801
16270	0	24674
25000	0	27652
17978	3	29892
23018	0	18679
24830	4	21509
25404	0	15171
19479	0	27514
22226	0	19710
16979	3	28499
26159	0	21597
20918	0	24363
25389	0	22229
16899	0	17984
22091	3	28410
19402	0	21951
29749	0	28913
17359	4	27123
18847	1	16813
24521	86	17837
24634	0	27033
22131	0	24931
19898	0	21988
24197	0	18875
21164	92	25683
22575	92	15408
24522	0	19144
29709	1	18891
17026	0	15026
17160	3	18175
18453	0	15764
22064	1	19236
21145	0	19584
17833	92	26491
19305	81	24081
25020	3	19701
20846	0	21751
17842	0	21842
22075	0	15986
29569	92	18550
16761	0	18129
19563	0	23100
15981	0	27340
23636	3	21758
16129	0	16663
18544	1	22265
20752	3	21896
16977	4	19658
17453	0	16897
24455	81	23533
20029	3	25991
26167	81	25422
26006	3	28184
15433	3	24712
26128	4	28104
15771	0	27174
29706	3	29388
24974	92	16445
29297	0	29229
17206	0	22901
16281	0	28918
20807	3	19274
19981	0	24534
17526	4	29679
24221	0	16713
24666	0	29206
16640	0	26596
19416	3	17423
16946	1	28470
21407	92	24328
19630	3	16909
22757	4	23276
15785	0	20255
16716	0	25239
22594	92	16746
17986	0	25966
29707	92	26789
19357	3	28641
17837	86	24521
16129	0	15223
24266	92	29305
18038	0	25725
21651	0	22000
18902	0	19783
20748	92	27892
15769	0	28545
29008	92	19181
21608	92	19842
25513	0	18593
18245	0	26625
17159	3	19499
17166	3	18928
29317	3	28236
22668	3	26213
17109	0	29019
26163	81	17598
20032	3	18356
21712	0	19144
21094	92	22245
23204	0	18814
21642	0	25483
18502	0	28549
24520	92	27762
24510	0	24242
16271	92	16029
18470	1	28642
23136	82	17426
19390	0	29981
17900	3	27862
25775	92	15179
22227	0	22450
19380	1	22877
25742	92	20535
29513	0	18095
15501	0	28435
19431	92	15286
22637	0	26083
26160	0	17808
24237	0	28791
29701	1	27245
24632	3	27329
24040	0	15144
17065	0	25857
22275	0	26986
21725	0	27675
17132	4	25528
21282	0	25221
29728	81	21464
19774	0	17173
16686	0	24400
24117	4	27677
21572	0	26233
20867	0	23984
25024	0	16187
23018	0	19451
19406	0	27104
29770	1	25788
24786	3	24871
26532	0	27842
21432	0	23227
19292	0	26827
21649	0	18355
15432	0	18156
17119	0	19799
22647	1	20273
26335	0	20072
24505	4	18713
17116	1	20161
28878	3	15117
22087	0	23992
25524	3	19522
17870	92	18027
17428	1	22231
22011	3	19207
24197	0	24330
16415	0	28820
22948	0	16478
15407	0	15559
17053	0	28356
23930	81	24167
20839	0	16866
22160	0	28073
25038	3	29107
17842	0	27290
17527	4	25561
21911	1	27103
21901	0	22410
19296	0	28166
22735	0	20381
21026	0	26490
24117	4	16728
20054	1	19811
17267	4	18357
28909	3	16343
24802	3	17500
15595	1	24299
19459	92	29341
18060	0	24614
18324	3	23224
29471	0	28702
17706	3	16647
19876	3	17231
20975	3	22409
19768	86	17268
15771	0	23887
18835	0	21864
21112	0	27593
19706	1	22171
19802	1	18295
19392	0	16566
19193	92	26623
22789	0	16333
20914	0	28128
16950	81	19823
22977	81	28681
19751	81	29728
29471	0	27906
24634	0	15058
17268	86	19768
16237	0	24333
16768	0	15243
28903	0	19736
17958	0	19542
17121	4	23976
24784	0	28482
22675	92	16025
25200	0	16523
15424	3	25305
22058	1	19712
29282	1	25572
17250	0	16388
26537	0	22549
22694	92	24328
19637	1	28769
29061	1	22101
24223	4	26604
18478	0	17457
24108	3	19010
19072	1	28730
19063	3	29097
22115	0	24435
26380	1	29609
20975	3	27844
29261	0	18392
15731	92	23811
25291	0	15176
19781	81	23002
25277	7	15631
19796	1	26029
21240	1	24003
19691	3	20634
21725	0	16710
22050	81	29877
18978	1	27927
18061	0	16206
20727	81	21697
22223	0	17642
16764	0	28432
24570	0	18080
23440	0	16512
17221	90	21777
21593	0	24027
24694	4	19877
16198	0	20210
22080	0	18886
25045	3	19446
22306	3	28500
18396	0	15296
29480	0	19252
29385	3	29543
25842	0	24524
23532	3	25199
16048	3	21616
23669	3	15611
23089	0	16492
29753	1	16003
24088	0	18814
20904	0	29115
24933	92	22554
22778	0	25795
24576	0	27176
16981	0	25716
21301	92	21567
24192	0	17003
24783	1	17432
15760	1	27236
16833	0	25521
24221	0	19671
16436	4	15060
24928	0	16812
19875	0	25343
16421	0	25526
21168	92	24537
23410	0	29530
16692	1	25911
19777	3	20010
24055	0	29155
26182	92	27957
17069	0	27436
24643	0	17498
15616	4	25529
28683	81	29398
29851	0	29018
23474	1	16714
19103	0	16808
25088	0	24683
19063	3	28071
24729	92	23964
29243	0	17902
24108	3	28484
16766	0	22582
17526	4	16225
26159	1	20607
22991	4	27770
25186	0	23035
29466	81	18066
18465	3	26032
22989	1	17646
15666	0	23160
22078	4	23530
15733	0	18648
22184	92	16507
21671	3	23171
21958	3	23724
24777	0	29409
19377	3	23818
17255	3	18068
21779	0	28734
17818	1	28567
19858	4	16593
19375	0	24486
18105	0	20505
22972	0	27571
20316	0	29082
23503	0	24456
29480	0	15787
24672	1	29169
19882	92	17965
15855	0	20217
25664	86	24776
19975	0	15973
21694	0	24618
21635	0	16560
22744	0	26896
28909	3	24751
15780	0	26687
15406	0	15005
21087	1	27530
15725	4	28247
24599	92	22852
23059	92	21924
18412	81	17598
20289	92	15656
19629	3	18904
29234	3	15607
16048	3	21600
17891	0	20302
18496	0	18778
19371	0	27404
22743	0	26747
29313	81	19751
17715	4	29923
25017	0	20277
21005	0	18819
19830	81	24105
18408	0	16619
18159	0	26115
18330	1	19452
25420	0	28133
25373	3	27244
29396	0	27045
19629	3	28757
25204	0	28491
25640	0	23629
21143	1	15762
18076	0	20442
25371	0	27011
17375	1	19268
25081	0	15139
25746	1	26944
22119	92	20535
20630	0	28641
17145	0	28409
29134	1	27051
20759	0	26840
15496	1	27136
25186	0	23804
22777	0	27033
23413	0	21007
18237	0	18134
15931	3	27444
18528	0	28349
15689	3	17347
24835	4	16032
19298	0	20692
24769	0	28095
23959	0	15691
15407	0	18123
19868	3	23319
22162	86	15958
17979	3	21724
18078	0	29523
29010	92	15643
20056	4	19580
21111	0	27912
19630	3	25643
22924	0	15984
18661	0	25339
19355	4	17372
15381	1	15527
21391	81	22929
25364	3	17548
23413	0	21898
17278	0	16432
19389	4	15287
17997	0	23822
26386	1	25070
21713	4	25739
17210	0	22434
19394	0	24887
23878	4	27326
29706	3	16800
19123	0	27985
19390	0	27988
29574	0	24897
25296	0	25949
15791	0	28800
21144	1	25721
21403	0	16314
21291	0	28421
21577	0	22557
28894	0	15294
23005	0	15315
17528	0	28368
17887	92	16354
20298	0	26547
24843	1	17716
19146	1	16001
16817	0	19600
29763	1	21238
29417	3	22351
29366	0	18273
19063	3	28358
21001	0	15009
16762	4	16991
19875	0	27385
23474	1	16876
21404	81	17682
24800	0	24741
17114	0	25199
20847	3	20526
17762	4	26018
15800	0	22171
25060	0	29858
20752	3	15239
16169	92	26020
21356	92	26639
19403	0	28023
25982	0	23974
18634	0	23615
22800	0	22109
29292	0	27415
15914	3	18020
24684	81	24100
16758	0	19933
18444	3	19569
29783	1	22191
25033	0	28577
17140	0	28231
19104	0	27591
18567	0	18386
22646	3	22137
21315	3	25607
21042	0	23283
18003	0	24386
16168	1	27988
18902	0	25709
19101	3	16242
21011	4	26244
21654	1	28476
23542	0	16516
22010	0	27107
22484	0	16876
20795	0	22243
19491	0	23035
25186	0	26968
21061	0	27109
16631	0	23294
29242	1	25541
22755	0	28051
20880	0	24546
17125	86	15431
29377	1	23824
21427	1	22240
15768	1	16054
15802	0	22244
25031	4	18034
17462	0	29447
19415	0	16527
24830	4	27266
15543	0	27815
24842	3	15246
24942	3	29283
19129	81	18413
16437	3	25323
28687	4	22558
18843	0	25969
22422	0	23789
29749	0	26395
25962	0	16652
25154	86	22239
21107	0	28553
26386	1	25072
19323	4	26901
24698	0	18970
19051	0	21365
17282	0	18573
23555	0	15573
25236	3	20577
16131	4	22409
28871	0	27689
15954	4	23574
24358	0	22357
19094	0	25854
17403	1	23809
21221	0	20704
20478	0	28644
29134	3	27051
24091	4	17807
15407	0	28723
23000	0	16859
18555	0	23500
21000	0	29044
29480	0	26349
17769	0	23629
16290	1	26471
18135	0	18437
26134	0	23731
25519	0	18337
19874	92	25065
24048	1	16955
20832	0	22504
17312	0	18910
19892	4	24726
21653	0	16180
22114	0	25765
19706	1	20306
22955	4	28438
15786	86	17860
24232	0	25935
21824	0	21907
18847	1	16070
22676	1	17421
19048	0	22213
18213	1	26585
16826	0	28444
20975	3	26410
22964	81	22688
17549	0	27549
18038	0	21616
17187	0	24147
21015	0	26833
17607	4	28503
17634	0	16279
19370	0	25814
24784	86	18517
20521	81	24081
24190	4	24608
25235	0	21801
24562	0	25417
24191	1	18491
29287	0	28624
15093	1	16030
17842	81	28779
28856	0	25069
16978	0	25702
19865	81	17868
24607	3	29163
22520	1	15114
26385	0	20234
18616	0	26703
19544	0	29251
18613	92	23704
21250	0	16189
17876	0	27915
22048	92	24177
17869	0	27858
26535	1	24478
24048	92	18221
29351	3	20916
20755	0	16995
22088	0	27931
19775	3	27067
21180	3	25709
24203	81	22944
22720	0	17457
22422	0	18375
17356	0	27824
25308	0	23760
15302	4	23393
18465	3	24296
20830	1	26598
22363	0	22870
19791	3	27563
24181	0	27925
15546	4	23030
19507	0	19035
28690	4	18364
24208	4	24860
22045	0	26801
19767	81	24635
29763	3	27904
19288	1	20276
21613	81	21241
19879	0	19663
24580	92	28316
23172	1	24289
20082	81	18635
17368	3	15792
24568	0	18939
21176	81	19197
20829	0	16506
23382	92	19587
25032	0	21896
16440	0	23362
26176	4	19456
28886	3	28375
22034	92	25540
23060	0	16110
17089	92	15170
24292	0	16078
21503	0	19225
17144	3	26509
21753	3	27185
18105	0	26646
26014	3	17413
15332	0	20392
22188	4	26490
26533	0	16051
24894	0	22887
22397	3	20454
24774	0	27606
22302	0	26622
16128	0	15161
19371	2	29585
19097	3	29165
22989	1	20691
20750	0	16578
21575	81	15502
22598	4	23803
25237	3	26786
23439	0	18720
22656	0	27450
20868	81	24635
15349	0	17622
18432	0	19718
25032	0	16896
24629	0	18388
26477	0	23583
20991	0	21862
24724	0	28805
25802	0	15205
24796	0	27686
18468	3	23838
23300	1	19611
21102	0	23628
25023	0	28045
29381	92	21584
20815	0	17480
23300	1	28570
18555	0	19181
28899	0	26788
21192	0	26255
15734	0	25062
20775	92	29814
29480	0	28215
24717	3	17574
15782	0	24419
21113	0	28959
18446	3	27512
19860	3	28021
22679	0	27557
29690	0	28469
24092	0	25975
22734	0	25476
28899	0	27455
29057	0	16034
26134	0	29855
25008	3	21789
22123	3	26550
21335	0	25870
19438	92	28917
19377	3	26798
26151	92	28303
21142	0	15528
19152	0	20486
22117	3	23569
22235	0	17482
22947	3	15258
22777	0	22601
22176	0	25600
23044	1	29808
25373	3	28030
25023	0	19573
18214	0	25597
21725	0	22861
18605	0	22385
17280	3	15294
16942	0	16574
17391	1	25737
21070	0	27683
28899	0	23171
18609	0	23180
18497	0	19840
23547	92	20496
24814	0	27848
28762	0	27882
22976	0	15852
17250	0	17790
15862	0	26917
25271	0	15211
18978	1	28605
22622	0	20374
20770	0	19709
22790	86	17881
24117	4	18754
21971	0	20043
29261	0	16350
19320	3	26564
16256	0	17519
19054	1	28585
18554	0	27840
19480	0	23510
21270	0	27338
21137	3	23427
25189	0	24908
19760	0	26869
19059	81	17991
21651	0	29302
16745	0	27407
17529	92	19257
18825	0	28621
19314	0	20220
15479	92	25608
18261	0	17792
16337	1	23465
25349	0	24687
21252	0	15253
15432	0	16512
20301	3	29184
22296	1	27746
16475	81	17701
18076	0	29085
19169	4	17593
29378	81	15816
15280	1	15853
25279	0	23379
18563	0	27368
23549	81	23175
25114	0	22451
22224	3	18971
18354	4	26671
16692	1	25221
15328	0	27769
24960	4	22700
22954	0	26290
16775	92	24165
29961	0	28997
24208	4	26727
21709	0	23576
22422	0	17175
25767	0	15789
22796	4	18281
16908	0	24480
26532	0	23171
22645	92	20420
17828	3	19905
20061	0	15562
20901	0	19458
22653	0	16499
26433	86	16270
24596	0	24544
19116	3	21161
23037	81	20733
17891	0	27150
20520	89	17424
21178	0	27713
25164	4	17565
17270	5	29872
18508	0	19345
15091	1	19745
29957	0	24402
19440	0	27723
20931	0	17059
29961	0	17477
21112	0	27662
18189	1	19270
25517	0	29592
22309	4	18133
17463	0	28552
24623	3	29669
25227	0	17563
15336	92	27781
19358	0	27569
21392	81	22121
15496	1	26956
15863	1	29189
28863	0	27373
24571	4	28235
20935	0	27109
19305	81	16027
15733	0	23753
17456	81	24944
17159	3	25944
23200	0	15011
25161	1	17781
18625	0	26887
19048	0	23525
21005	0	20566
22190	4	17418
22271	0	16423
15821	0	24862
16260	0	15610
22955	4	15909
20298	0	22354
16336	0	22511
24209	1	15021
23637	0	17594
22647	1	16303
26538	4	23982
24600	0	19648
19388	3	27748
21983	3	29609
20858	3	19517
21181	0	22830
20758	4	27835
16270	0	27470
29395	0	15271
22725	0	24543
24951	0	20047
26071	0	24878
21311	92	23674
16986	0	15152
26434	0	17090
21407	92	27709
20770	0	27546
15511	81	17279
21056	0	23502
17312	0	16481
21143	1	19969
22123	3	23393
28876	0	25606
25515	0	28922
18526	0	19625
24777	0	28792
23665	3	20159
17602	4	15173
19351	1	22097
21486	0	15049
17470	0	28090
24598	92	18734
19535	1	19035
20807	0	15641
22033	0	19921
20778	0	23808
21324	0	28415
17979	3	27562
15834	0	21764
20657	0	17585
19536	3	22471
25669	0	15676
23409	0	20191
20741	0	20157
23862	1	26098
28685	92	24755
15330	0	19447
19563	0	17938
19316	0	17057
29350	0	27830
21378	0	24342
21393	1	28167
19404	4	20511
18083	0	24005
21257	0	28227
19377	3	26389
21372	0	26278
24834	0	23233
16945	92	20614
20880	0	17105
29512	4	21465
26286	0	17090
16555	0	16617
28934	0	20531
26533	0	17422
26449	0	29233
22856	81	21609
23539	3	23068
24691	0	25467
17880	92	27791
22965	0	17580
24694	4	15299
22650	3	28114
21624	0	24143
18417	1	28984
15819	0	28158
17276	1	27927
29709	2	23967
25345	2	29576
22999	0	28994
23596	0	20712
19374	0	28013
17820	1	23602
22972	0	24680
19004	3	21555
17686	0	25121
20758	4	19673
26182	92	28340
22939	0	28514
17371	0	20168
29055	1	27695
17021	0	20533
26263	4	27415
29720	1	20089
19655	1	27121
15748	86	21684
20758	4	20569
21511	0	26565
22756	0	19963
26442	92	25728
16539	81	17874
15501	0	23819
23435	0	22906
24768	0	20510
23943	0	29336
17284	0	27022
25666	4	29184
24693	1	29870
24231	81	25222
29761	4	28564
21782	0	29114
15945	92	26740
21407	92	19531
15818	92	29022
21471	0	15579
29261	0	29608
20785	0	28982
16819	0	18590
25166	4	17904
18604	1	22000
16951	0	16782
18544	1	20477
20059	0	29965
25403	0	28051
24940	1	16782
23314	0	24466
19377	3	26619
21508	0	23516
24568	0	24458
19858	4	26117
22797	4	17663
22997	3	17949
18244	4	19039
18370	4	24171
24578	3	23976
22300	1	19530
18526	0	27689
15588	1	28658
23551	0	23640
18417	1	26860
24578	3	19546
25002	81	29398
19109	0	26562
17410	3	17915
29430	3	29070
24304	1	29238
21638	0	27387
21259	0	25219
20728	0	28768
22082	0	17253
28677	1	29795
15514	0	22490
20462	0	25307
15486	86	22899
21512	0	15658
22705	0	22806
28685	92	24667
23466	0	27720
29749	0	25049
17318	0	27036
19860	3	23792
21557	0	18798
17149	92	19541
16788	0	28724
29767	81	21930
17064	92	28041
18511	0	21353
29977	0	18678
17798	0	16202
16640	0	18771
15351	4	19032
29060	0	24013
22946	0	17186
24520	92	28119
24992	0	23252
24820	0	21529
17464	0	19833
19392	0	15006
18076	3	26941
26473	3	25540
21203	3	20819
18626	92	29866
23412	1	21051
23009	0	28537
16260	0	29943
21478	0	16574
25676	86	24934
21243	3	25823
20773	4	16385
18542	81	25387
17179	0	20342
26537	0	28100
15427	1	15609
18522	0	17564
21050	0	15048
29495	0	26057
22715	0	29100
29767	81	23540
18345	0	27847
21214	86	25205
16255	0	29075
17843	3	20263
21173	81	21176
26485	0	16379
25034	0	23033
22781	1	25577
17985	3	15237
15462	0	22917
20520	89	22522
15516	4	16994
22037	81	19373
25444	0	17095
15586	0	21922
23939	1	15118
19109	0	27505
24519	0	23203
18347	92	25974
19418	6	19093
17166	1	18928
18214	0	26956
21278	0	18265
18421	0	28430
15862	0	25604
15401	0	28500
26519	0	17023
17076	1	15198
19552	0	20813
28674	0	18196
15545	0	18051
24857	0	17647
22466	0	19657
19631	4	15843
17997	0	24401
18934	1	16901
26127	0	19244
24307	0	22342
28971	0	25856
21215	3	27986
17287	0	26892
22277	0	29159
26274	81	29460
28672	0	16084
22027	0	29525
22953	0	26265
17321	0	22616
29366	0	27744
24779	0	23408
20832	0	19602
21412	3	15073
23654	0	18712
29729	0	18307
26518	0	17725
25367	0	16324
29469	81	20969
18201	1	16629
22815	0	27538
29374	0	18933
28672	0	15312
29762	3	18648
16797	92	26761
26159	0	23162
19121	0	25338
24835	4	15007
15489	3	17336
15497	81	20806
21233	0	25343
25767	0	18337
23059	92	16480
24040	0	16721
21345	0	24326
16151	3	18119
21258	7	15775
17273	0	27205
16131	4	22067
17885	0	27957
24209	1	25256
20852	81	22396
15509	3	20628
19398	3	16185
20931	0	25210
25027	0	18366
24832	1	22769
15863	1	25873
29357	4	24163
25748	3	21756
29771	0	23922
21598	0	26045
25227	0	19469
15347	0	23030
29248	0	29654
22733	0	16629
26171	0	17480
22663	0	28191
24999	4	26849
20935	0	20556
20290	3	16627
21068	0	15681
24075	0	19584
15851	0	18859
21026	0	27649
17097	3	27617
20842	1	16875
25277	0	27575
24854	0	27170
28877	92	23833
29734	0	18970
17826	92	23203
21105	0	19964
22728	3	27579
23959	0	29274
23080	1	16187
19576	0	23835
23416	86	25163
15476	1	21533
21910	0	21007
20472	0	25505
18667	0	15178
20877	3	29520
28903	0	27694
19498	83	24282
17604	92	17984
24529	0	26907
21964	0	23395
25750	86	21125
16789	4	20276
15462	0	19963
21415	92	18904
20769	0	26575
19760	0	17702
19158	0	17431
19312	0	25999
19513	1	16816
21711	1	29076
22922	92	28094
16737	0	15578
21557	0	18107
17021	0	28343
29258	1	15392
21005	0	25771
17889	1	21140
21049	3	23196
16761	0	25860
17850	3	24450
23466	0	24435
16479	4	27174
17381	0	19714
17801	0	15999
21128	0	24567
16284	1	25439
21685	92	20956
20041	0	25625
19008	0	24382
26326	0	24771
28587	0	27783
22275	0	25656
21215	3	29982
29741	4	23749
29455	3	28456
18228	0	28426
25962	0	27810
21711	3	24680
18546	0	27239
22947	3	17623
17800	1	28750
16582	0	23467
15405	0	26350
21701	0	24298
24948	3	27079
17191	0	27324
16158	1	15154
20063	3	26115
22078	4	17419
19860	4	15193
21253	1	27952
16960	0	16369
16770	0	26810
20299	92	25583
22045	0	16906
20337	0	19996
15512	3	16069
15827	0	29578
20732	1	15974
21653	2	16675
15453	3	25589
21799	92	21736
24772	4	26693
18184	0	27719
15275	0	22841
22760	86	29736
29741	4	29107
16302	0	21933
16151	0	24550
29288	92	20213
29309	3	27128
19691	3	20447
24399	1	17467
23542	0	23277
24978	1	24549
17371	0	22564
16008	4	23518
25155	0	29064
22815	0	29407
18857	4	19872
19083	92	18942
24199	0	25174
29457	0	28172
17959	0	22846
17853	3	21568
17883	4	27470
17694	0	27127
29957	0	16662
28868	4	24449
17207	0	20710
28682	81	21402
17887	92	23737
22516	92	23788
26330	0	16077
26263	4	23187
26190	0	26833
16015	3	19842
16950	81	29469
24573	0	23264
15825	7	16260
20936	0	20228
28910	5	29872
17554	0	22506
29467	4	18799
19687	0	28384
22302	0	23631
20932	0	25442
20458	4	20743
19046	81	19045
24259	0	22490
20849	0	15051
21409	1	29101
17453	0	19527
24159	0	23590
21148	4	22186
19163	3	16586
15666	0	17389
17154	0	29596
21244	3	25585
18430	3	22319
15802	0	18006
16829	92	25240
16547	0	18745
24568	0	25203
17064	92	22153
24950	0	21766
21844	0	15045
29497	1	22210
21902	0	24885
15659	0	27137
17766	92	28795
16026	81	20016
20895	0	23457
18616	0	28129
19754	1	22507
25034	0	25338
22777	0	26488
17134	92	28355
15337	0	17730
25083	0	27521
24797	0	29411
21284	0	29108
22784	0	27634
20176	0	15159
17803	3	24514
24092	0	16873
19059	81	20654
25368	0	19810
17276	1	28605
20978	0	16356
19775	3	17197
16992	0	20277
18628	92	27658
18511	0	20563
17357	0	26845
15874	3	26712
24189	0	25845
20762	0	28750
20713	81	22396
29749	0	29202
22646	3	15989
19751	81	20719
17371	0	15846
17662	3	15231
17533	0	29669
22297	0	28385
16766	0	26086
22783	0	16215
22003	81	15965
22955	4	24703
19796	0	16597
20725	0	28478
20320	1	25218
15349	0	27175
29374	0	28188
20807	0	28992
24966	0	27971
22683	92	23757
20895	0	26088
24236	0	15765
16774	0	16335
23200	0	22386
28907	0	24531
22427	0	17743
21213	4	17327
25047	1	23606
24807	0	17542
25373	3	27749
18517	0	27170
22037	81	20300
20054	1	26637
19158	0	28758
22590	81	20942
19875	0	27017
24625	0	21302
28850	0	23847
22895	3	18052
21427	1	29577
25039	0	26363
29339	0	19711
25681	1	23390
15860	4	27810
22690	0	25063
25000	2	26466
26434	0	21717
21147	1	25943
18435	0	19735
25349	0	25339
19290	1	23336
15803	0	22601
22064	92	28358
21061	0	17595
26078	92	23196
21137	1	23427
15981	0	23328
29471	0	15246
18472	1	15926
23384	0	20482
16692	1	23719
21245	0	28711
22043	0	27486
25517	3	26978
18450	0	17446
18441	3	24427
21626	0	19968
17447	1	16007
22641	0	26501
19167	0	21895
28781	0	27279
22124	3	22146
26079	0	25941
19507	0	29665
29527	0	16750
25380	92	26546
18361	3	25787
22677	4	21451
15401	0	17748
20796	0	27446
25413	0	26047
25404	0	29201
15389	0	27351
16307	0	22897
17876	0	26978
18055	0	16502
25389	0	17100
22596	1	28366
22988	92	17540
23440	0	24028
22860	0	27110
18483	1	20660
17962	92	26030
24625	0	29186
17401	1	19952
20954	0	28217
24124	86	24778
21320	3	20470
24211	3	16354
26263	4	26285
17267	4	20309
17115	0	15522
18976	4	15228
15963	4	23068
16535	0	23893
16286	92	27739
18213	1	26430
23104	0	28256
26390	0	29360
16131	4	29198
18615	0	15185
18166	0	16911
15432	0	16857
19158	0	26367
17378	3	21992
23417	0	20373
21015	0	20558
25094	1	27845
28698	3	19303
19796	1	18278
17694	0	25806
21644	0	27238
22484	0	24487
22084	0	18756
26005	0	28021
28887	0	20278
21628	0	15257
21526	0	27004
24069	4	28624
21141	0	18936
21107	0	29197
29061	1	28501
15913	4	20232
17528	0	24483
17447	1	16443
23774	0	19593
20852	81	23128
18512	0	26682
15445	0	28470
15813	0	27568
24832	81	19683
29774	4	25264
16418	86	16128
23205	0	26735
15501	0	23822
19489	0	28550
16328	0	23068
18686	0	28461
22669	0	19345
29705	3	18103
21215	3	29586
20039	0	21067
20827	7	21430
17051	0	23674
21345	0	16276
16330	0	27456
15877	0	27152
22381	0	22532
22982	0	20245
26269	0	27766
22746	1	15246
22041	92	16731
15709	0	24019
24629	0	27776
24938	0	26209
24202	7	16706
15429	0	26617
24623	1	18895
15714	1	16087
21219	1	26694
19124	1	17781
19866	3	16862
29762	3	27131
15733	0	17239
25371	0	20641
19234	1	25137
20931	0	16841
22818	1	23399
24256	3	17944
18439	0	20916
29142	0	24010
29959	4	16814
20022	0	24378
19746	3	18993
16260	0	28138
25519	0	17585
21033	92	28491
15330	0	25674
15828	4	24365
25034	0	17339
18611	0	20405
19114	1	27174
29954	0	25823
26328	4	28059
16980	1	29804
29414	92	25968
16594	81	21334
21168	92	26105
19751	1	29187
24211	1	23917
29496	0	16749
25060	0	16925
21306	0	24888
18465	3	17334
26080	1	15258
19049	0	28417
18184	0	27133
20298	0	26750
19563	0	28199
25011	0	16468
15517	3	17437
29222	81	22929
21149	3	21532
18237	0	20133
16546	0	28096
23018	0	23805
15749	92	29685
21934	3	25934
20776	0	18320
20932	0	19233
21089	92	16465
18007	0	27534
22041	92	15528
21687	0	25197
29487	92	17329
24769	0	23785
19754	1	18915
24191	1	18715
18695	0	28814
25371	3	27104
15968	0	19976
22726	4	19230
20898	0	17488
25039	0	20211
20055	3	28102
19771	81	21613
21308	3	26841
24689	0	24551
16135	0	17006
24583	3	24486
19079	0	25172
26384	1	24466
15599	2	29585
22931	92	17576
17833	92	29004
21165	0	15108
22224	3	17726
21396	81	21448
22592	3	28052
25153	0	28326
21338	3	25268
15935	3	27262
15966	4	29593
21080	0	21400
19327	0	25826
15815	0	27998
24305	1	16224
24790	0	26625
29010	92	17969
20293	0	26844
25078	3	27557
20971	0	28213
15330	0	24466
29512	4	21491
15720	1	15079
24820	0	26641
18627	81	21693
21311	92	27663
20847	0	20607
20466	1	21987
19323	4	15130
26339	1	20707
17932	0	23339
16036	0	26706
22820	1	29435
29707	92	20541
22315	0	26903
24725	3	23084
18142	4	15810
22821	0	22113
29259	0	23372
18835	1	23964
21502	0	26991
28676	81	24704
25352	4	23582
25230	3	20158
20972	0	24660
18253	0	25428
26262	0	29840
18842	1	25474
18189	81	17847
26554	0	26912
21178	86	25696
19075	0	21869
17381	0	28710
17064	92	20052
22429	0	29272
29318	3	16445
28689	81	29750
19629	1	16197
15963	4	29606
19791	3	28254
16975	0	29167
15862	0	22485
20883	0	22919
28909	3	17908
24973	2	26466
15884	81	24791
16726	0	18179
20478	0	28694
17555	3	18290
29243	0	15757
22120	3	26084
24628	3	29910
26473	3	28020
15925	0	20075
22050	81	29994
23430	0	15232
18955	0	29840
29352	3	15175
24643	0	26511
25749	1	18600
21102	0	18151
20841	0	21007
29779	3	26234
29704	0	27094
22635	0	26355
16162	0	16601
19435	81	29469
22730	92	15251
19095	1	28576
15785	0	15905
24981	92	28966
22674	92	21560
20970	0	21988
24362	0	24677
19380	92	16603
19195	81	15600
25287	0	25346
23041	1	22535
20909	0	27116
25211	0	16609
22089	4	19190
18801	0	25199
20092	4	16504
19399	0	27155
22646	3	28956
25227	0	17440
29730	0	27455
24093	1	27242
24855	1	23592
15859	0	17949
22119	92	28629
26192	0	28829
21287	1	19857
24159	0	25337
23484	1	19040
21242	0	29048
16411	81	21044
16418	0	24129
19774	0	29322
20873	3	16082
22787	0	15703
18412	81	16690
28906	3	25400
29264	0	29268
24188	3	28609
23059	92	22258
18007	0	17911
29852	0	24371
16993	0	18152
17870	92	23112
24996	4	15581
19050	0	28921
25379	0	19622
20893	0	15223
24796	0	24726
15624	0	23116
22698	81	19756
24995	4	20308
18608	0	15910
17957	92	24364
16286	92	16518
15689	3	27900
24215	0	25178
24244	0	20072
17050	0	25785
15785	0	19595
16852	0	23946
21260	3	23519
18435	0	26647
24972	0	22092
25779	0	29990
17534	0	28646
24306	81	29994
20021	3	18813
25954	0	18707
21012	0	28042
29430	3	23351
19763	0	25548
19747	1	23062
15665	0	16065
25033	0	17384
25777	1	15574
20224	1	20169
20784	0	23034
20874	0	20026
19086	92	25553
19798	0	27515
17893	0	27925
15412	0	21863
20296	3	16722
19121	0	20365
28705	92	29303
20788	3	16087
19491	0	22443
21393	1	18915
24312	0	28524
23144	0	21534
21817	3	22577
18563	0	28021
29366	0	16655
22982	0	28515
23555	0	25415
22412	1	27099
21284	0	19604
21061	0	25141
22966	92	27092
24588	0	17225
19649	0	27785
18660	0	29107
24772	4	26955
25027	0	15122
29514	0	27653
21608	92	29183
17526	4	22333
22782	0	16050
18934	1	21806
25169	0	19003
19398	3	26799
25745	3	27001
24154	0	27198
22653	0	29963
21671	3	27136
16283	0	27842
22994	0	29825
22789	0	20100
25389	0	18690
26167	0	27945
20787	0	17982
20981	1	16035
20855	1	22298
20627	92	23325
29483	0	18590
17684	0	21942
22414	81	21396
25094	1	26229
25209	0	19332
20717	3	17812
17990	86	29375
28879	0	27575
22979	1	17729
29290	0	26777
22169	0	25890
23882	4	27157
29529	3	17240
20828	0	19454
19361	3	16888
25293	0	27303
22662	0	20679
21072	0	20009
17062	3	17392
19491	0	21560
22048	1	24907
17272	0	16703
16022	0	17317
24263	3	28462
16126	0	22761
25495	0	27108
21663	0	29562
15714	1	29895
22722	81	28973
16154	0	28375
26122	0	17352
20980	0	29631
23443	92	16024
16806	0	27056
24698	0	24547
29746	4	26275
15345	0	27835
22425	1	24436
15460	0	23580
21316	86	22363
23383	0	15523
20784	0	17954
15518	81	17400
22025	0	26540
19901	92	26708
20988	1	28120
29697	0	26787
29483	0	16876
20960	3	29793
22051	0	22908
29747	4	27875
18466	92	17170
29487	92	20143
18620	1	27046
18456	0	17498
21434	0	18597
22987	0	29687
15389	0	15999
18475	0	29265
20827	0	25823
18082	0	18130
19548	4	28289
16788	0	15192
29484	4	28342
20037	3	27038
19285	1	26202
22084	3	26258
24232	0	29190
21708	0	20586
15797	0	23641
20818	1	27281
17832	4	26564
29765	0	27558
22401	0	22030
21393	1	19547
19411	92	28155
15548	0	23062
24182	92	19562
20829	0	20077
18759	1	18089
21176	81	24704
20966	0	17902
25182	81	17561
22063	92	23556
17247	92	23401
24995	4	15975
19909	1	20000
17863	3	25911
18855	0	27195
25001	0	17658
25384	1	18036
24302	3	24908
19105	4	20440
19114	1	18104
15587	0	19310
24790	0	27839
19828	92	15213
26536	0	23286
19858	4	17650
17530	0	20446
29695	1	15220
17960	0	17609
23856	1	18850
29512	4	29044
22234	0	26270
20316	0	20508
26516	0	16619
22432	0	29262
22815	0	27107
19325	86	20987
24182	92	28332
21706	0	20418
24191	1	27928
22988	92	23133
29055	3	29092
21291	0	26742
15346	0	22200
18067	0	26776
15873	0	28174
22989	1	26082
18674	0	18122
17402	1	19215
21682	0	24410
21177	92	20444
19386	0	28470
29430	3	28922
22966	92	26918
17216	0	29436
24695	0	22451
16685	3	27207
17200	0	27635
19141	3	25941
29371	0	15848
22426	0	29677
15348	0	18120
16953	0	28978
23085	0	25481
23484	3	18793
21199	0	23182
25668	0	22281
17138	0	27236
25757	1	19588
17362	0	16971
17534	0	26775
22997	4	17194
18208	0	27952
29373	0	27407
24598	92	16433
17583	0	17679
18348	86	17021
29801	1	25305
22278	0	28340
17887	92	18304
15604	92	27412
16853	81	16282
24272	0	18867
19291	0	16991
23535	3	26825
19753	92	16738
22058	1	18790
19549	0	23394
24221	0	24613
22126	3	27906
22789	0	15271
20031	92	24330
19634	0	19523
16288	3	27978
22123	3	25530
25109	3	19578
21379	0	23625
16295	1	24881
21178	0	15612
16282	1	25629
23537	0	26824
28698	4	22362
19631	4	26793
18233	0	20413
18531	4	27648
23474	86	22705
19177	4	28714
15412	0	26937
15462	0	27580
20932	0	20406
29657	0	18811
29471	0	21690
17556	0	18945
16437	1	23311
29710	0	27171
20815	0	26091
17150	0	17679
15760	1	26860
24507	3	26293
21014	0	23215
21630	0	26281
28780	0	28154
21020	0	27915
29496	0	23922
22050	81	29398
23484	3	19041
29497	1	23628
18240	0	15237
23866	1	27003
22037	81	22121
17929	0	24020
19159	0	28506
20895	0	26319
29287	0	16589
22308	92	17101
16291	1	29856
22128	0	25131
24572	4	21748
21483	0	25801
23535	3	17984
22709	0	25913
19987	0	27953
24259	0	19847
22608	0	28740
19504	0	29833
17140	0	26430
20795	0	26778
22823	0	15202
21706	0	28341
15616	4	25286
20804	1	29181
24759	0	20410
21371	0	25923
26164	0	23672
20844	1	17784
17753	1	27610
20478	0	27514
21463	81	21530
15426	0	26799
25903	1	26790
17803	3	20953
25303	0	29436
21427	1	27393
26269	0	17546
19058	0	24660
21503	0	23321
18163	0	29848
25303	0	27903
18625	0	19567
22933	3	29980
17759	1	28346
19385	92	15674
19398	3	23338
16289	0	25990
22135	0	17219
29485	0	17785
25000	0	24322
28781	0	26771
19543	0	16347
29871	3	22566
25114	0	20078
19355	3	19663
17428	1	25644
28860	0	27438
21708	0	26734
19893	0	28222
18159	0	24763
22859	0	23740
17147	92	22340
21084	0	22504
21741	86	29713
19152	0	24001
23774	0	28257
17160	3	29445
20038	81	21981
17268	1	23231
24802	3	17506
29062	0	28769
20932	0	22631
19862	0	18278
22404	0	17508
20838	3	15155
22051	0	22911
26475	3	29645
23862	92	21884
20773	4	16575
17529	92	19620
20717	3	29094
24810	4	26582
17313	92	29849
24672	1	25613
19936	0	24556
24259	0	27479
23444	92	29439
20910	0	21924
18955	0	17944
21345	0	18464
28952	0	28951
22659	86	16908
17960	0	16332
21282	0	27754
19319	4	27037
17097	3	28161
15330	0	16232
16543	0	20365
24802	3	28287
28877	0	18265
29689	0	17575
24301	0	25315
24779	0	20480
21642	0	24612
18455	3	15842
24946	0	24535
26507	1	16591
15855	0	21773
15821	0	23979
17244	3	15104
21259	0	28304
22297	0	20071
16530	0	22852
25371	0	24471
22722	0	23844
29779	3	18315
22135	0	26594
22997	3	18896
22649	92	24019
17880	92	27414
19878	1	27028
22724	0	25736
21324	0	17019
15442	81	21527
26337	1	17647
17118	81	20667
16131	4	15478
15935	3	25217
21138	0	21988
25113	1	15271
24078	3	20385
19628	0	23100
24303	0	28891
19500	0	20282
26178	3	18573
26382	0	28927
20907	0	29925
21088	0	26797
29957	0	16103
22306	3	17744
15496	1	28377
24420	0	17589
25091	3	26431
21630	0	26389
28803	0	25798
24977	1	27980
22429	0	23404
22989	1	28893
16254	0	29425
16831	3	15057
25903	1	23385
17078	1	29508
23424	3	20495
28673	0	26941
18056	0	23787
26385	0	16186
21519	0	27227
21269	1	28914
25695	0	26560
16427	0	23308
18607	0	17573
25463	0	15165
16326	0	28275
22095	0	28266
24851	0	16742
25000	0	26492
15689	3	26713
17141	1	17502
21639	0	15970
22933	4	28411
24839	92	26842
18475	0	25049
19249	0	25871
17411	0	16504
24963	1	15314
20025	86	21542
17290	0	20235
21739	0	29068
17963	0	22385
24774	0	17486
21029	0	29296
23177	0	23182
21702	0	26874
26338	0	28227
22620	0	17592
15876	0	15170
29707	92	21889
26379	1	19877
18229	0	29924
18454	0	16472
28843	0	28972
20984	0	27914
25162	3	27808
17534	0	16491
19416	3	25455
19754	1	23099
23000	0	16033
16327	0	23237
18431	0	23097
23464	0	24293
24802	3	29360
23011	0	23618
17304	0	28229
24623	3	22892
24899	0	29921
16774	0	29617
17877	0	29861
22310	4	19069
21204	0	23313
28910	0	15019
18613	92	17013
21243	3	26837
23057	0	27779
22591	3	20094
21220	0	27913
29384	0	27831
25006	0	24896
24119	3	17642
19147	3	22918
16950	81	24704
17877	0	18664
18429	92	29517
29248	0	28480
22309	4	20095
21704	0	23604
15350	0	15236
25129	92	27603
19386	0	17031
15777	0	28432
16737	0	25788
24095	3	28663
26538	4	28105
20647	3	18247
16428	92	24690
15815	0	28738
15445	0	18622
22650	3	23710
17567	86	26433
19082	3	26716
16854	81	23469
20722	1	21867
25900	1	22290
19685	3	26308
17530	0	18756
21531	1	25429
29259	0	23808
17887	92	24546
29468	0	22158
21506	0	29298
29705	86	21963
21196	0	16652
16757	86	22176
20818	3	27281
28804	0	25876
19097	3	16506
29721	0	26508
29951	0	16186
25192	0	26038
26133	0	26040
21779	0	29949
20850	0	26753
21663	0	23749
29479	1	28360
21195	0	19569
16150	0	19838
24577	0	28265
25228	92	21724
17381	0	27958
15473	92	21452
22854	0	20338
22079	1	24029
22694	92	24427
16328	0	17468
17274	0	27455
28902	0	25591
29142	0	24662
24589	0	27952
25000	0	26203
25083	0	19232
25001	0	26727
15815	0	16482
20652	1	29409
19154	0	27360
28604	0	24293
19437	1	15744
19410	3	27321
29497	3	18882
21022	0	24016
25388	92	19340
19017	0	27139
18444	3	20211
25114	0	28937
22128	0	29898
22915	86	20924
16281	0	17013
21254	0	24489
19646	81	21283
21652	0	20418
23017	0	23615
16289	0	23698
23464	0	17615
17526	4	29278
18450	0	20074
22058	1	25700
22076	0	21130
20877	3	19992
22995	0	27260
18446	3	25611
25017	0	24701
22659	0	29667
21013	1	18977
29752	1	27103
21038	92	27208
23471	3	26987
22876	0	26585
22982	0	27452
19386	0	23170
15961	1	26983
16282	1	25628
17762	4	15897
22226	0	17748
19137	4	27097
15495	92	28404
22859	0	24240
20035	3	29198
24235	4	20432
24946	0	25821
25513	0	24897
29276	1	18777
22401	0	28325
23978	0	15333
28680	0	23516
21180	3	27367
15093	1	26221
19751	81	28979
17929	0	27538
21053	0	20476
25147	3	26018
24960	4	16811
15867	3	26240
25403	0	17989
17772	0	17389
22854	0	17580
26423	1	17001
24691	0	26311
29010	92	15066
21274	81	21209
17712	0	15240
23060	0	22362
29771	0	27486
17962	92	29328
28693	4	28421
17860	3	27965
18553	92	29627
21330	1	24318
29779	3	23790
20806	81	18463
15781	0	19546
24504	1	26574
21336	4	27442
17556	0	25891
22970	0	18864
19798	0	29076
26449	0	21814
25190	0	20131
15280	1	21838
22777	0	27471
20836	0	28326
25160	0	27897
16438	0	22877
24017	0	27013
17127	0	27207
23523	0	27083
17179	0	27896
21522	0	28074
16036	0	28261
24757	92	22640
19552	0	18810
17887	92	23839
21083	0	27850
20058	81	15492
29490	3	27002
20876	3	27492
21154	0	21861
26156	86	22462
21204	0	15019
19049	0	29812
20063	3	19232
17985	3	27589
18429	92	28422
22607	0	16080
19176	0	27001
26075	0	27978
25213	0	26719
29340	3	28478
18163	0	20601
25318	0	22141
25752	0	19941
21253	1	18375
17391	1	28425
22128	0	18183
19375	0	27320
19760	0	29632
29745	4	27436
15389	0	18029
24580	92	23968
16770	0	22896
20777	81	18200
15936	0	28474
22377	81	16947
22087	0	26859
21408	1	22566
24189	0	20530
24812	92	27547
22400	81	29286
29864	0	29102
19506	0	18882
17138	0	18969
29416	1	23565
19364	92	25687
17258	3	23842
21226	1	29931
21652	0	27584
18627	81	20996
22652	0	23590
15865	0	25882
15535	0	17641
24191	1	19282
16826	0	29278
19249	0	23513
19886	4	24027
29008	92	29041
23413	0	25324
16960	3	16369
18698	0	23678
18471	3	22192
24290	0	19734
15782	0	22869
24952	81	19704
15733	0	27128
21312	81	22856
16027	81	17146
20887	0	28097
16680	0	18898
20646	1	15478
22464	0	17342
20092	4	24428
17858	1	28966
15738	81	28779
22161	0	18967
28855	0	17420
21630	0	28411
21446	1	15801
20333	0	21808
21469	0	20566
29287	0	22525
24552	81	23584
20846	0	19724
16975	0	18926
29057	0	24748
20847	0	27643
17997	0	29792
22310	4	22702
24731	1	20425
18324	1	26059
25489	3	27106
22979	3	27794
18558	81	15534
19441	3	16996
28899	0	28076
29761	3	23241
26144	4	16053
21909	1	21473
18061	0	25923
24843	1	27174
15423	3	27043
16257	4	28160
15421	0	15256
24493	0	25466
16715	0	25611
26724	88	15900
20826	1	26686
21242	0	28826
18074	0	28220
18826	0	18751
24946	0	27889
21056	0	23652
19057	3	17315
25352	4	21729
19318	0	15296
18003	0	22521
21652	0	16056
26182	92	25642
21518	0	24754
18445	0	15230
25727	0	18985
29572	0	29180
24095	3	27684
25036	0	15010
23043	0	29613
29476	1	16445
18333	0	19608
19108	3	23141
24057	92	15576
22404	0	23755
17841	3	26846
20035	3	22897
17269	0	21509
24146	0	26454
24244	0	18881
17453	0	24706
16946	1	27520
20913	0	15074
15487	92	23814
21640	0	28820
17549	0	28423
25388	92	19505
19392	0	15841
20741	0	23467
24066	86	20972
20918	0	26824
21300	0	24713
15517	3	24162
19362	0	29632
21003	0	16089
29689	0	17438
16771	1	29358
23018	0	22547
26150	1	27846
17267	4	17908
21176	81	19191
16436	4	23110
25303	0	29065
16328	0	24317
19762	0	17745
19822	0	17911
26335	86	16573
15495	1	23197
23415	0	16385
19173	4	27026
28680	0	21749
20891	1	20483
25227	0	15526
18466	92	25995
22188	4	23321
21257	0	20069
20630	0	27844
21601	0	28611
25034	0	16266
19880	0	15529
22042	0	18093
17447	1	17292
25368	0	16490
17191	0	27999
29730	0	27345
25230	3	29796
21676	0	15257
26390	0	25319
19168	0	28135
19384	1	28991
23047	1	24533
23423	0	28562
26539	4	27855
15332	0	28384
26006	3	28458
21101	0	16580
18191	86	22862
20739	92	29257
17835	3	24316
24048	92	20612
15862	0	24447
24967	0	20278
28855	1	26428
15633	81	21396
19415	0	18950
22395	3	29999
21281	0	17713
24220	1	26996
21249	0	19968
16826	0	28334
29779	3	27139
23041	3	22535
22129	3	27504
19389	4	21960
22862	0	16603
19544	0	25132
24085	1	28268
24967	0	28958
16170	0	22362
18451	3	18754
21478	0	17030
15405	0	28243
19504	0	23497
23664	1	24665
22117	3	17613
15384	1	18249
18162	0	17482
22311	92	23834
18976	4	16116
22594	92	15650
18526	0	23263
18438	81	29280
22927	3	16093
26528	0	25321
22603	4	16896
16131	4	24885
15923	0	25320
21605	0	26989
19725	0	25805
25012	0	18893
17245	0	23071
22750	0	17432
26261	4	18419
25579	4	17720
17403	3	20687
24268	81	25044
25310	1	26542
17066	0	26642
24759	0	25737
21294	92	28560
22056	92	16183
29574	0	17104
20717	7	20930
19320	0	28575
21222	81	16639
29318	92	23825
21077	0	18357
21168	92	24366
16253	1	27881
25169	0	23289
21957	1	18118
23459	3	16071
29741	4	29920
17772	1	29944
15443	1	28276
17211	0	18248
20915	0	27068
25861	0	29582
19318	0	29164
19095	1	15141
15431	0	20663
18428	0	21052
15514	0	15285
29414	92	25451
17062	3	23676
29126	0	20179
20846	0	20114
24984	3	20135
20909	0	15675
16289	0	19214
19109	0	24917
19129	81	20667
29376	0	28776
29314	0	29360
17125	81	20033
17398	92	25905
21408	1	21771
17817	1	19925
22821	0	26869
20785	0	20171
21397	1	26969
22675	92	26000
18330	1	25846
22226	0	20336
25023	0	15695
16831	3	25656
16286	92	16914
25776	0	22791
22040	4	21864
20988	1	29156
21084	0	29616
18524	0	26530
29569	92	21802
18682	0	16659
15933	0	21060
21966	0	19869
26330	0	27348
23986	0	24881
16298	4	19769
24272	0	29950
22738	0	16822
15884	81	18463
21628	0	26036
24967	0	16193
23775	0	23198
24223	3	29671
23437	0	26321
25039	0	26375
18235	1	19518
23542	0	20414
16631	0	17474
21239	0	20547
16686	0	23888
28774	0	15917
23548	0	18307
17560	0	15225
19555	0	17514
20643	0	24164
20755	0	16999
29338	0	27897
29480	0	26722
26141	0	16039
20350	0	17651
16828	0	23801
24813	3	23120
18634	0	15208
20832	0	23033
21215	3	17782
22755	0	23112
26486	92	23238
20305	3	26279
24093	1	18906
21053	0	26041
18155	4	19235
23092	0	23514
22694	92	20340
25403	0	15038
25386	1	26709
21990	0	16873
15815	0	17327
18531	4	25886
26520	0	15603
18454	0	29109
24782	0	27390
21526	0	20098
25017	0	29438
18455	3	23824
20729	81	17841
20794	0	19546
23866	1	27378
17109	0	28430
23884	3	27760
17139	1	24659
23669	3	22098
22596	92	27908
19108	3	20008
21395	0	16371
19293	0	28030
29222	81	23469
25373	3	28320
22038	1	27221
21154	0	26000
21076	0	18102
24069	4	23152
23200	0	23696
19158	0	29001
21506	0	28799
24502	1	24533
24219	1	23253
16725	0	26804
24233	0	22761
24825	1	29196
15532	86	17368
20782	1	18131
22048	92	29431
23482	92	15062
19630	3	26899
21117	0	17000
16290	0	19973
22603	4	23291
29403	81	19476
22429	0	23402
16631	0	25546
24518	0	21470
24387	0	25979
24304	1	26309
28971	1	28970
18588	1	26295
18845	1	21888
21409	1	16699
23382	1	27276
22306	3	26579
22729	92	25135
17675	1	22171
22632	0	16724
22677	3	29254
23665	3	26726
18260	0	29520
25388	92	28180
16286	92	20668
24981	92	28601
19441	3	29086
15814	4	23465
25232	0	27385
16990	0	15288
21138	0	16630
17274	0	23739
21088	0	28759
17860	4	19184
17052	0	16042
17662	3	20604
20776	0	27295
28685	92	24130
17684	92	21942
15825	0	27013
28685	92	22197
19771	81	19128
20725	0	24715
21371	0	17780
29480	0	28479
29132	0	20455
15462	0	15235
17867	1	20585
29398	81	21327
15733	0	17562
28669	3	23610
17765	0	28431
24899	0	20147
22189	0	19815
20299	92	29326
20730	0	26524
18072	0	28381
21691	92	27204
17056	0	18034
26007	0	21476
17801	0	26201
15087	4	23946
26529	3	17906
15093	1	22543
19355	4	29873
20966	0	25798
19321	0	27478
29566	0	23073
15945	1	28813
20971	0	26758
28841	0	22461
22726	4	16707
17932	0	16911
20803	0	22065
20296	3	26979
18003	0	18778
24830	4	16727
23550	0	17912
21177	92	26900
19411	92	28154
29335	0	21847
15278	92	27942
18634	0	19484
24974	92	29049
15331	2	16889
18605	0	27938
25020	3	18024
18631	0	29633
24198	4	15560
20757	0	24369
21193	3	25919
20091	92	16353
18842	1	22231
21039	0	27199
24581	0	27753
15834	0	15060
19078	3	28347
24786	0	27747
24972	0	24816
24598	92	26438
25389	0	27322
22381	0	17635
16237	0	26782
20714	81	18288
19409	0	16886
19253	92	24379
22808	81	29469
25841	0	27398
21991	4	22316
15859	0	19567
17362	0	20197
17932	0	20182
21185	4	29162
22680	3	26967
16979	3	17406
24595	3	26801
15415	0	22352
24350	81	16028
19775	3	28726
19798	0	28247
22135	0	27013
22922	92	16104
16278	0	20562
26330	0	20352
21711	1	24680
19322	1	15973
17131	92	25710
29000	0	17972
24362	0	29116
29851	0	23969
19443	0	26839
24786	0	29628
19349	0	29841
29292	0	20425
18007	0	20044
29694	3	22294
25761	0	27447
17125	81	23128
22442	92	29552
20777	81	21045
21195	0	27163
17447	1	25697
26066	0	26972
29998	81	16948
16271	92	19739
22603	4	26989
22778	0	26768
26539	4	18593
26517	1	17745
22876	0	23362
19425	1	27396
24070	3	22882
18674	0	18971
21074	0	27054
20649	3	20308
29364	81	21263
17403	3	15550
15443	1	21763
24827	1	27103
16544	0	26307
29456	2	16889
22027	0	27171
15419	0	19339
28787	1	29034
20626	92	26708
22483	0	17630
21383	3	16244
21049	0	29645
19512	92	20436
29403	81	21426
18659	0	29030
18450	0	28357
17877	0	16579
21116	81	16252
23547	92	17788
22314	0	27035
18444	3	16002
23863	0	23138
21199	0	28530
28850	0	21948
24684	81	22722
24962	0	27466
25385	81	17868
21677	92	28112
25092	3	25548
17831	4	27064
19373	0	23739
22632	0	27393
17290	0	26272
25028	0	28062
24777	0	23920
17381	0	16699
22962	0	25710
17381	0	26761
17255	3	27419
21149	1	28543
21826	0	26270
26334	0	27440
15415	0	28639
22981	0	16184
18514	0	23313
28684	1	24593
25204	0	26546
21706	0	15202
22311	92	26101
23883	4	24158
22183	0	26929
25377	0	25346
25672	0	25898
23041	3	16480
15509	3	28621
16326	0	21776
20748	92	21065
25006	0	22356
19054	1	21989
25374	0	21947
23932	4	16526
25114	0	20629
17454	0	16153
22310	4	27127
25626	0	25239
18517	86	18404
16272	1	26707
15807	0	16568
24094	0	18767
15466	92	27943
29373	0	21454
22621	0	26443
22128	0	22139
23772	0	25321
19991	0	19458
20334	4	29784
24564	0	21583
22689	1	26611
25579	3	26106
20034	0	25478
15712	3	18328
19829	1	16730
17189	0	16165
29398	81	21436
20034	0	27230
17558	81	15488
15784	0	16932
24310	81	28676
17714	0	16600
17870	92	15235
23173	0	29159
21416	1	18999
19858	4	23628
21158	3	15541
17211	0	20106
19865	1	15299
26147	3	27896
29514	0	22222
26138	3	18592
17860	4	15061
16322	0	23919
18489	0	28711
17261	0	25467
20728	0	18731
16951	0	16398
16411	0	21924
17901	0	28653
17112	1	29408
24940	1	18176
22126	3	23317
18628	92	20939
29432	0	20594
23464	0	19669
19754	1	16007
20849	0	27300
24057	92	26733
20458	4	28109
17251	0	15173
18827	0	23593
22177	0	21744
18458	3	25608
25163	0	27248
23059	1	22298
15278	92	23368
23012	0	22439
26143	0	27134
15599	92	26315
29315	0	21890
16260	0	27375
21215	3	21771
16851	0	26207
20869	1	16045
24759	0	15572
20797	0	29116
25184	0	17237
15963	4	15303
17818	92	17363
19759	3	27485
18527	0	27964
18414	0	26023
26190	0	18337
21197	0	22541
20330	0	28020
22058	1	23991
22914	86	19109
22784	0	19578
29007	0	27638
24724	0	22111
18091	0	25104
20059	0	19580
24104	0	16511
17978	3	15140
18450	0	27412
21206	3	29186
22623	0	27916
15777	0	27947
29357	4	17586
22648	4	18929
21103	0	19590
18607	0	19843
24105	81	20806
18236	0	23335
22959	0	23604
21224	3	29883
17692	0	29789
25818	0	28116
16404	1	29072
19248	0	26185
15336	92	29255
19355	4	28175
29248	0	17541
19764	3	25069
17247	0	23998
16546	81	17890
21166	0	19030
22805	1	29146
20871	4	24004
25672	0	20562
21725	0	29932
24108	1	22148
22671	4	15312
17760	4	25787
25516	3	18863
19129	81	20729
15497	81	15729
18190	0	29332
19298	0	15897
15777	0	15064
15088	3	17088
29132	0	20453
21982	0	20076
18211	0	28101
20464	0	17442
15459	0	25137
16437	3	20635
20333	0	15569
22131	86	23440
24820	0	20013
21513	0	24676
20055	3	23253
21393	1	20583
17371	0	17716
24200	0	25931
15384	1	21853
19290	3	23517
26442	92	18927
21379	0	28504
19865	81	25368
22740	0	26598
29352	3	18817
20771	0	16079
18883	0	24930
18065	0	19810
29657	0	27635
22647	3	23341
19058	0	20049
21109	0	26408
19780	81	28670
17875	0	28486
22310	4	29925
29510	0	20200
18061	0	27941
21398	3	22436
17050	0	27933
26044	81	19045
21192	0	23842
25143	0	26673
21258	1	17943
17407	92	27183
22083	0	23809
21971	3	20043
21301	92	29113
21295	92	15039
20977	81	26123
26529	3	28365
19354	1	15567
28682	81	28591
19691	0	20371
17453	0	26050
23142	81	25422
17986	0	24605
21027	0	27711
29485	0	28066
24272	0	25875
21177	92	17915
21295	92	17083
25202	0	28494
16346	0	25957
28690	4	28612
29485	0	15359
15403	82	29237
17876	0	18746
29010	92	26595
25126	81	17379
17757	83	24284
17381	0	28256
15856	3	19179
21508	0	22583
17732	0	16088
25998	3	29233
20926	0	18863
20056	4	24871
20801	0	28767
23301	0	20990
26405	1	26461
21782	0	27041
24073	0	29681
15332	0	16079
22793	0	28058
26337	0	16795
24030	0	24560
15913	4	23557
17129	0	28459
22167	0	23429
20579	7	20657
18457	0	28340
24574	4	15493
20927	0	27467
15280	1	22577
19137	4	27548
25299	92	26815
21110	0	25932
20873	3	15742
20980	0	18923
19500	0	24342
24502	1	29072
29705	3	26300
21735	1	15186
20627	92	15755
17841	3	15120
24979	92	28118
17163	1	25634
25230	3	20482
19058	0	22351
18000	0	28104
18531	4	22098
22375	92	28194
24239	4	20524
20466	1	27845
17995	0	18402
15428	83	24283
25372	0	17587
26554	0	29411
21971	86	29395
15877	0	27016
17979	3	15139
21258	0	29803
15966	4	26776
22499	81	22795
22626	0	25459
17398	92	19668
24811	0	26957
19262	86	20830
17114	0	25198
21635	0	27504
23956	0	15034
19176	0	20581
19154	0	28597
19177	4	19921
16417	81	28780
24112	3	26568
24987	0	15619
19049	0	22340
19780	1	27488
17600	3	20355
25014	0	16112
15481	4	25864
29374	0	21062
19478	0	25326
29007	0	17054
24113	0	27871
29753	1	19728
18441	1	28766
21591	0	16113
22686	4	28771
15786	0	15313
17801	0	26018
18465	3	15396
19937	0	28421
22028	92	19672
21169	1	24287
16405	92	27180
17669	0	20235
17988	81	19412
22603	4	26496
24181	0	15655
21708	0	28077
29755	4	28197
22114	0	16183
21250	2	26466
15635	0	26700
21024	0	16612
19859	3	26814
21203	3	20533
15819	0	28066
19829	1	25890
24632	3	25053
17307	0	16741
25834	81	15342
22310	4	29533
24231	1	27135
24277	3	25847
21061	86	23589
21233	0	27180
17368	3	23561
21696	0	15133
16438	0	16454
18683	0	26659
18585	0	25961
22183	0	16367
19142	3	19332
29567	0	16043
24600	0	16508
29513	0	16105
26178	1	17416
19081	1	23167
16529	1	17204
22224	3	26729
15302	4	27779
21111	0	29939
21186	0	16075
25158	86	19633
25161	1	15358
22794	1	20147
18758	81	15515
20029	3	20423
22676	92	29239
15495	92	27291
22361	92	18901
17360	0	26632
19124	1	26790
17191	0	19337
17160	3	28939
21487	0	22326
21259	0	29560
16946	1	20193
18726	0	16653
21156	0	26631
22962	0	17427
15088	3	26084
25767	0	28535
19875	0	27966
17528	0	21815
21738	0	27741
20941	86	24159
22226	0	25653
18425	0	28066
25195	0	23154
24260	4	17641
20757	0	26559
18412	81	15457
16419	0	25653
17127	0	26093
17027	1	28645
25161	1	29985
21307	1	19118
22615	86	28684
25302	0	26199
23978	0	23948
19879	0	23379
29318	92	27692
29975	0	19711
26455	7	19255
29566	0	26746
16302	0	17434
16547	0	17439
18529	1	28446
19764	1	27387
25160	0	29165
26528	0	24618
22944	81	24957
17605	0	25601
24976	1	29040
19772	1	26540
17066	0	17008
24940	3	25547
16537	92	16823
16988	0	18894
18827	0	23633
25318	86	15413
24192	0	17006
21091	0	23911
15421	0	23608
21742	0	24250
21240	1	28533
21309	3	18473
17899	4	27259
21050	0	23697
17324	0	21745
28887	0	27242
18835	3	15705
29350	0	22769
22943	0	26638
25370	1	19521
17765	0	18592
22730	92	28590
24108	3	24062
22300	1	20695
19319	4	28266
29241	0	29097
19685	1	27013
17290	0	23603
26455	4	17584
19048	0	25968
21624	0	27771
29498	0	18909
16271	92	27459
17760	4	28596
16893	3	15601
29475	0	15068
20909	0	27682
16134	0	29815
17842	0	22888
17289	0	23905
16951	0	19301
24946	0	18745
19555	0	16663
25778	1	24063
21110	0	20720
16346	0	20445
18827	0	27773
22779	0	25851
18567	0	27418
19395	0	27987
24155	0	16208
29698	0	18718
24192	0	17013
20472	0	27366
20982	0	25343
28781	3	23715
18105	0	15299
28934	0	29785
22943	0	15698
24387	0	29129
24952	0	17237
15325	0	19707
21478	0	28179
21054	0	26113
23596	0	22228
29737	4	15916
22981	0	28174
19375	0	23202
17775	81	25385
25185	0	27225
24842	1	18303
23521	1	26503
26392	0	17611
21507	0	27823
17820	1	19568
21515	0	26628
21380	0	17676
24796	0	27765
19497	0	19269
21080	0	25454
18458	3	20393
20931	0	15095
25960	1	28323
22407	0	29612
21661	0	27502
17986	0	27557
21080	0	18969
29402	3	27676
18407	0	24179
22361	92	23618
19398	3	26971
15351	4	18175
18497	0	18663
21487	0	28506
17048	0	20347
24076	0	29608
17834	3	27746
29399	0	18743
21212	0	29622
29977	0	19490
25027	0	26879
18667	0	20546
21053	0	16040
29689	0	23337
17021	0	23677
16306	1	28619
26178	3	26684
20895	0	16185
17857	0	29436
24112	0	16811
21421	1	20408
20925	0	26805
25313	0	16549
16784	0	29192
24724	0	23913
25005	4	24180
22952	0	27574
22131	0	25763
29973	0	22413
24088	0	19814
22117	3	16488
22738	0	27200
16253	1	23151
18696	0	28932
29728	1	28316
18099	3	26296
24042	0	24248
17706	3	23888
28899	0	26956
20053	81	23186
16908	0	15656
19328	4	26090
25381	92	22558
22080	0	20043
26528	0	19906
19459	92	21599
29719	3	21886
22772	3	16068
19157	92	28792
20773	4	27159
23542	0	20250
23874	81	19781
16273	3	27856
15486	3	28296
29478	3	22768
17069	0	18913
25694	0	17419
18184	0	23834
25113	1	28295
17027	1	28960
18555	0	29932
21829	0	22021
18354	4	28391
19489	0	17495
24843	1	29679
19443	0	17584
18099	3	20503
23135	89	17424
18330	1	18777
24581	0	27237
23655	1	17000
29402	3	29410
18517	0	26562
22008	0	22205
28872	0	18298
22749	3	28656
26330	0	19280
22010	0	27815
21611	0	16840
24894	0	22889
15733	0	20277
15514	0	18322
17755	0	26984
24633	0	20259
16960	1	16369
26400	1	21349
22778	0	16508
18450	0	21878
25060	0	25929
22377	81	20351
20841	0	16839
21782	0	28472
21407	92	26492
20504	92	26187
21823	0	25122
20776	0	20471
24800	0	24763
24643	0	27098
21508	0	16233
18514	0	27170
17116	8	15298
29315	0	28115
20726	0	28814
21403	0	28141
19255	0	18992
16788	0	24179
21971	0	15032
16673	0	24128
19375	0	22752
18099	3	28230
21492	92	19344
19381	3	15242
19504	0	27437
18524	0	18309
17583	0	28024
18661	86	25356
20879	92	28337
24223	4	23788
19248	0	26010
25153	0	15525
18455	3	15368
15770	0	25616
18197	0	21946
16788	0	29544
22649	92	23639
18244	4	16742
19977	0	16079
21324	1	25130
18616	1	18113
22587	0	23911
26261	4	18908
24819	0	23671
16638	0	17500
28588	4	16721
21417	3	16489
22518	0	16153
22311	92	27784
17666	3	26425
21170	0	15837
29132	0	15654
15348	0	19718
21405	0	28938
29485	0	19001
22685	0	19215
29708	1	22163
15866	0	29535
28879	0	23157
25493	0	16143
18056	0	15670
21335	0	22883
21753	86	18956
18323	81	23177
26328	4	18720
25748	3	28507
24651	0	25265
21172	81	20658
28952	0	28535
29284	0	28702
22167	0	15083
22419	0	19734
22237	0	21455
22717	3	19492
25013	3	17029
20579	0	25426
19094	90	16190
21118	0	16145
22660	0	19582
17893	0	19278
26529	1	17906
21194	0	19306
25031	4	26906
19008	0	25994
21321	92	23725
29953	0	28544
17447	1	23099
20909	0	24462
17766	92	20354
22419	0	28243
22116	0	26872
16780	0	21939
24694	4	25931
18425	0	16442
21742	0	22134
24883	3	29681
15814	4	22451
18953	0	27478
26392	0	26026
21169	3	17585
17602	4	25926
15587	0	28383
23077	81	19418
23542	0	17219
15421	0	16067
17583	5	29872
26071	86	19559
23531	1	26642
26262	0	15611
22800	0	15159
25227	0	24321
25361	0	27442
19506	0	18974
25841	0	15245
29759	0	26053
19882	92	22547
17930	0	26569
22873	3	27161
17561	81	20969
25487	0	28460
20749	0	16783
15775	0	26978
23384	0	17532
18232	3	17310
26159	3	20607
18105	0	25885
15479	92	18140
26261	4	22110
25227	0	17475
24953	3	29090
29800	0	23577
21442	0	27642
22481	0	23505
24769	0	29115
18504	0	28210
17447	1	19575
21211	1	29074
25696	0	27644
29309	3	24660
16014	1	20132
19092	4	17703
21305	0	23670
22311	92	17724
18480	0	23355
18883	0	25343
23016	4	22348
22725	0	19461
20980	0	20591
24725	86	19312
24279	0	22551
22045	0	28221
26182	92	16628
15879	81	23050
20646	92	15478
26178	0	15086
19904	0	26932
24034	0	17593
23089	0	16941
23873	4	28424
22085	3	17024
24571	4	28279
29484	4	27267
18425	0	15116
20829	0	26530
24094	0	19702
22135	0	26008
16297	1	27935
22596	92	27445
18857	4	22065
21825	0	25725
25021	3	22159
18616	0	20412
21421	3	19627
17962	92	23832
19491	0	15070
15431	0	28025
28682	81	23002
29344	86	23150
18253	0	18153
18416	81	24975
24847	3	16384
25223	3	24910
15441	0	28648
19063	1	26544
25010	1	29179
24215	0	27738
21275	0	26711
16008	3	24710
17800	1	19851
26159	0	20194
29138	0	26608
24581	0	23868
16762	4	24126
21410	0	25610
25694	0	22456
21221	0	20524
17659	1	19119
21204	0	28119
23971	0	25542
22096	3	24389
16753	1	27172
23418	3	26589
23959	0	22568
29366	0	21815
23659	81	18189
26380	1	19000
17385	0	24025
21784	0	22355
29415	1	17101
15969	1	28086
24211	3	27855
25746	1	26239
18438	81	23584
18061	0	20598
20848	0	25130
24084	0	25442
19365	81	20014
24843	1	17436
23441	1	29446
20870	0	24404
26334	0	21146
25027	0	29858
17311	4	18950
21189	0	22490
29977	0	26671
23414	3	25923
18409	0	23393
15533	0	25545
21378	0	17956
18696	0	28054
22857	0	17413
15591	0	19457
21667	0	15794
29768	4	18935
29569	92	15902
29714	0	22436
25331	0	20938
19250	81	23102
24784	0	29424
15932	0	29327
15953	3	25543
20931	0	18130
24089	92	28379
19100	4	23925
22308	92	16832
22955	4	28966
24980	1	23297
22064	92	22769
24842	3	20358
19082	3	24336
24808	1	20268
21321	92	27314
20042	0	20368
21640	0	16580
22182	0	23394
29714	0	15142
21113	0	20177
21073	0	26676
29415	1	15239
16336	0	28447
17375	1	29911
25749	3	26576
16417	81	17890
22867	0	17545
18219	0	28718
25563	0	17190
19480	0	22547
20656	86	17380
26159	0	21718
23074	0	28465
22756	0	15995
24304	1	23127
15440	4	22845
15348	0	20342
16286	92	23780
28764	0	27455
16167	3	27349
23470	0	28324
24858	3	27487
22905	3	16374
20806	81	24817
26379	1	29360
29314	0	23331
29695	1	23024
24776	0	22241
15776	0	22515
17708	0	22498
20877	3	19118
17707	0	23324
15604	92	28300
25179	0	26573
24672	1	18012
15795	0	21574
23659	81	21418
26078	92	27029
21385	1	28149
29384	7	22575
29489	0	28279
25032	0	27285
16979	3	27121
19694	0	29843
16021	0	23334
20718	1	19580
24774	86	21131
22031	0	15046
17876	0	29884
20748	92	27370
23649	0	16433
21355	0	15069
29692	81	21283
19477	81	21428
21970	86	22606
15483	81	17196
24783	3	26416
16674	4	27376
19431	92	27437
25020	4	23805
20917	0	23727
22474	0	16508
20903	1	27184
21427	1	24402
17958	0	28076
21780	86	29376
15863	1	20485
16425	0	29519
18469	1	29941
22041	92	17074
21408	1	26550
25667	0	28628
21111	0	18815
17606	1	27467
21234	86	29366
18616	3	15304
20849	0	16182
21323	0	27223
25998	1	22295
29783	3	25171
21236	4	18340
29398	1	18023
18007	0	17328
29754	0	20577
21843	3	26620
17358	0	16172
18506	0	24037
16044	0	22542
21432	0	28985
15530	0	25713
22989	1	24168
20630	0	16075
24859	0	15553
17707	0	26737
16417	81	21045
19314	0	24126
21844	1	18649
19091	1	23614
21081	0	27946
19768	0	19847
29504	0	25832
22190	4	29196
19794	0	27150
17123	1	21879
21345	0	28389
17978	3	25699
23382	92	16915
18826	0	18530
21661	0	18705
20776	0	23456
22427	0	28017
23435	0	18303
19489	0	26584
17535	92	22909
24067	0	28187
16338	0	27418
22694	92	17195
21318	92	27045
19388	1	27698
15930	0	24479
16410	4	28918
25748	3	28629
22634	0	26889
17381	0	17392
29710	0	26366
25303	86	25463
19552	0	25971
21407	92	21905
17277	1	16380
21686	0	16997
24264	1	20205
15336	92	21795
19092	4	26523
16282	81	19407
29761	4	19523
29961	0	22103
21623	0	17389
23971	0	27899
19887	4	16084
17698	1	23996
24810	4	18464
18955	0	29163
24968	3	25584
24090	0	27116
16168	1	16918
24933	92	25549
25513	0	28027
19051	0	16010
21005	0	26609
19697	3	29813
18336	0	20089
23861	1	22907
15533	0	22248
18244	4	27699
23881	1	26301
20063	3	23475
17257	0	28129
25125	1	15144
20334	4	15218
19754	1	29032
25033	0	26837
18674	0	17641
23869	0	28513
21246	3	20415
18603	3	29231
20782	1	18767
29504	0	18151
18202	3	23894
17266	0	28449
22866	0	15525
24264	1	19487
16964	0	27212
28878	0	27483
16304	81	29482
22676	92	17514
19288	3	23926
29021	0	20185
17277	1	23896
15749	92	26720
17887	92	25709
15593	0	25432
29955	0	25912
23765	1	17504
21663	0	17254
24055	0	18222
22076	0	29026
21382	1	17688
21603	0	21765
25568	0	15408
22078	4	18562
25038	3	29201
17714	0	23575
17659	1	24871
15730	0	22141
17763	3	21935
17078	1	17171
15429	0	20617
22042	0	26024
28868	4	27043
25368	0	26671
25161	1	18026
15727	3	28359
24193	81	23635
24596	0	25042
17771	0	20149
29698	0	20558
29346	0	27205
24843	1	17231
21706	0	18864
20778	0	26444
18976	4	24761
29021	0	21052
15749	92	29809
26337	1	18809
17410	3	23768
19870	0	19569
19886	4	17907
20059	0	29037
17046	0	26201
19240	81	20014
19908	0	28569
21351	92	18385
19904	0	28992
28604	0	26823
20895	0	22833
29733	81	20766
21557	0	25851
20889	1	15580
15721	3	26687
15808	0	29629
25694	0	20635
22925	1	22202
28872	0	23988
25563	92	22570
20929	0	23368
24789	0	18152
22394	3	26232
25293	0	20375
22784	0	29912
22866	0	20544
19791	3	22258
22028	92	28402
25160	0	26119
21460	0	16520
16412	0	16512
23147	1	27591
15517	3	27348
21311	92	25707
22086	0	25573
17971	1	17228
24082	0	21449
21318	92	29976
18674	0	16062
17269	0	20625
20847	0	23062
18425	0	24180
21668	0	15996
21129	0	27777
18060	0	28861
19370	0	20073
18188	92	15878
25231	1	19817
20776	0	17088
17379	81	20808
19373	81	22121
25039	0	23996
18342	0	25264
22997	1	28516
17763	3	24741
17117	0	23249
22308	92	20671
22788	0	28279
22947	3	23226
18613	92	17010
16125	0	18906
19392	0	26817
26031	0	24885
19697	3	28097
21625	0	18493
18425	0	27240
22956	92	15377
18370	4	27605
21557	0	21733
21415	92	21755
28906	3	27095
26075	0	17087
29697	0	20094
18445	0	18975
17526	4	15239
16168	1	27934
25191	0	23285
20848	0	15079
24181	0	26943
20726	0	17517
25235	0	28055
25350	0	27552
29996	81	23039
25097	1	17201
19142	3	19521
22811	81	20014
18433	0	28014
17471	0	20600
17356	0	26054
25237	3	29625
19544	0	28122
18411	1	29602
25293	0	27548
25361	0	16370
16171	0	26994
24623	3	23453
24638	1	19301
15591	0	26948
18570	0	16448
17226	0	23272
21257	0	22286
19912	82	22831
17360	0	17785
16169	92	16401
22662	0	16384
18602	4	29154
23077	81	23186
29762	3	28317
24598	92	18308
19092	4	17665
28907	0	15656
29381	1	24022
26263	4	19788
26398	0	17085
22135	0	15260
23666	3	15248
15481	3	26633
18000	0	20531
15329	0	18283
17070	0	27935
29754	0	27312
21230	0	27684
18524	0	25508
23018	0	16799
28780	0	20384
19163	3	24147
18353	0	29850
23523	0	26456
18626	92	16188
16167	3	23907
29258	1	29602
20126	81	17864
29261	0	16189
19361	3	22139
29754	0	27744
16271	92	15143
17932	0	28309
17021	0	19268
16270	0	24434
24574	4	28150
23529	1	18778
22989	1	18715
26145	1	25256
18367	1	20077
24986	0	18192
16694	92	24676
25041	1	16279
15531	0	25677
25681	1	18964
25848	1	16243
20778	0	19806
25025	0	21760
15477	92	23652
21735	1	22335
22127	3	27524
23143	0	27042
24979	92	28217
15597	0	16111
20770	0	23126
29367	0	28165
22726	4	20584
29771	0	22229
24091	4	23036
17034	1	16173
29745	4	26841
22995	0	24294
15924	86	18853
21620	0	29789
17046	0	17328
24097	0	28749
26381	86	18076
19171	1	15142
23986	0	21996
29123	92	23227
26538	4	28512
21291	0	28562
19389	4	16722
29220	0	15062
26031	0	24347
17775	81	29266
22927	1	15928
22689	81	23128
24034	0	25397
24795	0	19530
18524	0	25756
17868	3	28631
21289	1	15896
26382	3	27150
16286	92	28413
21496	81	18556
29565	0	29422
15791	0	19571
24606	92	22869
26159	0	26759
18842	1	25884
17160	3	29103
29696	0	26236
24821	0	25904
17732	0	29624
19402	0	16106
22935	0	26308
24666	0	29386
22823	0	20580
21829	0	29979
21236	4	29054
18466	92	23110
21314	0	26112
17141	1	21786
22953	0	26266
21300	0	28078
25757	1	26301
24501	92	21952
21215	3	19702
15780	0	28665
26529	1	28404
22516	92	26840
18008	1	17519
28595	81	26132
16293	4	20708
15349	0	16971
24032	0	26019
20929	0	27675
19891	0	17316
20826	3	29217
20894	0	29536
24825	1	27160
25034	0	20711
18502	0	16838
24847	3	22533
19876	3	17716
24362	0	24687
24999	4	26638
29704	0	15323
22438	0	22103
19062	1	22196
25520	0	17551
15820	0	23826
22050	81	23428
21102	0	18817
29698	0	20448
19177	4	23125
26386	0	19451
25595	0	29245
15477	92	27903
18609	1	23181
17801	0	29454
15923	0	19306
15979	0	27649
20849	0	17778
26127	0	20200
17893	0	24739
18956	0	27768
18446	4	29071
20039	0	18283
20059	0	18941
29755	4	15192
21478	0	23270
16128	0	27119
21829	0	19488
29259	0	18906
25311	1	15272
16855	0	19662
19171	1	19572
18587	1	28912
18323	0	27850
16291	1	29043
24538	86	16855
16134	0	27221
19205	0	26888
17290	0	27410
22707	3	26412
19008	0	25865
22008	0	15398
16894	0	23321
20059	0	24896
23649	1	18115
18608	0	18160
22760	81	25784
17861	1	29149
19109	86	16036
16044	0	15751
23665	3	20480
24221	0	27900
17582	0	25500
16717	0	18485
22315	0	25283
15596	0	15244
24095	3	19952
21393	1	18710
29246	0	20240
24473	0	26218
15863	1	16901
22039	0	20247
19441	4	18150
28843	0	25601
19746	3	26966
24513	92	19180
21401	0	26375
29261	0	15314
22117	3	26210
19846	92	27006
22737	0	27896
23003	92	22070
17449	92	16606
24839	92	18576
22117	3	28088
18440	4	25969
22690	0	22810
21407	92	24723
18000	0	27006
24951	0	26342
19090	0	19604
24607	3	28612
19638	1	25791
18617	81	23746
16952	0	25071
15531	0	29427
25388	92	18709
23046	3	17443
19553	4	16936
24108	1	22145
17257	0	29681
25147	3	17438
22646	3	25479
16126	0	27498
21824	0	29267
28971	1	20418
20775	92	26089
19354	3	22572
17889	0	16464
22481	0	23071
21581	3	25435
24077	92	26844
18673	0	23889
21983	1	28483
19328	4	16498
24084	0	25393
22772	3	24658
23669	3	28408
15470	0	18910
18954	0	17192
24252	0	25048
17818	92	24525
18603	1	23707
29690	0	23334
22315	0	27716
16027	81	17124
21106	0	27275
19751	81	19744
29372	0	23315
22607	0	21067
22518	0	15049
18441	3	18225
15438	81	17839
16761	0	29669
21503	0	17513
20630	0	23616
20350	0	23215
29800	0	15022
24084	0	21895
18360	0	26689
15336	92	29909
26171	0	25334
15858	0	27179
19690	0	29888
17884	1	28046
20780	1	15906
23934	0	27291
18760	0	23034
18370	4	27985
25188	0	26743
24096	4	16592
23538	92	24357
25954	1	17406
26381	0	16090
22743	0	28071
25233	0	26035
29318	92	28545
18835	1	21864
16726	0	26288
15331	0	17904
18559	0	26808
22642	1	16114
26303	0	24890
24696	4	16460
22464	0	29889
16790	0	25907
19369	92	25048
25389	0	23115
19984	1	27746
19094	0	28341
22304	3	19268
21022	0	29129
21666	0	18027
21916	0	19029
19853	0	20345
25345	0	18654
29749	0	16560
15913	4	29614
17380	0	27965
29443	1	28396
19323	4	24590
23933	0	27456
23884	3	27431
25740	0	19211
24266	92	15230
22390	0	15043
21598	0	29271
19054	1	15242
18856	4	17047
17528	0	22240
20908	0	22284
25155	0	19279
17284	0	16086
17200	1	29208
17816	0	26910
15415	0	15916
24219	1	19209
22794	1	25053
23464	0	25708
29132	0	19617
24121	0	23857
17102	0	15146
24982	0	17515
28900	1	16614
22017	92	27983
20758	4	28070
20926	0	19235
18956	0	17238
29469	81	15502
29310	0	21840
26442	92	23463
19985	0	28101
16260	0	22852
24632	3	25530
29732	86	22075
19444	4	21597
18684	0	15051
15724	0	23277
21330	1	19790
22472	0	18653
20152	0	19816
24112	0	26568
19067	0	29818
23014	0	16574
16027	81	19305
20782	1	21119
21508	0	23594
29329	0	15120
29479	3	29003
21389	0	28821
15490	1	28063
22873	3	20707
18421	0	20575
16169	92	25569
15506	1	20046
21219	3	29438
21362	0	26463
22956	92	28378
21333	0	25324
22955	4	17416
26520	0	23217
23173	0	21976
26476	1	19925
22641	0	23793
19320	3	23794
16792	3	20227
23971	0	27176
22733	0	19189
22292	3	20511
21345	0	19210
25748	3	20345
18105	0	27060
25312	3	26851
18063	0	20567
16162	0	23645
24571	4	20723
24810	4	18286
29746	4	25397
22937	3	27029
24190	4	18537
21309	4	17022
20921	0	29670
22862	0	26810
20520	82	17426
17110	92	15696
16028	81	24105
29348	0	27265
21425	3	26696
17378	3	15696
19936	0	15099
17958	0	20522
20969	81	19483
16148	4	25477
18000	0	28976
25032	0	20120
21970	0	25173
25279	0	23525
22117	3	27713
17404	92	23329
22905	3	20196
24154	0	29880
19416	3	22890
16437	3	28208
25095	0	28500
15722	3	27071
25018	0	22446
16773	1	28433
16768	0	25849
21631	0	28622
19754	1	25697
15665	0	27102
28866	0	28607
20127	0	19180
15432	0	21468
25153	0	24143
20727	81	24565
19153	0	27218
17072	0	15153
29766	92	27211
28859	0	27534
23762	3	26050
15337	0	27301
22724	3	27583
21132	0	26043
15495	92	26362
15530	0	23243
20299	92	26891
19314	0	28248
25754	0	29185
19684	0	19466
20657	0	27917
17899	4	26062
29357	4	28773
23210	1	28813
18470	1	29178
25778	1	26085
16544	0	18583
20992	0	23184
25490	0	27442
24967	0	24444
21873	0	28528
16541	1	20606
19437	1	23096
19052	1	23452
22178	0	24331
29486	1	25946
29725	3	27567
23130	0	28599
15775	0	15148
21417	3	28054
19977	0	24470
26339	1	22101
22516	92	26648
20027	81	23077
17078	1	20485
18462	81	20740
25084	1	29168
20753	1	19838
22041	92	21066
17127	0	25804
17355	1	20006
18105	0	17794
17669	0	17628
24235	4	19587
19371	7	16899
29657	0	18402
20299	92	25847
24972	0	20638
19754	1	29128
16293	4	18873
15953	3	16987
21845	1	19834
19858	3	28029
15453	3	17594
19549	0	19590
23105	0	18803
15827	0	15172
25021	1	28318
15797	0	27190
22706	81	26514
18003	0	27725
16761	0	16465
21835	0	27018
24017	0	16313
23550	0	27943
18105	0	18023
17282	0	21965
22058	1	29902
22962	0	22148
28380	0	15062
17470	0	27622
25357	0	18284
29772	1	29930
17558	81	23985
17052	0	23159
21152	0	28418
18465	3	20366
18105	0	29305
18432	0	26694
17163	1	25635
18063	0	27257
20176	0	28633
17128	92	26363
19549	0	22195
21527	81	25044
19248	1	27595
21843	3	26472
21108	0	15222
19318	0	16447
24098	3	16527
24227	1	25839
17223	0	22327
17844	0	25545
20299	1	23265
17180	0	25600
17374	0	26854
16668	0	24405
22404	3	28508
29863	1	28212
17312	0	27205
20722	1	27806
24251	1	25066
24106	4	28694
21213	4	21528
24236	0	29387
16817	0	28946
18563	0	29910
21925	90	21777
22698	81	24302
22867	0	23776
15473	92	17214
15969	1	17789
26079	0	24470
24090	0	25892
19477	81	29693
18105	0	20335
19392	0	26698
20796	0	19493
17796	92	16398
17883	4	25248
24982	0	26939
18674	0	29854
20970	0	25855
26066	0	29984
16544	0	15203
25524	86	16954
29288	92	26997
21856	0	23084
15452	3	19932
16758	0	23600
18639	92	28082
16404	1	23850
24581	0	22252
23874	81	18636
25083	0	18654
23941	3	15915
20092	4	16967
17207	0	27085
16764	0	18304
18505	81	22944
22815	0	25049
19768	0	15195
17375	1	18297
24520	92	25865
18608	0	21762
25127	3	27995
15950	1	28205
19892	4	25170
21261	4	19917
17695	0	17029
28785	0	18937
21174	81	19196
25025	0	20398
15548	0	17713
17880	92	27885
23665	3	21534
20919	0	19517
17113	92	29386
28380	81	17600
22785	0	18877
24577	0	16888
17712	0	26587
22419	0	19012
20761	4	26276
18003	0	17580
19399	0	18176
19193	92	15743
20987	0	15809
25129	92	21868
22223	0	20203
16430	0	17624
26534	3	26608
18185	3	15688
24502	1	20691
20085	0	21064
25192	0	27015
23055	92	26103
22004	0	29865
20057	0	23675
22016	0	20695
21589	1	22492
21013	3	23908
19154	0	25793
19095	3	16520
19061	4	15322
21177	92	22411
22427	0	16882
17286	0	26320
22086	0	19609
18627	81	29349
19482	1	15757
25419	0	17928
15862	0	17105
21369	92	20406
28911	0	19943
15326	0	23892
16931	0	17658
18884	92	28977
23273	0	29122
19978	81	15605
20753	1	19952
25004	3	22020
22876	0	25660
17133	0	26955
17849	0	18093
26286	0	21587
25311	92	16363
20462	0	19808
29378	81	20912
19092	4	19457
24850	0	16526
23172	1	20122
24319	92	15072
24777	0	17339
20310	86	17356
15721	3	16212
29348	1	20151
18544	1	28766
17261	0	23870
21233	0	15538
21280	3	21736
24773	92	19303
29011	4	20441
21307	1	16200
17805	81	25212
20298	0	28716
19054	1	28191
26007	0	29924
23275	89	17424
22049	81	18617
25160	0	17412
18502	0	15376
25962	0	25453
15423	3	17531
28687	4	27744
15481	3	28060
17705	1	27619
20732	81	18220
22744	0	26764
22276	0	29036
17378	3	22332
15511	3	29158
26539	4	26681
19432	81	15488
16555	0	23513
15783	0	18271
24034	0	17038
29509	86	15832
19687	0	27713
17997	0	28467
22876	0	15265
19781	81	24944
26335	86	15449
15475	4	23730
17109	0	28431
25388	92	15742
15413	1	23397
22311	92	20510
15414	0	18950
28586	4	26642
15941	0	18741
24942	3	27582
22034	92	16189
21661	0	21899
16281	0	23201
18504	0	19945
17805	81	25300
18684	0	18740
24987	0	29030
20038	81	23708
26347	1	17902
21648	0	17512
18468	3	25840
16325	1	24677
18802	0	17232
17608	1	26634
24596	0	28830
19363	0	20073
21648	0	23323
22271	0	25986
29714	0	26472
24978	3	28921
17144	1	18945
18319	1	28557
18825	0	24921
19176	0	28974
18232	3	23408
23482	92	22699
15689	3	29501
24607	3	26925
15444	0	18275
15914	3	27980
29329	0	15038
23076	0	27936
18542	0	28766
19318	0	26895
25664	0	17731
22174	0	27973
15813	86	22858
21431	0	23650
25187	0	16574
19289	81	24858
16437	3	15303
20728	0	27652
15501	0	23727
24830	4	28800
18259	0	26888
25373	3	21798
25229	0	28994
19431	92	18815
17849	0	21547
21239	0	26118
17765	0	23927
22575	92	17653
22123	3	27317
21325	1	17696
24629	0	20108
19193	92	20073
18229	0	15482
18773	1	23022
16328	0	29420
29722	1	18382
19782	81	20740
15773	0	22553
23931	81	16854
21325	1	19990
20666	1	20173
21194	0	28830
19079	0	27680
20921	0	18339
24563	0	21836
20036	3	17938
18056	0	19208
24809	92	27203
16019	0	16311
29057	0	20365
26332	4	18910
22596	92	18282
21396	81	20942
18489	0	17367
26399	92	15626
20579	0	18995
23585	1	28082
29742	4	26029
29284	0	15248
29566	0	28765
19901	92	27212
24626	3	28986
23144	0	20162
17533	0	26622
24036	1	26087
19311	86	17853
20867	0	27905
22976	0	15048
20787	0	25710
21270	0	27470
29800	0	22261
19370	0	20211
18500	86	19138
15727	1	28359
16951	0	24688
19137	4	23792
28856	0	28811
22947	3	20391
17305	92	20228
21320	3	28487
22126	3	28087
20853	0	28079
22310	4	26877
15509	3	25755
26130	0	23908
19411	92	25993
17990	0	16897
17774	0	24390
15337	0	16069
26130	0	19207
21016	0	19938
17801	0	28080
24101	0	15225
22477	0	27774
19477	81	20852
26048	0	17095
18214	0	26427
20968	0	18727
20776	0	21756
23040	3	25346
24501	92	26643
18324	1	29908
19152	0	16835
15507	4	27217
28786	0	18171
21408	1	25533
24960	4	20157
24178	0	22847
29142	0	27729
20060	3	28233
18372	0	19616
22691	4	29556
19104	0	17581
15966	4	25298
18627	81	24275
24222	4	23969
24399	1	20247
22117	3	25860
17322	0	16916
25741	1	19211
24218	3	19468
24155	0	26684
22977	81	29740
21069	0	19848
18228	0	27739
18407	0	16835
21696	0	23294
16678	92	23641
15424	3	25497
17312	0	18769
26286	0	24466
16789	4	29387
25761	0	17812
21679	0	23875
18616	0	15618
16757	86	21634
23048	3	27278
29779	3	17781
23005	0	28575
15337	0	19589
22730	92	25476
23439	0	25837
21198	0	28948
18670	1	21944
25370	1	20401
16170	0	17512
19321	0	16702
17733	81	28880
22422	0	26294
20350	0	28034
19359	3	29331
19088	0	26472
21259	0	19824
24215	0	23419
25746	1	20743
18497	0	24128
22956	92	24910
15507	4	23735
16693	81	24944
19097	3	23316
15740	0	15034
15278	92	23248
16169	92	17504
21003	0	26020
16253	1	29179
29457	1	27985
25001	0	20566
21080	0	27870
17831	4	15028
22399	92	24165
25358	0	26601
23542	0	29129
21215	3	15358
15888	92	26645
22381	0	27713
18208	0	25939
18520	0	17923
26159	0	27463
29714	0	26250
16947	81	21402
17113	92	23249
21264	1	27858
21057	0	18291
18853	0	25194
21969	0	15031
18479	0	25268
16431	0	17437
23941	3	21585
22442	92	23852
16431	0	25765
29511	0	17174
17770	0	25771
23878	4	26343
15477	92	17630
25129	92	26298
21126	0	18295
23130	0	18991
28803	0	27636
24501	92	27017
24830	4	25445
18516	0	19000
16129	0	18052
21224	3	28398
29947	0	17922
29385	1	21865
22226	0	26114
22303	86	20472
21606	0	16066
29234	1	15987
19259	0	19265
21474	0	20198
19423	3	24129
15812	0	22405
19688	0	24716
16428	92	28552
21655	3	25465
25235	0	20943
20270	1	28228
19892	4	24544
17990	0	23640
24501	92	26930
18449	0	28734
21252	0	29251
22237	0	21719
18842	1	23603
24572	4	28128
26267	0	15135
26148	4	29418
19563	0	22445
18487	0	22578
22169	0	19529
18822	0	18803
20878	0	28574
18563	0	23224
24224	81	22779
24928	0	22062
24843	1	27786
21001	0	25985
18535	4	20368
17555	3	18591
19793	92	28189
22952	0	19273
22127	3	29071
20843	0	20148
25032	0	25329
25684	0	28130
17894	0	22768
18615	0	22185
20823	4	27598
18673	0	26029
22114	86	21916
26172	1	29185
20902	0	23845
18063	0	27948
25209	0	23630
29565	0	27531
16831	3	27264
21461	86	17994
17114	0	28551
18539	0	27999
29131	1	18906
24043	0	27122
25039	0	25528
16151	3	16037
18477	0	16823
29704	0	16561
21206	3	25221
15485	1	25803
15499	3	20558
15718	3	27465
25391	0	21720
23665	3	29938
21964	0	29912
21027	0	27634
24797	0	20943
18677	81	19313
21531	1	26716
26133	0	19571
17152	4	18722
21282	0	18493
17247	3	29122
19116	0	16936
18855	0	27627
22784	0	22806
19513	1	28954
17381	0	26549
18695	0	23977
25311	1	29878
16550	0	26038
20828	0	28069
15884	81	24302
22860	0	22110
24521	0	26110
18456	0	26885
21268	0	27135
28693	4	25441
16759	3	15917
25312	3	24892
21417	3	28796
19193	92	23495
24116	0	28800
19193	92	28089
22647	3	15676
25783	81	18921
17765	0	20264
20782	1	16242
23006	3	21851
19902	0	28837
24768	0	28986
16893	1	21041
24254	3	22217
20880	0	21302
17268	1	15220
24235	4	26827
19018	0	28460
16673	0	23154
15332	0	23568
17560	0	22584
18360	0	24386
19256	0	26778
22388	0	22383
24776	0	27431
20631	86	15586
17767	0	29181
16828	0	16319
25444	0	29262
19776	1	28098
24774	0	28726
15733	0	28014
16302	0	20109
23431	0	26215
22695	2	29588
29774	4	27482
23542	0	16910
25778	0	15297
22817	0	17643
17178	92	18227
24810	4	18402
22986	0	24394
19631	4	27678
23063	0	16723
24190	4	20612
22226	0	16526
22642	1	24935
22427	0	21951
24959	81	21317
21024	0	16809
19775	3	27394
18637	3	16743
22905	3	19342
20032	3	18859
20316	86	18422
19084	1	27159
24600	0	24500
15968	0	24176
24946	0	25521
19563	0	25609
16774	0	17343
16849	1	15567
22647	3	20455
16405	92	26610
19145	1	16563
24851	0	18272
21916	0	16820
15473	92	22068
17451	0	18600
20773	4	17656
20892	0	17519
16288	3	22487
15343	0	26249
29742	4	23556
19514	0	19606
21378	0	23739
17404	92	19773
20811	3	23579
24255	0	21959
17898	0	29810
21233	0	28022
24048	92	23467
22996	0	20149
20922	0	24063
28588	4	19652
16292	3	25892
15718	3	23411
29493	0	24390
24304	1	28126
23700	1	15094
21362	0	26465
22051	0	27798
15587	0	28565
23861	1	26788
19544	0	22457
21275	0	23641
18436	3	23462
20895	0	17098
29443	1	20662
21520	1	15793
21421	3	20822
16529	1	26297
19380	92	22384
21971	0	29424
19853	0	16888
18488	0	16606
18397	0	28392
22017	92	16450
29487	92	27197
20973	0	17087
24596	0	28487
17262	0	16182
26484	1	23672
23384	0	26691
28952	0	28955
29395	0	17789
16855	0	26445
21296	1	23375
20028	0	27579
25640	0	26951
24049	1	17942
22645	92	18268
28762	0	15071
22755	0	23629
22363	0	25949
18200	81	20947
24997	4	15101
18552	81	23540
17670	0	23799
15731	92	21737
15444	0	23572
21577	0	23947
21249	0	27971
18605	0	29038
25034	0	28390
15631	0	22497
18207	0	17517
26432	0	25073
29774	4	16025
25039	0	16983
16680	0	23369
16767	1	16699
24829	1	27732
29706	3	27885
24851	0	25830
15851	0	24454
21244	3	20144
22609	0	17661
24852	1	28163
24953	3	24331
25236	3	20125
24598	1	21744
23091	7	17223
25349	0	29462
18441	3	25827
24399	1	29541
16254	0	27100
23874	81	23745
22676	92	28138
18003	0	26809
24264	1	17222
20642	3	18751
19793	92	20026
17129	0	15386
19086	92	28412
18628	92	22106
16571	1	16122
16431	0	29099
16833	0	20336
21485	0	27369
28886	0	22889
28687	4	29178
22076	0	27360
21679	3	23271
25151	0	27144
22818	1	29541
23130	0	22065
22675	92	27371
16280	0	15688
24213	81	23880
20962	3	22074
24043	0	23572
26128	4	23325
24729	92	18676
26172	1	29857
17754	0	17030
17313	92	19919
20759	0	29103
15414	0	16319
19858	4	20265
24804	86	16942
26078	92	28580
24802	3	20137
23668	0	27894
15487	92	20233
15828	4	23903
22090	0	16999
22764	1	26669
25513	0	15849
15941	0	18839
16278	0	22347
19481	92	28433
19321	0	16937
15417	1	29337
24362	0	16724
29375	86	17990
19863	4	27576
15817	0	22768
18346	1	26633
15325	0	19233
20775	92	27594
18055	0	25711
20646	92	24476
18363	0	23958
16536	3	24763
19987	0	29192
21233	0	27274
19046	81	21441
25163	0	26369
18611	0	16374
29742	4	15132
17409	0	29179
25963	0	28668
22083	0	26703
21036	0	29049
19704	81	23076
29851	0	28365
24421	4	26690
24787	4	26438
23555	0	27732
25006	0	24867
19761	0	27568
19439	1	25605
17114	0	23616
19113	3	28655
29248	0	19673
17976	1	29838
24585	3	29582
29754	0	15894
25009	81	20733
29357	4	26633
22034	92	26064
24577	0	18042
22126	3	15567
20658	81	21241
16428	92	27632
24769	0	28244
21253	1	16493
23468	0	23982
23664	1	25529
24589	0	26704
21300	0	28116
17247	0	29122
24254	3	16615
25309	1	18373
21971	0	28205
15515	81	17136
15464	0	28965
18336	0	28383
18456	0	28392
18354	4	16738
25732	0	17012
15454	92	15364
15783	0	28188
16277	0	20814
17662	3	16199
20129	90	15990
21909	1	29908
19408	0	19812
19632	0	20047
29729	0	26631
29512	4	25457
24493	0	21941
21506	0	25196
29742	4	25138
15807	0	18098
17149	92	20681
25160	0	28531
19318	0	27150
29747	4	15032
25047	1	23675
16329	0	22099
17380	0	27858
26015	0	27579
22059	0	17043
24251	1	23989
18253	0	15052
28872	0	24338
29777	92	18503
21431	0	20544
17987	86	15981
15871	0	19679
15282	0	27541
18009	1	24160
24033	0	15539
18535	4	28637
19149	1	16226
24951	0	15379
28910	0	27580
21572	0	23227
29750	81	16047
22948	0	23570
19329	0	15359
17302	1	17320
29750	81	19412
16161	1	25737
19389	4	25945
21173	81	19197
21326	0	22231
15661	3	22495
24988	0	25333
23474	1	21953
22293	1	15409
17300	4	29675
25663	0	17917
19798	0	27439
29398	81	23137
23538	92	28123
15713	3	25723
21273	0	23118
17881	1	17036
21393	1	20348
29489	0	29649
22591	3	27697
16770	0	23922
25493	0	16139
29381	92	24022
18058	1	29593
19103	0	23243
24584	1	17434
19104	0	23996
20079	1	28756
17069	0	24815
15828	4	18622
25040	3	26832
20801	0	28068
16271	92	22241
29569	92	19788
15382	1	16173
21407	92	18892
23432	1	18550
16780	0	23347
22645	92	26252
26116	0	19523
21182	0	23371
24834	0	26703
26539	4	28149
19368	0	26220
15659	0	21509
15543	0	17047
19880	0	15378
17701	81	19240
18524	0	26609
15597	0	26468
24769	0	23391
23959	0	15626
18544	1	22774
29504	0	20422
19362	0	15758
22720	0	25321
19876	3	22460
25672	0	25485
19100	4	17477
21312	81	23533
21506	0	15211
19880	0	29806
18605	0	17417
28687	4	28941
21531	1	29873
22730	92	23237
17247	92	26352
17021	86	16321
29008	92	17399
16408	7	21623
17191	0	28491
25420	0	20402
19080	3	19955
21101	0	25522
18487	0	28467
15406	0	26065
24214	0	17919
17526	4	28924
29707	92	26876
24097	0	27229
20334	4	17728
17929	0	29160
16536	3	23373
17692	0	20386
20862	3	18395
21711	3	22527
21163	4	18799
24202	0	22159
21478	0	26912
21262	92	17218
24117	4	22253
20840	0	16091
21291	0	28647
29779	3	18263
18396	0	26367
18934	1	17441
25046	0	19945
25575	0	26840
29007	0	23847
25513	0	28145
18431	0	26773
18056	0	27577
15543	0	22137
17369	4	24905
19045	81	15606
22995	0	28332
16018	86	29495
24600	0	23295
22815	0	16652
18161	0	28091
24167	81	29482
28783	0	29880
17880	92	22838
19110	4	15894
15512	3	23514
21471	0	27454
25205	0	20184
25377	0	20283
25227	0	25941
17733	81	29280
16285	1	27008
29733	81	21418
24520	92	18562
20795	0	29789
18370	4	16696
24501	86	24149
24982	0	22151
22989	1	25807
24578	3	22883
19137	4	24164
21056	0	16580
25842	0	27128
25114	0	27308
24048	92	20044
15818	92	28484
26486	92	22209
16338	0	22538
17556	0	29594
22635	0	29365
17250	0	23227
17709	0	21839
26177	3	18622
21623	0	21841
22267	1	18193
19693	0	22245
29318	92	29963
21074	0	24889
21224	3	27387
22730	92	29680
25492	1	27145
20037	3	27209
22426	0	24864
22956	92	25921
15335	0	23341
17659	1	27718
22804	4	17511
21203	3	29183
26006	3	16471
15335	0	23298
19046	81	20714
29742	4	16909
18617	81	22049
25353	0	28799
21679	0	15184
16168	1	26409
17185	0	20896
15814	4	28120
18667	3	27413
19819	0	15610
19988	0	24750
17065	0	27026
20729	81	15438
25039	0	26836
17268	1	24418
21169	3	29291
26418	4	15214
25252	0	19809
23934	0	28508
17814	81	20141
28669	3	23305
23210	1	16869
23382	92	18839
22304	3	28479
25403	0	24395
15407	0	20392
21572	0	16182
25732	0	17001
21667	0	20600
16676	1	27473
23646	1	23325
18691	0	29624
19885	3	26775
20327	0	27391
20292	86	21998
29007	0	19601
20759	0	21724
16944	0	25197
24589	0	27174
15925	2	29576
22650	3	29993
15280	1	21585
24806	3	26187
24058	0	18702
24832	1	26931
21405	0	27828
17845	0	16866
24796	0	18387
22175	0	20255
18602	4	20492
29509	0	27181
24186	0	17557
20039	0	27737
16151	3	25064
21006	4	25559
17265	1	15801
20989	0	29920
18659	0	25972
25098	0	26296
18430	3	15004
21711	1	18156
18184	0	19306
18372	0	27132
24807	0	18180
28812	3	16878
17089	92	23927
23274	92	15032
16026	1	23113
17860	1	23767
19082	3	27782
29423	92	27418
22596	92	25592
16745	0	26801
24108	3	19852
19698	0	27298
17994	3	19841
19688	0	22447
19984	1	27295
18354	4	20338
18428	0	24890
23777	0	28046
16414	4	23963
23172	1	28724
17404	92	16478
25696	0	16709
20948	0	25781
17756	81	19250
17115	0	26945
20507	0	19467
17117	0	15245
24777	0	27426
19348	0	28288
21326	0	16835
19502	0	19721
21782	0	27627
18497	0	19839
21395	86	17208
21155	0	17494
16977	4	29298
19697	3	25427
20717	3	26255
15547	0	26771
20850	0	23379
21282	0	18573
17569	4	16572
24734	0	18572
19096	0	17840
22647	3	15563
17838	0	15071
17899	4	21340
21627	0	21871
20080	81	17682
22427	0	16227
21171	0	16319
19912	89	17424
20378	1	15619
19154	0	20206
15403	82	22522
29720	1	28395
15439	0	21961
29485	0	22192
28594	0	25485
21444	0	17974
21783	0	23146
21912	0	15608
20879	92	16807
24290	86	24823
29393	0	15641
21618	1	18690
23694	81	19978
22478	0	20220
24260	4	24862
19892	4	27597
17582	86	17827
18431	0	28413
15747	0	21535
19775	3	24610
24824	4	20216
29412	1	23545
26339	1	28827
18414	0	20704
15486	3	28041
15466	1	27943
21782	0	27259
22764	1	29238
23382	92	24710
23550	0	19338
24934	3	19804
21053	0	20609
18240	0	19341
16958	0	19485
20464	0	27518
18353	0	29327
21634	0	26717
19191	81	26441
20064	81	29995
21635	0	25134
19858	3	26454
20025	1	15619
21577	0	21583
24804	0	25262
19094	0	19651
22306	3	23267
25953	0	23834
17306	0	17427
22404	0	26495
20859	0	19644
15088	3	27491
25389	0	15657
17889	0	21834
19323	4	22284
25030	1	26711
21925	1	19719
19656	0	29786
19506	0	20213
24034	0	24460
20304	92	27735
22010	0	21979
19251	0	16206
16686	0	28301
20823	4	18098
19422	3	17388
24208	4	18167
29731	0	18021
24596	0	24656
21605	0	20957
22422	0	28556
21351	92	18866
17359	4	18798
23017	0	26764
22397	1	25137
24192	0	16995
18536	4	28625
23129	3	20161
17869	0	18281
18525	0	28568
19404	4	27857
28681	81	22977
17311	4	17100
21715	0	22282
22052	81	25834
20059	0	24871
21233	0	24349
19004	3	18926
25669	0	16527
29287	0	18344
25370	1	20244
24115	86	23063
24233	0	25906
15867	3	23631
20647	3	23342
26346	0	26777
17380	0	28540
18414	0	23226
19148	3	29895
29767	81	21673
18835	1	15705
15731	92	20635
20751	0	24250
23403	92	20168
15760	1	27190
23275	82	17424
23439	0	15645
16154	0	29546
25566	1	29539
28873	0	29650
18412	81	20033
29800	0	16646
24116	0	24128
20648	92	18744
20954	0	27240
19434	81	23004
22931	92	20613
18442	0	27120
25014	0	27115
19191	81	17559
16763	0	23905
23059	92	29382
15318	0	25837
21330	3	19790
24124	0	27396
18396	0	28123
19893	0	26240
26334	0	16005
25006	0	27749
18695	0	28228
29734	0	28293
24588	0	23966
17313	92	16175
24630	0	18678
22037	81	16407
23441	1	25928
15833	0	16402
25114	0	20134
17968	0	23488
17097	3	26651
22275	0	27125
24230	3	27671
21630	0	15269
22615	0	27321
25370	1	23499
18454	0	15565
26156	0	18919
26515	0	16924
15733	0	28846
20880	0	26814
22131	0	21774
24152	92	24591
23773	0	16360
25161	1	27651
21973	1	23683
15337	0	23507
15711	0	20540
25780	0	18316
22738	0	19014
16788	0	18344
29371	0	16498
17817	1	27927
24807	0	26429
23878	4	28479
17449	92	15735
18439	0	20475
16256	0	27408
26007	0	23683
21969	0	24390
22694	92	19950
17714	0	26098
22672	1	22212
29714	0	18034
20465	0	23591
25165	0	23350
24904	1	27845
26066	0	19998
18588	1	21568
16598	0	29581
28886	0	25121
20784	0	26655
18505	81	24081
24522	0	15294
16168	1	25497
21648	0	20403
21155	0	25711
18613	92	16996
25488	0	26200
20295	1	25921
24596	0	29368
24218	3	25140
18454	0	22444
29374	0	27248
25757	1	17461
16277	0	19940
19058	0	28667
16409	4	17029
26078	92	29410
29381	92	22568
24061	0	24392
22926	3	15380
17707	0	29604
20757	0	23814
19436	4	28452
16669	0	29291
22921	3	22233
29480	0	23558
29739	0	26951
25363	4	25203
18446	4	23838
18637	3	23597
17021	0	26779
15826	86	22364
18062	0	27405
25153	0	28307
23476	4	20242
16151	1	16037
17606	0	27467
20885	0	24496
15350	0	29829
23862	1	25715
16167	3	28070
26267	3	27261
28804	0	23215
22647	3	17788
19361	3	29160
29700	0	22887
15439	0	27810
15507	4	23457
26264	4	24370
24552	81	28688
22609	0	16491
19749	3	16601
22665	0	20165
26146	0	20525
22466	0	29591
22739	0	23810
19081	1	29431
21250	0	29110
19177	4	24172
18063	0	27977
25253	1	20495
17282	0	27137
20775	92	17645
21017	0	18269
19129	81	28591
21079	0	16587
17123	0	29644
29261	0	28924
21191	92	29620
22588	3	29113
22267	81	19751
23986	0	20498
24033	0	25828
16895	0	19640
15624	0	17914
18407	0	18344
29460	81	22971
24625	0	20473
19886	3	26830
25368	0	23909
24046	0	20800
19986	0	26310
16273	3	25505
16258	1	27120
21823	0	17679
22778	0	29837
26418	3	21728
23470	0	28549
16346	0	29581
23468	0	15672
22366	4	23270
19653	1	23179
29088	86	22025
20886	0	23185
29734	0	18549
23472	3	29943
15770	0	15008
20861	1	18784
26339	1	28319
17766	92	20723
24263	3	16873
16036	0	18376
15714	1	26620
20292	3	25915
25627	0	22353
25746	3	29522
21244	3	26675
17843	0	20263
24730	0	27587
24627	4	26340
21484	0	28828
21296	1	23343
21653	0	27260
24095	3	28150
22939	0	21839
29308	81	24586
20757	0	17739
23089	0	17721
17959	0	28554
20982	0	22074
19176	0	26710
17602	4	22917
22403	0	18720
21591	0	21588
15087	4	23957
24575	0	15117
23000	0	26372
19754	1	19226
17117	86	21069
28676	81	15344
21882	1	29817
23655	1	23606
19383	1	19257
18659	0	27272
17834	3	24417
18446	4	18250
17533	0	17677
25627	0	25847
18504	0	27860
21189	0	27977
15516	4	17010
21382	1	17491
21257	0	28248
21110	0	23308
20326	92	17333
21445	81	15885
18501	0	22912
18680	1	28411
21481	0	20008
24221	0	19724
18479	0	28430
22755	0	28418
29727	0	28837
15414	0	23289
25084	1	28063
15731	92	27130
15332	0	15745
18514	86	26536
21577	0	29336
23144	0	28116
24167	81	15490
20742	3	29035
26330	0	15000
29356	0	16470
21196	0	25329
20330	0	28209
29753	1	23901
24208	4	25812
24629	0	25932
17053	0	15638
21023	87	23953
22619	1	24590
22393	81	23077
21035	1	18584
25487	0	15001
22309	4	26807
20792	0	25547
15413	3	22141
17180	0	28378
23878	4	25673
21163	4	25986
21432	0	18198
16972	0	19450
20327	0	19839
22315	0	28628
20828	0	25845
29766	92	16464
17832	4	17478
17129	0	15074
25310	1	29098
25295	0	20822
24039	0	19028
17050	0	25781
24982	0	19604
19704	0	18247
22482	1	25952
25513	0	29833
24623	3	29085
17117	0	25260
19112	1	17329
22615	0	25804
19103	0	29255
21195	0	24352
20900	0	26922
24838	92	19803
29706	3	22262
16170	0	27171
22905	3	25194
19193	92	16090
15714	1	23742
20966	86	22621
25147	3	27959
15727	0	17945
23047	1	20516
20294	1	28476
29755	4	22269
21117	0	17003
19360	3	22269
24964	3	19271
26528	0	20638
22736	0	17498
26507	1	27204
29728	81	20733
26338	0	25523
16546	0	20522
25815	0	28957
18396	0	26154
17597	92	26809
19176	0	26237
17985	1	24020
24769	0	18017
21823	0	16395
22864	4	16220
21326	0	25884
19983	0	23372
18625	0	28292
21848	0	25721
21102	0	28597
25316	4	15601
15456	3	27763
19441	3	17005
25023	0	16096
18216	0	25821
21078	4	27579
24607	3	16116
15516	4	19618
22042	0	22217
21711	81	17279
15800	0	17810
23520	0	29016
24672	1	29189
26006	3	24327
20333	0	22880
17097	3	29935
18611	0	18961
20647	3	27457
16684	0	26491
15547	0	22771
25045	1	19446
24040	0	19625
28832	0	26009
17529	92	20620
25191	0	15253
21176	81	21536
15639	0	22021
25954	0	27216
25003	0	20398
23092	0	28060
21701	0	17081
24851	0	27589
15516	2	19448
22472	86	28911
20312	0	15294
24581	0	28562
25761	0	20572
16767	1	29540
29470	1	28398
21073	0	29664
20788	3	18123
16287	0	28820
20079	1	21876
19860	3	25880
25010	1	27067
17470	0	28694
20869	1	17688
22622	0	27859
17268	1	20583
24672	1	17441
22694	92	16618
26122	0	25168
15963	4	17748
23424	3	16173
23018	0	15764
29703	81	23481
18427	81	16950
24304	1	15201
17606	0	28249
22039	0	20212
24780	4	27177
20998	0	29442
23442	0	27635
25387	0	28337
15535	0	25535
17453	0	18041
18441	3	23020
16775	92	21996
24017	0	19651
21159	0	16396
24768	0	29581
19082	3	24391
17311	4	22550
23520	0	15105
28847	0	18315
15511	3	18049
24939	81	18509
24323	0	24378
21969	0	25522
17877	0	28709
16272	1	27795
29384	3	27573
15954	4	24003
15862	0	27632
23104	0	27783
21250	0	18014
19286	0	16432
25083	0	24516
21408	1	19918
18612	0	21764
24092	0	16616
21356	1	28146
18450	0	20680
29768	4	16062
29723	86	16581
21712	0	23854
17150	0	23082
24269	1	28757
22045	0	26605
17766	92	26875
21679	0	15544
26136	3	23270
17208	0	20132
29697	3	26787
18696	0	15082
16964	0	20479
21611	0	15306
26538	4	27353
20986	0	26748
19361	3	16333
19153	0	19995
21326	0	28733
17125	81	25665
17860	3	20155
29384	0	27541
29483	0	27182
15406	0	15075
21408	1	19242
22993	0	15525
17990	0	22599
22598	4	28224
22749	3	20563
29505	0	15193
29460	81	19107
28681	81	15436
16550	0	15852
24600	0	23899
25956	0	19486
19892	4	27118
16286	1	24339
18825	0	28505
29723	0	29121
28586	4	26800
19140	92	26309
22184	92	20358
19688	0	29645
21291	0	20444
24112	0	28527
16412	0	29252
24052	0	28242
17602	4	24258
23441	1	27927
15963	4	24419
18001	4	27340
22632	0	18097
20023	81	22050
21432	0	29785
21268	86	19915
18825	0	28170
20054	1	18296
22663	0	15030
21033	92	26749
18409	0	21552
16763	0	29137
22941	3	24293
25780	0	15070
15616	4	29798
17654	0	15694
19684	0	26271
25001	0	24546
17355	1	27036
29766	92	17552
25313	0	22824
22987	0	21732
21229	0	28619
24795	0	17904
29484	4	27266
22625	0	28293
24600	0	27821
15799	0	18356
18431	0	20130
17449	92	16733
18841	0	16379
18668	0	15478
17206	0	26271
25154	1	27322
15862	0	16646
26339	1	26916
24851	0	29089
18772	0	15601
21269	1	23372
19646	81	19245
23531	1	29048
29529	1	16523
21991	4	22509
19058	0	27415
29142	0	16441
19893	0	18291
23521	1	27383
17323	0	18713
25129	92	18676
15963	4	16803
18166	0	21344
17827	0	27004
21114	3	22355
15448	1	24483
17602	4	25685
26176	4	18771
18640	92	22826
17142	1	23962
15454	92	28101
18185	3	28817
19704	81	15457
15416	0	27841
25780	0	20151
21182	0	26662
21029	0	25069
25253	1	20449
29471	0	19818
15814	4	26986
23382	1	24868
19635	0	17042
29297	0	22295
16155	1	27651
20873	3	25636
25361	0	22900
20734	0	29111
29364	81	23930
29285	0	21467
21620	0	24137
16680	0	20396
19754	1	18706
22961	1	23831
29690	0	23675
28685	92	27024
16553	0	25880
21845	1	25828
20579	0	15175
17268	1	23212
16322	0	28554
22725	0	26638
17048	0	27440
16966	3	25327
18639	92	28450
20872	81	16546
19386	0	23799
24124	0	27962
25167	92	28025
15509	3	18384
26482	0	28552
21258	0	28403
19757	1	16939
16849	1	26238
21029	0	29120
20326	92	29152
22644	3	26295
19691	0	26393
21742	0	27760
24995	4	28599
23398	0	15632
29264	0	29140
17369	4	19923
29385	1	23312
19249	0	22382
20992	0	24706
22018	0	23490
15464	0	23496
20039	0	16609
20923	0	15648
29707	92	26974
18256	3	20572
22422	0	22611
22663	0	28831
20317	0	27134
25463	0	27975
15815	0	27776
24571	4	19037
29371	0	19702
19109	0	25913
17715	4	18284
17021	0	24158
29768	4	16441
17179	0	22529
24790	0	28846
26130	0	15551
23663	1	27138
26013	3	28944
17179	0	27241
21010	1	24132
20325	81	21313
28878	3	19006
29007	0	20603
23859	0	26094
28868	4	27971
21605	0	27647
16280	0	27917
20788	1	15183
20129	0	16396
15496	81	21496
21661	0	21947
15731	92	25858
23986	0	18794
17065	0	21361
15624	0	15644
25237	3	19769
26484	3	26021
22953	0	18992
26541	0	15656
23001	92	28046
25115	92	27443
23434	0	21805
18560	0	16713
19380	92	17741
29777	92	20411
16476	1	25816
24195	0	15257
23412	0	21051
25037	0	23385
18447	1	28881
15476	1	16903
21435	0	15647
18001	4	27043
22730	92	21670
22978	3	28361
17374	0	16183
29315	0	19223
29746	4	20163
23459	3	23230
17260	4	22437
26274	81	23584
20740	81	23469
18628	92	29074
19103	0	21787
22177	0	28092
15384	1	25210
18934	1	18012
18538	0	24709
23930	81	21292
21405	86	24042
21107	0	28666
25311	1	23407
15870	0	29302
21371	0	23844
21050	0	15650
16894	0	27942
23443	92	24453
26334	0	17498
25444	0	24022
21373	1	29607
26334	0	22273
16036	0	25793
16421	0	16782
29246	0	29883
24847	3	25535
21159	0	29876
15769	0	24742
20462	86	24155
22018	86	22785
21087	81	25300
22721	0	25210
20756	0	28474
20981	1	25892
29708	1	29656
19406	7	18506
18976	4	23495
19080	3	18124
20934	1	22383
28911	2	29576
22914	0	15119
18667	0	18806
29314	0	15374
20849	0	27668
23174	3	24865
17597	92	18798
24995	4	27394
16777	87	29281
24672	1	17171
16669	0	15249
24572	4	27741
19500	0	27420
16546	81	24630
17284	0	21090
24840	81	24957
24568	0	24921
25579	4	27602
21132	0	19734
22991	4	24751
19358	0	27421
22722	81	17278
21195	0	28579
26487	92	26607
15593	0	19484
15769	0	23886
16277	0	18093
21185	4	27636
16631	0	27108
25515	0	29024
19508	1	29832
17887	92	25817
20778	0	27573
21673	81	24099
17838	0	28004
17841	3	27016
17290	0	23020
17076	1	27269
26515	0	26243
19192	81	29308
19197	81	19240
17021	0	23800
29468	0	24374
20293	86	20472
16950	81	25834
21024	0	23309
20865	0	27982
25045	3	28501
18415	0	15396
15515	81	20745
25363	4	20245
23588	0	27003
17130	81	15729
22407	0	28298
21396	81	29139
21540	0	27686
21019	0	26291
20059	0	15831
19684	0	23703
19101	3	18951
23135	82	29324
25749	3	18875
24643	0	27836
17021	0	19735
21254	0	16063
17770	0	17224
15785	0	27764
21254	0	16011
22086	0	25862
15469	92	29238
15279	0	16232
15864	3	29654
24517	0	23411
18555	0	25402
17759	1	28666
16825	1	26315
24932	0	26731
22381	0	27114
20631	0	20140
19746	3	16055
21487	0	27377
18955	0	16225
22063	92	16195
19080	3	16373
25032	0	26064
28676	81	19477
23046	92	17443
24077	92	18332
29374	0	17476
21661	0	24405
22647	3	18217
20314	0	27183
16931	0	24681
28909	3	16342
23441	1	19334
29751	3	28115
18000	0	19185
21107	0	23611
21609	81	15497
23934	0	23030
17115	0	16934
24504	1	24486
25775	92	28668
17600	1	20355
15964	3	27821
28780	0	25852
23871	0	28355
25227	0	21052
21441	81	26044
29717	81	24635
19751	81	20912
22618	0	28485
21648	86	21683
25732	0	17009
25013	3	23363
24980	3	18728
15780	0	23906
25114	0	27165
23548	0	22771
17987	0	22612
15954	4	27523
22128	0	26851
19169	4	18871
17148	0	26026
18501	0	23224
22082	0	15258
20788	1	23916
15337	0	29816
22018	0	18877
16788	0	26467
21650	0	22065
17669	0	26195
18056	0	21889
21511	86	16476
24077	92	19824
28816	0	27530
16133	0	28577
16282	1	25631
15883	0	20514
20866	0	15670
24048	92	18601
18478	7	17273
26477	0	16622
21478	0	15148
15664	0	24331
24509	0	21584
17221	0	17340
17267	4	17790
23101	0	29429
19554	3	26850
18324	3	25803
21433	0	16024
22873	1	16202
17306	0	29653
24768	3	17350
21047	0	29680
29413	4	24441
19380	92	29646
20152	0	28198
16419	0	16662
29707	92	27844
17163	1	25628
25362	3	20381
20633	0	16651
20785	0	23329
16262	0	24423
15459	1	29557
15828	4	28703
19489	0	21719
18783	0	18179
21257	0	18699
18209	83	24282
15407	0	15053
21054	0	20149
25149	86	25202
21150	0	26715
22677	4	20439
24978	3	19484
19755	1	27692
26167	0	25597
16895	2	23953
20955	1	22335
19323	4	25933
19549	86	28690
18504	0	28263
24504	1	23605
21182	3	23506
19654	1	19568
18620	3	28505
24221	0	28139
24181	0	28996
19858	7	24960
22962	0	29929
16948	81	21424
17867	3	23276
16031	1	23901
16791	3	22328
19797	3	16001
17411	0	25786
19194	81	19197
25202	0	21732
24773	92	28127
24632	3	28283
19355	4	27922
24041	0	23617
22004	0	19595
19315	0	24861
25513	0	28452
21315	3	15285
19159	0	25482
18223	0	28431
17396	0	18252
17360	0	29114
24901	0	21762
15660	0	28633
20952	0	26045
20314	0	29867
15093	1	19303
22772	4	24658
15476	1	29149
22951	0	20721
22644	1	20490
16290	0	27739
22989	1	18359
19054	86	19422
15931	3	16820
23089	0	23613
23932	4	23647
21115	0	18101
22481	0	26703
15862	92	27475
24759	0	22503
21708	0	27209
24279	0	28193
16670	0	22702
19548	4	21456
25007	0	26742
25018	0	23265
19382	0	25969
21422	3	27466
17829	86	16689
26724	92	26936
24200	0	27910
25388	92	20601
18323	0	15010
22297	0	22291
19362	0	27804
18409	0	26763
28678	0	21736
22804	4	26464
20297	3	20119
18612	0	18874
25418	0	15829
19110	4	22351
15284	1	24339
24305	1	26700
25060	0	20227
18235	1	29115
15808	0	23262
18773	1	15221
17371	0	23316
15664	0	19605
29706	3	20661
21206	3	21730
16551	0	17485
25019	0	17035
18195	1	26898
15950	81	23007
29492	0	18545
23484	3	23991
21087	81	20934
20456	0	27169
15481	3	22455
20923	0	15646
19326	1	22298
20924	86	22915
24995	4	28629
16256	86	16205
24824	4	15196
24039	0	18743
21415	92	19273
20054	92	26637
23651	0	27059
22608	0	22845
17402	3	23642
15960	3	24862
29704	0	20590
20014	81	22811
17169	3	16055
22784	0	27580
21258	86	18696
20931	0	20258
17069	0	21752
18076	0	16730
24977	1	26613
17191	0	19669
18611	0	27282
25353	0	22248
29259	0	28054
16963	92	26545
28588	4	25763
18826	0	27351
22516	92	28364
26051	0	27530
25748	3	25790
18842	1	20241
23940	1	21813
25166	4	27669
18400	81	21705
21169	3	28771
26068	0	23900
29284	0	24457
15725	4	19279
23856	1	18017
19795	1	26425
20923	0	24453
25388	92	19220
24841	0	18376
22399	92	28052
22989	1	19282
21379	0	27762
24385	1	19666
29384	1	17293
24048	92	17911
16791	3	23498
22079	1	28516
26079	0	19241
16986	0	26689
18007	0	15837
22415	0	26746
17530	0	17541
21844	0	23926
21070	0	25808
15782	0	26563
19253	92	26387
15499	3	24183
15948	1	26905
25097	1	28826
22925	1	20367
15463	1	26784
15879	81	29398
16168	1	17782
24994	0	29113
26160	0	19454
15346	0	22471
16142	0	27466
20299	92	15155
18447	1	28476
19761	0	21062
17560	3	22584
24206	3	26949
22175	0	27566
21165	0	16859
21843	3	27030
20564	1	29506
25089	4	24137
24952	81	18241
28952	0	23461
28868	4	19957
25672	0	20373
15495	92	19527
24582	4	20598
22660	0	27151
17876	0	17508
25001	0	26565
25186	0	23803
19630	3	23556
23859	0	22471
15469	92	21944
29716	1	15536
19991	0	22218
22481	0	27078
22135	0	28094
24768	0	23251
19293	0	28531
23432	1	29631
15402	3	20238
19746	3	23630
22934	3	17346
22690	0	28420
25672	0	22525
24124	0	16796
25019	3	26942
21799	92	16164
24261	0	27140
29471	0	24888
20651	3	27118
17880	92	26748
18520	0	28470
16686	0	19641
26403	0	18752
16547	0	23918
17771	0	18769
20841	0	27442
15498	81	24081
20757	0	24686
24097	0	15262
22589	92	24443
20925	0	16247
16529	1	22250
16250	0	22242
29394	0	21773
24809	92	25661
17893	0	15644
22792	0	26761
21012	0	28416
19987	0	24177
26334	0	17916
20810	1	23898
23076	0	26294
15474	0	15099
17076	1	27573
21984	7	20817
29738	1	19956
26455	4	27708
29657	0	23511
26130	0	29016
25007	0	27921
22739	0	28958
16107	0	25284
25030	3	16076
17985	3	25138
22088	0	20280
25099	0	21886
19290	86	25292
21038	92	27787
17659	1	26457
16847	0	18382
24941	0	15905
28763	3	20546
21382	1	29096
23444	92	15745
25511	0	27146
21782	0	17033
15782	0	23794
23441	1	28801
17130	81	24306
21388	0	19551
28860	0	15766
22813	0	20147
24205	0	24936
25802	0	16481
16008	3	29619
16760	92	18992
21684	0	25503
25160	0	27734
26391	0	15106
25164	4	17920
15278	92	22714
23418	3	29045
17298	0	25997
29707	92	27808
22040	1	21870
20806	81	21499
24821	0	22069
16260	0	22470
25114	0	15156
15535	0	28518
20757	0	26411
18668	90	15990
25279	0	26966
17831	4	19964
21295	92	22053
15516	4	18578
21117	0	16997
17708	0	28030
15933	0	28370
28782	0	23768
24639	0	15287
25227	0	23744
22804	4	29660
23421	86	16893
23464	0	26313
15416	0	28516
20059	0	26860
21247	0	24920
21487	0	15016
20571	0	18914
29695	1	29885
21602	3	27196
18801	0	25176
24578	3	20442
18254	92	26429
18412	81	20624
21056	0	29678
16479	4	16733
21290	0	26552
20741	0	15133
22672	3	16477
25494	1	18109
19404	4	18803
16012	92	22318
25278	0	22072
25043	0	28828
19480	0	23799
21810	81	28671
18497	0	23769
21054	0	15300
15941	0	28331
22366	4	17320
15593	0	23828
15815	0	27906
21686	0	17009
17978	3	20477
29373	0	25739
22958	0	25999
17312	0	26959
22226	0	15894
29715	3	20134
22959	0	18473
22297	0	16786
16275	1	27219
20057	0	19601
19060	92	17738
17796	92	25796
17602	4	22701
22427	0	25133
24107	0	20271
22709	0	26880
19364	92	28128
21963	0	22543
15813	0	18820
25406	1	23710
21414	1	27802
22615	0	27261
17929	0	27396
19101	3	23364
20904	0	25240
16960	0	15072
15336	92	29146
28591	81	21151
22942	0	27459
24303	0	27234
20962	1	28206
15509	3	17740
29350	0	18291
20081	92	21559
20031	92	26594
24804	0	20017
18403	0	19788
25496	0	20208
20037	3	27127
29725	3	27436
28586	4	21889
18348	0	27996
17415	0	25467
29313	1	16216
24148	0	26871
21257	0	25996
20829	0	19247
25745	3	26710
24114	1	24468
22401	0	15759
22590	81	15534
25057	0	24370
18552	81	21241
20999	0	27853
18640	92	28423
24929	0	22447
16726	0	23502
18524	0	21353
21115	0	15009
17390	0	23224
22063	92	16446
23403	92	25065
19058	0	18731
20978	0	23583
26124	1	20090
23941	3	21599
21485	0	28538
19747	3	24457
26159	0	15038
24970	1	28113
29731	0	20150
19690	0	16246
23547	92	22101
16770	0	25064
17529	92	27585
17369	4	26283
22795	81	24308
21054	0	28948
22962	0	26570
17284	0	16739
18210	1	27335
22056	92	26235
22676	92	20692
16346	0	18951
19552	0	20548
17714	0	28964
17900	3	25467
21530	81	24320
18524	0	25920
20035	3	28269
17775	81	29877
20029	3	28270
15419	0	19520
23104	0	29037
21513	0	18879
24198	4	17911
15959	92	15609
17889	0	19707
17405	0	20172
17379	81	20969
23447	92	16497
15335	0	15563
15475	4	16601
17274	0	22470
20623	81	23038
18542	0	21719
22786	0	25642
24262	1	27598
25228	92	28176
16253	1	28990
29352	3	19624
23777	0	22506
21271	86	17829
23018	0	27109
18451	3	23067
20865	0	24716
19901	92	29085
19155	3	26238
26507	81	19683
20925	0	27607
29287	0	25257
19380	92	25604
21194	0	18016
18857	4	17747
21000	0	20103
20848	0	26523
21115	0	20896
24812	92	24415
22669	0	27901
25272	1	27614
18523	0	27903
25681	1	21550
22646	3	21870
25371	0	16058
15740	0	21749
19559	86	26071
20762	0	18104
15689	3	28546
24609	0	19238
25749	1	24479
22078	4	22752
21663	0	27666
25669	0	17650
22310	4	24567
19902	0	27989
18446	3	27091
29707	92	26100
22041	92	25656
15545	0	16052
19384	1	29807
21333	0	17337
29749	0	19641
18631	0	22530
25520	0	23227
15416	0	24487
17869	0	21785
23140	0	18687
18615	0	27397
16791	3	28360
21157	0	21090
29288	92	18971
16797	92	18971
29377	1	24370
16770	0	16423
23871	0	18101
16933	4	23227
24985	1	22884
26339	1	21854
26533	0	27110
16691	0	28146
17843	0	28338
17385	0	19473
21185	4	27158
23431	0	20690
20333	0	17624
18010	0	29618
29243	0	27426
19085	1	27929
29954	0	18116
17149	92	18382
15416	0	29630
28591	81	21575
22364	3	26743
22050	81	20733
29755	4	25338
20225	1	15902
23470	0	20076
17371	0	20707
29000	0	18927
22039	0	19462
24571	4	15565
24501	92	27880
29783	1	18171
25463	0	26677
20829	0	19203
24637	0	29637
29346	3	16799
20905	0	19343
21259	0	29278
24595	3	19458
16952	0	28848
25005	4	16930
17771	0	28799
18432	0	29160
22119	92	24656
21442	0	16403
28589	0	28655
20770	0	20285
17147	92	28709
25303	0	27465
20925	0	25063
18525	0	25174
23414	1	25923
18401	4	27224
16766	0	16247
24301	0	26648
16049	3	21914
21781	1	26975
22723	1	23679
22960	0	25467
23147	1	21501
18302	0	25545
25303	0	26640
23383	0	26016
26497	0	27054
18471	3	25897
21383	3	25926
22794	3	28336
23441	1	22255
18077	0	16918
25155	0	22700
15516	4	27735
29384	0	26646
22994	0	28794
18063	0	26954
18978	1	15922
16691	0	19999
16778	3	26396
28787	1	21096
29487	1	19931
29259	0	22452
22727	0	27024
19101	3	15613
21653	0	27973
17062	3	26848
24070	1	29216
19377	3	29965
16827	0	17342
21351	92	27241
19081	1	28660
21277	0	21955
19095	1	25589
15440	4	19518
24262	1	21339
17065	0	29986
24901	0	27624
16952	0	15312
15433	1	22344
29779	3	18081
21664	0	29401
21183	0	15571
21005	0	27291
16330	0	26730
20728	0	28371
25903	1	15358
26264	3	27258
23412	86	18425
22820	1	29899
25200	86	28841
23943	0	22491
18551	3	20505
16950	81	15344
17770	0	16144
25113	1	27553
20326	92	26680
23777	0	15377
18538	0	27981
24961	0	15039
23862	92	17088
15913	4	26855
22663	0	26253
29777	92	27650
17686	0	26741
20965	0	16667
25232	0	26605
21223	3	16938
21680	0	17014
19293	0	20480
18401	4	17793
25001	0	15266
21388	0	23381
19937	0	18581
22670	0	19604
18760	0	21937
29008	92	21794
24821	0	20598
15965	81	29767
24310	83	24280
21186	0	20390
29480	0	29873
17766	92	28815
19802	1	17620
19635	0	20243
22943	0	19787
24774	0	29028
17415	0	18095
28687	4	18532
23762	3	23875
20024	3	27540
22175	0	19009
22058	1	20498
23934	0	22851
19987	0	15094
29696	0	15692
17116	1	15918
19296	0	16172
25525	0	20114
16308	0	15200
18553	92	17037
21526	0	23131
22388	0	21839
23314	0	17091
29574	0	27110
21735	1	22097
25420	0	18322
21103	0	15354
18450	0	29147
23423	0	28306
22821	0	24660
19441	3	17000
22499	81	19240
25741	1	28592
21204	0	29041
29477	3	18332
25040	86	22477
22275	0	25617
21200	0	25690
16262	0	26510
22800	0	17665
18976	4	15619
22858	1	23506
24191	1	28893
17078	1	28581
18976	4	19574
18208	0	20272
29259	0	21347
29707	92	25332
19392	0	26937
19331	1	26296
26286	0	17776
24984	1	15065
24775	1	25839
21423	0	20475
21113	0	25564
19065	0	28060
15477	92	20180
24854	0	17425
21071	3	22479
15483	81	22052
16415	0	23519
23503	0	27038
21103	0	23114
21753	3	23783
15616	4	27779
16107	0	25214
26263	4	21453
21103	0	16728
21355	0	29683
23700	1	18920
17662	3	18045
29977	0	27279
16422	0	20896
25982	0	23946
22711	0	20102
20726	0	20336
26121	0	29421
23949	4	24332
26044	81	15606
20793	0	20306
29315	0	25505
20778	0	27732
19080	0	20142
19143	0	18175
19057	1	26916
18254	92	26456
20846	0	28145
20334	4	21980
19631	4	27664
21152	0	23591
16167	1	28658
21020	0	21556
18214	0	28214
21644	0	28267
20977	81	19102
24997	4	29213
28888	0	20669
21388	0	28891
22649	92	29993
19285	1	19118
17667	92	18940
19087	86	16134
21425	1	28160
21001	0	20302
22786	0	20556
22618	0	22536
29767	81	20645
21190	92	16172
22427	0	25532
17566	3	16318
20867	0	16657
18824	0	18730
18760	0	23133
19086	92	27256
22275	0	21690
17867	3	20585
21445	81	20667
24073	0	16317
25041	1	25134
19151	92	27769
15480	0	17042
29747	4	25932
17654	0	18858
17842	0	17655
23656	3	16311
20966	0	15988
25184	0	28412
15734	0	16312
24208	4	23519
21258	0	28103
20857	81	20767
29774	4	16818
17249	0	25534
20830	86	19262
19392	0	27054
21783	0	18309
21650	0	18150
25364	3	22504
24055	0	27948
29995	81	21575
26123	81	16961
20773	4	28328
16538	4	27847
16976	0	17514
20023	81	20912
16306	1	18395
19502	0	23969
25746	1	23072
20728	0	16724
21123	0	17442
21408	1	17782
17117	0	15984
15453	3	28602
18631	0	18958
21679	0	29684
17078	1	16901
24899	0	28321
29471	0	22409
29756	4	18264
21203	3	26997
29759	0	26322
25369	4	15572
24507	3	25532
16479	4	23687
18142	4	27682
17411	0	19642
16437	81	20934
20319	0	18498
24498	3	25786
21194	0	19220
20032	0	18304
29351	3	29178
19062	1	28105
21186	0	26120
19078	3	20896
21155	0	25474
18469	1	16709
17212	4	26696
23937	92	23211
19916	0	19609
21826	0	23227
22516	92	15206
22306	3	23187
24635	81	17824
19860	4	15602
17411	0	26939
17995	0	25738
17152	4	27216
21265	3	28975
22395	1	23477
18607	0	27654
21155	0	23315
18602	4	15907
18763	0	17938
19371	0	27180
18261	0	28668
17877	0	28499
29706	3	17746
18228	0	26479
16048	3	29274
20468	0	15045
19684	0	15972
29574	0	23289
18672	3	29945
23142	81	24684
19316	0	28492
21003	0	27594
19381	3	26348
28855	0	26993
25229	0	15551
15775	0	28138
16895	0	24865
17097	3	19034
29392	0	23628
20319	0	15143
19114	1	17071
29712	0	24340
23843	0	18944
22735	0	25835
21171	0	21343
22084	3	27271
21919	0	26325
29479	3	21945
19860	4	15629
28788	4	26395
28879	0	29803
29062	0	28478
28762	0	24744
18599	81	20964
23435	0	23097
20462	0	18739
20945	4	17545
29799	86	25230
17050	0	16915
18342	0	21839
21323	0	21874
22379	0	23149
29527	0	19269
18851	81	25126
20880	0	26241
26423	1	17006
18434	1	20344
16168	1	17749
26390	0	27814
29007	0	19680
22726	4	17328
22166	0	15285
23044	1	23526
29142	0	23823
20991	0	29202
28952	0	28949
22403	0	16663
21016	0	20615
23059	92	15292
22046	7	25517
15630	0	27508
15318	0	27933
17888	1	17491
17999	0	26501
22587	3	23580
25311	1	29363
19377	3	25944
26522	4	16461
25311	92	22824
18691	0	25658
25365	1	23643
25513	0	18908
16405	92	26567
25759	0	27424
21013	3	18380
21306	0	20216
15798	0	21854
25962	0	21479
21403	0	27432
15785	0	21884
26192	0	29814
17139	1	17640
24097	0	15366
20126	81	18209
18613	92	17017
19798	0	20362
21274	81	18427
16148	4	20590
24274	1	16513
21524	0	17565
16979	3	23914
16253	1	23692
18496	0	17460
22167	0	27600
19401	3	22273
23546	0	28205
20808	81	15410
20759	0	23734
23589	0	27210
19351	1	22335
17200	0	27634
29693	81	22718
20012	0	19731
25389	0	18138
22989	1	27928
18688	92	22249
17162	0	19730
22124	3	27332
15875	0	26790
25032	86	16134
19459	92	24587
21485	0	15228
28855	0	24469
17932	0	23338
19408	0	22571
18404	86	17958
25423	1	27749
22426	0	28727
23382	92	28260
23663	1	23628
18528	0	22208
22310	4	19009
26031	0	20247
24034	0	24175
16406	0	24063
29763	1	24444
16288	3	24014
15509	3	15164
17053	0	23617
20724	1	21872
24216	3	29428
23063	0	29978
18553	92	28798
24955	1	20113
20224	1	21897
16411	0	17596
22738	0	27088
24995	4	24458
24799	0	26509
20978	0	26993
16133	0	29606
16788	0	20361
15350	0	22000
15777	0	22258
18396	0	27150
15954	4	20393
19315	0	16519
22788	0	27193
19819	0	28504
20215	1	18676
22597	1	18182
21460	0	26728
21629	0	25713
26148	4	23870
24120	92	27089
24092	0	28462
15462	0	22701
17880	92	23792
29761	4	17785
16148	4	18033
26473	3	28974
24042	86	21405
24990	1	26021
25038	4	15068
17528	0	25433
17583	0	15014
16405	92	28104
19665	0	19627
19362	0	28541
21649	0	20819
17684	0	25141
17121	4	16874
28691	3	29919
17066	0	20135
29824	1	28602
25189	0	27763
29480	0	24764
25029	0	20368
25247	3	29606
19475	0	18175
25166	4	26820
21652	0	25923
23210	1	22761
29700	0	25812
25078	3	24740
16431	0	26280
19630	3	19520
21351	92	28924
16134	0	28597
25669	5	27883
15785	0	29203
28902	0	28137
18627	81	23985
19936	0	18894
18401	4	15892
28973	0	17950
17276	1	19925
15771	0	24687
19411	92	15045
16253	1	27702
19882	92	25724
16405	92	24426
22955	4	17043
21414	1	19851
17251	0	23266
18695	0	27066
25515	0	25268
21409	1	23968
23135	82	22831
26541	0	17224
18367	1	15371
22407	86	21362
16022	0	23123
29138	0	23381
15332	0	16875
23555	0	29017
24996	4	16401
25313	0	29273
16649	1	29808
15495	1	15916
17566	3	28250
17402	1	19596
20337	0	21547
21826	0	16386
19689	3	22221
29314	0	21793
29315	0	27193
18441	3	24005
20626	92	17586
22733	0	28286
17714	0	29622
21784	0	25707
20458	1	24477
26482	0	26631
15412	0	26351
21014	0	25063
21799	92	22919
25166	0	17743
25378	0	27623
15930	0	27770
15384	1	26774
22797	4	27560
22656	0	28495
21957	3	17042
20836	0	29411
15661	1	22495
21311	92	27144
24154	0	21744
20982	0	22159
28871	0	25261
21909	1	28078
19193	92	16524
18185	3	15672
20848	0	15579
19416	3	20990
17273	0	17557
29343	0	26891
18099	3	21995
20032	1	29279
22044	3	25814
19794	0	29454
23052	81	16274
19882	92	18357
29864	0	27049
20936	0	22770
16292	3	21893
16149	92	25121
18835	0	21859
19399	0	23889
29483	0	20223
19317	1	22340
20993	0	18709
25101	86	20898
17021	0	22453
23555	0	27104
16416	0	28913
21925	1	24480
22518	0	23170
25020	92	23805
22689	1	27808
17756	81	19405
25389	0	17429
22094	1	29462
24692	0	17689
22679	0	24736
20769	0	26215
18091	0	17630
17535	92	16000
22921	3	23851
18411	1	22202
24796	0	28881
16689	86	17829
20738	1	20701
19794	0	16991
15728	3	26698
18216	0	28744
25039	0	26214
24826	3	17651
29371	0	20990
24217	92	28940
24813	0	25793
24264	1	26712
24221	0	22761
22096	4	22871
16260	0	29970
25007	0	25914
18438	81	18170
20337	0	20146
26433	0	22133
19314	0	26419
26273	0	26781
24733	81	23746
19156	3	25225
18432	86	22169
19706	1	29930
19435	83	24284
25213	0	15102
24632	3	25497
29961	0	20677
26007	0	16592
22963	0	27485
22726	4	17218
24034	0	27874
15798	0	26700
24117	3	29277
29745	4	19929
23155	0	20213
22438	0	26250
25296	0	18303
24652	0	17417
17381	0	25886
29529	3	15893
21315	1	24355
22009	92	26018
19129	81	29398
21217	4	28752
19390	0	25257
29764	0	25549
25247	3	16648
29851	0	27940
15442	81	29280
15864	1	26642
22976	0	22186
16126	0	27778
21916	0	21877
22639	86	15961
24636	81	16676
29287	0	22774
21258	7	17771
19762	0	21657
20955	1	22097
19695	0	28351
19989	0	29965
15430	92	20194
16205	0	23306
23382	92	15079
15336	92	18817
20472	86	22303
25023	0	20469
19763	0	27534
29748	4	27754
20885	0	20198
25566	1	23872
29007	0	27520
23867	81	21530
26455	4	26984
26138	1	18592
21122	0	17232
17261	0	25465
29770	1	27131
22307	0	24451
29512	4	23695
17069	0	27458
22017	92	27325
29242	1	28056
16271	92	19540
21078	4	26317
26170	0	27851
24843	1	17334
16404	1	15385
29485	0	20173
18342	0	25538
18602	4	25137
19318	0	18746
29007	0	21724
20152	0	18104
17770	0	16175
20020	81	19418
24980	3	23297
18425	0	26773
18633	0	23110
15406	0	19551
16429	1	18598
16419	0	28936
29731	0	28958
29414	92	27536
16158	1	29092
24034	0	15758
16263	0	17420
20214	0	25611
22392	81	22718
23142	81	20300
28876	0	17439
22005	0	27725
26135	4	16175
17471	0	15529
22698	81	25385
18475	0	19642
16764	0	27601
22087	0	28799
20018	0	28539
18253	0	26844
21685	92	18858
19398	3	20709
18783	0	25221
15623	0	28972
22127	3	23848
21166	0	28623
28594	0	26026
21176	81	28671
22476	0	26807
19191	81	20053
16198	0	19812
15447	1	23452
17527	4	25994
16238	0	17579
23713	0	26884
29344	0	18005
16547	0	25410
24139	3	22216
21220	0	16102
17409	0	17547
22784	86	25420
25043	0	23577
24036	1	20239
18523	0	29097
24097	0	29518
16134	0	26835
16849	1	25825
20064	81	16274
15407	0	24004
17891	0	20548
21158	3	17297
26159	0	18649
24774	0	26940
20016	81	19366
25463	0	19527
29384	3	22228
24527	0	27112
21962	0	17336
24041	0	24286
21288	0	19144
20752	3	27080
29707	92	28199
26536	0	26568
16022	0	20120
22055	0	18784
24060	0	27435
21005	0	26201
26381	0	15308
17179	0	26746
18433	0	22416
24947	0	23789
19980	0	26873
25556	0	26637
20085	0	26659
17046	0	23995
16850	1	25617
25666	4	21789
25626	0	21939
18201	3	19837
24978	3	25855
23044	1	15801
16978	0	23685
24399	1	17295
25040	3	28637
25802	0	28113
21257	0	29250
20824	92	19120
24992	0	16601
15868	92	29931
22046	86	18478
20462	0	27753
19746	3	20208
25353	0	29684
16826	0	22599
24056	0	15755
19093	81	23077
29668	0	28162
17897	0	15107
16792	3	28345
18228	0	24347
18542	0	21746
22013	0	25400
29728	81	24275
24717	1	27493
19781	81	22938
25517	3	28012
22755	0	19581
16945	92	27870
17021	0	23836
20458	3	26208
29800	0	26627
17273	0	27004
15800	0	20939
25021	1	22159
20037	3	29616
24117	4	26662
21295	92	22919
16950	81	21575
25030	3	26569
21666	0	23247
24199	0	24153
25388	92	28794
24596	0	21051
23693	0	27738
20466	1	22825
15351	4	29114
16598	0	27237
25463	0	29304
19983	0	20068
22905	3	27326
23700	3	23565
20835	0	26225
18527	2	23967
21633	0	15573
27656	1	18084
25745	3	18043
20037	3	15904
20738	3	27444
24186	3	19188
21972	92	27466
22868	0	19471
18352	0	27443
22381	0	23977
29007	0	27820
18240	0	19199
19502	0	16612
25829	1	25577
21508	0	16208
20770	0	16796
22679	0	18663
22559	0	16206
29799	0	25734
23300	3	28422
21075	0	20231
22737	0	22872
26452	0	24143
19055	0	27276
22420	92	28054
19367	4	24716
24973	92	24297
26072	3	25240
19063	3	27266
25195	0	19701
18353	0	26551
17775	81	22414
26179	4	22889
20968	0	20142
21257	0	15917
15318	0	16858
19110	4	17953
21495	1	27066
26178	86	15662
28872	0	16454
22310	4	26575
19083	92	28480
21694	0	20435
15775	0	17689
28877	0	20640
29739	0	27726
15827	0	25429
21828	0	17443
19497	0	27691
15517	3	23893
15516	4	15503
19371	0	27108
24802	3	28472
29392	0	28722
29746	4	22565
23017	0	26923
17528	0	20482
21172	81	21176
25231	1	25258
25027	0	16863
24232	0	26037
19774	0	27535
29489	0	26126
22156	0	28632
21916	0	26155
24074	0	22318
24623	3	28235
16641	1	22102
16270	0	17422
19558	86	21300
17155	3	26621
26146	0	27595
28589	0	26807
22978	3	23835
18430	3	29533
23666	3	16906
19406	0	24371
24599	92	24345
29749	0	20896
21388	0	17537
20082	81	19130
20456	0	27385
28894	0	28498
22526	0	28131
24795	0	27124
17179	0	20619
24799	0	29400
18469	1	18267
19881	1	26593
19477	81	20658
25292	1	15316
18641	0	28134
24553	1	27793
29241	0	21731
17560	0	17073
21652	0	16646
29657	0	20548
16346	0	20236
21249	0	17642
25385	81	15410
26128	4	17552
19749	3	29811
24091	4	25804
16691	0	27963
21166	0	24436
21176	81	20719
17124	81	17757
19427	4	18872
17530	0	28361
22226	0	15254
23540	81	24760
19250	7	25087
16680	0	16245
20312	0	21482
18847	86	17937
17409	0	17060
20313	0	29545
24191	1	18490
15481	4	21787
28780	0	29675
29529	3	25865
22694	92	23921
20764	1	20399
18425	0	27306
28761	0	19627
18064	0	24245
19691	0	19426
15426	0	23817
18602	4	24669
21703	0	25464
20972	0	24876
21430	0	27824
19774	0	29187
22115	0	15270
24568	0	19951
20337	0	20814
25444	0	17079
15407	0	15140
23204	0	15836
18072	0	29892
21291	0	20155
19346	92	23209
19555	0	16160
25224	3	24384
19253	92	17444
20057	0	29628
22943	86	17053
15289	0	22207
15331	0	19530
20092	4	29905
22182	2	23953
19380	92	27160
16685	1	20097
20864	0	20414
18695	0	20185
24606	92	26548
26330	0	29063
19253	92	15019
24234	4	21479
16255	0	18492
16833	0	18926
29504	0	26318
21154	0	18735
19104	0	28223
20033	1	26861
21653	0	18392
21196	3	18765
21280	3	28179
24188	1	28609
29397	81	29482
17867	81	28779
29000	0	27982
28685	92	26732
16684	0	15036
29282	1	23906
15422	4	18143
20798	0	28994
20928	0	27904
21008	0	28486
17752	0	19696
25032	0	18645
25772	0	29228
22996	0	19019
18354	4	28603
24624	92	28510
21083	0	27849
16775	92	18793
28604	0	18679
17311	4	16915
20784	0	16811
24801	0	24002
18514	0	22344
25230	3	27035
22673	4	29537
21739	0	28848
24796	0	29080
17313	92	28140
18342	0	15521
16737	0	28483
21279	3	29605
21927	1	26248
17066	0	18815
16267	0	26086
20885	0	20259
24858	81	16252
24048	92	25799
25081	0	27381
17306	0	16064
22494	0	18766
29395	0	18886
22607	0	18582
15889	92	15011
19866	1	26255
22876	0	16234
20647	3	22316
20753	1	23171
20890	0	17342
24573	0	28749
18625	0	26292
21204	0	15688
21357	92	23689
29851	0	23451
22126	3	26872
17958	0	28606
20312	0	28005
20860	4	25649
19318	0	22263
19423	1	24495
24094	0	19720
24097	0	28468
21407	92	29334
18670	1	26700
19374	0	27651
25730	0	19670
21612	0	23812
29398	81	17841
20762	0	24743
19329	0	28831
21243	3	28390
19794	0	27727
26334	0	26154
26535	3	23180
22375	92	28463
19983	0	29591
29755	4	23228
17692	0	22547
22686	4	16179
29343	0	20613
26130	0	27724
21511	0	18328
25383	1	27796
20854	1	16643
18465	3	27254
19545	1	23525
19755	1	19518
15501	0	26945
23543	3	15540
24125	0	25886
28894	0	18702
29351	3	28099
21538	0	17657
24941	0	23647
24855	1	15929
26398	0	15971
20769	0	24328
24851	0	26924
19169	4	15121
22647	1	20047
19335	0	23818
23424	3	26232
29725	3	16493
21625	0	24395
20014	81	29219
21040	0	27970
18187	0	23903
21575	81	19352
21110	0	28643
19893	0	29387
18542	0	18920
23585	81	29398
20849	0	25817
17464	0	25864
19055	0	16821
22484	0	16323
17880	92	24866
15088	3	27874
18076	0	20181
23444	92	27576
21503	0	24454
23638	0	18813
24783	1	16180
15479	2	23953
18630	1	19929
20646	92	28706
16717	0	16343
22623	0	20592
23135	89	29324
26403	0	23974
21398	3	27774
21612	0	16514
22767	92	22561
25759	0	15213
25627	0	20483
17895	3	15194
15447	1	18818
28786	0	17965
26338	0	26681
16546	0	20002
24092	0	27822
21288	0	15181
25041	3	25134
21038	92	21554
21640	0	23030
22608	0	21450
25386	1	25260
28841	0	24406
24636	81	25044
17191	0	15890
24564	0	22553
29514	0	26883
22064	92	26931
20940	0	18752
16253	1	27481
21484	0	27879
18401	4	16932
17277	1	23935
23210	92	27400
21048	1	18939
18163	0	27203
18219	0	19727
18626	92	21476
15790	4	20672
20755	0	17004
22422	0	27888
21513	0	18797
24950	0	18731
23665	3	20306
22087	0	26111
17050	0	24134
18460	0	28626
17447	1	18706
22431	0	24587
18370	4	16926
25894	0	20995
19664	0	25431
24596	0	17564
16555	0	23244
21176	81	18293
29569	92	16524
17155	86	23414
23884	3	23419
19489	0	23747
25962	0	16332
24573	0	24348
20952	0	19745
23552	0	21723
19798	0	15086
21057	0	26777
20315	0	29554
17801	0	29301
22811	81	29693
16015	3	20445
23971	1	27612
21301	1	21567
22750	0	17176
20794	0	17256
19389	4	27307
24995	4	20391
21589	3	16109
17285	4	23516
29823	83	24284
15426	0	16648
17634	0	29685
26072	3	23229
17259	0	25509
19747	3	15076
19881	1	25981
21984	3	25771
24636	81	22807
15387	1	28778
17368	3	20475
24576	0	18016
21882	1	27888
21078	4	28492
16151	3	26008
17850	3	24771
28885	0	29337
17985	3	28467
21638	0	23084
19633	0	29787
21608	92	27721
18200	81	21045
23173	0	15614
18184	0	28631
18667	0	16746
22814	81	21609
19975	0	16567
24053	0	27982
21608	92	25654
29344	0	21860
21503	0	18720
22992	4	20693
24121	0	29089
16770	0	18088
21677	92	26313
18367	1	20634
19159	0	16902
26423	1	17008
24976	1	21768
17528	0	27393
19296	0	20606
17368	3	28396
15790	3	20672
23758	0	19462
15709	0	28978
20832	5	22280
15384	1	15940
21166	0	20602
23774	0	15528
15511	3	24457
17582	0	25499
17887	92	26948
23655	1	17016
24553	1	22330
22968	0	25927
20900	0	29613
19148	3	23365
18759	1	29534
21706	0	19658
15345	0	27896
29485	0	27585
20960	3	27869
29480	0	18418
25093	92	23794
25046	0	15117
24039	0	15830
15863	1	18246
28784	0	15766
25364	3	21554
19293	0	17344
18323	0	25135
15348	86	16761
17271	87	23953
21653	0	22339
29707	92	27912
18613	92	17008
24938	0	23701
23431	0	16786
17121	4	29077
22593	3	29543
24119	3	21360
25032	0	18040
18588	1	21867
20878	0	27568
26124	3	20090
24797	0	23192
25088	0	15046
24553	0	25171
21258	1	29547
24622	0	15132
17880	92	27252
29467	4	26349
29287	0	26467
22481	0	29092
24801	0	16588
24672	1	21549
16957	3	27055
18472	1	25499
21685	92	23621
24214	0	28086
16162	0	28830
21696	0	19944
15477	92	18910
24279	0	26207
15337	0	26363
17381	0	29965
24965	0	16494
22777	87	23953
22662	0	19199
24779	0	22455
15659	0	17181
24148	0	26243
22426	0	23630
21057	0	17438
29756	4	15985
18759	1	17461
17128	92	23310
16309	1	25131
21026	0	15041
17867	81	23635
15511	3	18540
23016	4	29531
22800	0	23225
26173	1	16344
20059	0	19007
17062	3	28231
23147	1	27860
22037	81	28884
18857	4	27093
18625	0	26606
21199	86	17522
28780	0	28155
16325	1	25410
22823	0	22480
18565	81	15442
15814	4	28298
15093	1	17594
15953	3	27944
18438	81	17733
21614	1	20434
24562	0	25435
25444	0	23957
23443	92	15259
29000	0	23801
16989	1	28606
15423	3	21801
19293	0	28008
21282	0	20246
28691	3	23112
24312	0	16696
22780	0	19705
19797	3	23904
29995	81	17158
29315	0	19735
22738	0	28141
24455	81	22856
20092	4	23770
18302	0	18222
18085	0	20187
18412	81	22938
16535	0	17489
24974	92	19788
24207	3	27915
22659	0	29386
28843	0	17679
28808	0	17903
29485	0	20272
18302	0	28817
25163	0	28481
20935	0	19473
15336	92	27302
24272	0	25485
19176	0	25586
24231	0	17029
23101	0	22900
23656	3	28382
21514	3	15658
21180	3	15847
17046	0	29291
26006	3	17440
17887	92	15637
20057	0	26750
15741	3	27447
25512	86	15290
20651	3	25199
22392	81	15729
24790	0	24370
21855	1	27735
22013	0	20013
19629	1	18869
22762	0	20450
17313	92	23289
21395	0	22341
18626	92	29157
15447	1	25193
18423	0	27560
29021	0	16765
26130	0	21571
21132	0	19221
29693	81	22811
21425	3	28160
21427	1	27174
26533	0	29636
20989	0	17073
19130	81	22049
23863	0	29846
25096	0	29302
29346	92	16799
24265	92	28182
15430	92	23106
29384	0	26641
22677	3	19218
21204	0	20488
21423	0	23682
20909	0	18982
18835	3	20608
15381	1	26502
20296	3	24888
16788	0	24002
17076	1	22228
17062	3	27268
20719	81	15879
18062	0	27443
24553	3	18023
17394	0	17460
24066	1	27768
29489	0	24161
24239	4	19337
20270	1	19531
21039	1	27319
17830	81	24103
23941	3	18046
28903	0	28431
24302	1	19526
25098	0	22802
17066	0	29048
20887	0	16799
26067	92	28469
26382	3	27482
20221	0	17948
19138	0	29979
19158	0	26288
21639	0	20615
23934	0	26744
22956	92	24364
21627	0	18586
19112	3	28042
26116	0	23977
28804	0	22841
15723	92	16870
18608	0	17966
20983	1	15111
21239	0	24469
19408	0	26822
17608	3	27737
19094	0	17812
17870	92	17786
21598	0	24545
24238	3	29880
21209	81	29995
21077	0	26957
17877	0	27640
18205	81	21849
24086	0	15395
23057	0	28136
16427	0	24645
23177	81	21167
15421	0	17641
29958	0	20672
18162	0	29616
26390	0	29918
28689	81	29308
29748	4	20376
20991	0	19671
20949	4	21090
17306	0	18002
21967	86	21075
22038	1	28890
23006	3	16356
16851	0	20617
26330	0	15322
22518	0	29407
23447	92	25859
17112	1	21120
15302	4	29950
19558	0	25471
26131	0	22358
21124	0	27900
29725	3	19209
17132	3	27696
19082	3	29501
24672	1	25967
21823	0	17203
17263	0	16470
17930	0	16600
18472	1	28248
19690	0	29082
22135	0	27762
23135	82	29237
19108	3	28334
23409	0	25055
17827	0	24615
21040	0	16001
25727	86	26138
15718	1	23411
24884	0	29519
20868	1	26653
22705	0	16527
16163	0	17225
25153	0	21949
17893	0	22242
21421	1	27423
25335	0	18586
15715	3	20207
21706	0	17648
22596	1	22810
29893	1	28264
21043	3	18724
24972	0	19270
22860	0	27968
17267	4	18584
29477	3	28304
21652	0	26361
17212	4	16188
25581	1	26308
18425	0	26592
19459	92	22824
17863	1	23450
25086	1	26232
22725	0	21477
17064	92	27412
21823	0	24382
19398	3	15702
24625	0	27448
17881	1	20605
25682	81	21218
15936	0	27581
24539	0	25201
17662	3	24377
24787	4	18899
21443	3	26677
21330	1	26969
23433	0	27811
21651	1	19673
20649	0	21364
19504	0	19567
22593	1	29543
20059	0	18913
21028	0	19557
16475	81	24308
18216	0	19015
19290	1	28076
22821	0	29666
18458	3	19302
20659	0	16811
25556	0	28335
28873	0	25983
26336	4	26874
21577	0	23957
17996	81	25580
22777	0	17580
17381	0	28896
24784	0	18600
17325	0	24671
29773	0	17504
25982	0	16361
21505	86	18475
21261	4	20112
22725	0	27033
22982	0	22068
23470	0	20237
15923	0	26299
17760	4	23811
21335	0	26977
24651	0	17928
26192	0	26903
25490	0	23112
16964	0	18262
23596	0	16173
24623	3	24337
17849	0	29034
25669	0	21921
19080	3	25689
25390	81	21849
24638	1	27073
19259	0	18373
19558	0	25891
26392	0	25474
22790	0	15399
24801	0	23742
18635	81	24105
15771	0	19342
15782	0	28919
15815	0	15030
16286	92	18581
16328	0	27127
26390	0	28642
28897	1	21851
20224	1	27684
15733	0	27949
19404	4	28237
21107	0	29081
16825	3	19827
19780	81	18416
24304	1	15563
16479	4	16592
24946	0	27681
21046	0	26053
15963	4	16802
24044	0	19844
25567	3	28226
21294	92	28823
16157	0	19026
24574	4	27275
18062	86	21437
21168	1	20637
18459	3	21098
17066	0	29158
18244	4	23565
29777	92	18343
21411	0	26199
24762	0	16905
25388	92	15025
28885	0	27829
16015	3	18972
19104	0	26775
24204	3	27026
22673	4	26794
20890	0	29503
21124	0	24937
26048	0	19731
21407	92	26060
20768	4	17434
25235	0	28145
19894	92	23193
29486	1	22879
16008	1	15338
18065	0	26186
17147	92	23786
20060	3	26414
21099	1	28016
21080	0	17001
16685	3	18301
19858	4	15246
20296	3	26973
29770	1	17432
19066	0	16601
15913	4	26446
19361	3	23901
21828	0	23980
25188	0	17965
26264	4	27691
17078	1	25967
21677	92	19827
23666	3	23601
22182	0	24003
16824	92	15374
28857	4	28241
20880	0	21130
23434	0	15893
20063	3	16629
17887	92	28555
23482	92	21342
24553	1	17242
29957	0	17702
21274	81	17991
29348	3	15552
25761	0	16039
16271	92	25885
25579	4	20135
21166	0	27838
25078	3	26241
20659	0	25141
18761	81	16676
24811	0	27382
22675	92	18167
22223	0	25530
16269	0	27058
20832	0	27593
24116	0	20609
17995	0	15847
21420	1	15056
25080	0	18755
20981	86	20323
24041	0	24300
25202	0	27915
21504	0	15013
24637	0	28471
15330	0	20994
25301	0	17094
18536	4	23634
17117	0	24681
19893	0	18287
22308	92	23072
24766	0	26635
22758	0	21562
19008	0	24454
24092	0	23572
18410	0	26998
22088	0	17622
16706	0	25450
26376	1	20527
22976	0	27631
15760	1	15271
15414	1	26359
25034	0	18719
23135	89	22831
17862	81	17503
26517	3	19214
22873	3	17033
22041	92	28423
19291	0	20093
29505	0	17746
16436	4	16343
17142	1	28241
20081	92	24752
29315	0	26755
18921	1	29806
23774	0	19647
19397	0	28158
19751	81	19767
24050	4	27112
18596	92	24679
20780	1	27308
19858	4	27424
26432	0	20201
19893	0	28959
23470	0	28235
18450	0	29945
25747	1	28037
20980	1	18923
28942	0	20256
18323	0	19027
23669	1	25820
17932	0	22219
16365	0	16549
26267	92	27668
19008	0	18700
20783	81	29222
18239	0	16193
22914	0	28059
25040	3	23452
25962	0	23847
24043	0	23824
22958	0	22218
17149	92	28067
22087	0	29239
28843	0	28325
21298	1	19493
19909	1	15002
23956	0	24407
29772	1	27628
18442	0	21670
19368	0	28890
15959	92	15082
26442	92	24898
15415	0	27716
18003	0	20590
22724	0	25220
28971	0	15126
26152	92	29295
29222	81	23985
23521	1	22450
19158	0	15048
24572	4	28287
24048	92	23271
21506	0	29502
24607	3	16181
16982	0	16389
24782	0	15245
19389	4	22203
29478	3	16755
24966	1	16869
24623	3	26647
19319	4	21892
20901	0	16602
20726	0	27756
17958	0	18130
20989	0	24161
23656	0	23198
25030	3	29056
15859	0	20527
19113	3	18387
16780	0	25619
19444	4	27239
18841	0	29053
26521	0	28891
20464	1	24816
18976	4	29212
18825	0	23394
19431	92	27476
19193	92	26062
18408	81	17274
29779	4	25053
18234	0	28121
17860	86	21651
19491	0	20151
25227	0	28524
18462	81	23469
15866	0	15852
26150	3	26610
22303	0	28067
29707	92	27121
23444	92	26675
20294	1	26691
20898	0	28653
24987	2	21777
15959	92	23065
22369	3	28715
21351	92	28388
18616	3	20412
18538	0	28747
19008	3	20220
23878	4	25617
17796	92	17737
26519	0	26875
29696	0	28044
21159	0	20694
17816	0	18571
19249	0	16496
16149	92	27904
20215	81	28979
25962	0	18911
15822	0	16698
16631	0	26823
29310	0	15525
22717	1	23029
19960	0	19210
18345	0	24334
19057	1	25128
29315	0	16732
26535	1	17537
17899	4	23822
18244	4	28822
21135	92	19591
26554	0	19615
20648	92	18286
16168	1	26790
28873	0	19238
20907	0	22206
29739	86	16238
22767	92	24393
22930	1	23371
19058	0	27285
17830	81	20947
22175	0	17073
17410	4	20387
22423	86	17528
29765	0	20416
17891	0	28286
29241	0	16179
26332	4	15016
20895	0	28089
16425	81	24858
18772	0	24747
15290	0	25632
21916	0	27247
15352	3	23185
17667	92	21893
29457	0	22434
19291	0	18979
24972	0	25679
16162	0	15745
15785	0	23319
19792	4	27077
15819	0	19920
24304	1	20712
26330	0	26941
22526	0	27375
17322	0	29104
21516	0	25242
17307	0	19841
25163	0	27370
24796	0	27307
23177	81	23635
29319	0	16211
21630	0	29176
23523	0	23575
25565	1	15676
25080	0	20013
24568	0	28045
25366	0	26791
19555	86	21282
19882	92	28948
22478	0	27515
26376	1	26633
15479	92	23069
24498	3	24737
17021	0	21878
29242	1	26944
16989	0	29850
21405	0	18326
24087	3	15160
16687	0	15590
24651	0	24555
18638	81	16047
26538	4	23107
21725	0	22697
18524	0	26506
17962	92	23320
24976	1	18964
17769	3	28077
19823	81	17561
15495	92	27234
21061	0	21939
23018	0	27473
26066	0	17198
25408	0	29212
18445	0	28297
25111	3	27533
18409	0	27165
19389	4	15973
25251	0	28395
24076	0	23983
21651	0	21657
20823	4	20262
29668	0	29334
22464	0	16319
16259	1	16116
25165	0	16029
25243	4	23833
19989	0	18096
25667	0	28791
29570	1	23400
29246	0	24550
22590	81	20912
21725	0	26419
18621	0	19524
26554	0	17610
24113	0	24753
20870	0	17609
24812	92	25105
20962	3	15917
23176	3	23607
17161	92	16832
24733	81	15467
22305	0	29880
22398	0	28765
19489	0	27529
24196	0	19208
24813	3	23254
16365	0	26352
21912	0	23604
16849	1	20307
24592	1	27864
18244	4	26881
17835	3	21276
15823	0	29401
17801	0	27561
22953	0	16084
19937	0	27012
20898	0	23751
22078	4	28252
25694	0	25913
16792	3	27531
26144	4	23719
29485	0	22454
28761	0	25838
21531	1	20205
22310	4	23287
24498	3	19701
19382	0	25990
22755	0	29589
15813	0	28253
17805	1	15376
16152	4	23510
20843	0	20439
18466	92	18005
29731	0	24459
29742	4	27854
19747	3	24445
17268	1	29207
19873	0	20180
15959	92	19657
25894	0	25901
25190	0	25460
18956	0	19705
21846	86	22293
25079	81	29266
29314	0	23621
25666	4	17812
19109	0	28776
22397	1	28827
25746	1	15271
29706	3	17465
28934	0	24341
26142	1	26062
25040	3	20549
25110	4	28551
19819	0	29879
21137	1	27387
16789	4	27757
24504	1	27187
26376	86	15535
24191	1	24168
21910	0	18199
24580	92	28869
22636	0	26315
18253	0	28405
29351	3	23647
19873	0	27043
22666	0	19836
21225	1	21806
20965	0	16607
18544	1	29209
18454	0	18032
22051	0	26872
18461	0	17459
21782	0	19732
21338	3	28137
20846	0	27805
29249	0	22524
26261	4	26313
22016	0	27657
15443	1	16884
28781	4	27334
16973	0	20687
23884	3	20553
21193	1	27175
28685	92	27757
25982	0	23948
29569	92	28223
20886	0	22562
24522	0	18601
22787	0	21130
22694	92	29209
21114	3	16335
18772	0	20329
22042	0	26027
22709	0	20267
23546	0	20370
22713	0	27180
21828	0	17664
28855	0	27757
20931	7	25366
19137	4	29427
28866	0	29811
17069	0	29056
16430	0	21555
20061	0	24348
23447	92	15054
21087	81	17598
29366	86	20742
20219	0	15926
26044	81	18438
26124	3	23312
24520	92	23530
17121	4	17563
15454	92	15836
17371	0	25396
24034	0	18031
22312	1	20227
20636	1	28623
25001	0	20813
25040	3	27149
24310	81	17701
18234	0	20529
20214	0	28194
17274	3	19948
21478	0	28219
19063	1	28662
21252	0	20375
25160	0	15239
21056	0	17584
16706	0	25795
22721	0	28566
19164	0	16929
18623	3	20662
20903	1	28218
17109	0	24359
17125	1	27858
20774	0	26978
19846	92	28370
18934	1	23340
20753	1	17661
21117	0	17013
29734	0	18582
23986	1	18795
16291	1	25256
21513	0	27129
15719	0	22186
19544	0	20078
18057	0	21529
16831	3	16712
19978	81	18293
17990	0	28273
19404	4	19014
24901	0	27899
17362	0	21943
22058	1	18279
21053	0	25786
24622	0	27227
21356	92	18314
20816	0	27279
22862	0	16558
21102	86	19322
17569	4	20068
24651	0	24898
19497	0	28402
17892	3	20288
17221	0	16601
15586	0	27149
20296	3	29002
28689	81	19372
15516	4	23748
22705	0	23544
25444	0	29140
19560	0	27536
19312	0	28989
22854	0	21619
15468	3	19035
17211	0	18944
24696	4	19607
21908	0	21647
18324	1	25259
21220	0	16587
28843	0	21950
21422	3	25984
29483	0	15188
19061	4	28634
21589	1	22493
17849	0	22382
24589	0	28216
20836	0	25346
15963	4	24551
28803	0	25852
25190	0	29928
24034	0	20077
18073	0	23925
22728	1	20281
25029	0	24886
17143	1	29020
26051	0	18809
22820	1	19267
19550	0	20260
22745	0	25622
25693	0	15972
21225	1	24647
23539	3	24913
25511	0	22150
21129	0	25983
23666	3	28702
15874	1	26104
21369	92	23992
20914	0	23370
16253	1	29584
15511	3	24650
21623	0	25064
29381	1	24242
25373	3	25888
26469	0	22877
19086	92	27169
20646	92	26680
21433	0	16814
19396	0	25107
25110	4	20663
16476	3	25942
18082	0	22751
17714	0	26349
22422	0	26440
17844	0	27152
20742	3	28121
24117	4	27167
25188	0	19613
20991	0	23583
16637	1	16439
24847	3	15030
18441	3	28723
17401	1	18294
15813	0	17636
16271	92	23305
23932	4	17476
18504	0	25832
18842	1	25257
21974	81	20942
22407	0	22911
16406	0	17422
22671	4	23227
20753	1	28297
22060	1	20417
21573	86	21054
21305	0	15652
16205	0	22323
21648	0	20533
20321	4	17660
21694	0	16095
24214	0	24346
22018	0	21456
16328	0	20284
20059	0	28263
24576	0	19562
17258	3	26154
21934	3	28219
16684	0	24330
18208	0	29002
22789	0	28362
24978	3	24549
22943	0	16230
29711	4	26879
25308	0	23958
23524	81	28676
17053	0	17218
18142	4	27242
22994	0	25790
18641	0	18028
18561	1	18707
29392	0	21097
19248	0	26590
21277	0	15136
20036	3	27865
19982	1	27260
24502	1	18491
22277	0	15614
29414	92	20597
20944	0	27030
19880	0	27930
23045	0	26437
26423	1	16994
22706	81	15283
15866	0	25657
25145	92	26630
17021	0	18296
19880	0	28135
19423	3	26920
19059	2	20123
16789	4	23736
21224	3	19424
18487	0	25455
16337	1	28277
25627	0	28281
20299	92	23265
18626	92	15132
19109	0	26413
19056	0	23917
15598	0	26049
20648	92	16106
22678	1	18992
15773	0	24604
18835	1	23581
22930	1	26545
19823	81	21575
24139	3	29404
24232	0	15685
29564	0	16941
16687	0	19971
22607	0	19209
24069	4	23900
21132	0	20241
21713	4	23158
20176	0	15617
22483	0	29054
22404	0	16182
17133	0	27102
20914	0	20679
20630	0	25715
24932	0	29914
15421	0	29825
23273	0	25725
23654	0	26228
24986	0	23477
22817	0	18859
16157	0	26240
17756	81	20733
16531	1	15010
19103	0	23394
24191	1	19965
16677	3	23227
29123	92	19804
21163	4	23395
22275	0	25461
17046	0	27238
20378	1	22338
21330	3	25569
24632	3	22282
21330	1	23279
20657	0	18199
23060	1	27835
22666	0	21564
15661	3	22334
24729	92	15989
22424	0	27870
25841	0	25217
21386	0	26265
19725	0	23211
21401	0	19223
26264	3	16194
17754	0	25997
17767	0	22066
16779	86	20882
22776	0	28633
24987	0	25831
29565	0	20438
22692	0	19835
17428	1	28717
22398	0	22909
17122	4	28361
19449	1	23399
29775	8	24467
20795	90	23681
22182	0	28564
29287	0	25440
25082	1	15978
22591	3	23748
16763	0	26984
22899	0	15035
25301	0	22523
19896	1	25658
19105	4	15847
29292	0	23119
22575	92	28482
21078	4	26605
21073	0	16379
17880	92	28916
29699	0	17852
22598	4	23802
24959	81	16539
19404	3	27765
23542	0	15944
22658	0	29232
17264	0	29173
24272	0	26043
21329	4	26644
26173	1	24378
21442	0	17337
24208	4	28145
23651	0	25862
20781	3	24515
25358	0	27009
21313	81	18427
24598	92	16112
28835	1	20614
18662	0	26547
17410	4	26876
15468	3	22180
22976	0	16858
15870	0	20108
19977	0	20167
26079	0	18225
29417	3	20100
21544	0	24913
22692	0	25874
29704	0	27291
21538	0	19620
25299	92	24412
21224	3	27403
21113	0	27366
24154	0	29809
18825	0	23810
24942	3	20346
29742	4	24657
25627	0	19944
16544	0	21948
28685	92	27316
22683	92	25910
21846	92	25560
25404	0	28093
19510	92	20799
19068	1	24021
19768	0	26387
29486	1	27058
17428	1	23900
18551	1	29499
20788	1	20235
23763	0	24300
19633	0	27776
17990	0	27893
24640	0	24723
26267	3	28133
15980	89	29237
23442	0	15996
22967	0	26021
21648	0	19529
23772	0	18158
22665	0	27294
17306	0	16084
17766	92	25793
25372	0	28133
24095	3	16865
16404	1	28893
18226	1	26204
26476	1	19334
28857	4	18644
16775	92	18790
29668	0	17525
21442	0	27956
17191	0	18481
20326	92	28649
25022	92	29080
15332	0	29439
22275	0	23218
24831	0	26727
26071	0	29209
22308	92	27552
29773	0	29089
16476	3	15217
24106	4	26594
17159	3	17586
29055	92	23804
24961	0	18601
18684	0	28152
20993	0	16082
19511	4	22371
23008	0	16324
16255	0	16897
26473	3	29674
16685	3	26810
24596	0	27878
17064	92	23107
21519	0	25329
29966	1	18043
18514	0	15038
28850	0	22107
21666	0	24026
23955	1	27404
25761	0	28473
28909	3	29047
18184	0	23188
22605	0	22150
18010	0	15293
15968	0	27644
20298	0	28492
28812	4	15561
25389	0	26677
19427	4	27156
18445	0	20593
16829	92	17467
24100	81	19394
17185	0	18711
21698	0	19938
25663	86	15587
15401	0	29831
18008	4	24416
29335	0	24587
16155	1	18079
15484	0	15193
16349	0	18597
29761	3	16616
21485	0	22192
21154	0	23111
25421	0	26608
19506	0	25612
21957	0	18118
18441	1	18989
21782	0	22247
19139	0	16733
28687	4	21062
18470	1	25131
21032	0	17626
22943	0	16354
25829	1	18777
22671	4	20069
29287	0	15668
25213	0	22147
20999	0	27643
24929	3	26849
22600	92	20435
28902	0	15104
20759	0	27485
18242	0	16377
19193	92	17466
21040	0	18178
17886	3	25685
15512	3	29906
21663	0	19789
22682	3	15386
24092	0	24321
20649	3	27838
19376	0	23642
20056	3	24871
21783	0	20282
19510	92	17041
24599	1	23162
24042	0	26234
15814	4	28008
16430	0	26647
29329	0	20099
22128	0	28241
24580	92	29816
28675	81	21222
25038	3	26644
28676	81	17701
20931	0	17488
20966	0	21992
16773	1	21956
24208	4	22456
21923	0	17918
17021	0	28655
19175	4	21979
19960	0	19924
20320	3	18322
20949	4	28404
25405	0	17729
20775	92	16522
22787	0	17665
24121	0	28555
22609	0	28255
20176	0	29846
26452	0	26991
22466	0	16888
28782	0	25465
25575	0	27012
25387	0	27574
21612	0	24020
16248	1	26826
15587	0	21769
17211	0	29148
29479	3	29180
18694	0	20166
16322	0	20665
29397	81	25834
17873	3	18734
25243	4	27312
24625	0	28007
25230	3	20698
17179	0	26715
22734	0	16611
16788	0	15668
21330	92	18394
24291	0	28042
20886	0	24368
16851	0	27045
20919	0	29218
19331	0	15540
21157	0	19626
22292	3	24132
25841	0	19934
17692	0	17183
23473	0	17363
22375	92	19227
20337	0	22260
21002	0	24688
19684	0	25920
23093	3	15076
17999	0	19570
29123	92	17352
16167	3	28255
21027	0	26351
20774	3	19581
21679	0	27239
16049	3	27034
20633	0	17677
22370	3	20498
29710	0	15611
22292	3	21065
25292	0	18276
15445	0	16223
25031	4	29815
29695	1	17172
23864	92	22001
15863	1	26494
21780	0	16883
20849	0	28382
22483	0	17063
24112	0	15250
25903	1	19933
20080	81	22418
25145	92	23171
24231	3	27135
17132	4	27633
22876	0	23597
24628	3	28711
23765	1	25355
21982	0	26033
22482	3	25952
20294	1	17057
19868	4	29887
16982	0	23690
17076	1	16224
22730	92	16585
26182	92	24608
29893	1	20610
18469	1	23821
28843	0	27239
22131	0	25475
21061	0	23803
20913	0	26097
18256	3	17496
20839	0	17033
25190	0	26763
22705	0	27283
18684	0	23677
19665	0	28013
19295	0	23386
24819	0	18950
26129	0	27936
24841	0	23857
17360	0	26246
25164	4	27173
22034	92	22501
15883	0	26805
19116	1	21161
18071	1	29519
21070	0	16574
24077	92	23982
19153	0	16969
19868	3	29812
19438	92	28181
20848	0	26200
26261	4	26444
22953	0	16710
18215	0	29086
24202	0	29107
18459	3	29439
16411	0	22290
24952	0	19007
16758	0	24936
16725	0	18581
19256	0	16093
16416	0	25795
28788	4	27447
19506	0	29934
17140	0	29926
22412	1	21791
15352	3	23407
21152	0	28142
23873	4	27121
25385	81	21418
20945	4	19644
22949	3	15179
24653	1	22480
15545	0	29623
18405	0	29173
22175	0	15757
18126	3	15146
21024	0	26885
20873	3	26299
21224	3	27761
19335	0	27072
17853	0	21948
21416	3	15158
22772	0	24658
15336	92	26997
24505	4	29786
15689	1	23612
24695	0	21550
29142	0	28193
24963	1	21570
21143	1	25066
28902	0	28840
19293	0	26613
26177	0	25736
22361	92	26785
17932	0	15399
17148	0	18925
19066	0	27606
19693	0	19000
19382	0	22106
22090	0	17639
21669	0	25983
21577	0	17085
24222	4	27090
24684	81	17813
19110	4	27994
24399	1	27309
23986	0	24935
29483	0	23912
18623	3	25521
15747	0	20275
18000	0	28280
18761	81	19407
17121	4	15526
18458	3	15554
24260	4	26958
17306	0	27069
20972	0	24662
22035	92	15296
24056	0	20217
26267	3	27668
19782	81	21404
22127	3	17177
20793	86	16328
21152	0	17570
16686	0	25771
21430	0	23582
21244	3	21361
26137	0	29687
15725	4	25269
15332	0	28699
21971	0	16184
18759	1	27067
24252	0	27970
23884	3	18089
16277	0	21096
21503	0	18393
18531	4	23073
21314	0	23121
20802	0	21060
21054	0	24382
21503	0	17181
18662	0	23069
25060	0	20470
24111	0	23813
26334	0	26935
17182	0	24443
22617	0	23815
20039	0	28408
29385	1	28956
29381	92	21616
25380	92	29620
17265	1	22329
25672	0	25826
22997	4	18114
17961	0	16579
21324	0	16643
16262	0	20445
24776	0	15012
21345	0	27905
16138	0	29891
23104	0	29102
18955	0	18153
18516	0	24661
22484	0	23734
17066	0	19973
15883	0	25723
22962	0	20519
20859	0	26739
18454	0	16136
15711	0	15566
21932	0	15167
21035	1	17592
18759	1	29578
23539	3	29635
29696	0	29979
17252	0	21590
19018	0	25407
23047	1	20691
21577	0	15691
23542	0	15060
18067	0	17552
21966	0	17518
18843	0	15974
20350	0	25375
17267	4	24335
25189	0	28993
24826	3	20274
16715	0	18192
15933	0	15014
19053	0	28919
22058	1	18793
17669	0	25792
21185	4	25607
24261	0	20374
29398	81	26175
16168	1	27989
15412	0	27511
24797	0	22473
25237	3	25680
19129	81	28670
26156	0	27099
20650	3	27259
18412	81	23007
18643	0	24608
17362	0	26833
29123	92	21773
28785	0	26794
16020	0	23258
17889	0	26731
18538	0	19994
16286	92	21457
20318	0	29031
23130	0	19597
29220	0	25649
17760	4	20140
22126	3	24371
29742	4	24403
19884	86	23551
18369	1	17176
19146	1	16057
21843	3	28958
21110	0	18945
17877	0	25908
25287	0	26322
24704	81	21575
18844	0	20374
19087	0	22338
20842	1	27589
22748	0	23280
24581	0	18740
29779	3	20089
18076	0	23453
18155	4	20372
20773	4	24750
24982	0	28915
23883	4	27653
25513	86	18060
20750	0	25624
21189	0	17220
29485	0	20052
21324	0	29914
29955	0	16116
21629	0	17947
18726	0	21938
21245	0	15942
21478	0	22411
21046	0	27635
18082	0	25916
24600	0	26553
21001	0	28059
22721	0	28097
24583	1	17544
20855	3	16727
19775	1	26294
25517	1	27469
16031	1	17716
15856	3	16755
15514	0	22803
22690	0	20406
21346	0	29071
29258	1	18642
23552	0	18366
15501	0	16202
20886	0	26556
16425	0	23844
17686	87	16675
16706	0	15917
20183	86	16307
24805	92	15657
22926	3	23478
23045	0	23845
24420	0	16750
28745	81	24704
18401	4	18653
18105	0	24173
20091	92	28107
20313	0	18804
19171	1	16648
22876	0	29098
19899	92	27866
26150	3	27846
24974	92	27303
25192	0	20404
24797	0	26655
25002	81	20713
15666	0	18041
17447	1	23714
24141	81	24167
24099	92	19539
25493	0	18329
18697	0	23493
24159	0	16740
21199	0	23180
18487	0	17080
19122	92	17241
22160	0	17594
22079	1	25541
19414	3	15400
21481	0	18718
26128	4	27821
16271	92	26205
25162	3	15171
15403	89	22522
19052	1	19542
17897	0	19208
16641	1	28296
26517	3	29964
19329	0	29526
28781	1	27334
25313	3	16118
29276	1	17483
15777	0	28011
23764	0	19230
22603	4	25862
20756	0	28107
22729	92	25550
16769	7	19768
17463	86	19371
15913	4	27124
19169	4	29448
16416	0	25936
19163	3	29461
24238	1	24937
19690	0	16924
20472	0	27731
25675	0	26737
17360	0	15590
25018	0	27872
22628	0	29846
16706	0	23154
23548	0	29855
17526	4	21815
17289	0	25269
26380	1	15143
23200	0	18165
26073	0	27000
20029	3	29901
29957	0	20048
17816	0	27850
21434	0	29789
17114	0	15228
24797	0	27283
22225	0	29612
19138	0	24397
23627	0	29411
22876	0	28532
23165	0	22323
15784	0	20205
21708	0	20245
17147	92	23364
24196	0	25649
25020	4	27115
24502	1	26223
19290	3	23336
26014	3	19455
22114	0	21340
18471	3	22500
19682	0	16510
25091	3	27372
17278	0	25275
21107	0	21960
22946	0	26949
24607	3	16924
24778	86	24124
15913	4	28318
20057	0	18481
24826	3	26313
26178	3	25925
22799	3	15907
29749	0	17100
24598	92	16217
16856	1	21584
23089	0	19621
15443	1	27988
25754	0	18768
19698	86	16942
16988	0	21803
18245	0	20136
15722	3	20574
24323	0	29201
24795	0	29578
16992	0	19857
22792	0	28256
21282	0	24496
22646	1	21870
22234	0	19272
19380	92	17648
25237	3	23288
20999	0	29803
15733	0	29157
24802	3	15024
17971	1	18890
24505	4	23738
17368	3	25131
21437	0	16032
18459	3	27113
17870	92	17822
22928	0	28123
20849	0	26639
17704	1	19568
24584	1	18713
16157	0	20286
23103	81	24320
18684	0	15101
22865	0	18755
18406	0	15297
25731	0	16834
24900	0	27271
25672	0	17494
15594	0	17913
18615	0	19919
19981	0	22253
21203	3	15522
29343	0	18167
19060	92	21940
24399	1	29083
20884	0	19615
19251	0	23021
16635	0	18035
19362	0	27088
24154	0	26778
21850	0	25934
29485	0	26571
24035	3	20615
28832	0	27447
24276	3	28206
19367	4	25116
29851	0	29563
25160	86	16269
29695	1	29128
24842	3	19343
26167	81	25282
21012	0	21759
20811	3	23575
21828	0	16432
23550	0	27482
21056	0	17629
18454	0	16808
26134	0	17443
20757	0	18754
18450	0	17739
18188	1	28813
21910	0	23688
16582	0	25999
21208	0	27578
21390	0	16714
21013	0	15105
21432	0	28131
29318	3	19949
20794	0	15251
17140	0	27436
16550	0	22353
19234	1	16017
22738	0	28727
29705	3	26394
19097	3	27428
22427	0	23379
17369	4	29040
29276	1	18109
16530	0	19003
18204	0	16857
21683	0	28479
16686	0	18876
21021	0	28187
22082	0	27260
16827	0	26733
17471	0	16236
21962	0	19837
20903	1	25065
21107	0	22351
25311	92	29363
28764	0	15603
22799	3	29902
20333	0	28122
15302	4	23506
25759	0	23920
23588	0	15225
29021	0	18025
22814	81	15518
21824	0	21838
29748	4	29546
24194	0	26008
17449	92	18868
23528	92	19184
28784	0	20280
19779	1	22168
22854	0	17348
24847	3	16455
19055	0	25923
24856	0	27713
22376	1	18373
17934	1	26235
15516	4	26211
18055	0	23315
19766	1	18750
29696	0	23755
21005	0	18823
18454	0	26913
26183	0	29926
21680	0	17002
29487	92	21746
21069	86	17117
15784	0	29792
21280	3	25610
23038	81	29219
25750	0	16469
25235	0	15064
15389	0	19917
21091	0	25560
17895	3	16247
25363	4	29819
24070	3	24898
24082	0	23498
23441	1	28605
17891	0	21475
28855	0	18541
22621	0	27859
19432	81	20969
21368	92	29932
15769	0	22630
21581	3	22824
25270	0	23115
24552	81	18618
17659	3	16700
22665	0	27745
22426	0	22883
22747	0	23512
17368	3	27285
21527	81	22938
22670	0	22100
17257	0	25618
25363	4	22699
26158	0	20193
24042	0	27713
19331	3	28548
24421	4	28051
24718	0	21996
16684	0	25629
20802	0	28360
21653	0	20068
25188	0	18819
29241	0	28758
22717	3	22843
20742	86	29366
20717	3	23374
21727	0	15793
21405	0	27582
17064	92	27435
22978	3	16460
15733	0	26753
21829	0	19519
24279	0	19332
21157	0	15077
19408	0	22455
18237	0	24135
22978	3	27633
26332	4	22238
22160	0	23609
19074	0	21956
26520	0	29847
21974	81	15600
19084	0	16136
24642	1	15551
15913	4	22323
16850	1	17623
19389	4	22320
23932	4	20674
16169	92	28493
19892	4	27125
25519	0	16501
20651	1	19267
19098	92	19932
19656	0	23738
24090	0	25178
15959	92	26763
21622	0	21563
29285	0	20216
23934	1	25276
22183	0	28561
23441	1	25177
22466	0	18731
25383	1	16934
19411	92	27561
20959	1	27992
22795	81	24105
18450	0	24009
21035	1	24326
22905	3	24340
21213	4	26416
20065	3	20629
21197	0	23493
18184	0	28312
18479	0	15618
26269	0	22838
17258	3	20189
23539	3	22884
22764	1	24881
15624	0	23353
21601	0	15070
17770	0	26930
24606	92	24872
28883	0	26312
20823	4	18297
29953	0	26938
18232	3	18898
18502	0	20422
24228	86	22483
29729	0	28504
19050	0	16595
19365	81	28689
19369	92	27402
19991	0	15211
18346	1	24767
28676	81	21274
22401	0	26809
15533	0	19919
16427	0	24004
17268	1	18177
24518	0	16511
24954	0	22283
29248	0	27483
17850	3	19669
22184	92	16830
21434	0	20526
18528	0	26756
17892	1	16906
21103	0	28598
26149	4	21837
16598	0	25458
17121	4	24410
21249	0	18900
29055	1	23505
18401	4	29820
18333	92	19608
16794	92	23601
24077	92	18016
21239	0	16603
15447	1	25897
19960	0	16870
21664	0	17420
19316	0	15895
18067	0	16809
23656	3	25553
15088	3	27213
29315	0	29551
17381	0	24713
22694	92	20820
24943	1	21597
18200	0	18115
21525	0	24770
24056	0	25062
21291	0	27912
25112	3	27801
22127	3	16937
25444	0	25424
19251	0	29650
17378	3	17093
22865	0	22490
19362	0	23752
21425	3	21574
17069	0	29323
20880	0	27367
15484	0	17173
21199	0	28002
16817	0	19027
22981	0	27476
25019	0	27557
18543	0	15170
22873	1	25964
22767	1	24393
18855	0	27056
17769	0	26527
26528	0	26857
15633	81	21527
19054	1	16896
29769	0	18125
21393	1	20341
21545	0	19566
20294	1	21785
17556	0	24489
21430	0	23082
16131	4	28261
21389	0	26198
20299	92	24392
21026	0	24615
18370	4	21550
20796	0	23456
15429	0	18737
19140	92	16368
21206	3	29915
21725	0	28521
21324	0	17413
15444	0	24602
24765	0	15355
17897	0	20184
24017	0	28333
26347	1	26803
22042	0	21547
20763	3	18540
22755	86	22518
25160	0	28037
15412	0	15400
15630	0	23999
26516	0	18797
19386	0	20790
22746	1	18303
25295	0	26155
28687	4	28099
24777	0	16234
18953	0	22406
22063	92	16890
29138	0	24343
20782	1	20150
15604	92	27809
21379	0	23026
21111	0	28617
21653	0	29387
22683	92	16501
15884	81	26441
28698	3	20939
22678	1	18937
22128	0	17840
24768	0	20554
20827	0	26590
22184	92	28011
25421	0	18739
22303	0	28266
18159	92	24763
22051	0	27271
17268	1	16443
24312	0	24688
26139	1	29043
18520	0	28039
29123	92	27010
22079	1	18713
17470	0	27106
21323	0	28355
22710	0	25375
17062	3	27535
21205	92	28251
22964	8	20322
25758	0	28636
21782	0	28488
24954	0	29427
25903	1	17781
16899	0	27519
17832	4	28152
23444	92	27723
21194	0	28222
19552	0	28148
18626	92	20581
19398	3	27229
21493	3	27012
17089	92	18985
28871	0	15678
15509	3	20424
25404	0	17485
29504	0	28298
29313	81	20623
23172	1	28624
17701	81	19477
21186	0	28706
19545	1	24892
18414	0	18032
26269	0	29560
22131	0	25685
16328	0	29604
15414	3	16319
16261	1	21565
24584	1	26032
24264	1	25429
22005	0	26524
25209	0	29945
21486	0	15012
23440	0	18702
24938	0	25844
25045	1	18829
18240	0	23216
24103	0	17618
19193	92	21285
17877	0	27087
25013	3	29206
17447	1	18177
18259	0	29916
17701	81	17991
15776	0	25284
15783	0	27709
22709	0	24297
21968	0	27508
24836	3	29419
22017	92	21550
22058	1	27511
21210	81	18429
25998	1	21814
24622	86	21510
20310	0	18510
17555	3	28928
18627	81	18189
28685	92	27675
20852	81	21527
25034	0	15577
22028	92	23787
21121	0	29653
28857	4	28726
21845	81	21697
23654	3	28636
25079	81	18509
17887	92	24037
20998	0	15257
15459	1	17293
17934	1	26089
24820	0	25914
24960	4	15103
16168	1	28283
18976	4	29461
15886	0	17621
22939	0	17780
21049	0	28227
21291	0	23240
17867	3	29685
24783	3	25929
29750	81	20126
19054	1	28268
23059	92	26406
15511	3	23677
18628	92	21657
29335	0	29303
19396	0	24352
19109	0	28353
20461	1	25439
22970	1	23178
21079	0	26036
19629	3	20594
24182	1	28332
24569	92	15568
18440	4	18294
15351	4	15051
16255	0	22791
17021	0	23151
23382	92	21906
19560	0	20408
21225	1	17171
20837	3	28584
15969	1	27187
19984	1	20471
17268	1	23099
17133	0	25550
25032	0	28596
24520	92	23146
23278	1	24393
19392	0	22247
21371	3	17590
16406	0	26684
21147	1	21728
15349	0	18650
20965	0	22332
29742	4	25416
24120	92	15229
17766	92	16887
22121	0	20384
16108	0	22535
17607	4	24603
19629	3	21755
22239	0	24338
25626	0	18903
22058	1	16303
21696	0	29001
15945	92	15847
19053	0	17468
19873	0	25324
20832	0	24863
23410	0	16743
29243	86	24777
17184	81	19378
16298	4	26719
25224	3	27857
29707	92	19680
26422	1	25991
20788	1	20486
26520	0	27098
24215	0	29408
24214	0	26562
16168	1	28184
25033	0	27032
18429	92	17016
20776	0	22203
21705	0	16144
26167	0	16432
21629	0	25857
21702	0	29452
20867	0	28204
29527	0	28481
23423	86	16778
22976	0	29855
17211	0	28621
18826	0	28390
18434	1	28230
17139	1	25714
25902	92	28470
24607	3	17785
22719	3	17631
15724	0	15232
20333	0	15758
18441	1	22265
26328	4	23034
25089	4	19464
29744	0	27073
21012	0	25341
15549	0	25706
23858	0	21774
24236	0	27284
19100	4	26355
19109	0	28908
29476	1	29059
15773	0	21847
23932	4	18383
18855	0	23157
19321	0	27193
25627	0	26008
21484	0	17431
26532	0	20684
28762	0	25619
22715	0	22194
17249	0	29018
17078	1	25873
24757	0	23754
22730	92	26683
16437	1	23597
24639	0	25199
20894	0	26869
15495	92	29969
24599	92	27959
20333	0	27980
29739	0	29561
25389	0	19186
18058	0	23141
29423	92	26233
23555	0	18578
19100	4	24743
21147	1	16747
21846	1	15409
24952	1	16487
20834	0	25735
29066	0	27704
16678	92	21065
24899	0	27363
15514	0	20101
21321	92	15300
29995	81	22377
16977	4	28420
21142	0	27684
26144	4	27441
15535	0	24340
15925	0	26411
24228	0	29881
25750	0	27031
18674	0	23358
23414	86	17155
15715	1	23737
21484	0	15296
24963	1	24169
20462	0	22754
16131	4	17412
28902	0	20576
25310	1	24655
22032	0	26563
18612	0	27455
15777	0	23808
18010	0	16936
22427	0	18081
22966	1	26918
25368	1	18171
19368	0	27221
23047	1	16449
15517	3	20602
22162	1	15845
20736	1	16755
15881	0	19956
20507	0	16902
28691	3	25882
16421	0	23890
15689	1	17347
25060	0	18547
20054	1	27240
24776	0	26796
19193	92	25617
28675	81	17682
16237	0	26027
21275	0	24494
16753	1	29623
22399	92	28415
18238	0	26905
17896	81	22779
26382	3	19921
22724	3	23510
18235	1	21790
21651	0	18578
20314	0	29260
16407	81	17813
22958	0	23250
21040	0	20677
23057	0	25753
21972	92	27498
24584	1	26239
16761	0	18120
29760	1	21774
24039	0	24489
18260	0	27858
16256	0	23107
20850	0	27049
15767	86	15873
19141	3	28057
17360	0	16937
15505	0	19724
17149	92	21656
16479	4	16204
24061	7	25511
19888	3	17917
28894	0	18562
19693	0	27800
20726	0	24422
21270	0	29629
22639	0	22338
29962	3	27290
17048	0	22066
22743	0	29946
17929	0	23372
15788	0	27789
17284	0	20488
22274	0	21535
21419	3	27310
23666	3	27360
22653	0	27969
18166	0	26605
19176	0	29323
20752	3	28618
20221	86	15423
16405	92	18755
21187	3	19953
17114	0	19720
19901	92	19590
21969	0	28427
24236	0	22233
16826	0	25557
24399	3	27542
19008	3	18899
15347	0	28638
21496	81	24619
21180	3	27501
22725	0	27103
25081	0	27379
24974	92	26084
19819	0	19840
24730	0	18751
19004	3	29683
18076	0	17295
15410	81	24620
25041	1	18938
17260	4	22072
29742	4	16923
24847	3	26572
24958	1	19005
23764	0	26846
28911	86	22472
17569	4	27360
21442	0	26321
24954	0	23855
28595	81	21845
23700	1	27521
18184	0	22163
25182	81	17303
17535	92	23365
19104	0	26980
18450	0	29677
17309	0	23640
17277	1	20610
24777	0	18916
20775	92	22901
17662	3	23117
29751	3	21811
22223	0	27362
19377	3	27994
22822	0	28369
22783	0	20208
23536	0	26912
29398	81	22418
25373	3	20683
19630	3	23890
19795	1	22890
17711	0	27158
25730	0	27135
20737	0	24465
22311	92	28023
22315	0	26227
26334	0	26919
19935	0	26417
15803	0	20338
22610	0	28218
19008	0	27581
17356	86	20310
25596	0	29355
21644	0	24300
22780	0	22210
29484	4	27094
15913	4	27838
18783	0	23184
20989	0	26410
23664	1	18923
24842	1	23682
17199	81	15325
18623	3	18120
16300	1	16712
25900	0	22631
22925	1	18717
20512	0	25703
17149	92	20010
21435	0	17951
21527	81	19483
25034	0	26937
25001	0	23924
22018	0	15223
18348	0	16034
24319	92	24325
17775	81	29482
21287	1	21479
24211	1	16917
24829	1	20161
21799	92	24658
24585	3	15364
28594	0	27629
17247	0	25382
20763	1	25909
18840	86	20770
25511	0	25248
18478	7	22974
25006	0	24295
21111	0	26642
16825	3	27828
20769	0	19614
20656	0	19281
17558	81	23660
25963	0	28187
22981	0	28570
15360	1	27874
20464	0	26993
21712	0	27876
24636	81	20934
25694	0	16234
19559	86	23532
26066	0	26985
24197	0	21936
15728	3	25673
16170	0	23826
24117	4	23319
25041	3	16279
25782	86	29953
20460	81	17151
23047	1	25878
19099	0	16194
16951	0	25526
17893	0	15837
24114	3	27777
22462	0	26881
18470	1	15212
17535	92	26500
26006	3	16696
17801	0	25620
24619	81	26132
24266	92	29359
15420	0	24895
20873	3	16625
15447	1	19257
21015	0	26020
17987	0	18932
24057	92	20276
28857	4	23823
21257	0	27937
23093	3	28094
26073	0	19996
21726	0	20487
24784	0	15493
19360	1	20285
19399	0	25526
19331	3	26296
21354	0	17699
22010	0	21358
22593	1	27541
22955	4	22030
21351	92	24492
25147	3	20550
25007	0	16199
24262	1	15831
19780	1	27489
15403	82	17426
15475	4	24348
15389	0	25952
22710	0	25728
28466	1	19667
15462	0	20098
22733	0	24503
29444	1	23261
18076	0	17461
24784	0	18530
22040	4	21867
24952	81	25309
19778	1	21565
20781	3	15400
17146	81	18854
15881	0	20263
21221	0	15637
29572	0	26251
25312	3	28815
17844	0	29814
20866	0	28480
21223	3	27147
21107	0	29027
16686	0	17438
22925	1	17722
21645	0	16742
17287	0	15566
22876	0	15973
28850	0	27011
24271	0	24468
16155	1	19993
24034	0	20589
18570	0	16795
25016	1	20002
20840	0	27251
21742	0	27907
16262	0	28713
17818	92	18700
20752	3	29081
18564	4	27082
21844	0	27402
21830	0	24512
29728	81	17824
19112	3	27222
17312	0	29069
17849	0	16496
17152	3	26471
22591	3	15503
20832	0	15367
23150	0	29164
23656	3	18755
20849	0	23337
24230	3	15759
16828	0	25072
15660	0	23488
24606	92	18015
29504	0	20534
29489	0	22144
15876	0	27707
16293	4	27490
24570	0	18079
21848	0	27170
20579	0	20599
15834	0	22344
26487	92	25616
21112	0	26316
24017	0	18996
26162	0	24429
29287	0	28731
19503	1	28086
24773	92	18578
25749	3	26643
24598	92	18264
28789	3	26126
17832	4	20128
17409	0	29887
18954	0	28641
19335	0	27219
17959	0	18572
29973	0	28770
26124	1	28951
22135	0	28326
15770	81	15737
19085	1	29584
28902	0	17241
18345	0	25393
22725	0	27144
16826	0	29990
29737	4	23450
26167	0	18112
21001	0	26357
19080	3	15074
21408	1	16918
18845	1	20575
18230	0	22461
22709	0	28270
22117	3	18944
19408	0	21062
18673	0	22890
21380	0	26233
21315	3	24355
29754	0	18968
21115	0	28166
26529	92	21918
22776	0	20567
21211	1	21889
20840	0	15254
21258	0	16907
17760	4	16352
19081	1	24915
20294	1	28225
15389	0	16276
22943	0	19472
25027	0	23361
21601	0	17361
29392	0	20479
17370	0	24703
16770	0	29592
29308	81	19240
18441	1	23020
21068	0	25770
22042	0	29020
15689	3	26632
22017	92	29637
16792	3	24863
28681	81	20521
23436	0	28129
17888	1	29096
22683	92	16985
25041	3	15110
23665	3	18019
16198	0	25984
24778	3	17342
17869	0	27045
22692	0	27280
19104	0	15164
21826	86	17901
25389	0	18819
15630	0	19188
18604	1	27965
16126	0	23496
25312	3	29631
22823	0	24397
18075	92	24531
19398	3	27178
23878	4	26058
18844	0	20471
23464	0	15266
29259	0	15399
22596	92	22810
19293	0	28314
24759	0	26208
21573	1	18084
16673	0	26628
20651	3	18577
21089	92	24682
25406	1	20090
16982	0	21875
24954	0	20199
16640	0	27356
21185	4	16710
29765	0	19014
22683	1	24142
29471	0	16718
16975	0	29161
29261	0	23293
17249	0	27771
20472	0	15892
29373	0	15202
25080	0	16078
22694	92	28747
22088	1	19001
29487	92	21449
18531	4	27229
24303	0	18086
29259	0	19676
22957	1	20280
24814	0	27851
23700	1	28376
17892	3	27963
22403	0	22703
25672	0	15908
26124	3	23485
20725	0	28618
17260	4	25546
18139	0	17972
16430	0	19541
29261	0	26819
18105	0	28278
21056	0	23304
17403	3	29797
20461	1	23344
22010	0	16836
22959	0	23106
20954	0	21791
24522	0	17977
29759	0	19524
20761	3	28734
19368	0	16699
26076	3	21476
20644	3	27088
22992	4	27696
24033	0	20362
18641	0	15840
21640	0	19144
25815	0	15972
25163	0	17589
21412	3	27120
17149	92	25395
24724	86	17710
18534	3	16918
19436	4	19962
23005	0	16005
21640	0	19717
16036	0	26646
19139	0	27907
18480	0	19265
26533	0	24644
21521	1	29551
19691	3	24458
22905	3	18022
15435	1	23896
17046	0	25049
29719	3	25652
23142	81	29657
21004	0	26233
20845	3	15575
24600	0	27563
17534	0	22262
18323	0	23171
26263	4	28500
17449	92	26715
18188	92	21558
15593	0	16611
18127	0	19790
18200	0	20587
16760	92	15560
25159	0	15552
17065	0	15619
19296	0	17631
23464	0	27296
24152	92	18218
19104	0	28945
19121	0	23303
22037	81	21045
17755	0	28439
26264	4	22883
25349	0	19913
15740	0	26618
29412	1	16400
26346	0	28436
16766	0	20376
18330	1	18109
25014	0	18580
24255	0	18940
28587	0	27127
16685	3	18849
18587	1	27923
22082	0	22155
25253	1	19228
16678	92	28613
15495	1	27291
21227	3	27809
18432	0	19487
22603	4	28265
22707	3	26446
21430	0	23062
20863	1	29283
23476	4	16370
29863	1	16926
24190	4	15203
21577	86	22432
17139	1	23065
23959	0	24561
21282	0	22752
23136	82	17424
23409	0	25056
18195	1	29584
23301	0	20943
22516	92	17661
19197	81	18758
25487	0	19946
21166	0	15356
17069	0	15115
29123	92	21331
16298	4	27520
19259	0	27478
21252	0	19659
22122	1	15538
24840	81	17559
29284	0	26899
17669	0	15053
21487	0	15852
18696	0	16221
29235	0	23402
20832	0	17921
15543	0	27890
22224	3	19941
17271	0	26934
15965	81	20038
20831	4	20676
29417	3	26465
19858	3	19640
17113	92	20093
26135	4	26113
18370	4	27325
17880	92	24877
25179	0	15391
17180	0	19178
15708	0	28427
17530	0	27791
22647	3	20111
19880	0	20585
29364	81	21292
22034	92	26851
24304	1	26094
23474	1	27913
22481	0	26705
19984	1	16082
21964	0	29676
19862	0	19521
22793	0	26871
18884	92	20712
24672	1	15362
21991	4	17467
23041	3	19038
22041	92	20678
29480	0	21815
21189	0	29881
18403	0	19227
22392	81	19191
17163	1	17651
29745	4	17326
24214	0	25939
25998	3	21814
22876	0	26566
17464	0	20628
19356	92	26848
29731	0	27620
15443	1	19309
17145	0	26089
19902	0	29798
23654	3	25912
28681	81	15498
17774	0	21861
21374	0	20397
29221	0	27755
18857	4	20470
21111	0	27225
22251	0	25220
17068	0	15736
24502	1	20516
26260	4	19661
24945	1	28377
29564	0	17440
21957	0	21891
23168	0	27768
25815	0	28972
29381	92	23946
18453	0	24138
25998	1	24442
28688	81	21418
18559	0	29963
26171	0	29904
21379	1	22258
19380	92	18594
19381	3	23408
17365	0	29791
20337	0	29020
24045	0	21349
18074	0	23829
21208	0	15578
20037	3	27342
25513	7	20924
19325	0	25863
29705	3	21787
21415	92	27574
15325	0	27671
24215	0	20447
24824	4	28522
29142	0	20048
21205	92	19190
21172	81	19192
20944	0	26240
29763	1	17795
22027	0	19342
23042	1	18723
18348	0	23912
24387	0	22435
15967	1	20557
29728	1	18935
22860	0	15393
28952	1	20494
22048	92	28814
15481	3	28608
29951	0	15687
15484	0	18042
28871	0	25267
29800	0	22215
25391	0	21553
18611	0	29928
29414	92	29037
20784	0	28364
16979	3	28990
29343	0	20419
17659	1	27697
29234	3	15987
20788	1	28381
29947	0	23357
16415	0	23463
19174	1	24708
28784	0	18936
22056	92	26829
29259	0	18944
15933	0	20186
25511	0	15063
17312	0	27029
24600	0	26655
29742	4	23890
21373	1	17228
29483	0	26955
25352	4	23277
25595	0	20558
18244	4	22294
17210	0	18344
25358	0	22284
22160	0	27225
23414	1	23799
21412	3	24742
19056	0	25135
24233	86	24521
18855	0	23192
18072	0	20122
22114	0	18224
29242	1	26728
19088	0	15082
26388	86	26483
17599	1	27667
24235	4	17170
19377	3	23886
25060	0	28464
24212	92	29019
25040	3	18644
23763	0	15028
23041	1	19038
19794	0	27527
15724	0	24404
16270	0	17421
16977	4	23280
29258	1	22836
16546	81	20947
16543	0	24915
24813	0	27193
18529	3	27303
22278	0	19626
17851	1	28190
15420	0	25799
25982	0	21599
29768	4	24361
20290	4	16061
16988	0	26341
21375	1	18966
25773	0	28108
29570	1	16563
24277	3	28149
26183	0	25455
24797	0	21917
16426	0	15601
18445	0	27079
24060	0	29663
22914	0	27925
21969	0	23395
17157	3	21936
23881	1	25194
16336	0	29391
20176	0	23796
21031	1	25401
29704	0	28484
29287	0	29550
18468	1	16103
22017	92	28768
17184	81	21458
29354	1	26774
20770	0	20706
21257	0	17538
24824	4	18368
15485	0	28266
16988	0	29200
18603	3	23707
21301	1	22704
23274	92	24481
16982	0	29330
21233	0	16207
18465	3	18252
21157	0	22111
28687	4	18020
24943	1	22832
20830	1	16039
21856	0	25849
26517	3	22829
22307	0	24923
23442	0	28044
19870	0	25172
22737	0	23691
28587	0	28818
21071	1	20240
19381	3	28769
21020	0	17780
22184	92	29920
19477	81	17561
22164	1	19202
25751	3	18296
25110	4	23642
21196	3	28916
21511	0	19930
24510	0	23974
28695	0	23153
22721	0	29813
17284	0	23706
20828	0	17352
25060	0	27816
22796	4	27740
25233	0	27272
22117	3	16450
16430	0	19996
24987	0	28305
18426	1	29462
22617	0	16507
20847	0	22317
15855	0	25467
24784	0	16591
23417	0	27807
24783	3	27362
24039	0	19954
16776	0	16477
15879	1	28732
15731	92	25471
26007	0	20433
19894	92	29119
23047	1	29072
25163	0	17057
19408	0	17291
25147	3	23566
15862	0	27278
21779	0	23684
19373	0	26251
21296	1	23400
22750	0	29147
22674	92	18380
21480	86	17396
18675	0	27600
25672	0	18946
19318	0	27195
25492	0	29175
25369	4	25541
28832	0	24345
16289	0	23726
22962	1	26760
17404	92	19611
17774	0	29361
17159	3	20679
19406	0	23847
26336	4	29619
24851	0	17478
17877	0	25216
19070	81	17701
26482	86	22755
20648	92	27042
17734	4	19947
17842	0	21841
18673	0	16909
21294	92	27579
21521	1	16651
22857	0	28427
22125	1	27787
21696	0	26495
24159	0	16922
15514	0	26551
17818	92	27150
29478	3	20743
29783	3	15076
24963	1	15229
29008	92	22230
21637	0	24755
21004	0	29418
19478	0	17315
24214	0	26656
29732	3	17645
16440	0	17571
18302	0	18720
21019	0	18179
25671	92	22150
24047	0	16749
29290	0	22538
23420	0	25196
16956	92	29557
19245	81	20731
25149	0	19021
24856	0	29426
23773	0	25587
18425	0	16088
25365	1	23343
21204	0	18473
24982	0	24649
23140	0	23328
20055	3	17175
22184	92	23679
17089	92	19216
29007	0	23914
21782	0	19675
26391	0	18858
15747	0	22848
24266	92	27194
29314	0	29420
20906	86	20853
19357	3	20102
29487	92	18174
17772	0	15048
17138	0	17017
25370	3	18042
15275	0	26952
18459	3	15356
25767	0	27269
22516	92	15023
17323	86	20763
17867	92	21885
24271	0	15036
17139	1	23366
16134	0	27143
29357	4	18898
20929	0	29943
23440	0	24062
21572	0	26942
22749	3	27728
29479	3	18748
25007	0	20249
22431	0	16362
18640	92	18828
22646	3	15940
20925	0	22839
28845	0	26579
24504	1	27893
22863	0	25196
21013	3	21560
24259	0	28342
17527	4	26598
22397	3	21883
19882	92	27771
24581	0	15793
15712	1	27917
23552	0	21450
19315	0	29091
17123	0	21937
19256	0	19615
16594	1	23169
20337	0	29034
21252	0	22284
15864	3	21657
21094	92	21449
20320	3	16818
24039	0	18917
20761	4	25859
28696	3	22844
16411	1	28079
15863	1	21806
20472	1	23492
19858	4	17473
17453	0	27094
22044	3	27526
20927	0	18298
24642	0	15551
21923	0	24618
19145	1	25120
21433	0	27115
24497	81	24620
29244	1	20709
16287	0	23992
25032	0	25945
17370	0	27455
15459	1	28827
23464	0	24603
24155	86	17761
24074	0	28603
29222	81	29735
24851	0	18942
22080	0	25690
29731	0	18754
22381	0	15806
17301	0	27666
21379	0	25265
22184	92	20278
18432	0	20534
21102	0	29491
19158	0	17741
22777	0	26395
18507	0	29597
24501	92	28253
17836	0	19669
18235	1	16735
19059	81	28679
16020	0	18311
25515	0	29306
18625	0	18650
15815	0	29888
25695	0	24009
25083	0	27772
21057	0	29224
23435	0	15577
24272	0	23315
21036	0	25801
19193	92	26835
24952	1	17724
24839	92	27766
24217	92	19232
20903	1	22001
20859	0	26314
19402	0	23852
25421	3	26415
20215	81	19767
15946	3	19537
24101	0	27277
22037	81	29286
23046	92	23113
19534	0	23581
24765	0	29622
19792	4	17354
21256	3	29151
25230	3	19942
15415	0	26065
22789	0	21564
20879	92	15104
21150	0	24460
24117	3	26084
19423	1	27131
16167	3	26787
15913	4	15277
15733	0	20661
15635	0	20490
17835	3	16709
19103	0	24745
24995	4	23342
18065	0	29821
22730	92	16923
19113	3	24348
25376	0	29445
17801	0	16010
24373	0	19659
21810	81	21218
24787	4	22882
22152	0	28446
18857	4	19679
15513	1	27829
19774	0	16805
17163	1	26900
24783	3	18860
23669	3	22872
25517	0	15995
18524	0	25657
19061	4	25297
22609	0	20047
21957	3	18316
19704	0	19569
24765	0	29029
16249	0	17437
25152	0	20556
23037	81	19752
21873	0	25255
17560	86	20986
17268	1	17172
25043	0	18265
26179	4	28044
22156	0	24454
20726	0	24544
22711	0	27124
25512	0	25633
19234	1	26774
16028	81	19830
25228	92	28308
21544	0	16519
22646	1	20502
23520	0	21571
15591	0	20641
16555	0	26024
15327	81	22393
19092	4	17969
24421	4	17386
21183	0	15766
25227	0	27822
25098	8	19598
22310	4	28344
19415	0	21751
22297	0	22201
21194	0	29639
20834	0	26368
24620	81	24760
21016	0	29441
20804	3	28206
16638	0	18830
21676	0	16587
19103	0	28518
18501	0	22913
21079	0	27515
16899	0	27463
16982	0	19211
17122	3	27690
21971	0	20561
19097	3	15193
24942	3	27169
22717	3	16342
22162	1	28178
23055	92	18911
24782	0	17349
19172	1	27132
18440	4	29168
29123	92	17505
18205	81	17847
16132	86	19058
21027	0	17700
24387	0	16522
21519	0	26448
20035	3	23712
18226	1	15311
16788	0	18701
15433	3	29562
22738	0	19730
17125	1	23766
29366	0	24003
24929	0	23131
21357	92	27369
24949	92	28870
21288	0	29537
22788	0	26719
19377	3	21574
22639	0	16830
25385	81	18189
19191	81	15327
16726	0	16578
19692	0	27422
22868	0	28648
23938	81	21283
17603	0	25196
21928	92	22535
20801	0	20243
21396	81	23708
25253	1	20455
16305	0	24462
22135	0	23227
15630	0	18307
24102	1	15339
22128	0	27918
23771	0	16324
24236	1	29302
28855	0	18287
25374	0	27024
25093	92	16057
25842	0	28584
21202	0	24555
25903	1	19241
21137	3	25867
17817	1	28605
21225	1	29189
25444	0	16118
22380	86	25068
29705	3	27171
20752	3	16724
21014	0	27279
20900	0	26766
26136	3	20107
19439	1	15613
18038	0	15706
18539	0	18217
15340	2	19448
24999	4	18947
29699	0	15629
23763	0	26438
29383	1	20138
29800	0	22286
15421	0	27049
21244	3	20375
23420	0	15393
17880	92	28188
21282	0	24331
19095	1	20593
17555	0	27449
18426	1	16615
29364	81	17775
20038	81	24267
25115	92	19729
24821	0	27789
20761	3	15830
23420	0	25882
20832	0	23625
26168	3	26551
20324	1	17964
16321	0	17730
16695	3	27975
20832	0	26639
20840	0	29559
19370	0	23737
29384	0	27566
15722	3	20576
19359	3	19703
18783	3	16723
28676	81	22969
16680	0	25824
23200	0	21999
25060	0	15139
22516	92	29660
18629	1	29325
24263	3	24321
29668	0	17475
24970	1	23853
17900	3	16050
19634	0	25958
16322	0	27158
24580	92	23188
22925	1	21533
23520	0	23071
25028	7	28834
20915	0	22053
18448	1	28719
16430	0	25821
24805	92	20432
20761	3	29111
23765	3	26436
22041	92	24340
17179	0	26729
24304	1	23341
17842	0	16902
20932	0	15144
17860	3	23767
23693	0	24029
28804	0	28653
21224	3	25586
17167	0	26280
28774	0	26911
18399	1	24333
17312	90	15990
24977	1	20475
25301	0	29970
17961	0	15669
19408	0	20345
22867	0	22243
29704	0	21331
24552	81	19686
21433	0	24137
28604	0	21365
15883	0	22440
18242	0	27756
22710	0	15026
25746	1	20821
21489	0	18160
16272	1	27691
15336	92	21501
19684	0	25324
17662	3	23066
23528	92	28892
23405	0	18420
21215	3	19277
21166	0	28238
22939	0	25544
22035	92	25986
19141	3	19241
23433	0	20510
23177	0	23180
26418	3	19813
28905	0	25470
17396	0	25888
20726	0	17809
15625	0	18597
18398	1	26307
21260	3	29664
24399	1	17229
15422	4	23368
26519	0	28030
17870	92	28229
24077	92	16383
24985	1	20480
19690	0	28457
23542	0	26480
21393	1	29215
22389	87	29576
18466	92	27102
29761	4	26228
19439	1	25788
21964	0	27106
24809	92	29425
17597	92	24618
15979	0	23776
28868	4	19852
23986	1	18790
19114	1	19222
15728	86	29269
15930	0	24426
26159	0	29084
19684	0	29546
17275	0	17469
18208	0	27922
28878	3	18122
21181	7	18054
22874	1	23156
17290	0	28717
20976	0	15097
15466	3	15388
16014	1	25268
20985	0	22920
25243	4	24437
23933	0	27697
21037	0	26645
26166	92	29944
29471	0	26349
19374	0	28400
22645	92	25107
17870	86	22482
19690	0	28176
24215	0	23251
29695	1	23099
23382	92	16656
18055	0	18965
22025	0	24166
21115	0	16037
17529	92	21790
16964	0	26581
16154	0	24895
18763	0	23679
19500	0	28566
22694	92	16884
24797	0	22447
18842	1	23705
17153	1	29608
18513	0	20374
29345	0	28370
29479	1	29667
21079	0	26460
15625	0	26770
23010	0	29245
16154	0	29190
23042	1	15221
17816	0	27851
26263	4	29277
19415	0	28580
17864	81	24957
20828	0	16504
28586	4	28073
22821	0	15383
21028	0	23082
19690	0	18326
24201	0	15307
15775	0	16799
16170	0	27299
25746	3	28073
16706	0	17984
18425	0	23993
17873	3	22247
29352	3	28152
22674	92	23190
17360	0	16397
25437	92	28793
20975	3	17347
18184	0	19681
22592	1	20449
23665	3	29532
15447	1	28924
17867	92	20570
20930	3	29923
29756	4	26506
22419	0	23825
21738	0	27872
19915	0	17017
21287	1	29613
29779	3	18079
25243	4	23066
17929	0	24164
21195	86	26116
20854	1	16013
16198	0	22700
18439	0	28642
24420	0	25322
19173	4	19532
22081	92	29780
29352	3	25913
22415	0	27526
28588	4	26627
25052	0	23166
15747	0	26323
24774	0	25659
21672	1	17637
16678	92	16935
29706	3	23564
17180	0	26744
26273	0	28432
19354	3	28170
20962	81	23660
19318	0	19453
19630	3	27119
18760	0	22599
17069	0	27544
17070	0	27397
23869	0	17502
23878	4	29251
17961	0	29926
19058	0	25658
15803	0	28131
29483	0	18002
20770	0	27944
16943	1	24876
22656	0	28528
18430	1	23747
17052	0	26320
26135	4	23330
17801	0	21729
29366	0	18939
22422	0	23514
22518	0	18386
18726	0	15159
24960	4	17341
25444	0	24367
15598	0	29500
24696	4	26718
18612	0	26037
17268	1	23024
22798	1	24337
22814	81	21424
15913	4	28147
22814	81	16950
19436	4	16844
20777	81	17862
21216	3	15234
18240	0	28645
29357	4	21808
23549	84	16028
24034	0	19928
24097	0	15193
22673	4	24300
18239	0	28348
22942	86	18335
16673	0	18651
17130	81	24213
24653	86	17755
18431	0	17201
24894	0	18264
19443	0	15261
24050	4	24671
29731	0	29559
21145	0	28563
21373	1	18890
26152	92	29890
15337	0	16813
26006	3	19734
25243	4	29518
24257	0	29900
16960	3	20450
23384	0	20345
18588	1	27055
19258	0	27630
25308	0	21590
17887	92	27386
17823	0	21532
29259	0	16181
23667	3	29073
23300	1	29609
18477	0	29212
29851	0	28988
18511	0	27420
17682	81	21458
16156	3	22887
16416	0	25729
21109	0	15742
21911	3	25918
15936	0	18579
16828	0	17548
18184	0	21429
18342	0	24523
16553	0	22870
21648	0	20511
23859	0	29999
17958	0	19624
22721	0	24710
26147	3	27734
19100	4	16886
19886	3	20527
16952	0	17945
20763	0	26414
20053	81	15515
17245	0	26968
18555	0	22229
18226	1	16733
23200	0	17970
21486	0	18831
28594	0	29544
19768	0	19674
15773	0	21588
21226	1	26685
25778	0	20282
18003	0	18938
24277	3	17912
25036	0	29671
15412	0	26673
26124	3	24360
18616	0	20576
24399	1	26761
20053	81	20667
29483	0	23475
20564	1	15801
15780	0	26558
25963	0	26209
15317	0	19643
17836	0	19789
15441	0	17636
22725	0	23578
19137	4	23065
18003	0	15642
21107	0	23962
15342	1	16210
21653	0	26926
19480	0	28126
29974	1	16665
24642	3	15679
25167	92	28358
25031	4	19669
21215	3	23929
22598	4	28509
15802	86	20065
24507	3	29422
26130	1	27265
20219	0	21146
24112	0	23214
16262	0	23122
22380	0	29518
29248	0	29194
20725	0	22347
21395	0	22443
21782	0	20438
22590	81	25665
23426	0	25997
21071	1	20239
24034	0	23961
24988	0	23619
21650	0	26944
18613	92	15986
16418	0	17924
19361	3	27597
22875	3	26364
15470	0	28799
22127	3	17624
24831	0	19947
19706	1	16923
21108	0	22704
21655	3	25464
21013	3	28928
24992	0	16396
20018	0	16073
25019	5	15640
21301	92	15504
21603	0	16089
26067	92	17345
16817	0	16823
15666	0	16705
21664	0	15987
22975	1	15379
16048	0	25317
16958	0	29117
21848	0	28407
25488	3	17697
21232	1	20721
29287	0	18701
17377	3	22074
25746	3	22241
15959	92	23976
15593	0	16196
26449	0	29229
24192	0	17005
19324	92	21796
25001	0	20587
23482	92	27297
21711	3	29076
16960	0	22573
18324	1	16722
20632	0	29015
20657	0	27463
15480	0	27084
17021	0	15669
19504	0	29665
22130	0	26457
20464	0	15994
25556	0	25542
21314	0	25853
23442	0	23106
21257	0	24931
19373	0	25466
20041	0	28186
23314	0	17776
26130	0	21755
17116	1	27253
16851	0	25636
29528	4	25522
17868	1	19979
26147	3	20480
19563	0	24174
24215	0	26557
21387	1	23701
29394	0	20476
22932	4	27007
22060	3	20417
15776	0	19447
21079	0	29078
24399	1	28240
16129	0	18781
25230	3	28936
17371	0	25425
19092	4	18735
29801	1	27954
24231	0	19973
16530	0	28829
22085	3	18286
17693	0	18172
24787	4	26583
21325	1	22640
26128	4	19948
21351	92	21360
16993	0	22696
16893	1	18519
19176	0	28526
18665	0	26583
17260	4	25639
15876	0	23618
24124	0	17617
21377	4	17956
19861	92	26444
19112	3	27256
23474	81	16949
21606	0	17334
29261	0	27527
18073	0	29798
16296	0	16089
22152	0	29827
18607	0	15000
19108	3	17498
23520	0	16317
22484	0	27158
21800	0	26544
22303	0	19025
29743	0	17907
20312	0	17420
20724	1	25791
19988	0	20388
29471	0	16096
21671	3	27472
18520	0	15217
20301	3	25845
24056	0	25985
21984	1	23280
20633	0	23465
15486	3	20052
24529	0	22547
21258	0	29806
22698	81	25784
21478	0	26478
19336	0	26188
29951	0	18653
22184	92	27525
16014	1	28743
21227	3	27802
24116	0	15043
22778	0	19652
18302	0	16386
29714	0	22144
16327	0	16888
20850	0	15123
24196	0	28946
25374	0	26525
24803	4	22497
15954	4	17616
24077	92	24015
17410	3	15520
20788	1	18946
22267	81	23053
20756	0	26316
23596	0	20111
17268	1	18915
19375	0	29654
19363	0	20160
24568	0	28191
25672	0	19221
21038	92	16358
24838	92	26033
15473	92	22552
29741	4	18590
20794	0	16623
18763	0	18891
19140	92	19041
21136	3	19934
17397	1	19938
25732	0	28234
19330	1	18664
21577	0	20506
22755	0	16085
25815	0	24868
17707	0	26873
20975	3	23633
18244	4	16467
15715	1	27464
25627	0	20641
18844	0	23612
16167	3	29833
18075	92	18720
25351	0	29562
19649	0	29099
29007	0	16184
16544	0	15110
22946	0	23133
21110	0	19735
16826	0	16442
20564	1	18306
23763	0	22714
21177	92	28205
22039	0	28772
25030	3	20068
28774	0	17536
17179	0	20213
16634	0	22023
19478	0	28559
23764	0	27506
24104	0	18339
22226	0	27271
16687	0	16445
22638	0	27619
29778	92	27886
24974	92	20421
28835	3	22693
24190	4	29079
17932	0	25913
17766	92	19872
23440	0	23478
21211	1	28330
28705	92	25725
29705	3	19033
25113	1	16935
18432	0	20413
21666	0	20513
17775	81	28943
20323	1	25897
18442	0	15215
19549	0	29534
15791	0	21915
16856	3	22840
29510	0	23684
16151	3	28969
15328	0	27879
18675	0	29419
21107	0	22113
24058	0	26596
22981	0	27655
18076	86	21538
21706	0	19183
22987	0	26996
25413	0	21585
26388	81	26483
19545	1	20536
16271	92	28570
18056	0	18050
15593	0	29937
19248	0	20008
17055	0	24365
17163	1	20274
20866	0	24930
21168	92	28809
15795	0	17242
24261	0	16887
17428	1	15053
24832	1	26431
29765	0	23358
24978	3	16215
22078	4	25604
15959	92	21551
22736	0	20598
23063	0	26918
23548	0	18351
16328	0	23324
29012	0	28290
20932	0	27291
17667	92	26966
24215	0	23252
24146	0	15082
24666	0	19857
21109	0	22339
24849	0	29040
22876	0	15942
25003	0	23393
24777	0	27296
19110	4	29525
24939	81	20735
20774	0	27100
24773	92	28646
20842	1	27101
25115	92	15293
17301	81	28779
15330	0	20938
22400	0	27056
28682	81	21462
17988	81	18599
24934	1	27044
15733	0	25431
25294	1	26917
25030	3	24749
17321	0	22919
18661	0	17340
17528	0	28739
20928	0	27108
19163	3	26586
21471	0	23309
17673	0	17054
16479	4	26413
25841	0	27576
22977	81	17158
28885	0	23189
22059	0	18138
17410	3	15107
18010	0	16386
26260	4	29936
17695	0	29114
17932	0	25924
22609	0	23100
24698	0	19616
24636	81	24498
28696	3	25811
29947	0	24879
19075	0	17497
17527	4	26371
15319	0	25591
21823	92	27575
19445	0	27211
21330	3	18394
19122	92	27019
23694	81	20083
16346	0	26510
23934	1	28138
28865	0	15526
24290	86	23666
22015	0	17613
25748	3	29614
20795	0	22197
21495	1	25142
18529	1	29633
25418	0	29160
29695	1	23231
23548	0	15992
24776	3	17648
20931	0	15581
26273	0	27040
16036	0	27865
29762	3	20140
24672	1	19538
22593	1	20070
26398	0	21579
21181	0	27703
17600	0	19488
18501	0	22909
21077	0	28365
19779	1	28251
17271	0	29294
20796	1	28558
26162	0	17696
21578	3	15706
18783	86	28836
16155	1	24389
21157	0	18679
21091	0	29111
21291	0	26292
20461	1	19666
29470	1	29837
18602	4	26665
24057	92	17647
22364	1	22386
21963	0	25714
24695	0	29844
24152	1	20951
20333	0	28612
25368	0	27971
21083	0	27313
15441	0	18305
25019	0	27409
17053	0	24664
18336	0	25428
17362	0	27733
19416	3	16843
17398	92	29850
16158	1	19463
29744	0	29577
21371	0	29296
15923	0	16625
17122	4	15032
24968	3	26867
22614	0	26848
16365	0	29363
21686	0	17014
21075	81	17806
20033	81	20942
29722	1	29924
24598	92	28514
18431	0	27521
16760	92	16991
21576	0	15129
24252	0	26659
20941	0	22216
22951	0	26721
17879	0	18285
18330	1	27564
18662	0	28664
22234	0	23626
21310	3	23026
21387	3	28514
18253	0	21097
19910	0	19659
19764	1	25069
15797	0	17492
17526	4	17581
17556	0	15895
24783	3	16447
22516	92	28273
17816	0	23283
18976	4	15116
17398	1	25905
19497	0	19562
19234	1	17653
15486	3	25573
16157	0	15849
17233	0	19997
22090	0	29517
29572	0	17480
20851	0	16112
29474	0	16916
18076	0	23961
25039	0	26866
18431	0	17086
20892	0	27730
22647	1	23710
20057	0	17658
18561	0	15843
19104	0	17023
26146	0	24415
19154	0	18730
24899	0	27653
17985	1	29921
28705	92	29140
20893	0	21863
22419	0	17239
17266	0	29546
20866	0	18148
21048	1	27701
19690	0	27808
29246	0	17386
21966	7	25366
17659	1	28540
19862	0	28240
21542	0	20697
26156	0	17625
18142	4	23254
29395	0	15793
18184	0	26581
22681	0	26684
24199	0	17036
15851	0	17542
25227	0	27988
21208	0	28755
19910	0	23557
19080	3	26750
15832	0	27335
25749	3	19719
17306	0	29447
23482	92	27242
18616	0	21560
22968	0	20706
24724	0	28694
24780	4	27552
19411	1	24142
18142	4	23120
21739	5	15640
17452	0	27734
25692	0	26445
17835	3	18251
17121	4	28387
19296	0	26102
19873	0	15395
18210	1	20242
19415	0	26928
23548	86	24040
15814	4	28314
22957	1	23977
17872	0	27517
29318	3	23825
16475	81	29740
23595	0	20496
26264	3	20400
23654	3	23252
24787	4	23816
15317	0	23728
28762	0	28004
25281	1	26426
15965	81	21527
25626	0	20187
22690	0	27500
15341	0	29327
19441	3	16999
17841	3	17920
26449	0	22295
25033	0	27517
24834	0	17011
21199	0	17183
16992	0	20640
23538	92	29546
16155	1	27652
22662	0	28408
16793	1	23690
21220	0	25823
21832	0	26902
20801	0	16317
17836	0	21942
24781	3	22067
23541	1	15574
15659	0	18574
23200	0	26947
29714	0	20356
24229	1	15607
18857	4	27350
18009	3	24451
16148	4	27935
20337	0	18093
20856	1	25924
29309	3	28511
25246	81	24846
28899	7	20885
20889	0	25952
29514	0	29817
24818	0	29137
17961	0	27509
25437	92	17586
21229	0	15394
18414	0	28959
24926	0	29328
25143	0	28470
19008	0	25175
23503	0	19727
21138	0	22232
26520	0	24454
28587	0	29810
21408	1	28057
22765	0	15197
15501	0	27026
29668	0	27113
21157	0	23330
24539	0	21866
21964	0	27420
20029	3	17335
24036	1	16071
19489	0	28426
26031	0	23730
19253	92	19821
19960	0	27356
21401	0	15376
15862	0	15106
26328	4	29113
21393	1	26003
24571	4	15142
24117	4	19833
21042	0	27849
25383	1	16836
19441	3	17008
16758	0	25336
19116	0	16739
29471	0	23633
24193	0	23171
21166	0	25328
18076	0	18981
24987	0	29461
21242	0	26981
25020	3	25786
20782	1	19922
24117	4	18730
23972	0	17482
18546	86	16250
26517	3	26205
24986	0	22073
21189	0	16628
23436	0	17011
17322	0	27573
15913	4	23087
21042	0	27319
29695	1	29215
15455	92	29404
22516	92	27893
19367	4	29452
17415	86	19379
29948	0	20087
26074	0	28129
23481	81	29703
21038	92	21979
17312	0	18595
23413	0	27404
18257	3	16925
15956	3	20134
17159	86	21605
24214	0	18740
24030	0	23527
20564	1	23526
22088	1	27862
25595	0	22249
19355	4	29848
21679	0	29252
20784	0	19719
22041	92	19592
24824	4	27163
28952	0	21956
22905	3	22214
18441	1	20814
21739	0	24372
22726	4	19783
18539	0	27468
24206	3	18310
21598	0	16366
18346	1	18974
18056	0	27693
20649	3	17719
19853	0	28239
21022	0	15744
19389	4	29579
21503	0	20414
29310	0	22020
25902	92	21479
15760	1	27274
20727	81	18220
22756	0	19189
24884	0	27714
21176	81	15457
22609	0	18343
22876	0	15264
22394	1	23793
23772	0	25276
16725	86	24231
16320	0	20491
22946	0	28242
21397	1	20238
22759	0	23279
16159	1	29054
20960	0	27869
23654	3	21451
22131	0	21718
15925	0	23834
29708	1	23743
21103	0	26315
16167	3	19190
26146	0	24454
20564	1	29808
19048	0	29853
25752	0	17176
15421	0	16069
28674	0	28282
25742	92	22001
25695	0	25342
29505	0	28265
17533	0	25787
21783	0	29784
26517	1	22829
18504	0	22693
16992	0	26083
28910	86	16744
17428	1	29917
17056	0	26634
24842	3	22103
29716	3	18313
21076	86	20515
20065	3	22154
25039	0	29058
19325	0	18728
16255	0	28988
25295	0	24328
29287	0	23600
22984	1	15607
18259	0	23452
18686	0	17517
25900	86	26013
21324	0	28639
28684	1	27821
18609	1	23179
17162	0	29639
24981	92	16071
18214	0	23736
17151	81	29450
17893	0	18102
19754	1	15220
24942	1	15062
19506	0	29391
22010	0	27215
21573	0	28262
24803	4	22273
24946	0	19244
18452	0	23496
23382	92	27387
16267	0	16458
29484	4	25140
19635	3	17925
15963	4	23846
20758	4	28732
24098	3	27996
15481	4	29827
29348	1	27265
19823	81	22795
20870	0	26213
21919	0	19924
20091	92	28719
18099	1	20453
19129	81	22418
22394	1	28230
19861	92	28929
23654	1	23251
21235	3	28480
18415	0	22210
20861	1	16882
16989	0	27757
21187	3	28079
19936	0	25501
17070	0	26244
24091	4	18781
20299	92	19557
21132	0	23900
29007	0	27374
29759	0	17193
22017	92	28458
22997	4	15106
17768	0	17341
24927	3	26265
15865	0	26291
21205	92	27225
17667	92	27889
17381	0	28532
25365	1	23375
22647	3	22101
16957	3	25123
15828	4	20249
19884	0	27788
21291	0	27091
25515	0	23035
15823	0	18221
24118	1	15294
16420	86	20644
21686	0	18969
20472	3	28412
24640	0	27756
21281	0	22328
17882	92	23498
22008	0	25614
24076	0	22339
19113	3	18145
25031	4	26734
16414	4	29004
20834	0	21798
18397	0	29942
15873	0	15450
28864	1	28048
24697	1	26235
24319	92	25546
24115	3	28379
26337	0	27530
24256	3	15164
24851	0	23363
19298	3	23061
20987	0	25193
26487	92	19224
21225	1	19022
25495	0	28486
16685	86	23409
22782	0	28290
24086	0	24412
24983	0	27635
25253	1	25137
16976	0	26481
19893	0	20709
26529	3	28404
24564	0	19722
21538	86	18076
25014	0	26551
29471	0	28030
29342	0	27038
18377	0	21888
24829	1	29964
16992	0	16836
17932	0	16241
22686	4	27909
17374	0	23161
20739	92	26727
25802	0	17430
19141	3	19469
19498	81	15089
22087	0	28632
22302	0	28087
25773	0	24674
21700	0	17501
25021	1	15493
22034	92	29632
17751	1	26279
22960	0	25995
15289	0	24556
24807	0	29886
21330	1	25569
22682	3	20133
19193	92	24250
29062	0	23766
22811	81	16475
22123	3	27779
28762	0	27383
22381	0	18392
22786	0	27338
17089	92	21888
25091	3	20695
18161	7	21212
16169	92	20675
22058	1	15521
29384	0	23639
21175	81	23874
20761	4	18181
17120	0	23151
24421	4	16388
22724	0	17035
22251	5	27883
21602	3	23201
18841	86	29739
19866	3	15684
17867	3	22283
21630	0	15316
16255	0	17812
17115	0	27214
19158	0	16312
22711	0	21656
26167	81	25580
18612	0	26636
17078	1	19022
17880	92	28021
26380	1	15040
17997	0	27546
18458	3	19530
20784	0	25881
21430	0	18705
24493	0	17218
25351	1	16083
23524	81	19059
21970	0	27761
18667	86	29138
18161	0	22569
18408	0	16342
18465	3	27993
19139	0	26564
17126	0	20694
22960	0	27228
24969	0	25721
16684	0	29867
15873	0	18548
19248	0	24499
15458	1	17047
19754	1	19547
17046	0	28219
29456	3	21761
25747	1	24540
22637	0	15653
25230	3	23786
29657	0	20275
17308	0	19488
16553	0	29601
19350	7	21526
18640	92	22196
21970	0	27275
22972	0	27357
16831	3	19589
29734	0	26226
15822	0	22072
21035	1	19606
24672	1	19022
18602	4	21862
20968	0	27457
29374	0	16924
19293	0	29156
25253	1	22595
26482	0	22230
17981	1	16348
24639	0	17696
22953	0	16523
20327	0	19840
21295	1	26306
17715	4	21871
18630	1	15118
23664	1	26409
22944	83	24282
22947	3	23815
21224	3	24038
24759	0	28073
29123	92	19711
15480	0	27018
23037	1	18199
22654	3	25198
22915	0	16985
26161	1	28895
29741	4	23218
19536	1	22471
20885	0	16340
22636	0	27140
29364	81	22391
19316	0	25701
18214	0	19208
22125	1	24741
15282	0	22584
25902	92	19806
17899	4	18418
17870	92	21954
26346	86	29039
18441	3	25898
24094	0	20368
19885	3	21802
21377	4	23154
17287	0	20419
21738	0	28638
26261	4	27556
19915	0	17010
17206	0	26478
17885	0	22470
19775	3	26294
17119	0	26560
20751	0	23456
16161	1	28417
21107	0	23167
15773	0	26468
24215	0	16090
15980	89	17424
19158	0	28104
24301	0	25912
18441	3	16618
26473	3	25908
22663	0	20595
17062	3	18355
17447	1	15150
21073	0	17417
18635	81	23051
25020	3	22439
17120	0	21802
20845	3	27658
22894	0	18424
24049	1	18656
29345	0	26224
16833	1	18925
18067	0	25558
18451	3	19566
18640	92	23107
25145	92	19002
16289	0	20108
24803	4	25999
21236	4	25104
29705	3	18096
26521	0	26063
16761	0	28964
24203	86	18505
20898	0	21801
25179	0	15246
20758	4	23767
26130	0	23347
25388	92	17350
20464	0	27391
22012	0	17509
18783	0	28351
16819	0	26830
21279	3	27193
24263	3	23915
18323	0	22150
20841	0	17504
23939	92	28776
19823	81	17158
24268	81	26163
25672	0	19541
15443	1	23918
23542	0	23582
29007	0	29644
28851	86	23550
21156	0	29224
21374	0	19613
29728	81	18189
17247	0	23987
22868	0	27376
17608	1	28089
23464	0	24392
28906	3	27411
20888	86	24076
23869	0	27104
29413	4	20353
18412	81	18413
29398	81	17874
24783	1	16469
29779	3	27272
21668	1	28929
24619	81	17931
16036	0	23829
16476	3	17658
17875	0	16165
18099	3	20453
17987	86	16770
16329	0	27979
20036	3	23324
16689	92	26720
29010	92	19606
23038	81	23973
18438	81	18288
17244	3	28337
19395	1	21877
22960	0	26216
23884	3	25201
19291	0	17193
17842	0	21840
17380	0	23695
19550	0	22732
21427	1	15219
23165	0	24750
23129	3	16921
23931	81	22706
19390	0	27141
25379	0	29860
26164	0	26012
21408	1	28383
17447	1	18710
24586	81	20714
19432	81	23540
16530	0	15850
16856	3	25810
29432	0	18068
16161	1	23853
17206	0	23198
21376	0	27580
19481	92	20070
17113	92	19307
20035	3	16983
26532	0	21497
25032	0	20720
18763	0	26501
19900	92	27249
20036	3	26779
25385	81	28591
29755	4	28721
22967	0	20640
15415	0	17577
23986	0	26309
16798	0	20684
29699	0	20536
19902	0	21914
18613	92	17015
22789	0	27046
20776	0	22262
25045	3	24908
21035	1	28929
23200	0	23703
20627	92	15628
15660	0	15075
19379	3	28464
24257	0	20684
28901	0	19460
25032	0	27572
25077	0	23895
23415	86	15425
18215	0	15124
17825	1	18116
25627	0	25785
29754	0	18384
20886	0	25805
20035	3	28531
28586	4	22241
19422	86	19054
22943	0	18781
29714	0	27348
29852	0	25611
19892	4	15806
19137	4	27099
15336	92	28505
29565	0	26758
20827	0	15300
23772	0	16602
18529	3	29816
16170	0	26617
25303	0	17977
20023	81	18627
17076	1	20138
22995	0	28164
29472	1	27127
16672	0	26310
22656	0	22352
24946	0	17735
25018	0	20157
25008	3	26887
24831	0	24727
19159	0	18742
22710	0	24007
22048	92	26280
21176	81	23931
26160	0	26200
21166	0	28293
18614	1	26340
26159	0	29946
18449	0	28987
15516	4	20251
25517	3	27469
28897	1	28415
22306	3	24177
23520	0	25238
24089	92	20609
20462	0	20592
22466	0	19222
19880	0	24865
23627	0	18222
24232	0	25851
16412	0	26943
15407	0	28724
19329	0	16239
20313	0	18103
29571	3	24671
15955	1	28371
18621	0	26741
28836	86	18783
29720	1	29586
24838	92	27987
16149	92	27108
19689	3	24436
18616	3	15305
17287	0	27932
20890	0	19490
17968	0	27672
22725	0	18897
16726	0	26037
26334	0	27201
23104	0	22879
22088	0	20596
17127	0	29089
25288	0	15891
16784	0	29637
15822	0	24025
20458	4	22266
24033	0	20207
23771	0	26897
23971	0	27476
25039	0	28241
26141	0	25600
21505	0	15520
29735	81	15438
15412	0	26546
21129	0	20250
23482	92	15152
16479	4	27164
21269	1	22351
16775	92	18791
15499	86	21015
21460	0	27921
17369	4	20236
22224	1	20237
23416	0	17612
21856	0	27023
22377	81	17379
24181	0	17792
25767	0	20490
29696	0	23739
22972	0	21729
21740	0	23685
19775	3	20480
23043	0	19619
24982	0	23276
29742	4	16597
24259	0	23266
18448	1	23306
20314	0	19839
15511	3	20821
15406	0	29913
18439	0	16441
21233	0	27431
23959	0	20506
17659	1	23641
25230	3	28357
21255	2	16889
19357	3	19043
18238	0	16711
18321	0	16219
15950	81	24975
16127	86	22924
21235	1	18647
19074	0	27573
20909	0	21722
17849	0	17408
26167	81	29300
25222	0	26654
15773	0	17225
22466	0	19803
17121	4	28981
23143	0	20075
24933	92	15558
24574	4	28410
16772	81	19191
18531	4	18275
20507	1	19652
23664	1	18315
24960	4	19713
28886	0	22887
24854	0	24007
21102	0	18990
17555	3	24879
24621	0	28209
22043	0	19727
18258	4	28104
16827	0	27741
20909	0	27546
23441	1	28028
18615	0	27420
15429	0	22416
25081	0	28399
16031	1	15736
20183	0	29197
17831	4	27968
29413	4	25142
19506	0	26708
22737	0	28707
22607	0	27365
15335	0	26804
15336	92	28066
15481	3	19582
25143	0	16556
24571	4	27701
24087	0	25320
20222	1	27186
24111	0	23217
19398	3	18140
24783	1	25929
21738	0	16485
20312	0	22791
17369	4	29085
15091	1	25382
21249	0	20189
15797	0	27735
17121	4	17439
17182	0	24703
15725	4	23796
18487	0	27856
17233	0	19728
17990	0	28079
21713	4	25618
16286	92	27751
26516	0	16514
17403	3	27210
22970	0	20281
17530	0	21065
29953	0	26103
22873	3	15187
19576	0	18379
22974	92	16139
20867	0	15155
16761	0	25868
20930	3	21556
16475	81	20014
24057	92	20242
24847	3	28394
17527	4	27358
17978	3	23228
24209	1	25670
22184	1	27660
17783	92	24405
24212	92	24451
21383	3	26367
29398	81	26514
22407	0	27798
22981	0	16006
19425	1	20679
15776	0	17091
19322	1	22413
20657	0	21762
19779	1	28410
21325	1	23993
16152	4	23813
24074	0	27111
20649	3	28216
25127	3	23770
29719	3	22536
19381	3	17677
24619	81	23007
19336	0	28411
19715	92	18930
16307	0	27784
22082	0	19739
25877	0	28731
19162	3	21720
21089	92	15895
16530	0	27689
28761	0	29839
19319	4	25107
18441	3	29240
21424	81	23302
22709	0	26750
24814	0	26910
15332	0	27723
20806	81	17561
16297	0	23719
23867	1	23399
17280	1	15294
17300	4	22835
21085	3	27630
22784	0	22601
26337	0	16395
19047	0	17058
29512	4	28270
16982	0	29042
24105	81	17158
24596	0	25588
29824	1	19537
18504	0	16451
18921	81	22929
21100	1	26914
29864	0	27213
18226	1	16373
21079	0	24366
25495	0	21353
21085	3	23577
15592	81	20667
25150	1	23268
23443	92	18111
17247	0	23272
19665	0	17727
19324	3	26950
28808	0	22257
28903	0	29306
20848	0	27557
17114	0	25948
15933	0	15751
22042	0	19265
25312	3	29101
21367	0	19235
21505	0	20721
19894	92	28629
17191	0	27864
20333	0	20545
18612	0	20675
24757	0	27576
21263	81	18462
29000	0	27789
24097	0	22213
19371	0	28096
19936	0	27075
17756	81	21222
17132	4	22503
21832	0	27982
24057	92	17025
18244	4	29594
25414	0	17351
26067	92	24661
15421	0	20698
21333	0	24816
21461	0	22532
24768	0	29854
21964	0	27939
24798	0	15108
29345	0	18350
16328	0	17467
18785	1	26393
17601	1	25554
20126	83	24282
18856	4	17039
16169	1	27513
24319	92	18301
19750	0	25648
22056	92	16613
17188	0	27226
29731	0	26611
21243	3	28965
15876	0	20574
16544	0	18839
26334	0	29646
20742	3	24461
21627	0	19809
18674	0	27699
15855	0	26690
22997	3	29847
17817	1	17202
26339	1	27621
21249	0	15372
15876	0	20264
17868	81	24498
17272	0	28648
17863	1	29452
16957	1	28978
20323	1	19215
24989	0	26372
17826	92	17100
29132	0	16303
16931	0	25798
28589	0	27218
17154	0	18387
26537	0	28964
17064	92	17727
25028	86	22484
25782	0	28171
18544	1	17408
15914	3	15190
20022	0	28001
21409	1	22316
24798	0	21718
19197	81	19194
17885	3	29052
16419	0	27231
17149	92	24003
18244	4	15212
16959	92	27834
24938	0	23166
18499	1	28544
15738	0	20530
17861	1	21533
21020	0	22878
25900	3	22290
21408	1	23385
20949	4	23219
25164	4	17609
18496	0	27323
22663	0	28939
23883	4	15919
20931	0	15311
24152	1	18218
22860	0	22111
22914	0	21341
24107	0	27304
24473	0	29205
23862	92	25970
29366	0	24708
21162	81	29728
17308	0	22021
24272	0	29949
28839	3	17787
28843	0	22344
29397	81	24791
21250	0	27812
25378	0	20523
22925	1	29602
19151	92	16102
23168	0	16651
18454	0	25462
19875	0	15119
29511	0	27000
26532	0	18178
22299	4	22832
29371	0	25132
20794	0	25961
25011	0	22503
24782	0	25753
21027	0	18601
29765	0	22324
21601	0	27084
21199	0	22754
15943	81	24903
21539	0	24524
16598	0	27421
18529	3	27843
19830	81	15428
18354	4	28138
21294	1	23897
15862	0	19042
20290	4	17640
20350	0	25262
29755	4	29921
19017	0	27492
28780	0	17297
19162	3	18750
29487	92	28738
20759	0	19023
25962	0	28482
24239	4	26481
20878	0	27727
21971	0	28732
24228	0	20547
23878	4	16493
16778	1	26871
19112	1	19493
24285	0	24415
24211	3	16834
29319	0	28381
22966	92	24615
24570	2	26466
16320	0	15125
22945	0	20897
19514	0	27940
29728	81	29280
21199	0	20665
20883	0	20372
21190	92	20431
22987	0	28280
18427	81	21428
19066	0	17563
19132	7	18787
26159	0	20488
21264	1	16245
21185	4	27196
23011	0	15154
17534	0	17915
24632	3	18926
20898	0	25122
22604	4	15809
19331	0	27642
24769	0	18866
21538	0	16180
19887	4	15292
16992	0	26880
19563	0	23605
16944	0	19216
17167	0	28538
23763	0	16370
19774	0	28180
22041	92	23114
15087	3	23946
25143	0	28406
29713	0	15207
19206	3	29583
28855	0	25852
22788	0	27177
20299	92	17609
23940	3	21596
22997	1	18896
25388	92	18914
29704	0	23706
17149	92	23358
17929	0	29082
20875	1	18382
21614	1	16199
24124	0	29616
17179	0	23296
20761	4	16494
21397	3	22435
21507	0	18101
21142	0	15000
20657	86	22724
23476	4	26154
25384	1	26505
25033	0	21529
23000	0	21482
18934	1	28581
29487	92	27505
19510	1	23024
22647	3	18108
25761	0	19470
20856	1	26682
15936	0	25321
21680	0	17004
15336	92	29178
24270	1	25336
18934	1	19022
24980	3	17809
24797	0	21822
21601	0	22450
17052	0	29862
19903	3	24540
19560	0	27251
22738	0	23841
24929	3	28033
26268	3	25258
21742	0	22524
21089	92	28464
19431	92	26983
24505	4	28630
18857	4	25929
21471	0	18583
17890	1	19584
22041	92	18728
19088	0	27878
19633	0	15379
16414	4	15650
21103	0	16730
17398	92	29662
16048	3	28583
23384	0	29666
25403	0	23110
18689	0	16139
24213	81	19129
23774	0	20543
23986	3	18792
28802	0	27960
15422	4	22036
15664	0	29087
29242	1	21889
20727	81	15778
19246	92	29274
25099	86	15785
25517	0	23062
22642	1	24881
29138	86	19296
18126	1	18870
15980	82	29324
21925	1	20705
29012	0	16050
16693	81	26015
21165	0	17723
18628	92	17484
15417	0	18913
18431	0	24401
24507	3	17588
28868	4	27401
23940	3	17085
22224	0	20200
19431	92	27275
24196	0	26784
16031	1	26964
17284	0	27869
22979	3	18932
16634	0	22843
17583	0	25986
16135	0	16994
15495	92	27534
26455	4	27339
22010	0	16593
17666	3	24530
26138	3	20264
24319	92	19743
15325	1	22209
22124	3	15450
23959	0	24559
18527	0	26709
21246	1	15610
23550	0	19839
29724	0	25986
16021	0	25323
17894	0	27685
21189	0	28365
16255	0	23266
22182	0	28317
24199	0	28033
29801	1	15904
25682	81	20727
21374	0	25856
19193	92	18124
24929	3	15133
20456	0	23559
21319	0	23367
19365	81	29750
24032	1	26019
15730	0	22350
24075	0	26222
16788	0	29826
16672	0	16917
21373	1	22825
17247	0	24587
22737	0	26746
23164	3	24175
25672	0	20343
22646	3	26095
29276	1	27564
26529	0	16105
20774	0	28537
17471	0	23388
17200	0	15372
17958	0	20277
21250	0	22501
21701	0	29304
21621	0	26187
22278	86	18457
24759	0	23923
22956	92	23145
17151	81	21575
15604	92	26033
17560	0	19009
20219	0	27013
21969	0	25175
21166	0	19942
24975	81	19407
23972	0	29387
26137	0	24184
19779	1	16451
22055	0	18917
20909	0	22512
25750	0	16116
17447	1	19226
22063	92	18993
22820	1	23814
16833	0	20160
25245	81	17864
15824	0	26828
29010	92	23450
25566	3	29539
20842	1	21429
24787	4	19581
29730	0	26186
25682	81	29728
19691	3	15322
20852	81	24083
17499	3	28570
19420	4	26777
21653	0	16402
24836	3	28039
24186	0	21954
23523	0	18764
18520	0	24166
24841	0	18052
26122	7	15491
22679	0	29912
16256	0	20399
21225	1	25850
29375	0	26985
23447	92	23691
16282	1	25630
24974	92	27979
21300	0	15082
24995	4	17222
15424	3	24665
26069	81	28681
20827	0	18537
15729	81	19756
21606	0	27073
18475	0	17442
20893	0	17954
29055	3	23804
24197	0	17950
26127	0	28017
22130	0	27030
24112	0	19626
24263	3	28524
17159	86	18696
18514	0	16037
22817	0	26495
24101	0	29536
22088	0	23247
19259	0	29099
22950	1	26800
24553	92	27793
21518	0	23510
19478	0	23793
25406	1	27806
18553	92	27719
17704	1	22250
23552	0	28072
19754	1	20341
16134	0	16513
15468	1	28912
21379	0	17035
21005	0	17697
15886	0	28277
16405	92	16727
16419	0	28578
26386	0	28281
18401	4	25887
19391	0	16752
24041	0	28148
20315	0	26266
23758	0	20010
17961	0	27007
21166	0	19742
15348	0	16728
18529	0	28446
19004	3	27488
18099	1	26295
29564	0	27217
23430	0	29184
15332	0	25407
15439	0	27359
24927	3	27634
23972	0	23811
19095	1	18975
19059	81	19372
17365	0	28159
21712	0	28449
22226	0	29674
29134	86	26345
19353	81	19771
24989	0	18029
16269	86	25160
22652	0	21885
20965	0	15315
19414	1	27719
21669	0	29094
21371	3	27514
22642	1	28737
16555	0	22217
18627	81	23137
26164	0	23141
15965	81	24302
16162	0	25412
23129	3	15017
22462	0	25528
21110	0	25560
23532	86	19559
21102	0	22826
15426	0	24673
19375	0	28056
17979	3	23125
17145	1	28260
21305	0	27168
20736	1	25909
21974	81	17991
22559	0	16749
24995	4	25927
17998	0	18368
19059	83	24280
20726	0	29174
20784	0	28465
26007	0	28209
20770	0	27201
15955	1	16696
19249	0	27098
18534	3	17907
21572	0	19938
25575	0	17810
21675	3	15917
20647	3	29642
15948	1	25734
17705	1	22205
20802	0	29171
22420	92	25940
29393	0	28992
28899	0	16927
17205	0	25619
16404	1	19282
22687	0	24756
26535	1	23179
23874	81	18552
22623	0	21568
21170	0	25685
29727	0	28239
19288	3	25262
15426	0	18327
16686	0	18762
16256	0	23457
20778	0	27657
17898	0	28376
25165	0	25541
21115	0	29153
21239	0	27501
22395	1	16173
21282	0	24511
28774	0	26490
17985	1	26719
21168	92	27515
19291	7	20815
16365	86	23942
29329	0	23791
21301	1	20231
26432	0	24449
21799	92	25618
19392	0	22285
20850	1	26843
22820	3	17338
25361	0	17912
24023	1	29238
26078	92	15216
29761	4	15364
28971	0	24454
16419	0	18097
25954	0	22245
15948	1	27625
29340	3	18727
24084	0	27453
24963	1	16813
17121	4	16265
16635	0	26990
15768	1	16510
17178	92	24000
21742	0	20990
18506	0	17478
17900	3	25298
24623	3	29534
21231	1	18299
22064	92	18652
26075	0	15124
21433	0	26200
21298	1	27370
25364	3	28523
25861	0	16265
22314	0	23107
20914	0	28472
17820	1	23307
29314	0	20603
17161	92	15141
15485	0	18681
17118	81	21697
24641	92	29306
18670	1	29170
20968	0	27213
28774	0	26720
20931	0	20582
21640	0	23286
26006	3	26820
20736	1	23748
19381	3	27691
24104	0	23389
26182	92	19186
20925	0	26991
24243	81	28943
15832	0	24816
16683	0	28005
22719	3	19678
24800	0	21935
18476	0	16056
29975	0	16504
22689	1	28869
25750	0	20551
20333	0	26706
18169	0	20791
26286	0	17107
17448	0	28771
20055	3	18914
22297	0	28533
21626	0	28662
21589	3	21847
17714	0	16239
21047	0	16215
28909	3	18357
19867	1	27178
29742	4	18326
15336	92	16482
15413	3	29673
25190	0	25659
23664	1	21548
16254	0	28074
29737	4	22919
23425	4	27453
17710	1	17193
22306	3	29925
29353	1	15676
17878	0	20217
21826	0	26816
17870	92	26699
22017	92	27605
23551	0	16345
22694	92	20814
18201	3	16610
16686	0	23295
15507	4	22206
23468	0	19679
22873	1	27955
22041	92	28300
21622	0	25983
18674	0	26126
20885	86	17301
25743	4	23031
18934	1	26494
15808	0	27895
25748	3	27414
17766	92	21659
23040	3	25910
19482	1	16228
17133	0	16217
25732	0	28918
28897	1	20493
23042	1	15978
15689	3	18911
16150	0	19223
26450	0	15607
17290	0	18989
17771	0	16378
19113	3	24009
18342	0	16423
26031	0	22349
15280	1	15272
19318	0	18584
29689	0	26506
19432	81	20808
23539	3	26280
15623	0	25837
25126	81	24105
22921	3	23847
18244	4	19834
18566	0	20672
28586	4	15119
18538	0	27260
17078	1	20332
17407	92	17977
22368	0	16574
24563	0	24393
24421	4	15645
16022	0	27871
23164	3	22149
19761	86	19260
29657	0	16818
21416	1	27521
19248	0	27754
22995	0	29158
25314	0	22493
17978	3	15053
15462	0	18519
25027	0	22892
25389	0	27879
17978	3	29544
18619	92	28173
15888	92	17964
17968	0	25527
16404	1	26435
29398	81	20713
18614	1	23246
17385	3	27484
23772	0	29250
22082	0	19257
19112	3	25058
18352	0	18862
25780	0	16807
17112	1	28578
22223	7	16198
26390	0	19614
23384	0	28362
19630	3	28000
28909	3	26040
19411	92	21917
16258	1	17739
22621	86	20966
24904	1	21987
23384	0	15848
20909	0	26802
19285	1	20819
20865	0	26954
18055	0	23916
15953	3	27750
16638	0	26837
16737	0	24682
18354	4	17227
24185	1	23689
22858	86	15813
29697	0	23748
16825	3	26315
21478	0	20897
17144	3	16502
15517	3	27287
17053	0	24343
20717	3	18284
29742	4	28577
24117	4	19426
15851	0	21859
22376	0	24687
19873	0	26087
21595	1	22568
18256	1	16809
21422	3	26251
25373	3	28245
21526	0	17638
29495	0	24867
16405	92	15649
24643	0	24400
19548	4	27223
19162	3	18908
24507	3	26660
20472	0	27653
19579	3	17061
24189	0	19852
19498	81	17757
21971	0	15061
17835	3	15906
28674	0	15045
29705	3	26559
24192	0	16997
15088	3	23593
19629	1	18290
18667	0	16223
17835	3	29899
24054	0	15765
17842	86	15631
25513	0	27825
24210	0	15042
16138	86	20827
16598	0	27735
19635	0	18118
26171	0	19003
28902	0	26703
29771	0	27527
24820	86	21742
23668	0	27079
18934	0	26063
15813	0	28940
20092	4	16448
16640	0	19711
17211	0	21754
17154	0	16822
21444	0	16501
29443	1	27814
20835	0	18962
24159	0	15555
25166	4	27486
24305	1	29557
21170	0	18310
28678	0	28055
15877	0	18799
26133	0	15058
29951	0	26317
22292	3	22413
20919	0	15647
18534	1	28198
21440	92	20051
18847	1	16076
29730	0	27044
22377	81	29995
22981	7	22424
28789	3	27702
18456	0	15137
29739	0	29675
15768	1	16499
22275	0	15609
21113	0	27312
17180	0	26902
25230	3	16735
25006	0	23561
19390	0	19469
21625	0	26956
15592	81	18066
18529	0	28478
22235	0	24172
25741	1	25336
21291	0	17568
18616	0	16840
20959	1	27056
20859	0	26857
21783	0	26009
29763	1	27297
18783	0	20266
21923	0	28019
16131	4	24161
21033	92	19787
17428	1	29150
21042	0	27313
21182	0	16225
28678	0	24644
21378	81	26160
17377	1	28206
17284	0	26063
29723	0	21898
26133	0	28420
23155	0	19913
28952	0	28950
25115	92	23703
19892	4	23365
17760	4	26649
22388	0	17170
16028	81	19823
22050	81	21930
16168	1	27330
18239	0	27588
23661	1	15227
16954	0	21468
23655	1	17014
28380	0	26872
15337	0	26126
18414	2	23967
21081	0	29834
24904	1	23491
19059	81	19477
23843	0	16567
19991	0	27534
17669	0	18861
19253	1	27694
25030	3	27735
15862	0	15579
23422	0	28717
21637	0	20271
24253	3	18594
19082	3	26104
19314	5	15640
17673	0	20434
21338	3	21571
16831	3	28619
29287	0	20477
24030	0	23958
21407	92	19627
25513	0	18878
20034	0	27477
22518	0	23352
28782	0	22834
28586	4	28475
23665	3	19518
25692	0	26965
18335	0	15752
25563	92	17190
15959	92	20698
21123	0	15297
16634	0	27797
23043	0	27920
16931	0	23679
19436	4	18301
17996	81	20948
22874	1	15227
22277	0	29917
17961	0	26663
19404	3	18882
25289	0	25468
21368	0	29127
16543	0	29614
25903	1	29982
17263	0	28694
29315	0	27677
23213	1	15228
29700	0	18584
17711	0	18070
16879	0	15179
21919	0	23133
17402	1	24761
29734	0	19951
15598	0	25709
18602	4	19485
21103	0	18981
19296	0	21060
25270	0	23321
22997	3	15106
21380	0	19488
22656	0	15504
21675	3	21887
29738	1	22803
22674	92	27078
22042	0	16617
20901	0	28536
29720	1	17591
19937	0	29630
18415	0	27294
26121	0	22534
19139	0	16521
18142	4	25717
25384	1	16176
25030	1	22266
15351	4	27796
19318	0	16175
19193	92	16699
17306	0	15688
23646	3	16348
28860	0	27439
16479	4	18392
22127	3	23292
18487	0	24748
19059	81	21274
21113	0	29111
21224	3	27499
19779	1	27650
22954	0	25225
24689	0	26709
18902	0	25710
22960	0	16454
17798	0	15111
21080	0	16996
21328	1	24541
22817	0	15131
24572	4	19304
18612	0	19963
28880	81	15502
23466	0	26360
21833	0	28310
18232	3	28526
18444	3	28740
25145	92	27079
29269	86	15728
15963	4	26552
20910	0	28817
15822	0	16738
25349	0	17509
29749	0	27405
16328	0	26578
21166	0	26090
29444	1	28225
23532	3	20545
21271	92	25597
16779	0	16698
24960	4	27880
21239	0	27170
16894	0	25722
24191	1	26223
17179	0	15069
22689	81	21930
19111	0	18946
18416	1	24170
26475	3	24618
22904	0	27886
21686	0	17000
22815	0	27324
21701	0	25854
16778	1	26396
18155	4	22242
20792	0	19484
20858	1	21619
24073	0	24151
23081	0	25587
29309	3	16929
20958	0	27637
20033	81	17472
19504	0	17075
24236	0	25048
25079	1	15101
18400	0	15537
16474	0	24376
21738	0	19213
19695	0	27584
19097	3	22153
17863	1	25221
21515	0	21750
18001	4	25625
21301	92	21840
22647	1	15563
22999	0	21807
21966	86	20931
22481	0	27449
21160	1	19835
16948	81	18671
21320	3	24877
20815	0	20190
22657	0	23726
22716	1	15054
29493	0	22440
18209	6	29703
18293	81	15606
18587	1	28052
19874	92	25951
17528	0	28490
24637	0	17591
24954	0	24530
22516	92	26944
25517	0	15579
22953	0	26638
29371	0	26767
19362	0	23239
22695	0	27267
15726	1	25781
15749	1	29093
24804	0	27443
21393	1	20532
19049	0	22449
19064	92	19825
22419	0	19594
16425	0	19723
16135	0	17003
25100	4	27208
19325	0	26194
25043	0	27639
29458	0	28968
21444	0	17075
18674	0	22460
21103	0	25957
25372	0	21562
21181	0	28933
26386	1	25071
19443	0	17105
21799	92	17536
15777	0	19709
21248	1	27730
17129	0	18873
16282	1	25633
21239	0	15916
29371	0	22907
19248	0	25756
24974	92	25964
29318	3	26228
21665	0	27609
29498	0	17361
25039	0	27837
19876	3	22501
15804	0	17213
17761	0	26081
25230	3	18131
18672	3	22539
24672	1	18998
24640	0	21886
17761	86	24155
21322	3	17220
29574	0	16746
21441	81	18438
20853	0	23230
29309	3	28476
26528	0	16040
17411	0	18340
24571	4	20202
22662	0	29865
22160	0	16836
22056	92	27503
29742	4	23492
22046	7	17273
24641	92	27670
21385	3	28055
24120	92	27848
15473	92	29389
16956	92	20495
29570	1	23343
20947	81	21045
25271	0	17700
17051	0	17741
19987	0	29144
21460	0	28056
16773	1	24881
26166	92	27387
18423	0	28063
19689	3	29591
22010	0	25800
16415	0	29003
24976	1	19302
26346	0	26315
15723	92	23831
17860	3	26840
15770	0	18732
21045	81	22006
25019	0	27086
22310	4	28818
20972	0	24336
16436	4	16811
15924	0	15227
17268	1	25697
16543	0	22316
21017	0	22030
19368	0	28072
21315	1	16059
24122	92	27527
16255	0	25522
23978	0	24242
18008	3	19677
29722	1	25811
23669	3	15536
24822	0	16392
15433	3	29036
26517	3	28084
24781	3	27214
16767	1	15901
21001	0	20692
26124	3	18930
21782	0	28930
20771	0	28721
17769	86	24762
22376	0	27889
21882	1	28445
22225	0	28172
15412	0	21851
19109	0	20701
15421	0	26960
21984	3	26600
22989	1	18490
18520	0	26667
20748	92	28665
21904	1	29887
26124	3	28949
19746	3	25468
17710	86	24724
19053	0	20143
19795	1	18176
18454	0	17214
18204	0	27102
17286	0	29328
22428	0	25454
23653	0	24549
24505	4	29538
24188	3	23640
20954	0	24446
26424	81	21575
23314	0	18011
23101	0	26987
21207	92	15299
26160	0	15692
24777	0	24543
28851	0	22490
21107	0	21352
21513	0	23619
24127	0	25869
28684	86	22615
29123	92	19805
16634	0	26040
21166	0	28477
24571	4	21920
19193	92	18021
24519	0	27643
21380	0	28494
22484	0	24816
20874	0	26490
26070	92	25141
22857	0	23963
29062	0	25869
28897	1	15705
21912	0	28104
15441	0	16727
15448	1	26032
24962	0	27666
20985	0	23217
19763	0	24443
21057	0	20210
19298	0	20517
19422	1	26193
17245	0	28130
15827	0	17509
17137	4	15450
25222	81	17896
24231	0	24753
17189	0	18799
29414	92	25887
23474	1	28035
23382	92	19517
20057	0	24753
18401	4	16482
21414	1	22551
17860	4	23835
19049	0	20353
21192	0	23449
15667	0	20606
21233	0	23734
18554	0	20613
16168	1	21555
21835	0	27019
19298	0	19424
22648	4	18930
21273	0	18199
24958	1	23189
21667	0	19642
19101	3	16984
23041	0	28177
19748	81	18638
22007	0	28600
17760	4	18549
21518	0	24531
18449	0	26253
25841	0	24678
21300	0	21921
21107	0	23895
21123	0	25914
17771	0	25768
18954	0	27307
20034	0	28210
23881	1	25042
17555	3	18977
19248	0	26839
15785	0	22872
19154	0	28397
29514	0	15942
25749	3	26653
16272	1	15094
17601	1	25464
22756	0	25915
29471	0	27950
21710	3	29022
22039	0	15030
16631	0	16312
22375	92	26792
20823	4	20272
15958	1	19951
21028	0	18586
17364	1	23504
21392	0	20684
24824	4	27113
21743	0	24406
22096	4	25978
22951	0	27506
16419	0	24018
20898	86	25101
29725	3	18280
21531	1	17512
20752	3	23823
26134	0	15607
29455	3	15002
19425	1	27429
19870	0	26767
18454	0	19619
21319	3	29067
21204	0	20473
25251	0	24548
19195	81	20719
15426	0	16871
29725	3	18848
22041	92	25176
19289	0	23922
25043	0	25942
21156	0	26110
17818	92	19921
19319	4	25658
19084	0	19872
19504	0	28990
20472	0	24909
21605	0	17905
20895	0	27151
17764	0	20189
23108	0	21980
23403	92	28706
17066	0	26604
21253	1	26276
21270	0	27123
24883	3	19224
17371	0	16592
17835	3	20682
29863	1	29683
20829	0	28510
17046	0	17186
15412	0	16607
18003	0	24258
20845	3	23729
24094	0	28941
29345	0	22887
18261	86	17358
19298	1	29051
24238	3	25174
22632	0	24361
17682	81	26507
22275	0	24432
29774	4	29645
19497	0	16266
19385	92	15118
17799	1	19666
24627	4	23153
22399	92	27689
18543	0	27449
22394	3	28977
23168	0	25469
21663	0	29036
18256	3	18562
26432	0	23510
15767	0	15062
15868	92	28142
29996	81	23054
19251	0	15165
22905	3	28626
19697	1	25427
25030	3	28844
24563	0	25417
25373	3	24541
24304	1	19041
21508	0	27528
25668	0	23566
29759	0	17553
18757	3	27876
24967	0	15920
21176	81	15600
15415	0	28205
25083	0	21949
19191	81	21610
21483	0	25838
29703	6	15515
19766	1	22578
25672	0	25711
19162	3	28532
24117	4	22099
28841	0	16372
21382	1	29870
26538	4	29109
25732	0	17000
21168	92	15182
20782	1	19276
26159	0	20607
22905	3	21955
16328	0	23188
17828	1	28983
28877	0	15999
19380	92	20116
22045	0	15538
17603	3	15312
22905	3	24597
17259	0	28391
19377	3	22104
21266	1	29115
20291	0	27303
22079	1	28515
21261	4	20522
22462	0	23824
21126	86	21259
17066	0	24486
15465	81	15467
17471	0	27595
20752	3	23507
24705	0	20812
20852	81	16961
22814	81	17561
19355	4	27843
19886	4	19702
24962	0	23170
29971	0	19671
22388	0	28810
25098	0	18655
24607	3	29843
17313	92	28219
18625	0	16096
20829	0	17347
29329	0	15195
16238	0	26763
19665	0	20200
21300	86	19558
18566	0	25501
26520	0	28307
17125	81	29728
26434	0	25674
22598	4	29797
20824	92	27286
19177	4	25324
16554	0	29610
21983	1	17542
26070	92	25074
22033	0	17253
18588	1	29135
24580	92	28479
17270	0	22353
15426	0	18331
20849	0	26251
20515	0	17337
22676	92	25255
24999	4	28033
15594	0	19954
19246	92	29226
20736	1	18722
18670	1	15805
16026	81	21810
15969	1	24416
23104	0	23747
21405	0	15398
20057	0	27016
24875	3	24443
21901	0	26892
25747	1	28237
19754	1	29215
19052	86	15447
15865	0	19840
25436	81	22418
25018	0	16391
18433	0	27569
15862	0	29922
22925	1	25139
16108	0	25980
22484	0	19564
19387	92	25597
21245	0	17532
17732	0	26586
29258	1	23975
22679	0	23353
25732	0	16996
18543	0	27695
24995	4	28029
29737	4	17337
15324	1	26902
19915	0	17003
18228	0	20363
21916	0	15620
16736	1	27892
22160	0	28751
22432	0	22557
24805	92	26902
22063	92	18133
25302	0	24342
21967	0	18594
15401	0	27638
28696	3	28442
19895	92	28642
29709	1	16193
18242	0	24132
25163	0	23593
25517	0	23395
17357	0	16052
21193	3	27175
20651	3	15123
20059	0	28441
29750	81	23186
18401	4	26623
15953	3	26685
16770	0	15928
25111	3	19625
29485	0	27408
21517	0	18383
25015	0	24711
23778	0	22829
26068	0	16079
19988	0	22345
21284	0	29901
18842	1	22264
17845	0	19607
24568	0	23810
25667	0	20190
25746	1	27735
21102	0	27427
21576	0	26993
20472	0	27230
24092	0	29159
21326	0	15200
22674	92	15553
19416	3	28776
19634	0	27329
24654	0	19615
20659	0	20180
29397	81	15467
20769	0	26155
21526	0	16914
24098	3	26499
15422	4	28428
23539	3	28660
22057	1	17974
18208	0	28115
28786	0	24335
16982	0	28822
21738	86	15462
18442	0	21722
29317	3	18707
15780	0	19247
17312	0	23544
28696	3	29656
22425	1	25617
24802	3	28938
17160	3	28716
16564	0	17918
15772	0	20412
23405	0	23966
20757	0	28538
15748	90	19448
19336	0	18376
29480	0	28511
15351	4	20670
24269	0	28994
22969	81	21241
29373	0	24676
18615	0	15682
17883	4	27580
26381	0	16334
29742	4	20354
23934	0	16229
20713	81	17874
16169	92	24668
22811	81	22718
20833	0	25470
20823	4	16832
15088	3	23299
24596	0	24863
20828	0	22073
23384	0	22336
22680	3	23782
17760	4	28081
29716	3	20422
22656	0	17105
24967	0	19971
17827	0	23490
17233	0	23236
29770	1	19942
29010	92	17429
23543	1	15529
21650	0	26614
21781	3	25985
18628	92	29933
22301	0	27487
24572	4	15010
22314	0	18999
20910	0	28177
22722	1	29919
19058	0	26348
17268	1	16007
21543	0	29551
20849	0	27261
21379	0	24137
24967	0	19013
26135	4	20476
17140	0	28657
19408	0	18364
21337	0	22880
25581	0	21809
17261	0	25464
22748	0	18222
16167	3	27284
17284	0	29047
22931	92	15367
24974	92	28376
17873	3	19787
25032	0	27353
24981	92	15255
19893	0	27466
21389	0	16025
26262	0	16219
24264	1	26716
17533	0	15746
29458	0	17636
20898	0	15128
18239	86	20803
15625	0	22352
17694	0	18039
16763	0	19652
25495	0	16392
29315	0	18121
23542	0	20357
21393	1	26242
24112	0	25544
26380	1	28570
18902	0	23840
19479	3	19643
17992	0	19613
18213	1	16754
18408	0	27371
29732	86	20991
19393	81	20801
29707	92	27712
29705	3	25172
15439	0	28139
21156	0	23511
25740	0	15191
16538	4	29260
25311	1	21838
20759	0	28009
20847	0	22353
15707	0	29196
17371	0	15373
22161	0	23119
22812	81	19434
16973	0	20187
25035	0	26808
29292	0	26799
19148	3	22001
23055	92	20204
16817	0	26246
20931	0	21900
25006	0	23563
20292	3	27316
19154	0	15017
18557	0	29682
15772	0	21939
20015	86	19133
16036	0	27527
23155	0	29672
20564	1	16457
20914	0	27175
17277	1	26864
17833	1	17479
25013	3	26804
23663	1	18364
18345	0	28168
25740	0	19976
21432	0	29897
29287	0	15183
21252	0	27491
22663	0	29163
28782	0	29250
18446	4	23285
16170	0	27774
24847	3	16003
19110	4	28245
28878	0	22768
25345	0	28574
18529	3	17466
22662	0	23284
19560	0	20077
24099	1	19539
26167	0	24007
19305	81	19433
19901	92	15057
25243	4	20396
29381	92	23944
21073	0	20584
19704	0	15189
24623	3	26369
22800	0	18044
22683	92	24428
16908	0	26765
26122	0	28799
26074	0	26968
17662	3	19257
24154	0	23061
19497	0	23392
19075	0	22279
24238	3	18199
15511	3	20396
16107	0	18011
15814	4	20336
25060	0	25720
19510	1	17041
19080	3	22158
19697	3	15754
29746	4	16750
18612	0	25620
26261	4	29650
15667	0	24612
29768	4	20690
23200	0	22243
17276	1	28028
26539	4	17108
24697	1	29584
16414	4	27205
29765	0	27245
22669	0	26087
16299	3	29337
19366	1	24477
24821	0	28195
24157	86	24929
18408	0	16344
18673	0	26683
21855	1	23305
16262	0	16627
26537	0	24375
18606	0	17015
21233	0	25528
19104	0	26276
22856	81	21530
17138	0	16996
21648	0	29848
17373	0	16804
29287	0	28733
25080	0	18579
20057	0	19611
18628	92	23031
26520	0	20210
24999	4	21954
16253	1	29083
21107	0	24402
25187	0	24405
17897	0	17643
21189	0	29589
15957	0	29686
15593	0	25698
18544	1	26279
25019	3	15210
21393	1	15838
21630	0	27636
18348	0	19967
15423	3	25545
25035	0	27141
22975	1	27483
22462	86	26156
25388	92	23954
21640	0	26816
16421	0	16597
21423	0	23954
29727	0	27953
19141	3	26790
19044	0	19556
19087	0	27784
19491	0	15288
19103	0	20704
21035	1	24137
22598	4	28310
16826	0	19732
21333	0	26805
21346	0	17562
24972	0	29849
17312	0	21731
19991	0	29079
19258	3	15076
21216	3	26674
19377	3	29790
29055	1	29092
19902	0	25286
24824	4	23744
24772	4	28820
20908	0	16593
26159	0	20253
15468	3	28912
19387	0	26725
17287	0	24453
22182	0	27235
16847	0	22502
18415	0	20159
24502	1	25807
20973	0	19611
25749	3	17636
18187	0	26672
28855	0	26018
25024	1	27750
23274	92	20541
24510	0	26588
21521	1	23107
21049	0	23196
25841	0	23754
21627	0	25130
21189	0	19847
26124	3	29992
25488	0	24646
15881	0	23725
24847	3	28664
20214	0	24486
25627	0	17058
20092	4	27905
24637	0	29002
24808	1	29045
22432	86	21577
17067	0	22341
22860	0	29546
15780	0	25458
29739	0	27023
22275	0	16213
26402	0	23401
24838	92	18971
19793	1	20026
23880	81	17682
21572	0	29076
29800	0	26984
22314	0	19705
19449	81	22971
21196	0	27891
15963	4	26246
21240	1	20557
23165	0	27139
17140	0	26866
16976	0	27957
24207	3	24300
18430	3	26489
29142	0	26290
22004	0	27457
20337	0	17408
22743	0	23591
22959	0	27824
17901	0	16065
16598	0	28962
25159	3	20688
16979	3	15153
17818	92	19333
24566	0	25765
21035	1	24714
18496	0	20395
21968	0	25798
28903	0	20594
22026	0	26606
21270	0	21331
20776	0	26366
25008	3	17363
21367	0	25872
15818	92	16713
21083	0	27319
25627	0	17443
18667	0	29640
25163	0	21276
23668	0	18973
22128	0	26757
29384	3	29829
23444	92	20216
19259	0	24726
19134	0	27721
15091	1	21592
26269	0	27830
26442	92	18897
24838	1	25971
17988	81	23004
21998	0	25915
16827	0	25216
20771	0	20361
20931	0	21498
18501	0	27798
21503	0	25934
22297	0	22907
19122	92	18113
22274	0	18988
16854	81	20735
22989	1	20516
24804	0	27841
22797	4	15238
26264	3	26218
24094	0	27881
17166	0	21670
21635	0	27758
18447	1	29035
19751	81	29996
21291	0	27154
22310	4	27644
17850	3	25853
21295	92	26306
21629	0	18575
16436	4	16342
25041	1	17538
28952	0	16916
21386	0	22151
19755	1	27852
21103	0	26802
19882	92	27909
18801	0	27867
20478	0	26417
15866	0	27887
16409	4	17637
25759	0	28314
26178	3	26930
20456	0	19641
21001	0	15042
26418	1	21728
16295	1	20455
18953	0	22913
20927	0	22527
24034	0	21811
25389	0	27614
24623	3	19849
21243	3	17954
24231	0	15374
22380	0	29521
15441	0	29184
18414	0	24158
16736	1	28031
16337	1	18838
21233	0	26900
22048	92	23512
24108	3	17041
23550	0	16423
16649	1	29506
21519	0	29400
21725	0	18749
16581	0	25683
21185	4	18718
16365	0	15632
21671	3	16187
22516	92	27177
29742	4	16195
26007	0	26543
24634	0	16279
17311	4	15684
17359	4	25921
24200	0	18797
23528	92	16347
22998	3	15034
15449	0	28984
20774	0	26815
21266	1	16800
17670	0	18742
22426	0	27365
16982	0	23232
19431	92	27509
20852	81	25385
18166	3	20242
29744	0	27393
25034	0	28416
17401	1	22266
26173	1	21807
21019	0	16664
15659	0	27777
16642	0	17613
20833	0	23291
21828	0	23791
26482	0	16386
25371	0	19540
24196	0	15993
19155	3	29524
19175	4	22244
24568	0	24299
17800	1	19247
22730	92	16195
19691	3	16146
16681	0	24434
18166	0	15672
24624	92	29873
15458	1	25479
15797	0	24749
29779	3	21771
25492	3	29175
24304	1	20449
20879	92	23802
15796	0	23992
23301	0	27562
22124	3	19773
26067	92	27868
22183	0	21497
19403	0	29831
25672	0	23281
18826	0	26663
20974	0	17718
20914	0	19869
25746	3	18581
15866	0	22352
22596	92	24735
28588	4	23510
15347	0	27584
20832	0	18896
21159	0	15157
28788	4	16432
26262	0	18731
17245	0	29016
23552	0	26617
19104	0	28596
17360	0	26545
23206	81	20947
24023	1	27621
16893	1	15601
20092	4	23688
15723	92	17351
21166	0	24645
20992	0	28799
24260	4	20557
19371	0	18897
24569	92	29217
22593	1	27543
19008	0	24735
16296	0	23496
18367	1	28518
19860	4	18042
22966	92	27623
22710	0	23309
24520	92	18165
15514	0	17253
19386	0	29114
23442	0	22143
16544	0	26954
22695	0	27204
29243	0	26962
29366	0	25897
21407	92	16596
18064	0	21350
18626	92	27867
22721	0	17351
20843	0	15830
17128	92	29540
23665	3	18174
17987	0	15841
19099	0	26899
24972	0	22317
21421	3	24463
29761	4	26202
24192	0	18969
19861	92	16342
18616	0	20574
24079	1	25409
26165	0	18485
20945	4	27434
29292	0	27258
24596	0	28345
21021	0	16461
18772	0	20513
22590	81	28671
21663	0	17224
26262	0	26237
22864	4	26998
20032	3	29279
15441	0	27465
15596	0	23115
19335	0	26883
20977	81	22590
21290	0	18043
24998	1	16786
29747	4	24709
19638	1	20939
28782	0	28211
25188	0	15372
25161	1	27139
20300	81	28779
24562	0	25725
21510	0	27575
21427	1	28440
20862	3	15000
15423	3	25122
21317	81	18509
22764	1	24935
21351	92	16735
19335	0	20424
26124	1	23485
17309	0	24649
18411	1	25139
21782	0	25586
22682	3	15269
18558	81	21458
23956	0	17227
16555	0	17624
20313	0	19588
19084	0	16932
16406	0	25434
22049	83	24283
19051	0	24062
19414	3	18990
23052	81	18565
24520	1	23840
18567	0	26635
21827	0	28967
21391	81	28670
25180	0	26934
16437	1	20161
21040	0	29896
18352	0	19832
29350	0	27372
16167	3	23350
24522	0	17515
19331	1	28548
23443	92	22612
16170	0	28960
20029	3	19212
15941	0	15338
22784	0	28961
19305	81	24308
17709	0	16112
24185	1	18576
19291	0	22100
21577	0	24022
21220	0	21834
18488	0	20211
25038	3	26806
29704	0	29647
17374	0	25823
20063	3	16876
25094	1	22825
21816	1	17491
21538	0	28377
20901	0	22212
25359	81	25157
25192	0	26306
21325	1	24384
21036	0	24419
22002	0	26257
26007	0	20581
16828	0	27529
24084	0	27450
22008	0	16815
24631	0	26812
19048	0	21766
24263	3	28384
19113	3	18194
19139	0	18881
23795	0	28215
15961	1	23399
17873	3	18059
22622	0	16351
17049	0	18860
29851	0	23671
15275	0	26341
17674	3	23788
20757	0	25456
20869	1	29096
18524	0	26370
16950	83	24283
19754	1	29390
18127	0	23148
18525	0	29087
16107	0	20938
19506	0	20354
20325	81	21274
17869	0	28423
19858	4	19341
15775	3	16174
19165	3	26828
18536	4	20629
20884	1	22523
23012	0	29065
19766	1	17778
16293	4	26566
17268	1	15357
25294	1	26818
21686	0	17002
21957	0	22450
19154	0	18816
21636	3	26224
18348	0	26853
28588	4	19275
25740	0	23220
16787	0	20542
19552	0	17035
29329	0	28049
23199	1	28285
25392	2	20123
24607	3	16062
29695	1	23994
29958	0	20613
29573	3	20371
29511	0	25719
18191	0	19719
17179	0	18730
24303	0	25561
16571	3	16361
29055	3	27695
18543	0	28294
15453	3	27552
22978	3	26718
24766	0	23501
19058	86	21107
15968	0	25655
15348	0	19211
24589	0	26766
22596	92	27887
21679	0	23271
24181	0	15540
17211	0	21977
17987	0	18119
21233	0	25685
25368	0	16119
16833	0	19733
23441	1	16704
24697	1	17627
18369	1	24024
21925	3	26636
17601	3	28282
16271	92	26292
28687	4	28770
21375	1	26897
25243	4	26995
26006	3	21763
15350	0	22467
23200	0	15680
22131	0	25561
18551	3	23740
24190	4	18932
15345	7	17761
21171	0	26546
17987	0	26049
21373	1	27845
15455	92	28811
16826	0	18014
28849	0	19227
17693	0	23364
18659	0	23753
21608	92	28896
22818	1	15567
18063	0	23757
17708	0	26820
19253	92	17348
22050	1	29541
17287	0	27595
24084	0	17565
23655	1	17002
21211	1	26787
22733	0	24663
18457	0	16340
29467	4	21561
20918	0	22289
22058	1	29238
26160	0	25549
20738	0	20147
22085	3	27654
16436	4	24471
18441	1	24427
19058	0	24484
25114	0	21752
21634	0	26296
15872	0	19773
29270	3	15353
18200	81	17813
20459	1	22825
23474	1	27770
25383	1	23818
16894	0	23368
23546	0	27108
22969	83	24281
22251	0	17651
28885	0	27818
19823	81	21499
21973	1	17291
29371	0	29191
28901	0	26461
21701	0	19578
22593	1	23639
19896	1	29118
24042	0	27193
26074	0	19463
17378	3	22071
21143	1	23989
22274	0	28024
16767	1	19714
22429	0	22491
17212	4	18332
17117	0	19848
16134	0	29449
25596	1	29355
23646	3	23131
29470	1	26576
19380	92	16348
22122	1	15539
19392	0	27065
19018	0	23733
25155	0	15523
26516	0	23115
24980	3	19574
21739	0	25201
21117	0	23704
18061	0	18818
18857	4	23391
18370	4	23390
25081	0	26777
24943	3	15202
29379	0	28197
21703	0	22842
19694	0	16865
19018	0	24544
19152	0	27287
21257	0	23559
17991	81	21176
22815	0	23496
29700	0	29618
16107	0	22515
22077	1	27374
15415	0	27464
25551	0	17431
17667	92	26202
24571	4	26615
18553	92	15082
22311	92	15177
25233	0	15613
20774	0	15759
15721	3	19227
23941	86	25413
19368	0	20205
15477	92	24338
24574	4	27237
20795	0	22281
21648	0	28479
18076	0	25106
17251	0	20483
17775	81	20623
16893	86	23421
15625	0	23591
21539	0	23610
24509	0	24133
24581	0	28634
17053	0	27982
29709	3	16192
17764	0	29296
16253	1	18326
20830	4	26224
18514	0	19217
20064	81	20772
25740	0	29831
19067	0	20575
28904	0	27195
24850	3	20701
16768	0	20611
21604	0	27265
21282	0	16821
19117	81	24224
19868	4	28111
24302	1	20493
21106	0	23170
20880	0	20184
21508	0	21986
25251	0	23918
20987	0	25396
19822	0	27032
19055	0	23671
25780	0	23351
18544	1	24427
29383	1	18092
29528	4	15113
26141	0	17505
19767	81	28979
23018	0	24026
23971	0	25789
29720	1	19277
21068	0	19821
21640	0	15162
15814	4	18838
15721	3	27891
17114	0	27128
23415	0	23254
25388	92	16709
20811	3	28607
23018	0	21736
25413	86	23941
17307	0	21980
16817	0	25072
17698	1	18716
25224	3	29976
21091	0	15157
15813	0	23246
24235	4	24911
28787	1	23513
17693	0	28405
18495	0	19341
18691	0	19670
22017	92	23390
18633	0	28325
20330	0	26663
17849	0	17614
21513	0	17794
17300	4	29328
26174	0	28253
26190	1	28374
17155	3	18818
22394	3	16173
17089	92	15927
28860	0	22754
24204	3	27653
16966	3	27058
15468	1	19035
15866	0	29018
26328	4	24531
18342	0	22036
17284	0	16166
17290	0	25827
29745	4	28933
17070	0	21773
24252	0	16783
23665	3	16733
20750	0	21841
16694	92	24136
21194	0	27830
25149	0	26594
21696	0	26760
24152	92	26045
22484	0	17954
21970	0	28422
21824	0	24545
21356	92	22258
29705	3	28423
19408	0	25653
16687	0	20287
21043	3	29387
23943	0	22568
23644	92	25214
16168	1	20185
21925	1	26636
24796	0	26191
28782	0	22229
16947	81	23007
22076	0	17254
17802	3	22238
29709	1	20287
26124	1	20047
21929	0	18770
16770	0	23197
21391	81	29488
25666	4	27086
29695	1	24418
16965	7	19063
18245	0	16219
24572	4	25304
18625	0	16050
18200	0	23303
15856	3	24477
23037	81	21974
20631	0	17612
21985	1	27504
16530	0	16714
25092	3	17435
19656	0	15983
29696	0	28508
20219	0	28280
24208	4	18749
24819	0	16821
18531	4	23572
21149	3	28543
17066	0	26828
25861	0	20537
21393	1	15220
24215	0	23335
22854	0	19815
20928	0	27040
24999	4	19608
26476	1	28801
21336	4	16739
15351	4	25913
17814	0	15026
24633	0	19217
17998	0	20589
24579	3	25906
25861	0	24410
20904	0	27242
26519	0	25602
17829	1	15409
26152	92	25610
25270	0	15179
24775	1	19667
29699	81	20777
16134	0	27833
17282	0	22215
15440	4	18385
23661	3	26252
16789	4	15576
15867	3	27568
15591	0	16834
18462	81	20783
20630	0	20428
20832	0	20309
21966	0	24454
17154	0	28455
23662	0	16473
29752	1	24701
17021	0	20170
18397	0	17652
22426	0	18181
19385	92	15175
21595	1	22491
17169	3	28590
15624	0	27728
23439	0	19519
22309	4	25726
21270	0	27358
19977	0	18946
16290	3	26471
23775	0	23034
24241	0	25611
29123	92	19451
19420	4	27739
19782	81	25250
21228	0	25070
21578	4	23965
22865	0	17416
25444	0	15626
26167	81	21932
29397	81	20667
15659	0	22542
26167	0	20269
19251	0	26616
22875	7	22651
15276	0	26703
21310	3	27475
24125	86	16817
24758	0	29050
24643	0	18751
22962	0	27439
23425	4	24736
18403	0	27167
17115	0	27721
21848	0	22582
29398	81	15882
18415	0	18103
16338	0	21762
24952	0	20916
24795	0	27344
29528	4	22704
26382	3	28334
22429	0	24156
20849	0	23226
25288	86	19368
23943	0	29272
20759	0	24590
25749	3	16844
25208	0	26589
18523	0	26824
29395	0	28127
15795	0	28319
26158	0	28336
23435	0	28662
17114	0	16648
29007	0	24240
21644	0	18125
19175	4	26641
28671	81	25244
17135	0	16886
19362	0	18364
19080	3	28775
23943	0	17085
22182	0	22282
29456	3	29334
25311	92	16364
17849	0	24427
24759	86	21650
25017	0	23361
16530	0	26387
28902	0	27715
16282	1	25635
24256	3	28026
25373	3	22457
29720	1	26797
21634	0	21980
22598	4	18380
20726	0	25806
29705	3	20356
25696	0	17656
22374	0	26591
15623	0	20665
18952	0	28111
16737	0	26092
25108	90	20123
22960	0	27561
15497	81	22049
24303	0	22703
19706	1	29192
24823	86	24290
25666	4	19470
15415	0	26897
17835	3	18382
26418	1	19813
16787	0	20145
19109	0	17033
17026	0	23992
25108	0	29499
23045	0	21535
26423	1	18969
28866	0	21548
21416	1	25840
18323	0	17618
15542	0	15075
23472	3	21906
16428	92	17633
20989	0	25823
21642	0	23488
20752	3	28263
17390	0	19663
21388	0	26608
29746	4	19591
24691	0	25465
21326	0	29544
19259	0	23299
15813	3	18820
28780	1	17487
15733	0	27743
21526	0	17545
25746	1	22266
23405	0	16111
18201	1	27932
23446	81	24975
23859	0	23799
20065	3	26034
21824	0	29878
19459	92	23998
22046	7	22974
20811	3	19672
18018	0	28919
29125	0	28339
22299	4	26781
16637	1	29938
18441	1	22260
24114	3	20580
21012	0	17663
26535	1	23181
20869	1	29870
28897	1	15198
21715	0	25530
22788	0	22514
20926	0	27968
17211	0	19267
22727	0	29991
17883	4	15207
24221	0	25201
23778	0	26853
17934	1	27378
22781	1	25650
20929	0	25904
29739	0	15113
15486	3	24709
25270	0	22066
26169	1	16144
15733	0	27165
22961	1	25344
17769	0	29094
18726	0	29250
15851	0	21574
16573	86	26335
19121	0	19741
25420	0	26254
19480	0	29999
16787	0	22907
21149	1	28125
22156	0	20107
20079	1	26707
25253	1	18217
26405	1	16748
22970	1	17537
21305	0	24438
22131	0	23478
19715	92	18929
26392	0	23020
22594	92	25064
24260	4	26755
25099	0	25652
22178	0	27479
19327	0	18374
17114	0	27578
15336	92	25908
22079	1	19618
15594	0	19588
19791	4	26913
20899	0	25395
19665	0	27233
19794	0	21498
28868	4	27555
22484	0	15204
15720	1	25583
22404	0	22837
17118	81	23708
15340	1	18540
20861	1	25875
26497	0	17384
16349	0	28001
29385	1	20070
15635	0	28542
17050	0	29592
20057	0	27517
29779	3	23385
25512	0	25168
17274	81	15274
19874	92	24135
24839	92	27041
21086	3	20523
15733	0	26035
15593	0	16630
23037	81	17991
21970	0	28144
25060	0	28645
24995	4	28908
23470	0	27000
24953	3	26189
21489	0	17936
15390	0	15242
29123	92	21733
22940	0	28234
21573	0	25980
16151	3	29592
29528	4	27010
18772	0	27499
17932	0	25340
18038	0	26287
20624	81	18677
29486	1	23597
15404	92	15057
15913	4	16871
18682	0	16357
24625	0	25849
21519	86	20786
19632	0	20593
17683	1	16118
21366	1	26864
18370	4	16450
22915	0	28204
24107	0	23163
25384	1	29122
25158	0	20047
24588	0	16122
22088	0	29386
21273	0	24415
29417	3	25193
20333	0	26632
21168	92	28810
21706	0	17105
19364	92	16912
22729	92	18922
19495	92	26644
24992	0	26125
21031	1	18907
29249	0	29519
21363	1	29981
20850	0	26775
15591	0	25798
17985	3	26719
24978	3	16446
21006	4	19841
21635	0	23406
21176	81	19046
15417	1	18692
29366	0	27153
22660	0	24024
17770	0	19658
24097	0	29930
25100	3	15703
20843	0	28008
17861	1	20367
22854	0	19183
23540	81	24620
25372	0	20598
21236	4	25354
21109	0	28629
19987	0	15562
17863	1	23719
26179	4	25799
16290	0	28082
25745	3	24431
17159	3	27505
28875	0	28447
18257	3	28753
17428	1	29166
18010	86	17050
19112	3	20182
23542	0	23502
21927	1	15060
15470	0	26934
24507	3	25794
17752	0	21804
21061	0	27110
21507	0	18693
19080	3	26220
15593	0	26055
19873	0	15896
15476	1	15704
17686	0	16102
20462	0	22732
16978	0	20257
16476	3	25816
19177	4	29616
20323	1	25219
22050	81	20714
24510	0	21583
19249	0	17624
19553	4	23751
23940	3	22433
24768	0	28641
19774	0	28769
22676	92	27879
23101	0	17700
21521	1	19949
26486	92	15063
22978	3	27083
19506	86	20803
29565	0	24682
20080	81	15457
15516	4	17017
22034	92	26708
29319	0	17611
16760	92	23098
16831	3	16057
22981	0	17406
18458	3	29405
22056	92	15677
17831	4	29855
18670	1	25453
17368	3	29666
24628	3	23073
19795	1	23890
17162	0	23354
16547	0	25606
19177	4	19661
23528	92	25858
21735	1	25409
19427	4	17614
21300	0	23097
24204	3	26573
19312	0	24500
16169	92	29640
29747	4	28082
18517	0	29325
29765	0	18644
23940	3	15632
21109	0	22563
15507	4	20390
24072	0	18042
29473	0	20678
28688	81	18189
15961	86	22639
21686	0	16994
18184	0	24297
15775	0	27940
29487	92	27662
22081	92	24753
26162	0	15224
25518	0	26184
20520	82	22831
20922	0	20228
24894	0	16024
15599	92	22069
21156	0	24523
24762	0	16987
29731	0	16932
19563	0	18578
21405	0	22416
24542	0	20994
24774	0	29791
20841	0	27634
22010	0	27003
22600	92	28644
26487	92	20710
20323	1	18764
19864	0	26735
21199	0	19430
15342	92	21470
22978	3	28295
17178	92	23875
22914	0	26310
18726	0	16456
16691	0	25924
23664	1	16627
17827	0	24919
21696	86	21850
25749	3	24479
17076	1	19035
18191	0	20539
20850	1	24476
17178	92	18769
22606	0	27087
22868	0	16703
23778	0	26653
25903	1	25941
16826	0	27937
22940	0	22140
23930	81	17111
15275	0	28140
22638	0	23920
21608	92	15611
24596	0	26504
17145	3	26197
18403	0	27248
21076	0	28242
18061	0	22352
29774	4	19921
18683	0	27705
19319	4	18032
26376	1	29118
26476	1	28028
29731	0	18250
15431	0	25760
25380	92	27931
20851	0	19337
16273	3	27247
23883	4	24921
26386	0	24644
29757	81	17184
19911	1	17906
22778	1	17610
20909	0	20280
21295	92	22839
19631	4	19120
18001	4	17540
29801	1	20257
15616	4	29683
28894	0	26824
24189	0	29621
20877	3	16838
26534	1	24478
29269	0	23925
25029	2	16675
18684	0	27562
24036	1	25464
23206	81	22037
18396	0	18749
29762	3	25654
24624	92	15228
23314	0	21587
22617	0	24707
22395	1	29999
22131	0	27333
21407	92	25769
25293	0	28448
23867	81	18565
23655	1	20286
21828	0	28148
15591	0	27727
20802	0	20114
20466	1	18890
24828	3	23348
22087	0	28648
19080	3	18021
29007	0	17510
26157	0	25608
19161	3	26233
16695	3	19850
29695	1	23714
19380	92	28582
21301	1	21840
20792	0	18885
21738	0	23496
29010	92	27318
21523	0	20572
29746	4	22222
25115	92	29923
21148	4	28248
16817	86	24125
21346	0	18712
20836	0	25995
15733	0	27950
17111	81	15965
15605	81	19045
25565	1	25128
24729	92	18829
18207	0	17333
22307	0	29019
18504	0	22580
21295	1	27975
16421	0	29182
18471	3	24010
17979	3	26689
24730	0	22832
25235	0	26189
20898	0	23158
18166	0	22263
21511	0	27741
20029	3	25705
17156	0	26092
17832	4	22185
24504	1	29017
20326	92	27435
17223	0	15189
24943	3	15261
15858	0	18482
21653	0	16311
18073	0	17589
29288	1	27273
19682	0	24597
15867	3	22544
24539	0	18481
26263	4	28701
25280	0	27395
24974	92	23362
25188	0	28514
21300	0	29552
25488	0	22248
17897	0	28171
28909	1	17479
24271	0	27450
21073	0	29265
19092	4	18087
26442	1	25728
20465	0	22599
24572	4	21790
16547	0	26797
17888	1	29870
29761	4	22847
24039	0	25788
23442	0	19944
23651	0	22630
17862	81	25580
23931	81	20740
15426	0	16921
24084	0	15015
22669	0	25481
19193	92	24370
17274	0	18156
18759	1	23345
22043	0	22408
21177	92	27095
15933	0	27075
21345	0	27623
21111	0	28496
20921	3	18987
21272	0	22884
25007	0	28576
25039	0	21450
19579	3	18017
23079	3	18722
24992	0	27254
17129	0	21561
17841	3	26010
26474	0	26735
29742	4	17635
15406	0	25781
19101	3	26492
20035	3	28549
16336	0	29518
29703	81	26329
20079	1	17502
24705	0	22493
19392	0	18106
24055	0	19460
21824	0	17225
19415	0	16844
23144	0	18292
15828	4	15307
22307	0	15288
29702	0	19926
15980	82	17426
19346	92	27915
23183	0	22138
29768	4	24295
19858	4	23234
20091	92	24893
24732	3	27020
25696	0	23234
20932	0	23197
25745	86	18585
22955	4	20218
29007	0	19486
16974	0	28602
24819	0	28991
29000	0	16139
17859	0	28154
20802	0	15399
19293	0	27224
16899	0	25344
21611	3	16840
24182	92	22112
25740	0	25203
15278	92	18988
17051	0	15039
24850	0	29873
17216	0	23427
22737	0	29119
23664	1	29683
17566	3	29956
26182	92	29296
16476	1	26370
20915	0	28580
24802	3	15656
22680	3	18700
19630	3	19332
25016	1	24885
21225	1	18998
19132	0	17902
20968	0	15356
23884	3	15212
15593	0	29610
24034	0	28964
29010	92	16095
18614	1	26937
25151	0	28271
17026	0	19605
17522	7	21199
26135	4	29942
29763	1	27904
15487	92	29874
24774	0	20554
19058	0	27648
21176	81	20083
16687	0	28651
24581	0	24815
21402	81	23007
22750	0	19976
16817	0	28201
20784	0	28027
28783	0	22360
15587	0	24383
15779	0	21786
28897	1	16368
19370	0	26746
16021	0	26906
24208	4	22896
26386	0	21472
20016	81	15879
23548	0	23516
16036	0	25586
24214	0	16815
17078	1	18998
17876	0	24025
25420	0	20207
17783	92	28638
24041	0	18386
16788	0	22886
16685	3	23716
29746	4	25689
20963	0	26743
15585	92	25478
17127	0	16399
16438	0	24376
25495	0	27347
25694	0	23269
19169	4	20684
15452	3	25838
18260	0	23962
23959	0	19745
20018	0	22240
19411	92	18678
20652	3	27683
15382	1	18714
23442	0	15992
18902	0	27770
29747	4	20443
19548	4	29120
20863	1	20277
21710	1	24608
24970	1	29441
29377	1	29365
25517	0	25645
17961	0	20429
15087	3	24133
19977	0	28731
20783	1	16102
21494	3	26866
20027	81	21209
19377	3	20706
16758	0	28403
20902	0	23844
18422	86	21689
22695	0	27821
18826	0	17570
18619	92	28175
24777	86	29243
16831	3	16054
19355	4	28736
16270	0	17058
20512	0	22515
29703	81	24840
17271	0	16522
24224	81	17896
21844	0	18980
19635	0	28994
21998	0	23578
23598	1	26647
29249	0	26313
19177	4	15188
15445	0	29821
24651	0	28254
16852	0	21812
24857	0	19790
17415	0	18349
24314	4	15642
22226	0	27619
29774	4	22538
21604	0	22341
22644	3	26868
25595	0	24183
16406	0	22480
21421	3	22850
15870	92	29780
20931	0	24258
21543	0	22849
25016	1	29516
18396	0	15897
24068	3	23737
29739	1	28558
23542	0	19953
15518	81	22393
19385	92	28706
24982	0	23776
18662	5	22280
18857	4	22155
21045	81	16252
21627	0	24755
24798	1	29429
21100	1	18104
15589	1	16521
25093	92	21884
17884	3	16910
21829	0	27771
20458	4	29073
20887	0	17982
24623	3	17702
21981	1	21574
25002	81	21396
19398	3	23156
15707	0	29837
15748	0	17013
29690	0	28393
24854	0	16749
19129	81	19907
18763	0	18913
19506	0	23151
29473	0	26620
18677	3	28206
17998	0	23241
22687	0	23118
25802	0	22629
20649	0	22453
29893	1	23896
22765	0	27493
19368	0	26881
21541	0	28361
19392	0	15398
15822	0	15541
24278	0	16396
23432	1	26767
25161	1	24170
24995	4	25830
16797	1	22316
20848	0	15113
23470	0	28660
20644	86	16420
21686	0	17015
18626	92	27031
26330	0	29254
15625	0	22072
29055	3	15305
20378	1	26652
29699	81	23206
29869	92	28797
19095	1	21778
17249	0	26437
29705	3	24135
18637	3	26578
19390	0	28383
25364	3	26697
29995	81	26424
21103	0	16374
18632	1	23169
22647	1	26868
16151	1	29184
29948	0	15154
19318	0	29155
18261	0	18586
19417	3	27324
22064	92	27134
17932	0	21534
21970	0	23571
16737	0	27163
22466	0	20307
17681	0	19283
19548	4	28985
24759	86	22160
21356	92	19869
29748	4	15169
17306	0	23250
16419	0	24295
29466	81	25682
21294	92	17427
25495	0	17916
17259	0	28350
28885	0	16572
18637	3	27692
22152	0	29116
16157	0	20106
29852	0	27743
22656	0	29675
24757	0	26660
25356	92	24388
24720	0	26103
29957	0	28442
24779	7	21102
25162	3	26876
29392	0	25927
18826	0	28373
17849	0	29020
17567	0	23133
17119	0	22336
16026	81	20038
24304	1	20500
23930	81	17775
29755	4	26545
24934	3	15049
17770	0	17035
24894	3	28349
23412	0	18970
18602	4	22346
29864	0	18951
15913	4	29854
18842	1	18701
25309	1	20159
22981	0	15023
15276	0	22341
21855	1	20139
22372	1	27381
16036	0	16367
28808	0	28306
17251	0	23969
25518	0	18114
26528	0	26736
18336	0	28768
25595	0	20178
19961	0	27053
17449	92	18725
20883	0	15890
18514	0	19944
15421	0	16397
22873	1	27161
20785	0	18548
22027	0	19136
21823	0	19938
17934	1	28881
24623	3	15528
25161	1	23385
25166	4	20280
21459	1	17232
23063	0	15194
17027	1	23066
15516	4	28009
19665	0	29030
21328	1	23563
17714	0	17973
22664	0	27990
29392	0	28744
28587	0	18991
24840	81	21575
25017	0	23676
26076	3	19713
25086	1	20501
16894	0	29263
21414	1	20482
17076	1	29141
18680	81	20977
17396	0	16333
24473	0	21364
19152	0	15140
17675	1	26692
21195	0	15745
18525	0	17965
25082	1	15221
29344	0	15120
23418	3	20268
23655	1	17012
15336	92	28256
22788	0	15265
25568	0	23207
19327	0	19469
17300	4	27862
25011	0	25908
22958	0	19270
21544	0	16145
22804	4	29630
21485	0	24316
21186	0	25198
29800	0	22901
29478	3	27216
15471	0	19604
29755	4	26593
19555	0	18112
24624	92	15164
21115	0	20385
29385	1	28955
20763	0	29168
25018	0	21937
29008	92	16653
17464	0	22153
17381	0	24020
24420	0	19227
16972	0	15261
29751	3	24721
18411	1	18642
21301	92	26199
29504	0	20359
24607	3	16090
19159	81	16417
29142	0	29545
20862	3	27704
29762	3	22881
24034	0	27315
19169	4	25460
18428	0	23855
21712	0	28454
26386	0	19711
18842	1	20167
21355	0	27567
15807	0	29795
29764	0	17585
18507	0	22842
23934	0	27813
21301	1	21839
20727	81	20934
25388	92	22349
23772	0	27748
19899	92	19580
20059	0	19528
17067	0	27616
28845	0	28846
19682	0	21528
26168	3	19011
20762	0	29625
24599	92	23162
24972	0	23451
24643	0	23192
18396	0	26356
17191	0	15400
17769	0	27281
17078	1	16877
20833	0	29655
21159	0	24547
29007	0	27579
29039	0	25138
19772	1	19127
25641	0	20243
19901	92	20479
16440	0	28385
24504	1	28643
21503	0	25262
19892	4	16813
29719	4	20403
28943	81	20623
29705	3	20681
21650	0	22245
18613	92	17006
15887	4	15408
21061	0	26374
22876	0	28592
29567	0	28155
23959	0	18752
18853	0	26675
24792	0	25432
26517	3	26641
21471	0	27291
15452	3	29916
19249	0	15750
21196	0	29100
21911	3	15243
17145	3	18165
25373	3	20168
21105	0	21472
24598	92	26754
20301	3	20260
22037	81	22006
23129	3	15918
16673	0	29084
20841	0	26353
19095	1	27320
18237	0	25306
20914	86	28899
17142	1	29861
22978	1	23835
19432	81	21499
16028	81	17701
17605	0	27293
24625	0	16511
26434	0	16232
17226	0	15811
17464	0	26276
15345	86	24639
21504	0	23146
29241	0	24674
24847	3	26611
23177	81	25580
22184	92	25753
29350	0	26431
24039	0	20145
22716	1	25401
23882	4	28238
25386	3	25260
21424	6	18671
22864	4	24407
25682	81	18627
29010	92	20238
25084	1	29145
25002	81	20942
18432	0	17096
18431	0	24018
21521	1	26282
17157	3	29611
18159	0	15083
24290	0	16502
23278	1	16111
22481	0	15550
25230	3	23356
19092	4	24910
21389	0	26907
21008	0	17337
22414	81	18854
16338	0	17430
20057	0	16866
24779	0	16377
20324	1	23371
17763	3	23191
29474	0	23171
15545	0	16381
25877	0	25898
23668	1	26852
19097	3	28172
23777	0	27824
25681	1	16820
21289	1	18095
25187	0	18086
24060	86	21269
19747	1	18878
24572	4	23794
29373	0	27909
25202	0	24363
19901	92	25058
20978	0	21567
24929	86	24157
22706	81	20969
22430	3	28473
21606	0	28396
24304	1	18794
20792	0	16630
24796	0	20136
22314	0	18266
26392	0	26467
24231	0	27810
29761	4	19714
16899	0	27106
26160	0	17713
20752	3	28446
18403	0	23904
21706	0	17531
21387	3	23701
26532	0	20285
19097	3	27057
15456	86	16953
15768	1	20614
22297	0	20145
22178	0	18027
26167	0	26772
15543	0	25555
18483	3	15188
17770	0	29195
21636	3	24356
26122	0	15751
22743	0	26093
24569	92	15835
16539	92	20098
17848	5	29872
21621	0	20197
22960	0	29862
20754	0	16074
24632	3	28136
16634	0	27043
20463	1	19571
18164	0	25851
18553	92	27867
20649	3	22138
28902	0	20574
24189	0	23917
19630	3	29523
25209	0	29559
24023	1	22200
18401	4	23562
29284	0	29659
25086	1	23799
21016	0	27010
17986	0	26952
20841	0	28464
17796	92	16396
19988	0	24436
15425	92	27642
19441	3	17006
18370	4	28539
17140	0	23316
19389	4	23229
18844	0	26350
24925	3	19723
17069	0	27237
20832	0	28204
15980	89	17426
19632	0	15334
17409	0	25451
28882	3	28739
16693	81	15457
19854	0	28525
19665	0	29029
25007	0	26624
18842	1	23315
21848	0	18337
17114	0	28752
29060	0	22244
18695	0	27558
24765	0	15115
24263	3	24688
19479	0	16523
17116	1	26566
29314	0	18896
22082	0	29245
18612	0	28050
17380	0	28645
28762	0	29935
19052	1	25897
17855	0	25307
21170	0	26621
19377	3	15316
18512	86	19489
18441	1	24470
23520	0	21755
24079	1	22097
15407	0	29917
15967	1	16785
28858	0	27392
18003	0	28024
21102	0	15017
23524	81	20624
21419	3	18094
28783	0	24434
26264	4	17677
24796	0	27218
20458	4	25909
19346	92	17980
18851	81	20808
18421	0	28431
18515	0	27467
26432	0	17103
16687	0	16185
28851	0	17435
15587	0	17588
26512	4	22768
22310	4	25655
18063	0	29382
20889	0	19832
29485	0	21501
19291	0	24356
16826	0	28163
28854	0	24911
21037	0	27079
16019	0	24754
24521	0	18781
25421	0	21946
18401	4	16872
29483	0	22205
17404	92	15124
19090	0	25338
25669	0	27303
23878	4	17214
29485	0	25823
15827	0	29330
21239	0	18687
22943	0	20676
28782	0	15529
18610	1	24391
21215	3	27139
23130	0	27505
25513	0	24342
17397	92	25594
17797	1	20255
29403	81	15089
15724	0	22092
15966	4	24412
20291	0	23593
22734	0	25855
21680	0	29517
22428	0	17044
22862	0	25926
16960	0	20450
16325	2	26466
20219	0	20572
23199	1	19274
15382	1	28955
21709	0	22021
15452	3	27723
17358	0	22843
26124	3	16114
17374	0	27297
22991	4	26216
19004	3	27934
15591	0	17540
17990	0	25283
20730	0	27788
18525	0	23888
24598	92	17557
17127	0	26733
26167	81	25157
18105	0	24452
21964	0	26917
18155	4	20448
25155	0	16311
21366	1	25704
21300	0	20471
17247	0	23957
20321	4	27570
15445	0	25785
16640	86	21019
17064	92	16938
24929	0	18719
19403	0	24458
20922	0	28653
22724	3	19626
22597	1	22346
17130	81	19191
20732	1	24483
28786	0	23295
21038	92	21350
21163	4	28132
23476	4	27081
26014	3	19939
17931	81	24794
16817	0	17038
19915	0	16997
19296	0	22289
29772	1	28869
17137	4	17087
25681	1	24869
16992	0	26106
29416	1	25458
17826	92	24485
16131	4	22340
29705	3	25042
24211	3	23917
21142	0	25951
16008	3	15910
23041	0	26946
17383	0	16017
17304	0	24919
21258	3	29547
21705	0	20253
21108	0	15926
24640	0	24686
17191	0	18376
17290	0	18225
22675	92	15994
15965	81	15592
21155	0	20241
22729	92	21818
25627	0	18048
20633	0	28616
24090	3	17919
18726	0	22212
29995	81	17379
23005	0	27992
15432	0	25930
19935	0	18768
16309	1	29165
24757	0	18263
25418	0	27946
20832	0	22803
24577	0	28400
21101	0	26946
15597	0	16362
16307	86	20183
29310	0	23062
25487	0	26057
20866	0	23907
21835	0	26678
16826	0	15103
17180	0	18473
21048	1	19487
21204	0	17215
29417	3	22630
17298	0	20228
20992	0	29296
19192	81	21174
25252	0	29022
19436	4	19451
20326	92	27985
25057	0	26960
15959	92	28387
24599	92	22803
23542	0	24479
25517	0	29129
23301	0	27116
19558	0	23912
19095	1	27331
24077	92	24936
16686	0	22019
22120	3	28450
21416	3	20265
20754	0	26764
22058	1	20380
23878	4	15094
21628	0	27611
29010	92	19454
20825	0	24937
20462	0	27708
28942	0	26865
18561	1	27058
21367	0	17779
17133	0	23029
29987	1	28394
25752	0	26237
20153	0	15215
16555	0	16615
21291	0	27664
28947	0	19661
17281	3	17811
18214	0	26721
21281	0	20552
26051	0	22411
19496	0	17490
21602	3	18718
18603	1	29231
29512	4	26695
21701	0	17105
18342	0	18879
24925	1	19723
17148	0	20746
17669	0	23705
24585	3	29590
23959	0	24514
25595	0	28632
25154	1	28805
19436	4	18997
21712	0	17028
23440	0	27351
16131	4	23712
18628	92	27190
29308	81	24306
19898	0	16623
19234	1	27604
20935	0	24756
22874	1	28100
21545	0	18834
16405	92	19845
29513	0	28523
21139	3	20586
29010	92	15928
19353	81	22814
15462	0	19551
22034	92	23794
19357	3	17367
20999	0	21789
21006	4	15759
19436	4	15896
19937	0	26894
18835	0	28501
24989	0	16005
17777	0	25635
19912	82	22522
16551	86	25404
22712	0	23855
29947	0	24923
16161	1	27991
24581	0	16184
21072	0	21343
25387	0	29797
18856	4	26095
18612	0	20178
24827	1	24450
29247	1	16311
24793	81	17303
29347	0	18887
17111	81	21426
20296	3	15394
21539	0	26109
22794	1	28471
23383	0	19957
29707	92	28144
29955	1	17062
15786	0	27965
18142	4	23512
20647	3	22163
18466	92	27434
15713	3	23257
24091	4	27207
23437	0	21965
19559	0	26924
21591	0	24393
15517	3	19929
21240	1	20071
20462	0	24613
22598	4	15154
21110	0	26945
15462	86	21738
21780	0	24328
15866	0	27445
17770	0	19643
21521	1	22496
29779	3	29982
23001	92	29181
24125	0	21797
18612	0	21917
17523	0	19188
22647	1	26962
18127	0	23279
24734	0	16707
29692	81	24620
24629	0	28414
20658	83	24281
18504	0	27311
18853	0	27683
25444	0	29303
21648	0	28986
25513	0	18289
16680	0	26389
17959	0	16217
24640	0	24463
21024	0	20563
15473	1	27660
26554	0	25599
18460	0	18153
20316	0	29526
21203	3	25451
21606	0	28268
17681	0	18473
25595	0	18765
26014	1	25477
16761	0	18183
29384	0	28993
15440	4	24417
23765	3	23451
21957	1	27084
17140	0	26802
18139	0	25592
16365	0	21579
15439	0	18975
22786	0	25554
26137	0	17442
21149	1	20099
19886	3	24246
24234	4	20204
24117	4	27289
19100	4	17294
23761	1	28837
15280	1	20951
25802	0	28108
21103	0	26633
29527	0	21276
16982	0	29204
21265	3	15766
18169	0	27179
22588	1	19003
22598	4	27071
24303	0	27908
18447	1	28159
16766	0	26952
17140	86	18538
23009	0	26359
22463	0	23721
20728	0	28461
25640	0	17697
24940	1	29182
28788	4	26420
18753	81	20733
20835	0	27325
24807	0	27644
18425	86	23412
17888	1	19135
21420	3	21559
21417	3	16591
16296	0	16620
24023	1	21883
15879	81	17874
28380	81	24080
15384	1	28950
26066	0	20001
22924	0	29408
24201	0	24424
15415	0	19703
18672	3	26960
18003	0	27805
22783	0	27155
25495	0	25683
26476	1	22255
16954	0	28493
19328	4	26887
17853	0	22839
25253	1	20492
22932	4	18503
19977	0	20373
16157	0	15139
24094	0	21364
29311	3	15763
21282	0	17975
29693	81	22808
21013	1	23908
20037	3	17482
21174	81	23694
15813	0	28035
19428	1	28279
24969	0	22133
22039	0	29166
20850	0	26284
21403	0	22881
18441	3	24470
21688	4	19430
16404	1	25807
15324	1	23225
24221	0	26310
24195	0	24315
19898	0	25855
25243	4	27248
21991	4	26300
17883	4	18299
22094	1	28128
20849	0	20276
16049	3	27141
23856	1	26700
19544	0	26215
25308	0	22433
24304	1	27511
18560	86	15470
22784	0	27895
23437	0	26934
18613	92	17004
16636	86	15660
17841	3	29326
21071	3	25298
21684	0	18150
18166	0	22181
20632	0	25123
16680	0	28818
18659	0	29029
19095	1	23072
17021	0	26584
20310	0	18702
16989	0	25614
22182	0	19339
26144	4	17630
19421	1	24147
16764	0	29097
20627	92	18287
20726	0	25947
21240	1	24862
18471	3	26375
16036	0	18381
22040	4	21859
25060	0	17485
25039	0	20673
26263	4	27542
24734	0	21041
18671	81	22393
26159	3	15764
22311	92	27327
25368	0	16456
21079	0	27911
21014	86	16634
16828	0	23674
21103	0	18382
21388	0	26185
26392	0	26526
20803	86	19506
20459	1	16462
25861	0	23223
18200	81	25085
21621	0	16517
21166	0	24413
21376	0	16480
15931	1	16820
25372	0	24593
25029	86	15785
20083	81	18288
23300	3	26721
16758	0	27731
18669	0	15583
20786	86	21519
18000	0	29862
29781	1	26368
22419	0	23083
23636	3	16886
19653	1	20281
26164	0	15628
15278	92	24406
15087	3	24561
19137	4	15025
28841	0	22834
17932	0	28232
21259	0	24673
18628	92	27311
18067	0	18983
16131	4	29082
17823	0	16051
22379	0	23379
19694	0	19621
20770	0	19708
24985	1	16221
24323	1	27446
23274	92	28646
22989	1	18880
29373	0	17664
21277	0	23339
29288	92	28157
17373	0	23169
17314	3	29028
22784	0	28119
22034	92	22221
19449	81	28671
22956	1	26428
18072	0	18928
15859	0	26970
20647	3	19657
20780	1	29033
17068	0	29898
15325	1	16433
24304	1	15654
17122	3	28982
21970	3	29560
17151	81	29750
26268	3	22100
29742	4	29112
25385	81	17558
26422	1	23316
18076	0	18948
17365	0	16880
21083	0	27199
21057	86	20759
20975	3	23712
22786	0	25480
24954	0	17525
21378	0	27115
15466	1	24699
19377	3	25065
24571	4	27035
18105	0	23734
19386	0	16841
23137	1	28094
17865	0	18394
25414	0	20397
21169	3	24287
23090	0	17545
29527	0	26275
15422	4	16423
21504	0	19810
19063	3	23833
18236	0	24551
25746	1	15983
20459	1	18890
23858	0	19927
16271	92	20251
19829	1	24483
25349	0	16098
18416	81	22964
17837	0	24448
22031	0	26491
21925	3	20705
18302	0	25498
17755	86	24653
21100	1	17520
25962	0	18481
15440	4	25240
17369	4	18646
25046	0	19006
16412	0	29069
19148	3	26022
20850	0	20363
29957	0	21989
18544	1	15140
22308	92	26211
22407	0	22913
22876	0	16424
16947	81	24846
28687	4	16734
20728	0	24145
25894	0	16121
16336	0	27490
23520	0	18869
20950	86	16349
16943	1	19676
20788	1	25485
21984	3	18298
24807	0	16357
16533	1	28132
23548	0	17348
25023	0	26856
26262	0	15556
25356	92	22171
24634	0	18419
26177	3	27471
17259	0	16915
19550	0	29075
17528	0	28259
22676	92	25276
21322	4	25174
29699	0	28616
24221	0	25103
19065	0	23023
18641	0	29368
17147	92	27644
24778	0	22343
23464	0	27103
29066	0	26634
25038	3	27386
16278	1	23779
21829	0	22770
26403	0	16216
22377	81	19305
25316	4	16614
25956	0	28507
19284	0	23402
19206	3	29622
24072	0	24024
18077	0	18960
29765	0	26841
26167	1	16619
25101	3	27890
20752	3	15271
22682	3	25824
29345	0	26891
20770	86	18840
22728	0	29889
21828	0	20613
18501	0	22908
21903	1	23682
26177	0	28976
25752	0	24535
22037	81	15283
21273	0	28648
25750	0	25929
22958	0	23271
23934	0	22770
25086	1	20493
21483	0	25468
26512	4	18963
15420	0	18562
19322	86	21102
19655	81	17839
17182	0	28568
19134	0	26577
29961	0	27773
16819	0	25880
16205	0	18134
18857	4	22221
19768	0	17576
25372	0	16917
21330	1	27052
21782	0	27582
17597	92	23313
17889	0	25554
19552	0	20217
26078	1	27772
21291	0	20671
25085	81	17503
19760	0	22742
25029	0	22563
28466	1	28650
28786	0	17792
23866	1	28232
25672	0	15183
19635	0	22022
21929	0	25304
15447	1	26560
18360	0	26901
29773	0	28124
22462	0	27053
24848	0	26994
23546	0	24747
17879	0	17341
17371	0	15309
29248	0	27070
19314	86	21196
19394	0	16112
18451	3	19462
16260	3	29978
21964	0	27841
17055	1	15683
21235	1	24661
23866	1	22279
24894	0	25554
22692	0	16741
20829	0	25933
19560	0	24656
16771	1	18681
17132	3	21349
19716	0	26720
24642	0	29797
19086	92	29137
22916	0	20544
18253	0	17340
25076	0	26023
19404	3	24374
19066	0	16596
18457	0	29821
22736	0	25833
15448	1	26603
20830	1	28820
24044	0	27370
20970	0	16611
17897	0	25307
19687	0	28405
21709	0	26460
24055	0	23519
21572	0	18285
20786	0	27790
19319	4	20484
22592	1	28954
24978	3	16074
17971	1	21987
29318	92	25933
21810	81	20083
24792	7	23017
21974	81	22050
22985	0	17965
17884	3	28046
21127	0	15058
19408	0	28612
24757	0	25972
26529	1	16105
28867	86	26346
19508	1	20436
20772	81	29349
21694	0	15244
17838	0	25623
22182	0	19119
19080	3	28616
17383	0	27610
24768	0	25133
26263	4	20172
16981	2	23953
29569	92	16934
19064	92	20360
20907	0	23954
19253	92	15323
21212	0	28755
16833	0	26820
22017	92	27034
16691	0	23189
22302	0	15369
18008	4	16030
18753	81	18189
15914	3	23852
26183	0	23679
21967	0	18863
17868	3	24683
21205	92	15843
21104	0	21921
23045	0	27354
17555	3	28431
28886	0	17430
22596	1	20376
22854	0	29904
24995	4	27295
19249	0	22766
21407	92	26155
29270	3	22553
15401	0	27224
17359	4	26943
21251	0	23749
21362	0	26458
15406	0	28267
17826	92	29788
20060	3	18379
25780	0	20187
15384	1	20453
24782	0	26504
15771	0	23455
25802	0	17629
21603	0	27977
15981	0	23844
19050	0	29854
17179	0	25572
17704	92	23854
29417	3	23558
20980	0	26368
20816	0	15300
15950	81	22941
19336	0	17478
23150	0	25997
25767	0	29135
16688	92	23914
29269	0	21552
17821	0	24612
15469	92	27566
21903	1	17740
19425	1	17587
25163	0	19996
25160	0	25142
17877	0	18655
23047	1	15582
17869	0	15096
15593	0	25855
28787	1	26024
20914	0	26571
19166	0	29936
22028	92	17319
21225	1	15938
19101	3	20106
19255	0	23387
19084	0	17347
15469	92	26665
20330	0	22498
19489	0	27221
17113	92	22343
19368	0	27577
22516	92	28174
21538	0	29911
18504	0	25573
24155	0	25639
21069	0	17445
22953	0	27711
20783	81	22964
29800	0	29069
21538	0	28320
21204	0	25618
19890	0	18962
26066	0	29172
23589	0	15104
22627	0	18924
21605	0	19252
22677	4	17040
29364	81	20023
20846	0	28701
17145	0	25999
24236	3	24425
21184	7	17993
16349	0	16033
24350	81	20014
22422	0	20352
22966	1	27092
22051	0	22912
15439	0	15503
19293	0	20679
20774	0	27181
15320	3	17914
21274	81	15327
20774	1	24865
20869	1	19135
29287	0	18861
21671	3	19337
16321	86	17021
19878	1	25407
24111	92	25614
23646	3	29904
21005	0	23203
25030	86	15797
20465	0	16184
24067	0	22024
24774	0	19730
29767	81	22938
20989	0	22468
18449	0	15172
22756	0	25930
18513	0	28711
22928	0	26325
21464	81	25044
21471	0	23326
21478	0	23590
24789	0	27036
24213	81	18565
25370	3	23691
24803	4	24735
24578	3	19599
20909	0	17626
17995	0	27290
28855	7	17454
29746	4	27625
23651	0	27393
20297	3	27953
17307	0	29972
21631	0	20006
17313	92	26373
17712	0	18770
22914	0	25203
17567	0	27211
24109	0	28398
18200	0	28968
15455	92	16097
26165	0	25620
21178	0	25407
15827	0	15830
18634	0	26055
23012	0	16039
17777	0	25628
17768	0	24644
22598	4	26909
22267	81	23973
18857	4	27661
26487	92	15304
24057	92	29655
24232	0	17723
20850	1	20119
19081	1	29197
29741	4	16518
29512	4	28178
16028	81	19372
20748	92	28031
22407	0	29820
19398	3	23284
21194	0	23251
16778	1	26106
21199	0	24612
21968	0	29386
24718	0	24935
29997	92	23583
19560	0	15052
20028	0	18724
19137	4	18300
28674	0	19430
19890	0	25875
24800	0	27228
29504	0	29642
26167	1	25225
22695	0	27180
17835	3	24915
25184	0	19028
24836	3	27907
17893	0	24699
29504	0	15322
19791	4	28146
15473	92	29806
25038	4	27496
21133	0	23478
15623	0	20473
21211	1	27886
17447	1	29046
16736	1	18963
26402	0	24465
19092	4	28287
24805	92	23799
21500	0	17966
15630	0	26998
15821	0	16453
17828	1	17784
17026	0	23909
15512	3	28574
19327	0	20241
15863	1	24647
17998	0	29836
16170	0	27214
21845	81	24267
21205	92	27678
23383	0	29301
25311	92	16109
16298	4	22543
23542	0	16914
28685	92	25822
23762	3	18227
22182	0	22693
21432	87	16675
29994	81	23004
24854	0	23325
19419	0	18384
24596	0	26283
17708	0	25336
26449	0	29227
22727	0	15994
28745	81	23524
17755	0	23590
20768	4	21872
15721	3	17516
26137	0	26209
28900	1	24448
26482	0	19724
17526	4	26980
17428	1	23705
29351	3	15308
18214	0	27051
19445	0	15046
23108	0	24000
24651	0	16839
24199	0	16399
15772	0	19207
22188	4	15165
21662	0	16468
19124	1	15358
19886	3	24678
17251	0	26847
29696	0	21915
19398	3	26448
17670	0	27547
19759	3	27041
29011	4	26918
25370	3	19521
24302	1	28114
15531	0	17525
20860	4	27286
19509	3	18850
19855	1	15809
25115	1	21871
22596	92	27112
19873	0	23999
21700	0	23604
20779	0	26932
16257	1	28197
22814	81	28591
25902	92	20352
18336	0	27516
20817	3	16104
25110	4	17924
24194	0	17638
29689	0	20112
22606	0	26734
15591	0	16343
22960	0	16657
19449	81	25682
24607	3	20534
23200	0	22383
15512	3	16912
17306	0	28080
17126	0	15190
25301	0	24021
19665	0	28198
22048	92	27542
16298	4	22580
17987	0	16814
20296	3	15224
19880	0	27280
17770	0	16244
25444	0	26588
19330	1	25653
17161	92	21065
24857	0	29618
21103	0	17543
19878	1	17678
29417	3	20416
21240	1	22291
19982	1	20679
26385	0	28052
24629	0	16565
29458	0	26818
20738	1	27444
28690	4	25622
21816	1	18721
23939	1	27749
24960	4	29087
17877	0	18154
25000	0	23918
29488	81	20215
22121	0	22545
24788	0	26748
18544	1	27410
17831	4	26436
18531	4	26835
15749	92	23276
17849	0	22260
24157	3	24716
18902	0	23367
26334	0	17596
22042	0	17614
17933	3	24664
22055	0	27014
17760	4	18577
21204	0	22318
19080	3	28712
18425	0	15845
19802	1	15584
21614	1	23342
25437	92	15674
21005	0	28989
24241	0	26828
17304	0	20124
15733	0	25831
18444	3	23483
29574	0	17215
25031	4	26749
29668	0	29866
16776	0	17435
22091	3	28251
23047	1	18491
19552	0	22703
19507	0	16452
22653	0	18704
17829	0	19743
23665	3	24346
21219	3	20137
18677	1	28206
25727	0	16605
20913	0	27159
23129	3	27783
19248	86	18524
29733	81	28688
19781	81	24975
15870	0	27732
15815	86	21250
23520	0	22014
20927	0	23159
16640	0	27355
26263	4	15399
18454	0	29188
29777	92	17955
22737	0	20076
15819	0	28164
29222	81	17874
15433	1	29562
22028	92	26773
15827	86	17141
19699	0	28665
22311	92	29083
24070	1	17927
20776	0	28076
17111	81	28591
16737	0	22257
17159	3	23512
20865	0	23098
21217	4	21802
24946	0	21747
29132	0	26296
21102	0	27752
17407	92	26341
20986	0	22584
29762	3	23678
29416	1	16090
22183	0	28469
15087	3	16117
28780	0	28968
16134	0	15164
17762	4	24007
19325	0	25859
19901	92	29848
21239	0	27356
15616	4	22282
15475	4	16941
19249	0	20164
19348	0	17637
24553	1	28367
15481	3	23025
23665	3	15094
22745	0	16145
20649	0	29102
24982	0	20248
21006	4	27671
16530	7	19768
28897	1	24669
24766	0	15837
15325	0	15759
18956	0	22496
24306	81	22718
18010	0	24357
24067	0	29784
21141	0	19424
20752	3	16754
19516	0	24591
16413	0	17014
24672	1	25850
16133	0	22489
26173	3	24378
18336	0	25678
25519	0	23799
21070	0	20172
15319	0	18977
21259	0	25427
29354	1	28542
22784	3	20578
24123	1	22532
19937	0	20541
25089	4	26640
15481	3	27251
18555	3	29805
20653	0	27474
25108	0	25332
22129	3	28848
29321	0	21949
21017	0	18996
25153	0	27876
24811	0	27434
21290	0	19851
18851	81	20806
19109	0	15062
21931	0	27611
16992	0	17214
15598	0	16319
24625	0	21861
19746	3	22528
15384	1	18132
19504	0	27603
16305	0	28500
19690	0	28261
21017	0	22020
15963	4	25964
21668	0	28929
29379	0	23689
20796	0	28393
19060	92	28233
23009	0	26627
17179	0	23083
24050	3	28050
28910	0	27463
16543	0	28118
21523	0	18562
16781	3	29867
24842	1	18816
15966	4	29653
24595	3	20675
15883	0	18849
23136	89	22522
18403	0	28919
20653	0	19038
24953	1	27600
17381	0	20213
29947	0	18290
16406	0	20238
19755	1	25348
24061	86	21179
22724	0	15372
17211	0	24461
22223	0	17349
21170	0	18580
29512	4	21067
18408	81	17278
20775	1	19953
22414	81	15600
17832	4	26819
23047	1	18776
16168	1	22566
23654	0	18498
23017	0	16630
19775	1	20437
19396	0	27878
19991	0	15241
22603	4	24896
25668	0	23919
29345	0	17203
24105	81	29740
22778	0	19519
20024	3	25502
24069	4	19201
19004	1	27596
21985	1	18027
22638	0	25058
24824	4	29439
17146	81	20809
17865	0	27052
16546	81	25157
20946	1	17730
22560	0	20518
23140	0	20252
16762	4	15043
24034	0	26826
20841	0	27711
16824	92	22328
24054	0	15108
17682	81	17472
28973	0	26824
21262	92	24331
24110	0	28196
19425	1	28725
22388	0	15055
17853	0	20664
22671	4	27556
17117	0	17948
25272	92	28760
20729	81	22964
29458	0	18198
29657	0	27634
21485	0	22139
20304	92	28425
19084	0	28744
22275	0	26601
16829	92	18881
22395	1	25593
22925	1	15392
24385	1	23349
18560	0	17019
26140	3	19451
21261	4	21586
23986	1	18792
19176	0	28896
24215	0	26931
26554	0	16244
17267	4	16343
24098	0	28957
17021	0	23642
24786	0	24742
21644	0	29849
24098	3	16534
18213	1	17032
19795	1	24530
25741	1	17810
20936	0	25837
24107	0	28648
17191	0	25536
20079	7	18195
19631	4	29406
26536	0	19424
16426	0	23184
29695	1	26242
22748	0	16516
22296	1	20117
15784	0	15758
15708	0	24025
16545	4	26009
22009	92	15247
18514	0	26357
26157	0	29091
19399	0	17423
24694	4	24937
20030	0	22552
17381	0	25660
19387	92	23701
18843	0	25343
15318	0	17951
21297	3	28297
26484	3	22140
26138	0	18592
16951	0	26683
26192	0	25812
21663	0	23429
24894	0	17617
20978	0	17578
16133	0	20694
25007	0	15539
28690	4	28626
29384	3	15198
29748	4	26809
25233	0	23364
21504	0	16222
24527	0	25971
18215	0	26985
20755	0	17006
25083	0	20272
18406	0	17019
16126	0	29671
20828	0	18033
24522	0	23326
21281	0	20544
17268	1	15838
17768	0	28059
22594	92	20625
28894	0	27015
21345	0	18221
24064	3	16523
22899	0	16245
25208	0	23577
26334	0	15504
19631	4	20072
25345	0	21820
21741	0	18654
21526	0	26224
24576	0	15263
21225	1	26847
22959	0	19524
15432	0	23629
22967	0	28254
18627	81	24635
29756	4	15999
16634	0	23719
29366	0	23562
22123	3	26548
19870	0	16002
22176	86	20830
15449	0	25836
23669	3	23083
24223	4	28754
15461	81	26514
16547	0	19309
22188	4	27266
21196	0	22441
18188	92	16229
25746	1	28576
22397	3	18390
22904	0	27008
17817	1	16315
15862	0	26321
20931	0	24007
29951	0	27710
20902	0	15109
17849	0	18872
29345	0	20268
22005	0	24664
29766	92	27100
23049	1	18598
17527	4	25710
16149	92	18095
21056	0	24453
29733	81	17847
19630	3	26059
24314	4	27318
21152	0	17501
21974	81	20713
16979	3	15141
22787	0	16845
29737	4	19605
17102	0	26813
16737	0	28772
19889	0	29968
25046	0	26211
15798	0	28197
15416	0	19642
21356	92	26592
18447	1	28156
21823	0	18806
20847	0	20197
28850	0	15119
26152	92	28601
15712	3	25265
19631	4	26292
15302	4	23684
25150	1	29658
23205	0	17515
19296	0	25140
26079	0	26272
25227	0	18892
22017	92	27629
15325	0	25989
23000	0	22285
19498	81	23938
26260	4	16120
22778	3	17352
25388	92	28636
22592	1	17164
29479	3	27666
24584	1	25718
18431	0	23727
22310	4	24878
18544	1	25699
17960	0	15075
25192	0	28653
15814	4	25433
16824	92	17029
26376	1	28084
23059	92	25984
21121	0	15022
19415	0	26837
26130	0	18869
22466	0	22460
15715	1	27465
21525	0	15891
22716	1	18277
21782	0	26663
18438	81	28880
24228	0	19678
22596	92	25498
18076	0	23786
25204	0	17339
15859	0	15130
26183	0	19728
15462	0	27442
21139	3	15628
21267	3	15099
18348	0	24753
19064	92	27610
22626	0	29796
24957	81	24760
18761	81	19907
19130	81	29469
15506	3	20046
21192	0	16905
21712	0	17687
20727	81	29349
25002	81	25250
29722	1	23331
17161	92	15503
26486	92	23374
20834	0	29798
22058	1	18794
17401	1	27800
20954	0	27227
22226	0	28814
21671	3	29017
23094	0	23650
25388	92	17098
17760	4	15267
24778	0	20260
19122	92	16840
22115	0	29661
23440	0	17203
26451	0	22062
24051	0	15697
24774	0	27088
17380	0	25510
24606	92	26658
17692	0	27592
24943	3	22832
21207	92	23201
19778	1	24494
19365	81	17151
17371	0	22351
16758	0	17781
28864	0	28048
25091	3	17904
18370	4	16918
24230	3	23337
19649	0	25659
26487	1	29092
20303	0	18118
19398	3	28147
21983	3	26342
19111	0	16528
28782	0	25255
22380	0	28775
26514	86	21633
24639	0	15061
24988	0	25056
17123	0	24349
15337	0	28277
17245	0	28611
16012	92	23509
15347	0	27995
15879	81	21527
18404	0	16813
24769	0	16189
15426	0	27303
17369	4	26454
24558	0	23987
26274	81	21527
21526	0	29589
21612	0	19770
15403	89	29324
21648	0	26247
24785	4	23810
23384	0	15376
15442	81	17303
22647	1	23793
22921	3	18942
21357	92	25922
26152	92	23389
22914	0	15261
23537	0	26618
24629	0	28448
25005	4	24383
22590	81	19655
22025	0	22456
29066	0	15908
24057	92	17651
15276	0	22014
22746	1	18816
19253	92	27094
28901	3	17545
21322	4	17220
22814	81	15467
24314	4	27771
15861	0	26833
21478	0	15211
17290	0	25474
17046	0	21805
21292	81	29482
29311	1	26120
21396	81	21527
21640	0	17183
16673	0	27847
16044	0	21938
18616	0	28372
18691	0	17437
17371	0	26863
23883	4	28920
29697	0	24534
17208	86	21395
21035	1	15928
15936	0	29094
18544	1	18872
25695	0	29431
15342	92	27392
29465	1	26842
29749	0	20613
25414	0	27405
25370	1	18278
16933	4	16386
22894	0	15645
24768	0	19203
20768	4	19043
19767	81	23711
15868	92	20799
25301	0	18860
26519	0	28414
21351	92	15674
17305	92	27022
18237	0	17434
21176	81	24846
18501	0	19532
26264	3	15609
29485	0	27812
29125	0	15043
21000	0	17338
15968	0	26715
17990	0	15204
20301	3	24426
24260	4	24015
17870	92	17425
23165	0	23834
15780	0	26042
17669	0	16588
29749	0	27061
19544	0	28614
17053	0	25733
20816	0	18222
19892	4	21063
20908	0	27871
21483	0	29049
17149	92	27330
20883	0	26113
17358	0	24895
25011	0	28647
29705	3	22193
29722	1	24432
25083	0	16183
18620	0	28505
24854	0	16748
22085	3	25170
22004	0	23333
16788	0	26526
15969	1	29926
23882	4	27456
16963	92	28386
15491	0	26241
17369	4	29520
20865	0	27243
17070	1	27935
21184	3	19215
20846	0	24059
24193	0	19458
21301	92	16614
21126	0	23235
21538	0	24877
21902	0	20437
29693	81	25246
23459	3	15652
24774	0	28170
26516	0	28229
21662	0	26022
24624	92	18020
28849	0	27119
20966	0	17036
17850	3	25523
20021	3	15040
22407	0	18378
17284	0	29296
16770	0	22383
25667	0	23217
18253	0	25790
29951	86	29370
26066	0	29095
20849	0	22803
22160	0	26641
16411	0	17351
23700	1	26558
21725	0	28378
15516	4	18148
24776	0	25201
15087	4	16117
25492	1	28124
25311	1	16364
17522	86	21199
17290	0	28723
18226	1	27839
18427	81	15327
16949	0	19333
22739	0	20336
29471	0	16123
18560	0	28252
24204	3	23822
26157	0	25050
18401	4	28042
17453	0	17331
15382	1	16892
21681	1	29912
18244	4	17490
20290	3	24745
21408	1	29981
21411	0	27887
29947	0	19271
20666	1	21955
21440	92	20169
20838	1	25105
23959	0	29336
20794	0	22142
26486	92	23328
26067	92	29245
24672	1	24912
19176	0	19614
17251	0	15055
19288	0	23490
17223	0	15190
16271	92	18943
17121	4	26763
19291	0	26322
23398	0	15971
17556	0	25340
26260	4	26008
25160	0	28343
24306	81	24213
23524	81	19477
17131	92	27555
24981	92	29001
15856	3	19184
19654	1	23307
25301	0	20641
21272	0	23925
21195	0	24892
17276	1	25928
16015	4	24436
21478	0	25610
16290	0	28255
24235	4	20474
20919	0	22270
25379	86	15737
25161	1	21548
16205	86	16256
24209	1	24700
21753	3	17502
21832	0	20121
22079	3	16584
21644	0	18899
18455	3	16441
16170	0	27702
15876	0	22341
25308	0	23487
18672	3	20601
28887	0	21551
19650	0	17082
18561	0	20720
21320	3	27252
25040	3	29603
19349	0	28141
18628	92	21872
21971	0	27095
20886	0	16361
22970	0	15297
18471	3	15366
21704	0	17972
19392	0	16652
15633	81	18627
23442	0	23225
24109	0	15125
23436	0	19463
24139	1	29404
26331	7	17280
17673	0	15240
24313	1	23341
24797	0	23560
19635	0	17925
24966	0	19602
29705	3	23786
29739	0	24345
26405	3	21950
24091	4	24618
19094	0	26314
19543	0	23334
18619	92	26615
19411	92	26502
21003	0	19701
15337	0	25797
22064	92	16193
19828	92	28279
18184	0	17520
22758	0	18950
18208	0	28448
15405	0	25447
22978	3	24670
19394	0	20040
18753	81	23584
26269	0	19069
28692	6	19418
25681	1	16450
18604	1	27912
19760	0	16052
22587	1	22143
23884	0	28615
22854	86	18000
24144	92	22330
25017	0	29601
18669	0	23705
29008	1	19724
25041	3	20440
22308	92	29158
17447	1	29885
25383	1	27591
29374	0	18039
16598	0	28485
23384	0	19851
18202	3	20669
19094	0	27789
16642	0	21769
21396	81	21849
24894	0	24371
25034	0	19806
21169	1	15249
25006	0	16832
15449	0	19190
21011	4	28568
21264	1	22449
22040	4	19712
18003	0	22547
29374	86	22968
15833	0	20287
24204	3	18646
29657	0	16629
24599	92	25509
21181	0	27491
16824	92	20665
29125	0	16059
16257	1	27864
22593	1	28956
26080	1	26584
18433	0	17840
24239	4	18979
17569	4	22751
17992	86	17180
18822	0	28031
26268	3	29407
24253	3	26102
17127	0	27201
19068	1	26296
21926	0	29598
23140	0	23870
22516	92	20155
25672	0	28713
29741	4	19962
19351	1	15339
24522	0	27846
19716	3	16504
18065	0	26105
21199	0	29250
18448	92	25065
29366	0	27491
21396	81	23102
24596	0	17291
18551	3	27087
16138	0	18994
21370	1	19666
16788	0	18137
22875	1	28271
18236	0	18124
20769	0	19015
19533	3	22441
21290	0	28446
22223	0	29804
29456	4	25533
18208	0	29255
22981	0	23734
17707	0	27525
25388	92	26557
19863	4	18263
24855	1	29838
22763	1	22378
19630	3	16732
22424	0	28475
18163	0	20409
23521	1	18733
19559	0	22436
21143	1	29838
22946	0	24353
17050	0	29052
18142	4	16355
24802	3	26817
24254	3	20004
24933	92	26198
20350	0	16344
19059	81	16027
18232	3	26836
18487	0	20286
18009	0	24744
24982	0	20692
17891	0	18473
18633	0	29897
22481	0	18901
22363	0	15245
18520	0	16624
19253	92	15636
25076	0	19997
15546	4	25856
18189	81	29349
24598	1	20637
22464	0	26903
15959	92	23786
19762	0	21961
18430	3	26945
28786	0	27855
20350	0	18594
21106	0	26429
17055	0	15683
20880	0	23731
19392	0	16868
23008	0	19605
17851	1	24349
26171	0	27276
21669	0	15628
16430	0	23781
24520	92	29224
24107	0	20415
19085	7	28900
19983	0	23561
21904	1	28361
16981	0	20437
24949	1	28870
19433	81	20014
29415	1	20743
19317	1	26096
16440	0	27747
25758	0	28822
23867	81	25385
20737	0	16117
24046	0	27879
24725	3	17665
19870	0	15189
21661	0	26201
17883	4	24130
22293	0	25552
16948	81	21613
29695	1	18177
20952	0	22433
19431	92	20693
24234	4	25507
28904	0	18755
15588	1	29194
21249	0	17234
15406	0	29120
18235	1	29608
18235	1	26547
17152	4	26414
24263	3	28565
17286	0	15692
23382	92	19042
20303	0	22450
15723	92	25344
22705	0	23839
24112	0	17224
17877	0	26779
21602	86	16320
24967	0	26059
17151	81	19352
19767	81	19781
20945	4	27469
15740	0	26209
21443	1	18158
24235	4	25465
20958	0	15315
16547	0	27986
19489	0	15394
17998	0	23193
15881	0	26086
17217	0	23741
23884	3	29626
19080	3	29941
22114	0	26880
18609	0	23701
18465	3	23237
22484	0	23348
24079	1	22335
29509	0	28127
17666	1	20001
25112	1	15190
19052	1	29204
29142	0	23296
16960	3	20622
16474	0	21563
19319	4	29083
25492	1	29175
20873	3	17098
22673	4	26065
26066	0	15151
24883	3	15306
29469	81	15344
25083	0	20173
17888	1	16486
23932	4	17235
20321	4	24330
15401	0	26552
21833	0	18985
29264	0	22562
22760	7	22753
21577	0	21813
26167	81	18526
25039	0	21884
19414	3	15399
29488	81	19378
16405	92	26751
17371	0	26479
15406	1	29688
17879	0	16987
20875	1	29895
25034	0	16124
24573	0	15383
18077	0	24462
25152	0	17505
23539	1	27059
15881	0	26085
29008	92	21980
18243	0	26997
16008	1	18839
16695	3	22842
22370	1	20498
20311	0	25634
29318	92	17354
29282	1	28719
21159	0	26299
16253	1	28933
22632	0	28455
23018	0	15977
15384	1	25137
16255	0	15540
25372	0	25569
22756	0	17094
28873	0	15210
15991	0	23285
21257	0	15012
20759	0	21479
17307	0	23153
22083	0	20687
23142	81	24291
17843	1	20263
22017	92	27317
21100	1	16013
19506	0	28354
26477	0	26952
16049	3	29040
23555	0	23202
18169	0	24407
22811	81	23051
17836	0	16657
21275	0	23288
16951	0	23889
23016	4	27454
22302	0	16003
16167	3	27331
20779	0	28992
25014	0	26256
16253	1	29861
20899	0	26035
25163	0	16750
23382	92	16432
21001	0	20572
18018	0	27661
21605	0	29549
20014	81	22590
24734	0	27698
28803	0	18924
19073	0	29358
16894	0	19266
20183	0	20052
21168	3	28413
21446	1	22513
17971	1	25987
21971	0	23734
16554	0	16623
20829	0	27138
17817	1	28028
17223	0	16002
24148	0	27690
20127	0	26952
17694	0	22417
25019	0	23902
22169	0	28532
22606	0	27275
21408	1	26548
23713	0	16917
23274	92	15040
24067	0	19278
23664	1	29334
19903	3	28933
15481	4	26394
22728	0	27579
15828	4	23912
16542	0	27977
21048	1	22195
29479	3	25979
18602	4	21854
22615	86	21249
17932	0	25922
21901	0	18742
15495	92	16967
21278	92	16523
25167	92	17904
25419	1	29295
17867	0	29093
17566	1	19821
16737	0	26280
22518	0	23207
24232	0	18711
23861	1	21890
29381	92	25809
17813	0	25480
15867	3	23322
22952	0	28040
23421	92	18519
19445	0	28800
24927	3	26266
21226	1	29932
24124	0	28306
21217	4	18652
21661	0	22242
17069	0	17492
18673	0	29112
15421	0	20045
20059	0	15735
26484	3	29155
21411	0	21736
26263	4	15400
19296	0	21978
19791	3	16613
21633	0	20171
17378	3	22073
19688	0	29821
23669	3	28188
25039	0	16699
20014	81	22795
25021	3	27446
29261	0	29516
26261	4	27615
16831	3	16498
18232	3	17717
18506	0	26021
16254	0	15756
17428	1	19201
17428	1	19800
16255	0	15241
22656	0	23840
16770	0	20309
24624	92	26096
29315	0	18042
22710	0	15850
21085	3	18265
29021	0	16873
25524	1	20248
24260	4	20166
24205	0	20695
25227	0	18833
26178	3	20943
21985	1	23146
24990	1	22343
19513	1	28226
21330	3	24318
21053	0	22439
20864	0	18196
16254	0	28523
19882	92	29291
22690	0	17808
24552	81	15502
21480	0	27289
16150	0	17564
25671	1	28048
25003	0	15215
15442	81	18170
25102	81	22990
24725	3	17387
17801	0	27407
24219	1	27782
19139	0	22098
25213	0	16452
17120	0	24147
15867	3	26226
19365	81	18427
29743	0	18013
21107	0	27517
16152	4	27266
29312	92	16055
23164	3	29934
22603	4	24685
23520	0	28928
21054	0	26288
25006	0	22347
20032	1	21949
20909	0	21920
16951	0	17423
26007	0	17032
22292	3	28322
22365	3	27621
25444	0	21592
17369	4	25977
24091	4	18983
29356	0	29052
21054	86	21573
21384	92	17028
17861	1	22836
19689	3	26625
29417	3	21450
19439	1	24322
18063	0	20744
22042	0	20164
17409	0	25762
18662	0	18391
21672	3	17637
21356	92	16234
19489	0	17481
17995	0	23029
15340	1	28082
24266	92	15035
15797	0	29933
21156	0	23029
16680	0	27302
25040	3	28924
29477	1	20162
21417	3	26972
22131	0	27939
29220	86	21208
15959	92	20165
16138	0	22852
29285	0	28522
24017	0	21986
20630	0	28592
17251	0	25638
24787	4	25795
24769	0	15309
15302	4	27946
26177	3	23718
20753	1	21961
18450	0	24922
17121	4	18172
28685	92	28179
15432	0	28177
24784	0	27560
29394	0	25576
15278	1	18651
19325	0	23232
29505	0	17810
22940	0	23614
19863	4	24408
25292	0	29098
26150	1	27513
18169	0	15038
18634	0	26896
24849	0	28021
21017	5	15640
18526	0	20483
23482	92	20288
22088	0	25542
17322	0	20451
18427	81	22969
29471	0	15997
20737	0	26588
15959	92	16194
25963	0	18111
15458	1	24440
24584	1	17059
20839	0	27300
21073	0	19275
22992	3	19570
21050	5	27883
21446	1	23526
20909	0	22387
17801	0	17022
15511	81	20934
29776	0	18775
21102	0	18814
15445	0	28861
16434	3	25638
24819	0	22405
19408	0	27416
29572	0	17615
21478	0	15236
16408	86	19603
24802	3	27880
18411	1	25266
23424	1	16017
21141	0	16914
21984	3	29862
29313	81	21496
20472	0	23780
24213	81	26421
24102	1	15186
21189	0	16967
21434	0	27441
25669	0	27996
19987	0	25654
15715	3	26256
15710	0	20696
20976	0	22339
21835	0	18909
21783	0	15558
24498	3	18138
21117	0	17009
24966	0	27352
20504	92	21348
22063	92	16215
15786	0	25973
29753	1	26258
15963	4	17329
16284	1	23349
19766	1	28029
21496	81	15950
19173	4	23122
18640	92	29152
21166	0	25976
22039	0	18648
20868	1	16628
18361	3	15267
17115	0	16660
22274	0	17570
20886	0	24587
24841	0	20561
17771	86	29373
20337	0	19541
17113	92	22257
16263	0	27392
16978	0	16518
29123	92	16051
17994	86	21461
20984	0	16720
18612	7	18566
18495	3	15254
15814	4	27535
15290	86	25512
21855	1	27311
22914	0	17787
24940	1	26425
24399	1	26285
15088	3	29204
19394	0	18651
16687	0	26748
24967	0	16595
24926	0	29942
15913	4	19842
18432	0	16463
28899	0	23689
21329	4	17317
24399	1	25058
25113	1	23641
19416	3	24163
23206	81	19373
24266	92	18813
24094	0	20075
21513	0	26935
15511	3	27961
22658	0	29229
24759	0	27363
24980	3	25394
21384	92	15134
22943	0	18119
22767	92	18420
26156	0	26668
22234	0	19235
17686	0	23782
24953	3	16423
20998	0	27911
20722	1	15789
16479	4	25183
19916	0	15911
29466	81	25054
18370	4	24327
23520	0	15553
18691	0	25395
20507	3	26201
19064	92	17093
21070	0	27638
19882	92	21365
22730	92	24296
18354	4	29969
25669	0	16815
20846	0	27717
22778	0	15155
21290	0	20381
18257	3	28348
15635	0	22371
19373	81	24100
21381	1	17965
21078	4	15380
19371	0	27386
28851	0	21041
22970	1	23179
26192	0	22700
20850	0	17388
21414	1	18868
22649	92	25128
29863	1	27629
22400	3	29023
19427	4	27747
19070	81	24141
22645	92	28795
21225	1	19538
15275	0	23617
21483	0	23744
21671	3	28009
15507	4	16069
21072	0	18958
20859	0	29867
25279	0	18371
20840	0	24409
25080	0	19834
17857	0	19454
18401	4	15702
21629	0	24610
24581	0	28791
15595	1	16180
17385	0	19517
16687	0	19799
18470	1	29816
21194	0	16620
24637	0	19995
20061	0	15921
22821	0	23820
21345	0	17253
24734	0	17965
24054	0	18337
19113	3	20232
21712	0	22612
16551	92	16359
29731	0	15528
18845	3	23928
28841	0	19837
23654	0	24439
22363	0	18967
17397	1	26428
22635	0	23339
20456	0	16447
18672	3	26125
22739	0	25446
29744	0	25718
26381	0	28736
21115	0	26321
24606	92	23506
20465	0	21839
20657	0	26599
19260	0	23562
15415	0	22207
18544	1	26467
23200	0	29164
26334	0	22358
18414	0	28881
24718	0	29193
19549	0	28183
29824	1	20429
25034	0	16742
17115	0	18786
18525	0	23266
22925	1	18642
24829	1	26633
26160	0	22207
23424	3	25210
18826	0	27020
26399	1	22840
23445	1	28291
25083	0	15539
19603	0	16861
21637	0	23892
23089	0	22912
18544	1	23318
25313	0	16122
21991	4	19582
22715	0	17651
20915	0	28242
20648	92	19999
20333	0	16180
24774	0	27628
22952	0	24923
24231	0	28143
29691	0	24477
29470	1	23111
15833	0	27818
20035	3	28261
20751	0	16526
29219	81	18677
21970	0	29103
20081	92	27486
29351	3	17075
18302	0	19587
21073	0	15949
21983	1	26342
24502	1	15582
16598	0	26973
20378	1	23495
18127	0	22410
25681	1	27330
19441	3	17013
28852	0	23234
25020	92	19701
21351	92	29530
21124	0	17029
16134	0	16123
16582	0	26751
18454	0	21920
25247	3	27028
18525	0	27107
26286	0	19474
20757	0	20076
24046	0	22191
23009	0	29819
18063	0	26768
23013	0	28303
22868	0	26038
21612	3	28792
23523	0	26471
19880	0	27803
20784	0	18115
18526	81	24565
21203	3	28237
20753	1	15670
19061	3	19742
23274	92	18800
24304	1	20380
17112	1	29156
19289	81	16252
20946	1	18959
15342	92	29563
15458	1	20273
24964	1	19844
29284	0	15033
16766	0	18041
22721	0	25847
19197	81	29308
29466	81	23708
17369	4	19118
24636	81	19683
25228	92	25906
24769	0	25912
25372	0	21993
21223	3	25461
22306	3	17213
22978	3	27730
17766	92	19714
29430	1	28922
19298	0	26744
19101	3	28997
21239	0	15617
24776	3	22485
15772	0	28757
19063	3	28069
18452	0	27816
16414	4	23406
21346	0	17367
23205	0	22151
24979	92	27640
19506	86	22114
23552	0	26344
21403	0	16702
17523	0	29842
23532	3	15265
22948	0	16179
21103	0	23729
24986	1	22070
29513	0	28360
17233	0	27949
15439	0	28659
19479	0	23154
17265	1	29506
26515	0	18578
17267	4	17632
29414	92	23025
25179	0	29810
17533	0	18722
16951	0	15554
23470	0	26465
22928	0	26598
22430	1	28247
17360	0	17644
23700	1	17938
23539	3	24460
18691	0	15690
18450	0	20140
15914	3	28623
22823	0	28498
24036	1	16643
29742	4	16181
22361	92	29024
19864	0	25321
21209	81	21151
20846	0	15907
21269	1	22339
22183	0	16520
29752	1	17633
16014	1	18808
19156	1	21948
18168	0	23731
19074	0	16916
28906	7	23440
16012	92	16470
16134	0	16872
20630	0	17532
23859	0	17315
18824	0	22139
17179	0	22872
17249	0	25354
24629	0	25446
21075	0	27727
22305	0	23609
17880	92	19742
15088	3	16822
24598	92	17337
20462	0	17108
24638	1	29040
22876	0	26845
17670	0	15998
22234	0	22841
22037	81	21116
17066	0	17745
29473	0	29965
21784	0	16495
22941	1	25261
18363	0	21813
18425	0	27532
16310	0	28618
24950	0	24707
25188	0	24134
18783	0	27115
18465	3	17953
24783	3	27572
25748	3	19913
29988	0	15056
22923	0	26666
26528	0	22405
25149	0	27915
24074	0	15015
17260	4	24063
22090	0	22065
22927	3	15928
18934	1	18246
18444	3	17641
25514	0	17983
22442	92	24369
25253	1	23461
17313	92	23294
19688	0	28024
15721	3	28194
22008	0	26768
21444	0	28201
17286	0	26813
29483	0	24344
26031	0	29448
28803	0	22732
24623	3	25976
18139	0	20523
17223	0	26767
22856	81	23533
24044	0	29516
21604	0	15105
23314	0	25674
19112	3	25940
19076	3	28730
23464	0	20223
17300	4	27848
17180	0	19717
25491	1	26897
17447	1	23212
29297	0	29230
24965	0	26950
25007	0	26798
17836	0	18485
22311	92	22826
24112	0	17645
20834	0	18964
17770	0	28138
15458	1	19035
15465	81	23540
24049	1	17547
23472	3	17950
20993	0	17743
25016	3	29516
17097	3	27019
29733	81	16639
23539	3	26780
25903	1	21052
25747	1	15098
29007	0	28134
15780	0	16712
22179	0	19526
21444	0	23117
20742	3	23616
18502	2	21777
19320	0	26413
21640	0	26839
17089	92	23928
20782	1	29209
26386	1	25073
17381	0	28753
23532	3	22436
18212	0	20269
15491	0	27614
21882	1	27458
21856	0	21941
19115	0	25483
29345	0	21731
25098	0	16810
16475	81	18552
16530	0	22851
21077	0	20385
25511	0	22877
17990	0	26106
25273	3	22323
29483	0	27201
20337	0	15750
23016	4	26675
23484	3	20573
29504	0	23821
29725	3	18276
19150	0	25881
22777	0	28817
21873	0	19472
19291	0	27103
29403	81	29313
17360	0	29255
19004	3	27330
19319	4	26092
26160	0	16348
16760	92	16391
20630	0	22001
19870	0	26927
25352	4	17946
22161	0	20134
16847	0	20819
29712	0	15270
26418	4	16747
29732	3	16516
18105	0	20234
24092	0	27312
19829	1	24431
20927	0	20419
16474	0	22523
21084	0	27350
20731	81	23938
23550	0	22616
22970	0	28530
21612	0	23489
25493	0	17784
21269	1	24876
18753	81	19300
19549	0	22196
19355	4	16730
21258	3	15835
21969	0	18703
21274	81	16848
16778	0	24488
15888	92	20072
26554	0	28420
24998	1	17616
22481	0	17240
24399	92	23827
20928	7	20929
19133	4	26938
18091	0	23062
23589	0	15154
29417	3	23452
24520	92	16244
24693	1	29096
20649	0	26775
21576	0	27518
19427	4	28236
24950	0	27852
19443	0	22073
24041	0	18796
22079	1	29615
22862	0	25685
25385	81	19865
22017	92	28285
15507	4	28549
24589	0	18043
22391	81	20713
17894	0	27135
25057	0	24750
24072	0	29811
24113	0	20524
15480	0	15071
17402	1	23642
28952	1	28434
15473	92	18358
19691	0	29165
21215	3	29985
17826	92	25607
24568	0	25925
17115	0	25617
24159	0	16511
29383	1	18390
22042	0	19996
26014	3	27935
15708	0	18329
16979	3	19525
18760	0	16360
21258	1	26632
22671	4	25464
17867	1	21885
18456	0	27757
24960	4	27563
21313	81	28676
17179	0	16722
24965	0	15171
22779	0	19564
21526	0	17699
20647	3	26363
20725	0	22883
29755	4	27342
25018	0	28631
22660	0	28727
22982	0	15067
16198	0	26353
18443	3	27338
25167	92	25263
15823	0	21302
16429	1	23022
22188	4	16580
17994	3	25443
28843	0	26186
25463	0	26783
17666	3	23386
17301	0	28033
21105	0	29548
26260	4	27181
20299	92	24258
25020	1	19701
22060	3	26992
24032	0	21924
23430	0	23833
25487	0	16507
17659	1	16453
15969	1	26571
24231	0	27714
18842	1	25792
19408	0	15575
21057	0	16311
19121	0	29408
24954	0	16782
17125	81	17931
15861	0	29936
28878	3	26211
19635	0	21729
21234	0	19342
18377	0	18380
21142	0	18532
16573	0	19611
21392	81	24994
24985	1	16316
29695	1	25697
26128	4	20660
17834	3	26780
15087	4	23947
23001	92	20275
22376	0	25451
29473	0	17433
29417	3	20433
15660	0	23591
18567	0	23227
22080	0	26664
23094	0	16523
24215	0	28736
22083	0	27078
24189	0	18755
22056	92	25559
20317	0	28222
21228	3	28022
22381	0	28919
21321	92	17699
21395	0	18591
21143	1	22322
24157	3	16041
15473	92	28221
22759	1	15127
18416	81	15947
20183	0	27408
18627	81	19250
17766	92	27572
20747	3	17621
23447	92	15396
24768	0	16728
21077	0	24868
25842	0	22434
17777	0	25631
16687	0	29422
21823	0	27575
17269	0	16042
24279	0	26745
22968	0	16507
17110	0	16907
24695	90	24853
26333	0	24597
16271	92	27877
18204	0	22810
29351	3	27744
21084	0	23498
19822	0	27793
23081	0	29548
21245	0	18868
18535	4	17649
19776	1	27456
25732	0	16994
15290	0	17186
17447	1	20583
26168	3	29502
28762	0	18912
18127	0	18394
19867	1	27964
20910	0	27813
24520	92	15207
24797	0	25768
21968	0	19307
19083	92	17637
20321	4	16795
15862	0	23109
19984	1	20007
25385	81	15488
25694	0	16911
24125	0	23676
25666	4	23902
19901	92	19589
21040	0	25828
21485	0	15103
22060	1	19743
20802	0	25472
21351	92	24554
21661	0	23501
21617	1	24465
19867	1	25328
28788	4	15174
29851	0	15202
16819	0	21497
21166	0	28450
20716	0	19582
18184	0	17438
29248	0	16006
18589	0	29553
18857	4	18817
20652	3	17339
24152	92	20951
24629	0	15629
20823	4	29901
21195	0	29985
21682	0	26272
17119	0	16498
29258	1	26470
24639	0	28634
22937	3	19962
29705	3	25864
22094	1	18866
19630	3	27039
16598	0	26806
15770	0	27715
24642	1	20710
25109	3	15028
17381	0	29165
22007	0	19230
29348	1	19207
24592	3	19567
18487	0	22468
24509	0	25810
17712	0	26788
19054	1	24145
18826	0	29407
25006	0	28585
24057	92	20676
24946	0	25659
28705	92	26046
21652	0	16403
15785	0	26734
22087	0	16375
28679	81	17303
21545	0	27254
26532	0	25048
19092	4	27336
15869	3	28342
15501	0	28577
25351	0	24454
19753	92	23671
24982	0	26323
20032	3	23448
19058	0	19252
25006	0	23611
21538	0	22112
18625	86	18668
20215	81	23428
24884	0	24882
28952	0	27541
24152	92	29275
17499	3	26587
22715	0	26643
21205	92	17541
19879	0	23860
29280	81	23584
28899	0	27764
18063	0	21804
21258	3	23222
22403	0	21130
16260	0	20372
25236	3	28459
26151	92	22353
26078	92	25472
19008	0	26987
21611	1	15306
18525	0	15841
15760	1	27349
22526	0	15037
25249	0	28793
19363	0	23073
20458	1	17940
29749	0	15086
29779	3	27652
17368	3	27077
18412	81	20713
19319	4	28718
21061	0	27926
22484	0	28032
19099	0	25598
19656	0	19618
20312	0	23594
16297	0	19948
17191	0	18051
18345	0	19454
25249	0	26360
16405	92	29883
20848	0	26201
18632	1	27796
29480	0	28300
15535	0	22413
25230	3	26408
20862	3	16803
26133	0	19927
23398	0	21647
21422	3	27379
20968	0	28238
19063	7	25125
25364	3	17643
15873	0	17198
20794	0	26313
24835	4	28495
16540	0	15568
22797	4	29787
29695	1	29648
16168	1	21052
23470	0	27645
18302	0	20641
19831	92	23610
29476	1	23904
21680	0	16998
23015	0	27863
24552	81	19045
25842	0	24164
21487	0	28338
19295	0	24288
24244	0	18389
21019	0	29561
29568	92	16493
17760	4	29152
29697	0	27284
16138	7	21430
24943	3	19642
26303	0	16596
20752	3	18022
16777	0	27631
19377	3	16367
15406	0	23719
23772	0	17457
24198	4	22092
22664	0	19971
24070	1	24898
20055	4	17074
18445	0	17547
24399	1	20481
19863	4	28565
29693	81	22969
22676	92	18595
16286	92	17495
17161	92	26221
24243	81	19046
15533	0	26947
15887	4	20450
19636	0	24409
22620	0	15285
29572	0	16233
29694	3	27709
19749	3	17524
17428	1	24002
21203	3	15787
15381	1	28284
25086	1	20449
18625	0	20470
26392	0	25917
25150	1	22328
21316	0	18016
24928	0	28746
17114	0	24869
23420	0	25267
17692	0	23591
19635	0	27539
21488	0	19243
24505	4	19525
24672	1	26494
18695	0	19043
18952	0	18800
20726	0	18016
19404	4	20597
15439	0	20593
19246	92	17085
15530	0	20535
18544	1	25917
19870	0	20229
15913	4	24012
26403	0	23957
19330	1	25617
17304	0	23208
17118	1	16140
15715	1	20207
18517	0	16199
16760	1	19931
29285	0	26203
24053	0	25770
25778	0	26618
25517	0	17916
21530	81	20083
21325	1	27028
21575	81	23699
17244	3	28068
19371	0	19557
17127	0	28927
28899	0	27816
22748	0	25501
29007	0	20429
29947	0	25181
21005	0	15323
29722	1	24316
25270	0	26054
16826	0	26884
24054	0	23387
17978	3	24289
20775	92	16910
24774	0	18960
23470	0	27522
24803	4	25847
18669	0	19243
23480	0	22830
17141	1	27134
16421	0	18176
24851	0	21793
18452	0	26765
24215	0	25528
19048	0	15611
20773	4	19616
18219	0	19817
21106	0	27104
21269	86	24060
17268	1	20341
17529	92	28164
19095	1	27697
20027	81	19366
15336	92	15569
18293	81	26044
21184	3	26693
21409	1	15190
21393	1	29390
15883	0	27110
18619	92	16920
20057	0	17164
15946	3	16832
28835	3	22240
17798	0	24616
29728	81	22929
17077	0	22524
22818	1	21802
19688	0	28633
15851	0	26653
29417	3	25183
28882	3	22891
19830	81	21527
21649	5	15640
19346	1	27915
25419	3	29295
16271	92	27497
17932	81	17996
29138	86	18667
24970	1	23303
21971	0	24240
29495	0	25755
17827	0	24646
25028	0	23201
24574	4	17955
24997	4	18481
16152	4	19283
25115	92	25059
22594	92	29789
19396	0	19499
18436	3	19024
23668	1	18973
23873	4	17736
24046	0	16971
23763	0	25774
21393	1	16443
22946	0	28969
15336	92	27138
22516	92	26728
16271	92	26317
24520	1	18562
22755	0	23625
22743	0	20364
23382	92	16032
17930	0	28436
18228	0	23333
17369	4	23807
16694	92	26795
21843	3	16970
24799	0	15237
21144	1	16318
25127	3	15241
19417	3	29391
21103	0	20442
20879	0	19273
25418	0	22449
17535	92	18871
15960	3	21890
21496	81	29219
29743	0	17782
22692	0	21899
16833	0	28830
15454	92	19660
29752	1	24450
19156	3	21948
18441	3	17408
25404	0	25207
15776	0	25703
16440	0	27153
20786	0	29901
21444	3	26099
15332	0	25050
24501	92	27379
29234	1	25399
22989	1	16449
25114	0	27898
22027	0	26318
29373	0	18889
28852	0	26279
24085	1	29900
20907	0	23322
22033	0	23560
25007	0	15236
22921	3	17510
19101	3	24861
19779	1	20411
19329	0	24174
29947	0	15154
17858	3	23209
15860	3	27636
17312	0	27062
23435	0	19213
19389	4	23608
20778	0	27403
18347	3	25974
24774	0	28707
22698	81	20808
21113	0	19997
25154	3	17784
24952	0	25945
19754	1	26242
17535	92	27119
19873	0	19127
22060	0	19743
20864	0	15685
23278	1	23454
21261	4	17331
25691	0	27868
21355	0	26548
15959	92	29642
19879	0	23149
18845	3	23927
15389	0	22754
15462	0	24038
21208	0	21808
21220	0	24315
20973	0	20047
16272	1	28322
19754	1	23024
25084	1	29933
24832	81	16690
29801	1	28471
18407	0	28733
26390	0	29224
25094	1	18890
21040	0	23338
24607	3	17467
17832	4	18980
24051	0	26396
20972	0	25425
24576	0	21788
23398	0	22475
20646	92	16521
16778	3	16323
23596	0	27573
15535	0	15256
17300	4	28548
20954	0	20508
22596	92	16473
25750	0	28253
25186	0	26607
16028	81	22856
23476	4	24059
29483	0	27639
15317	0	24532
21971	0	29587
20999	0	27836
19046	81	18438
15717	0	22902
24279	0	26973
17873	3	28931
22778	1	28600
22622	0	29521
29487	92	17338
18538	0	23391
22792	0	22336
16981	0	28936
21219	3	16734
29957	0	23260
22063	92	16909
23654	3	23251
20719	81	20033
18255	0	25806
24123	1	23399
21639	0	17687
21653	0	15152
22184	92	19640
24206	1	26949
19086	92	27357
15827	0	28023
22994	0	24369
23164	3	18378
15498	81	28681
17783	92	18393
20737	0	15706
20828	0	28046
25292	0	22269
17428	1	20392
21648	0	25451
17115	0	29605
18487	0	15152
20801	0	27078
21277	0	27783
16543	0	16624
20031	92	25852
24238	3	18994
25694	0	15939
15875	0	17749
21507	0	19464
24786	0	29578
16642	0	28400
26486	92	16375
23542	0	20616
21392	0	23192
29134	0	17242
24627	4	22289
24629	0	18049
25303	0	23124
21408	1	22282
15442	81	23137
22626	86	16256
21416	3	27598
29287	0	26272
19404	4	24770
20792	0	16060
21021	0	17215
22560	0	27061
17306	0	15540
24789	0	21238
28884	1	29208
22308	92	20139
20787	0	20660
29511	0	26775
17768	0	26892
20219	0	27463
15441	3	27853
15913	4	27206
24598	92	24365
23484	3	18790
26450	0	21567
23438	0	16610
15732	0	26218
15867	3	29106
19259	0	19659
16269	0	26462
15454	92	27072
22152	0	27896
21844	0	26511
24692	0	24355
21931	0	16999
20936	0	23215
22694	92	23322
29714	0	19710
29384	3	15805
22311	92	20699
25436	81	18189
20754	0	16630
21273	0	25764
29485	0	28185
29691	0	27126
22425	1	28709
23856	1	27834
22372	1	24360
17048	0	22570
21850	0	24249
23646	1	21509
17999	0	21497
23521	1	27084
20759	0	26100
28832	0	29849
18319	1	24165
28690	4	23729
15415	0	18887
17931	1	25910
22361	92	18977
26123	81	23054
25741	1	27507
29062	0	27287
25331	0	17107
18345	0	20069
29574	0	29180
21421	3	27368
15783	0	29632
24563	0	23527
23200	0	26810
18835	3	21864
25692	0	28194
16899	0	23831
21926	81	24565
29700	0	16093
20649	0	18271
20769	0	23083
18450	0	15536
15278	92	29440
21411	0	20186
20057	0	29095
29727	0	28471
18139	0	18601
16271	92	29031
17855	0	22534
16670	0	28021
21008	0	24741
23435	0	28299
22814	81	19353
28834	0	18086
22267	81	21810
21261	4	23571
19124	1	27139
20752	3	29197
22672	3	22212
29414	92	17192
17410	3	26878
25046	0	25889
23932	4	27731
22160	0	20790
22420	92	25207
19172	1	28667
24204	3	23819
24194	0	16448
16134	0	16061
15962	0	27306
21016	0	20121
17826	92	15627
22160	86	24759
28785	0	18107
22428	0	27805
22725	0	28493
15862	0	28407
18082	0	16843
24792	0	26923
17754	0	23282
19076	3	16916
15422	4	25881
24810	4	21773
22127	3	19710
21957	3	22450
21543	0	16585
22921	3	15577
26482	0	24365
22361	92	26968
25444	0	18036
25144	0	19464
22955	4	25475
28745	81	28676
17714	0	28718
15324	1	29177
24182	92	29616
25277	0	27130
16758	0	27651
24966	0	19827
24507	3	28959
16138	86	18528
29384	3	27269
22682	3	18974
18457	0	25441
16650	1	16518
21266	1	27063
23763	0	19729
24578	3	21933
18507	0	22841
29657	0	15162
20515	0	28242
17763	3	26829
23664	1	25678
17818	92	23782
24884	0	26725
19389	4	22291
21973	1	25718
28855	86	24902
24568	0	23736
22733	0	24664
25663	0	16940
18476	0	26553
16691	0	22906
19892	4	19672
21166	0	26933
22809	3	19268
15509	3	15025
26072	3	21791
15390	0	29661
26382	3	23902
21371	0	25074
23382	92	26874
18342	0	20218
24552	81	20727
22164	1	16374
20520	89	29324
16253	1	27468
22086	3	27225
24729	92	15197
19154	0	15997
22997	4	17949
24501	92	27944
22308	92	29638
16309	1	20529
19095	3	21889
18978	1	28028
16162	0	16377
16806	0	21994
23867	81	17303
21544	0	25978
26422	1	29541
16759	3	15145
19665	0	15365
22721	0	17341
15784	0	17038
16036	0	26832
22401	0	17387
19439	1	27652
17583	0	26524
25164	4	29326
23445	1	28026
22226	0	20602
19399	0	16890
26051	0	27880
26554	0	15028
22122	81	23469
22935	0	29879
21589	3	17095
24627	4	22107
17463	0	26825
20975	3	21340
23668	1	28297
23665	3	27987
21295	92	16165
29513	0	20551
25301	0	23545
20463	1	28970
15733	0	20160
29061	1	19036
17447	1	29362
19329	0	28750
21589	3	22493
18430	3	17382
16847	0	17350
21850	0	27698
21155	0	25257
20774	0	20157
24264	1	23259
24625	0	16324
28845	0	21473
17284	0	23294
19988	0	16351
28910	0	15159
21205	92	27070
15880	0	25343
20852	81	22418
23878	4	22572
28682	81	29728
25227	0	28462
22676	92	20253
25081	0	26887
18842	1	17494
22625	2	23967
24773	92	20125
22823	0	29065
16894	0	27328
29430	1	28224
21270	0	28829
19916	0	29968
18244	4	22144
16778	1	26784
29512	4	27315
25082	1	23022
15530	0	27368
22956	92	20124
19373	81	17813
20762	0	25396
24244	0	17720
18902	3	21569
15770	0	28928
21998	0	25062
24568	0	15628
22520	1	28085
15530	0	22531
29707	92	28070
21101	0	18666
20921	0	15109
18507	3	23227
19637	1	27807
17929	0	18303
21703	0	25467
20811	3	29659
21239	0	23162
15871	0	22069
18694	86	24795
21539	0	26446
21611	3	18113
22420	92	25760
24155	0	28179
22050	1	15792
22421	0	23645
22610	0	28225
22966	1	18310
20777	0	29448
23384	0	28511
24824	4	28017
21779	0	18784
25841	0	25972
25202	0	15162
24307	0	24428
21485	86	17882
24774	0	28156
24734	0	22835
19751	81	19129
24584	1	24135
16305	0	19599
28899	0	19624
20823	4	15033
19414	3	26479
29724	0	19213
21739	0	16064
22857	0	28644
18239	0	18933
19048	0	24770
25391	0	28317
19366	1	19671
19318	0	25264
24102	1	22097
17274	81	17806
16293	4	20681
24759	0	23027
25389	0	27876
15948	1	25651
26346	0	25138
23481	81	26069
17582	0	25498
17681	0	18888
23764	0	28307
23464	0	28760
21968	0	29983
19634	2	26466
22058	1	20449
22955	4	26930
25515	0	20687
21408	1	24327
26347	1	21994
23060	0	26976
22017	92	17926
20655	1	15844
26476	1	25177
29350	0	27521
25112	1	29283
25517	0	26672
26124	3	18279
22041	92	29796
24654	0	22535
18835	1	28501
21516	0	15180
17462	0	19271
20651	3	17730
15481	3	18730
19403	0	29101
26423	1	17010
19318	0	29087
19141	3	21770
29767	81	20729
22943	0	29849
19116	0	27064
20579	0	18681
23431	0	27271
17978	3	16835
19248	0	22447
24498	1	17946
21169	3	16095
25403	0	29857
21611	3	20710
19630	3	29968
26532	0	15907
25626	0	22022
21966	0	16444
25033	0	16050
16132	0	16700
26129	0	25611
21273	0	26609
22088	0	25466
20849	0	15171
29707	92	24174
20816	0	16738
17705	1	16508
24072	0	28986
17289	0	15653
24085	1	28747
29221	0	28062
15549	0	20148
29417	3	23508
17268	1	29362
19314	0	24342
22654	3	21880
24824	4	28959
25381	92	18848
21294	92	20640
22967	0	15651
17535	92	26826
17131	92	15243
25372	0	28708
29364	81	19046
20941	0	22348
21194	7	21663
29725	3	28178
16758	0	23647
17304	0	23674
20952	0	15272
15948	1	18131
24189	0	29068
29309	3	20328
17761	0	27040
17880	92	27288
17608	1	22268
17121	4	19198
19171	1	29816
23275	82	17426
21231	1	17429
20032	1	18859
24097	0	15383
16775	92	20500
28586	4	27385
24215	0	26723
15969	1	21501
20778	0	23983
18497	0	27447
20940	1	15273
25956	0	28477
24997	4	24727
17312	0	19577
20879	92	18068
16405	92	28374
25145	92	16906
21338	3	29070
18624	3	16487
15473	92	29148
19665	0	27131
19298	1	15897
18686	0	21959
19055	0	24445
19415	0	25119
21225	1	23997
19287	0	22106
23199	1	25053
17189	0	28465
20311	0	25631
21142	0	17195
25378	0	21936
15965	81	20766
21239	0	26685
29350	0	17744
19319	4	24707
25000	0	18172
20741	0	25764
25227	0	23855
24222	4	27676
19481	92	25700
29696	0	24397
19197	81	20084
24211	3	28092
18921	81	21458
19320	0	28377
20766	81	29767
29055	3	28337
25513	0	23496
20968	0	27857
22058	1	18186
19693	0	29628
17453	0	27534
23000	0	29859
29497	1	22113
25444	0	29267
15768	1	15848
18367	1	19588
25032	0	24432
28780	0	24683
16419	0	26836
15337	0	27427
18625	0	27065
22598	4	27695
24951	0	28214
22607	0	15025
22781	1	25846
18459	3	18918
17304	0	21804
16763	0	26990
17569	4	25912
16426	0	18393
17078	1	23997
29247	86	16151
16947	81	19128
19781	81	23007
21661	0	25549
20875	0	28742
16544	0	18199
29354	1	25453
21281	0	28145
17885	0	20692
28804	87	29588
17764	0	20370
18603	3	29229
22784	0	28044
25902	92	15894
18465	3	20076
21107	0	27591
21303	4	16112
19240	81	24105
29714	0	19681
19876	3	26843
21128	0	17633
22988	92	28306
29471	0	25794
19560	0	27689
26073	0	21768
21022	0	28506
21194	0	27214
24274	1	21759
21367	0	27234
23094	0	27304
17709	1	18198
16331	3	20432
17447	1	22486
21700	0	19968
18684	0	15557
18643	0	21857
18228	0	25553
17929	0	16932
16893	3	29537
22787	0	15890
17774	0	22440
19166	0	18897
16573	0	27732
28788	4	27387
18187	0	28976
24117	4	20694
15415	0	29433
21181	0	29083
19370	0	19586
21163	4	27093
17933	3	26654
21648	0	19033
16162	0	18283
19684	0	18832
21433	0	15047
17709	0	22704
24303	0	27817
21607	3	19487
23882	4	27337
18417	1	27540
20304	92	15199
24947	0	25560
15914	3	26101
19441	3	23704
29357	4	20990
24049	1	27002
24058	0	24025
18334	0	20477
21249	0	28349
18302	86	28854
20816	0	18705
25006	0	29197
29761	3	19950
24200	0	22285
23638	0	23704
23474	1	22806
29469	81	21151
17861	1	22202
26122	0	23706
19399	0	29182
25900	0	28944
20014	81	15498
24236	0	18725
15596	0	23086
20754	0	18157
18189	81	26447
17371	0	20209
23444	92	27272
26078	1	27029
22925	1	22836
22649	92	28064
17401	92	27692
17667	92	18834
18512	86	29709
19664	0	19941
15925	0	29928
24107	0	27919
21245	0	16493
18077	0	23122
17124	81	20014
24785	4	25660
24611	0	23892
15784	0	18418
16634	0	15015
17762	4	15751
25960	1	26318
16543	0	28615
22788	0	27122
21310	3	17442
25391	0	16595
15870	86	21106
21485	0	22325
20034	0	17955
15487	92	27255
25372	0	20223
23669	3	20073
28898	3	29199
20846	0	28202
18640	92	27740
20986	0	23599
19445	0	23227
26334	86	17275
22789	0	18805
18446	3	23068
25982	0	23958
17062	3	28120
25420	0	18651
28588	4	15372
22921	3	23570
18163	0	26694
22823	0	26231
20893	7	17185
21991	4	25348
23048	3	26681
16544	0	16359
29509	0	15001
19904	0	26862
20960	3	27694
19636	0	18743
15722	3	16605
19368	0	27138
19104	0	27536
29987	1	19529
19694	0	26914
29307	92	15118
17142	1	24896
18415	0	28061
18105	0	19773
18672	3	23392
19828	92	26983
19050	0	24864
25005	4	29332
29287	0	25898
24837	92	26321
18409	0	26354
21573	0	16104
20829	0	29594
21204	0	16809
22788	0	18816
18884	92	20380
24692	0	18584
26178	81	17279
29770	1	21097
17797	1	24458
18760	0	27869
21973	1	18807
18683	0	15187
21827	0	15259
29464	0	15215
23775	0	24298
24256	3	28461
21228	3	27180
20875	1	27399
16479	4	25193
21093	0	16485
19802	3	29148
17766	92	25949
24788	0	20265
26127	0	27233
19544	0	22333
24562	0	20953
21033	92	29601
24811	0	16891
22002	86	21234
29720	1	27516
18446	3	24554
25018	0	26895
18439	0	29633
22797	4	24708
21186	0	27647
22086	0	20599
21082	0	16042
17269	0	29304
20762	0	26904
29356	0	26657
29315	0	27217
24123	1	16056
18854	81	26447
20715	1	27618
19123	0	16820
15813	0	27386
20748	92	26591
19384	3	28991
29010	1	26864
22135	0	26857
15512	3	15997
22615	86	24276
21524	0	17713
17978	1	16589
22466	0	22883
28697	1	29541
29007	0	28016
22633	0	27222
24784	0	28152
28903	0	28068
19064	92	22073
20874	0	17219
21844	0	17946
18835	86	19534
24995	4	28026
29513	0	28870
15403	82	22831
21297	1	20680
17283	0	28389
17493	0	26525
19854	0	28197
16944	0	20575
24117	4	23686
21407	92	23790
22955	4	16705
21057	0	19189
20459	1	29607
20773	4	25719
23443	92	23892
22293	0	28127
17673	0	28278
18212	0	23161
22039	0	27523
21142	0	18895
20270	1	28770
17179	0	23846
26159	0	17183
21126	0	29425
21799	92	17058
20876	3	16926
17755	0	19275
16270	0	22348
18934	1	20332
25160	0	22284
22175	0	16465
17447	1	18915
15090	1	29330
20852	81	24267
23144	0	28775
21640	0	15999
28867	0	27921
17900	3	25466
16162	0	20445
21291	0	17319
29381	92	23950
22747	0	16445
17528	0	28105
22997	3	27506
25228	92	28525
20872	81	17118
21025	81	17682
21406	0	16601
18787	0	26351
19665	0	28162
22786	0	25482
21856	0	25118
19897	0	18344
24757	0	25605
21650	0	15286
29769	0	18088
22226	0	27416
22063	92	28000
21108	0	23263
23943	0	23965
22419	0	24333
19315	0	22871
22390	0	25069
21351	92	27481
21104	0	27981
25230	3	28510
20653	0	23875
16543	0	27229
20042	0	25602
17929	0	24162
26381	0	17521
26139	92	25915
23426	0	26244
19080	3	25863
21974	81	28688
15278	92	22848
16168	1	25941
28909	3	27123
19205	0	26411
19134	0	27863
26516	0	27371
21107	0	17716
17275	0	28201
15548	0	24300
17597	92	23221
21531	1	20260
19017	0	27679
21211	1	27236
26518	0	20688
19576	0	29172
15416	0	18693
22421	0	19219
23638	0	26893
16134	0	17294
29142	0	17489
24786	0	18959
26382	0	23902
29709	1	16192
25490	0	28983
20784	0	16234
20907	0	15365
19761	0	26899
15289	0	17977
24529	0	24287
21256	1	18002
21155	0	26272
17415	0	19844
22013	0	15125
29958	0	29946
21696	0	16458
19987	0	20051
17453	0	23352
21039	1	27313
19004	3	25428
20784	0	24438
20774	0	19581
19916	0	25715
29318	3	28545
24105	81	17561
25038	3	15232
24112	0	23736
24509	0	19745
16021	0	17106
16300	92	15190
20649	3	17473
24968	3	16266
15815	0	20396
20948	0	27338
20834	0	28752
16687	0	25831
15586	86	20631
26537	0	21767
22176	86	16757
17132	4	26915
23382	92	15076
22308	92	28576
16309	1	29887
26382	0	17100
17932	0	15062
23044	1	18306
18163	0	21913
24229	3	15608
15542	0	21941
20852	81	23102
25270	0	28528
17144	2	29575
16745	0	21764
21601	0	17042
25094	1	25866
21300	0	20162
19417	3	24158
19193	92	29965
17115	0	27364
20850	0	15254
26538	4	23747
21215	3	23385
17838	0	27617
24113	0	29448
20962	1	17539
15593	0	25476
17298	0	16967
29769	0	22440
29704	0	18894
17383	0	18655
20987	0	22336
19416	3	29926
19176	0	22067
24202	0	25974
24572	4	22337
20736	1	17165
29374	0	28053
16255	0	23770
22794	1	28336
23864	86	21542
15336	92	22571
16287	0	18310
21627	0	29018
25282	81	15274
19099	0	27389
19798	0	24130
15420	0	20616
26383	0	19701
22656	0	29563
24833	1	18960
15725	4	27915
24097	0	29146
28871	0	22853
29745	4	23616
15931	1	23390
22689	1	20306
20945	4	26978
21502	0	20585
22683	92	22524
18640	92	23366
29008	1	15909
19259	0	29817
26264	3	17080
25278	0	24448
28671	81	22938
22962	0	26827
23434	0	23248
19044	1	28230
22683	92	29905
19603	0	19027
25187	0	20791
24586	81	22718
16535	0	26662
22094	1	17080
25019	0	15680
21104	0	28451
20082	81	21445
22765	0	28978
22940	0	23386
29364	81	15606
16949	3	27758
24776	0	25604
20459	1	27845
20031	92	26778
16949	0	28146
25367	0	29561
16288	3	15199
25773	0	23214
15864	3	17484
20021	3	16661
21845	81	19907
16780	0	23724
21377	4	19011
18479	0	16605
24851	0	25343
29728	81	18921
25389	0	29065
26268	3	27601
26517	3	25332
29741	4	16266
24795	0	27920
22310	4	27760
17898	0	18876
24924	3	29868
24782	0	27538
16291	1	26028
15401	0	24707
21068	0	29629
18000	0	25934
15777	0	23897
22814	81	24704
18083	0	19201
22056	92	18788
22905	3	19770
20829	0	28386
29385	1	27541
16436	4	16144
17115	0	19032
17603	3	20394
19636	0	29581
20215	81	23002
29744	0	24715
26161	1	15929
21369	92	24468
25696	0	22204
18444	3	25687
28872	0	26254
28852	0	22501
21110	0	15118
20226	0	20445
25249	0	19343
15953	3	22541
24584	1	28041
19064	92	26804
21503	0	23718
19399	0	23890
20643	1	21473
17369	4	19593
17554	0	27322
17325	0	24136
28682	81	23486
24952	81	26167
20326	92	28272
19044	0	27693
29863	1	21772
16142	0	23096
20787	0	17651
20893	0	16622
24193	0	15538
20221	0	24245
19111	0	19737
15863	1	21549
25008	3	17485
19888	3	23287
18853	86	18662
23484	3	18791
19985	0	29906
17307	0	24919
21384	92	17501
24199	0	27464
17124	81	23186
19328	4	28323
18187	0	27387
21073	0	17420
20850	0	16352
19113	3	20663
18614	1	27479
20059	0	25537
17530	0	17789
22308	92	26976
24804	0	23061
19509	3	20380
20787	0	19307
28843	0	17193
17262	0	27448
23173	0	28462
21430	0	24919
22864	4	22072
19355	4	23394
19170	1	17431
26423	1	17013
18056	0	17720
17986	0	28644
18480	0	29843
26390	0	28178
29234	3	20556
21625	0	18812
29527	0	22880
22679	0	26677
22041	92	23107
24140	0	29063
15336	92	27524
22988	92	21801
15445	0	29121
24625	0	29675
21319	1	28929
22868	0	26690
18641	0	21737
17129	0	26542
18099	1	15789
21088	0	25606
17076	1	16556
29707	92	25609
22698	81	25390
21223	3	25348
29977	0	29944
18324	1	24414
26007	0	27852
16428	92	24701
29947	3	15154
19503	1	21501
18189	81	16676
15880	0	29322
15495	92	23377
22663	0	27080
17323	0	28284
24781	3	27591
20127	0	26621
18432	0	27049
29288	92	28505
20742	3	27991
16131	4	25790
20176	0	16727
26261	3	18735
15290	0	25633
21676	0	24366
24234	4	27766
25191	0	16595
29713	86	21741
16781	3	29252
19879	0	29635
15821	0	27233
24251	1	22322
19323	4	27297
28676	81	23186
16555	0	15002
28685	92	19189
19563	0	27349
23168	0	28769
17180	0	19613
21303	4	27725
19122	92	28161
21219	3	18907
15748	0	20669
26529	3	21918
22647	3	16303
20840	0	19926
24256	3	20696
19861	92	18811
23884	0	22613
22818	1	26925
19137	4	25486
17115	0	26656
22978	3	20407
21012	86	16133
24562	0	20812
15788	86	24894
21027	0	20585
17274	0	27671
19428	1	16011
29465	1	26815
16826	0	28990
17976	1	22322
22777	0	28342
18058	0	18110
21307	1	22465
23665	3	29896
22278	0	24532
26144	4	28639
18462	81	15947
21258	0	16183
17566	3	19821
16425	0	18862
20866	0	17248
24117	4	29277
21966	0	15560
16847	0	24723
15783	0	16212
23554	0	17989
29285	0	29866
24583	3	15621
15823	0	25594
19515	1	26992
16716	0	24151
18659	0	20144
21503	0	17183
29719	3	23572
19074	0	29104
25281	3	24860
17582	0	15544
29307	92	22323
29319	0	15559
17185	0	26917
24797	0	17035
20630	0	23921
16826	0	27621
17120	0	20543
20314	0	25920
23541	1	25839
20647	3	22204
19635	0	21891
24302	1	29358
15957	0	18039
15470	0	20441
26178	3	15617
19459	92	24545
21270	0	28339
17076	1	15374
19655	1	15032
21181	0	29854
15913	4	15115
20838	1	26928
22804	4	26981
17258	1	20188
24272	0	20241
15443	1	17944
15731	92	28725
19768	0	20572
20985	0	29212
28857	4	25825
24577	0	18730
24778	3	24525
25666	4	15677
22952	3	28040
16253	1	20433
22518	0	21567
17667	92	20445
25988	0	29084
17066	0	26208
16758	0	20212
25672	0	25699
15389	0	18693
15775	0	27823
17773	4	18985
18611	0	15369
26399	92	22840
15511	81	15283
16779	0	19200
15622	0	15648
19373	81	22006
21684	0	23202
18347	0	23980
24805	92	23320
20985	0	29904
15516	4	17009
15953	3	27464
24777	0	27498
22957	1	17073
21100	1	24336
29395	0	29521
23444	92	28405
15458	1	29595
20888	0	26022
20299	92	15678
25272	92	24351
18060	0	26645
16546	0	17446
15665	0	15085
19112	3	26630
21027	0	21774
25861	0	29167
25490	0	28113
19431	92	16866
24350	81	24733
25749	3	19279
15782	0	27931
26455	4	26054
28866	0	28699
29329	0	17632
17608	1	21768
20657	0	20572
21624	0	26197
24894	0	18927
21232	1	20582
22679	0	29328
21330	3	15127
26135	4	16039
17383	0	25942
16594	1	19340
16673	0	15397
21242	0	18766
23774	0	26577
23155	0	26500
23555	0	19000
29742	4	23334
18139	0	17536
17683	1	24591
15549	0	15156
15883	0	23805
17535	1	27496
21155	0	20486
29471	0	15231
16157	0	18292
17770	0	23160
26482	0	22458
17869	0	23220
21782	0	15612
28786	0	24737
26177	3	25733
24994	0	20625
17268	1	29885
19408	0	20480
15856	3	17568
24274	1	18313
17569	4	15396
23458	92	15188
16020	0	20162
18624	3	27838
19143	0	27402
22729	92	27817
22393	81	23302
29315	0	23419
25627	0	15312
16263	0	25822
16725	0	25450
17159	3	26661
20737	0	24464
28678	0	17969
17072	0	17942
17985	1	28999
29039	0	24020
19197	81	18635
25380	92	21449
18448	92	18103
19293	0	19199
21244	1	23193
21077	0	19185
25184	0	15168
23878	4	26940
19386	0	18692
24323	0	29093
17448	0	23988
22594	92	23509
21975	0	26654
21125	86	25750
26403	0	23945
15445	0	29171
15407	0	16079
20802	0	20561
18760	0	23082
22361	92	29681
17868	86	22178
19899	92	24871
22967	0	16862
22999	0	15070
20918	0	23238
22420	1	20711
29774	4	27150
20829	0	23811
19873	0	24400
21844	0	18735
24195	0	28006
22763	0	22378
15324	3	20201
21273	0	24860
19415	0	21439
19882	92	18584
29975	0	23909
25463	0	27938
24108	1	17341
18544	1	28624
16988	0	18862
20060	3	26221
17986	0	25337
16852	0	15273
26484	3	29804
25038	4	27122
24824	4	27142
21354	0	23227
17957	0	29326
24586	81	18565
19157	1	19931
29736	81	20062
22663	0	26280
24802	3	27253
26157	0	28981
20777	81	19373
22974	92	25911
29432	0	16807
26262	0	24316
20972	0	28191
19891	0	28821
21835	0	28200
22981	0	28302
24522	0	26943
24473	0	28121
26473	3	15240
20152	0	26986
21511	0	23897
16437	3	27182
21296	1	25712
24773	92	16491
25444	0	23944
22239	0	18987
23382	92	22554
21252	0	16805
15507	4	29825
20914	0	26252
28685	92	22446
25162	3	19601
20337	0	28077
26347	3	23898
19509	3	16816
24824	4	25806
21376	0	16378
28688	81	29735
17998	0	28314
22694	92	16885
16268	0	25786
21962	0	20570
26538	4	27246
18216	0	28315
29962	1	27290
21495	1	22897
19248	0	18579
24932	1	27406
24092	0	26354
21612	0	26913
29057	0	18781
16288	3	27678
21156	0	27594
20742	1	26692
20960	3	18583
17275	0	17822
23076	0	20684
21489	0	29687
18439	0	20371
28774	0	26991
24182	1	25258
20083	81	15882
18553	92	25981
18976	4	28930
22895	3	27032
25374	0	19784
22743	0	17351
24077	92	18030
15933	0	23304
24581	0	27187
25960	1	26099
23442	0	26265
28851	0	27948
20759	0	28199
26724	92	15570
17221	0	25342
18073	0	24869
23016	4	21736
29736	86	22760
15864	3	26870
21522	86	22819
15857	0	26664
23879	3	28156
16129	0	27571
15484	0	16575
24824	4	29834
19315	0	28981
24091	4	28195
26152	92	17186
20752	3	16592
29959	4	16612
17900	3	23328
25669	0	26898
20946	1	29533
17252	0	22433
22174	0	27134
23938	81	24308
22184	92	17500
24493	0	26236
20947	0	29195
26261	4	29245
29756	4	23854
22725	0	26635
19368	0	20543
22401	0	26957
22463	0	24751
23041	3	20567
18085	0	21939
22156	0	24605
22868	1	20474
26183	0	28424
29012	1	28290
15412	0	23808
21082	0	20384
19356	92	29547
17841	81	29286
15440	4	29013
19176	0	29541
21117	0	17010
20998	0	16812
20214	0	28070
22876	0	26633
22988	92	25122
21395	0	16605
24976	1	27344
24571	4	25426
26385	0	18850
15422	4	24500
21034	1	28970
17985	3	21775
21040	0	27222
24759	0	26944
25093	92	18385
19772	3	26803
21156	0	18482
15950	81	29398
29235	0	23948
26379	1	28344
21688	4	20586
25038	3	28151
21322	4	23262
29657	0	18988
20848	0	27803
28690	4	23453
20012	0	18046
20748	92	25589
17669	0	18946
22079	3	25541
16547	0	28162
28604	0	27339
15861	0	26928
21056	0	26356
21129	0	20615
16422	86	24237
24522	0	25264
16851	0	26986
20989	0	19741
21175	81	19194
17754	0	26618
22978	1	26718
29269	0	23819
16254	0	28399
28808	0	28401
17151	81	21209
16014	1	28224
17560	0	27976
20042	0	28921
25083	0	22838
19445	0	19272
21252	0	16803
29735	8	20322
21675	3	29245
25361	0	24739
21056	0	16741
22314	0	22193
19699	0	29933
20057	0	28110
20931	0	27894
24125	0	26988
21103	0	29534
22946	0	24038
17121	4	29587
19684	0	27780
23003	92	28250
21403	0	20236
16257	1	21352
16479	4	29058
16583	3	24746
19159	0	20397
21494	3	28935
25519	0	16577
23537	1	24063
29458	0	22480
17127	0	20097
24047	0	26358
17804	0	16164
21055	0	29688
22860	0	19011
17994	3	16345
20459	1	25987
21595	1	23404
17155	3	15504
21233	0	19458
18407	0	15192
17306	0	20606
17311	4	27433
22310	4	19940
15964	3	29380
25195	0	17946
24313	3	22287
25963	0	22714
16790	0	18929
16824	92	23566
20458	4	16110
25018	0	23919
15959	92	22294
24266	92	25415
21177	92	27655
23168	0	25890
16825	3	28492
18454	0	26430
17395	0	20565
23213	1	29790
17050	0	27482
23959	0	21647
20153	0	27395
15545	0	20088
17800	1	27625
25780	0	28311
21253	1	28623
19414	1	18990
24272	0	18225
23063	0	15007
28854	86	18302
25027	0	27837
24233	0	24771
23052	81	20062
17533	0	27080
24698	0	25451
19154	0	29365
25039	0	20427
29318	3	18803
21671	3	20072
20999	0	25592
25578	0	23576
16849	1	19995
23076	0	21449
22740	0	23352
26051	0	16557
22943	0	27465
21239	0	17592
28899	0	27973
16258	1	20077
17119	0	29545
21926	81	16252
18091	0	18769
25109	3	15837
29309	3	28945
15439	0	29522
22940	0	16898
24966	0	23448
23955	1	26887
20914	0	27973
15832	0	22703
18254	92	15849
22711	0	16435
18674	0	19209
21024	0	27728
20758	4	16478
15967	1	29030
25783	81	15816
26124	3	28737
25016	1	20425
18842	1	20562
22973	0	24380
19860	4	15562
19489	0	25996
19170	1	17794
20987	0	23169
22224	0	25539
24636	81	19907
29725	3	15840
16674	4	28648
17828	1	19905
29714	0	16482
20776	0	20700
29706	3	22826
19378	1	25142
22783	0	25726
23089	0	17641
19892	4	27242
17985	3	18311
22812	81	19191
21438	3	25970
20948	0	24126
22223	0	25336
22916	0	21978
24596	0	16239
21544	0	23223
24563	0	22493
15873	0	19877
21300	0	27295
23773	0	26460
16773	3	29193
21817	3	21838
23442	0	20665
16326	0	27303
19861	92	21837
19315	0	16081
20299	92	22583
25556	0	27262
20037	3	16240
21667	0	23352
19901	92	18262
17323	0	26414
22058	1	20622
19630	3	29112
18432	0	23613
21671	3	29406
24845	1	28813
19514	0	27238
21149	1	21558
21998	0	18002
25954	86	18697
26134	0	15007
19004	3	25506
20976	0	29435
21211	1	22106
22647	1	28126
21799	92	28012
21725	0	19019
21393	1	24418
18426	1	20528
22043	0	20202
19077	1	16228
21575	81	23586
18208	0	20130
17062	3	19031
28788	4	19642
21712	0	15249
22182	0	27288
22484	0	16210
15664	0	26248
23627	0	16902
19751	81	16676
20797	0	18999
26516	0	27388
21117	0	17006
23700	1	21721
15491	0	22861
18215	0	15670
20888	0	28463
20959	1	16607
25388	92	23252
19871	0	15176
18342	0	28341
25083	0	28580
18073	0	21914
18063	0	22542
20876	3	28283
24262	3	20128
15725	4	29589
22812	81	16274
24851	0	29888
20969	81	29767
17971	1	26229
19909	1	22455
29801	1	18248
19176	0	15493
22300	1	17904
18635	81	22049
17530	0	28295
25287	0	29548
15469	92	20707
24607	3	22571
23431	0	15942
24799	0	17317
22135	0	19810
22278	3	22317
23986	0	18792
20862	3	19659
19129	81	28671
24306	81	23052
22812	81	25246
18003	0	17632
23177	81	27656
15625	0	22353
25490	0	19180
24510	0	23965
21684	0	23675
16008	3	23518
21711	1	17592
19768	0	21007
20762	0	28524
19411	92	17045
18567	0	22697
21224	3	15064
16908	86	22659
21699	4	23734
20978	0	25118
29234	3	24380
15914	3	23741
26174	0	26814
21916	0	17195
15856	3	29145
18076	0	23267
19193	92	15265
22080	0	17568
19298	0	24605
21127	0	28242
21176	81	23050
19545	1	20685
17783	1	26824
16267	0	27391
29472	1	23906
22305	0	17075
15432	0	18087
17050	0	26975
22422	0	23634
20759	0	23605
15340	3	27633
29287	0	29892
24592	1	19567
25147	3	15751
21642	0	20540
17868	3	19979
25007	0	23868
15454	92	15829
18625	0	28523
24628	3	27976
19246	92	29262
20971	0	17919
25006	0	25888
20774	0	25923
19649	0	26472
19375	0	27485
22817	0	28095
20776	0	26863
15473	92	25918
25129	92	23479
15511	3	25319
24571	4	24147
21235	1	29628
19977	0	23020
18683	0	28422
18435	0	16488
22721	0	20180
18499	3	29542
20055	4	15177
16554	0	25476
16169	1	27442
17135	0	26999
20852	81	16676
18342	0	15581
22031	0	19644
22594	92	26628
21357	92	17795
25512	0	23450
28942	0	26974
24068	3	22696
21152	0	24496
29455	3	20746
21195	0	21884
22296	1	29627
29384	0	28557
16151	1	15005
16297	0	23720
24927	3	27371
25154	3	24338
22484	0	26478
15711	0	17425
17212	4	27343
24625	0	29946
21392	0	24153
18001	4	28543
15659	0	22405
19354	1	28729
15340	3	28082
23871	0	26919
23470	0	23504
17269	0	20329
22478	0	28810
17205	0	15071
15458	1	26095
19123	0	16627
21269	1	23452
15487	92	26226
22188	4	15896
22603	4	16724
16849	1	26848
18759	1	15219
15546	4	29922
17798	0	29068
20085	0	17940
21735	1	15339
29716	8	15298
21233	0	22599
21099	1	21566
22127	3	20479
21624	0	29535
23470	0	16200
17156	0	25762
22096	4	26808
25900	3	26795
23862	1	25971
18759	1	16838
17569	4	29203
17144	3	18945
17185	0	17190
20900	0	28038
17959	0	20189
25019	0	26935
17978	3	29550
18546	0	19042
24216	3	16175
29476	1	17467
15447	1	18814
15862	0	15655
16151	3	21090
28853	0	28208
19167	0	25483
22785	0	16500
25596	0	18503
25015	0	28429
18758	81	22969
21459	1	28819
16716	0	23505
22129	3	17469
29261	0	27585
22679	0	22601
24572	4	28373
16474	0	26666
29706	3	28300
25080	0	23624
16788	0	16087
21144	1	20813
16764	0	25984
18362	4	20328
22397	1	29832
24040	86	23548
19177	4	18325
16298	4	18911
16404	1	24168
22923	0	27075
24811	0	28656
18236	0	16355
22899	0	15004
21743	0	18069
17062	3	22451
19291	0	16464
22484	0	19642
21991	4	25814
20774	0	27563
23434	0	23326
16298	4	17033
16257	3	28160
21009	0	26599
17967	0	28418
18439	0	29188
23661	1	27114
28873	0	26115
19767	81	15879
21251	0	27175
16777	0	20526
25745	3	24483
17879	0	23280
25392	81	29482
22730	92	19332
19170	1	18797
25776	0	21007
16581	0	22334
15828	4	16207
21156	0	16093
21612	0	20245
21102	0	29119
16973	0	28767
17169	1	15112
15596	0	29053
21229	0	28175
19405	81	18220
24776	0	21064
22995	86	22606
21118	0	23567
18852	86	21432
17052	0	16313
19392	0	27862
21158	3	26249
19246	1	29274
17290	0	24005
23431	0	26375
21416	1	25820
22875	0	26364
19048	0	15673
17832	4	17427
15725	4	28829
17076	1	28535
16421	0	26425
19991	0	24335
23200	0	18298
24789	0	26081
21984	0	19658
20806	81	18851
26482	0	15135
29384	0	27834
21056	0	17575
18517	0	22214
15663	0	16522
18637	3	29037
22694	92	20115
16545	4	24363
29513	0	26842
21648	0	17671
17659	1	28425
21421	3	18368
17704	1	26297
26031	0	22221
15429	0	24018
15414	0	16905
29489	0	27481
25672	0	19201
21388	0	26621
25299	1	26428
15325	81	27656
16479	4	27285
15731	92	17086
24577	0	29462
25057	0	25870
28897	1	28544
16632	92	22100
15329	0	19742
29739	0	18719
29351	1	23323
21259	0	19732
24946	0	27955
23941	3	26047
24116	0	26417
29485	0	25452
17089	92	28509
19388	3	19461
24220	1	27021
17371	0	16836
18255	0	24024
29779	3	19242
22607	0	27067
18236	0	24914
25293	0	29811
18691	0	25652
15431	86	17125
22724	0	27033
19053	0	23968
19885	3	15270
22472	0	15168
20792	0	16074
21648	0	24540
21971	0	22585
16155	1	25075
20784	0	25614
19987	0	19204
17211	0	24417
23384	0	16729
19097	3	17230
24639	0	27306
29700	0	16092
26455	4	26387
19476	81	25385
21573	0	27687
17266	0	15645
16297	0	24406
17455	1	19027
16770	0	15985
15090	1	16350
17897	0	27196
29695	1	22486
22308	92	16755
23101	0	26010
20472	0	24013
29975	0	26085
16542	0	16739
23431	0	16888
18430	3	23727
29722	1	19220
22607	0	17740
16169	92	26371
21075	0	16179
19397	0	22257
28786	0	24931
19514	0	22837
19089	0	15107
25362	3	28768
26172	3	28047
24768	0	26500
25023	0	20227
21522	0	17008
16758	0	27417
19176	0	22549
25161	1	21760
22380	0	28890
29384	3	16556
15732	0	26225
29707	92	18656
20863	1	23848
20875	3	15905
22308	92	27735
29259	0	21720
24804	0	25936
24578	3	26763
21606	0	16752
18554	0	26628
18166	0	23685
16134	0	15836
17933	3	20190
20759	0	27121
22057	1	15168
20057	0	23298
19554	3	15235
22789	0	23498
22526	0	20364
21411	0	25876
19319	4	27578
18504	0	23608
29475	0	26092
17877	0	16323
21522	0	29086
20811	3	17345
24553	1	22236
20472	0	17486
20894	0	17512
21911	3	27103
24314	4	17578
24047	0	23133
24824	4	28460
16292	3	20467
15542	0	16264
20059	0	19013
19386	0	15245
19197	83	24283
15473	92	16447
15731	92	20620
25368	0	17629
16529	1	23602
24090	0	23727
21351	92	28532
20914	7	20885
24266	92	28214
21531	1	17222
17076	1	26298
23041	1	17577
28674	0	15841
19129	81	18189
17693	0	15613
18214	0	26878
23662	0	22109
16411	0	27630
15496	81	21210
22737	0	24175
18500	0	22837
20652	3	18913
22094	1	18984
28684	3	15081
19088	86	16975
24055	0	24910
16760	92	20259
15475	4	23306
16428	92	21745
25278	0	23388
21073	0	27614
20886	0	29341
20290	3	27076
20626	92	19231
29957	0	22469
26148	4	27467
15731	92	27245
25249	0	18816
20754	0	23828
21704	0	25561
24112	0	21807
20832	0	27300
24599	92	17018
16271	92	24534
26151	92	17316
24797	0	23999
26422	1	17524
21300	0	20007
20769	0	20538
19436	4	29807
17455	3	26733
15589	1	24484
19864	0	25548
20831	4	27926
24216	3	23578
18127	0	25124
29314	0	20437
24513	0	18005
20988	1	25433
17307	0	15222
24106	4	22919
22182	0	28193
24995	4	24414
15089	83	24284
17453	0	19266
25033	0	28390
24117	4	27428
22381	7	22373
29010	92	27926
24251	1	24381
24830	4	20271
29746	4	19955
19385	92	19518
20857	81	25300
17127	0	19845
19819	0	23388
25292	0	22816
15856	3	29538
23596	0	20500
16582	0	18088
22968	86	29374
17675	1	28614
15635	90	16867
19398	3	20256
24654	0	18849
15487	92	18248
19074	0	20452
20887	0	29331
29801	1	18080
21166	0	17476
19909	1	25447
21496	81	23745
17976	1	24381
29485	0	28225
29717	81	15592
22860	3	19784
18334	0	28724
23879	3	23390
22184	92	21791
22008	0	29254
23205	0	27974
15630	0	22440
24522	0	15050
16154	0	17028
24215	0	23241
16286	92	20705
15481	86	21916
26391	0	29305
15827	0	21886
19080	3	28218
25513	0	26643
24666	0	23229
21604	0	23908
23862	1	26301
22123	3	22282
21640	0	29224
21079	0	28117
29768	4	19342
21104	0	16521
21188	0	29428
15587	0	29332
29771	0	23870
19335	0	24348
21581	3	18218
25040	3	27059
25039	0	28838
22404	0	23374
26165	0	26754
16677	3	28961
19749	3	27277
29351	3	28181
25205	0	16512
23473	0	15182
29742	4	20469
25349	0	25651
17247	0	21585
16988	0	24674
22605	0	15657
22974	92	19847
25023	0	16424
22013	0	23624
18191	0	16603
24980	3	26715
20630	0	20619
18436	0	22137
25202	86	17269
24519	0	25679
29707	92	22576
21371	3	20638
20952	0	23945
26380	1	20072
15351	4	20549
28857	4	26543
21531	1	22195
19133	4	29882
22788	0	20272
20978	0	25168
18159	0	19564
22789	0	23123
19293	0	17230
17714	0	16593
23437	0	25168
17694	0	27209
21192	0	26002
29741	4	26081
23549	81	17701
29470	1	27825
16259	1	21767
29417	3	15848
15725	4	27189
21224	3	27347
21074	0	28292
25773	0	21468
16016	1	19971
18454	0	23261
15924	0	21453
21133	0	20590
21663	0	21475
21605	86	17159
17859	0	22143
15415	0	23219
26264	4	29532
19750	0	17746
23442	0	29785
19389	4	16497
22685	0	17730
25152	0	20448
28679	81	24586
19100	4	27417
23656	3	28373
26286	0	18011
16737	0	15634
20898	0	16876
28886	0	28375
24215	0	15024
21374	0	26731
16256	0	23564
17832	4	16294
25208	0	28117
29469	81	19823
17132	4	15271
18726	0	15636
24855	1	19969
22661	0	20109
18369	1	23287
20333	0	26624
29287	0	16079
16421	0	23889
21195	0	16212
26264	4	15242
19319	4	15073
19248	0	22185
24834	0	23357
23442	0	28817
25391	0	25530
29957	0	26620
21593	0	28102
18539	0	22570
17872	86	21069
24624	92	28122
24773	92	27007
25040	3	16066
17312	0	15995
21702	0	17565
21844	0	17784
28783	0	16164
22176	0	25764
19057	1	26774
29313	1	27437
23539	3	24462
18345	0	29452
24826	3	20011
18696	86	21258
18236	0	15702
16271	92	16187
22084	86	15780
19110	4	15354
22058	1	20450
18253	0	25655
20752	3	28914
22812	81	15442
20968	0	23836
23555	0	28174
24640	0	20697
20773	4	25661
28761	0	19940
29569	92	23354
25682	81	21317
21240	1	20542
18479	0	19237
20910	0	28521
19139	0	15118
16952	0	25072
19173	4	21722
25784	81	15442
29695	1	29390
23175	81	29995
20777	0	22338
17112	1	27738
29367	0	29040
18201	1	16610
15587	0	18025
21444	0	18337
23432	1	29632
16680	0	25863
17449	92	25183
25311	92	24368
18612	0	25399
20742	3	23608
24251	1	29838
29346	3	26847
24973	92	24865
21260	3	27062
18072	0	29917
23759	0	28541
20751	0	29792
18680	81	25054
28885	0	28213
25694	0	28413
16479	4	28995
16833	0	18923
21020	0	15944
21379	0	29978
18446	3	26880
21301	92	19003
22608	0	22214
15276	0	19237
25386	1	25701
17394	0	28720
22663	86	29701
17861	1	18717
21351	92	20701
29822	1	25637
29248	0	28659
18857	4	27252
16776	0	18762
28835	3	18807
15948	1	22203
21129	0	20580
20876	3	28285
19318	0	28138
21102	0	22537
20337	0	16618
21100	1	26500
25001	0	20414
24734	0	23295
17211	0	17433
15871	0	27657
20330	0	20210
17455	3	15083
20183	0	23264
16737	0	27130
16474	0	25966
17877	0	28081
25271	0	15148
26122	0	26677
17833	92	16503
19560	0	26971
22590	81	19865
25694	0	29829
17116	1	23597
29719	4	18280
21142	0	24317
24159	0	29404
19131	81	20852
22950	1	19025
21233	0	22900
24049	1	29194
29751	3	27159
22045	0	27480
25098	0	20604
15959	92	24655
26124	1	29993
25250	81	18220
18603	1	29230
15980	82	22522
23636	3	15620
18435	0	23385
25988	0	17363
22711	0	19033
29570	1	16658
20961	0	15694
15834	86	22962
19079	0	24524
29366	0	16940
19079	0	16073
17855	0	28335
24847	3	21772
23774	0	15398
29565	0	26601
17827	0	17507
19892	4	18907
16708	0	23488
16286	92	25171
21082	0	20672
19377	3	15228
28878	0	29172
21663	0	25979
21706	0	29684
22728	3	20530
18525	0	29451
20462	0	21146
20927	0	18156
19368	0	26275
19254	0	22441
18845	1	23928
23764	0	26608
19883	0	25119
24694	4	23134
17881	1	28253
25076	0	28013
19109	0	21775
23274	92	16898
21531	1	22222
17826	92	18086
21148	4	16739
28888	0	19801
22484	7	28834
18694	0	26457
20299	92	18739
16641	1	25461
24801	0	15583
22980	0	21794
18407	0	22231
25495	0	27880
22520	1	25908
18845	1	20574
23430	0	22066
17450	0	27117
23655	1	27517
26177	3	23719
20751	86	22237
29727	0	27076
20803	0	29095
15352	3	24368
24982	0	17587
24730	0	16608
22587	0	23569
17823	0	15755
25023	0	16078
21823	92	17384
24641	92	29860
22651	3	25175
16978	0	28011
29716	3	17096
24141	81	25385
20928	1	26567
29456	3	22566
21420	0	23634
16286	92	23677
16253	1	17236
15720	1	27387
24672	1	21806
19377	3	26602
21208	0	18740
17818	92	27801
23000	0	15520
29572	0	23389
22079	1	27477
16365	0	18046
22080	0	16832
22947	3	27461
17891	0	25774
25017	0	20509
15719	0	26635
16134	0	28183
19535	1	17293
17813	81	21082
23959	0	22555
24057	92	20093
24285	86	21706
23384	0	16240
15407	0	25440
25068	86	22380
17415	0	20066
21903	1	19955
21783	0	18519
28698	3	28063
25251	0	29586
28690	4	19849
21458	81	16639
22315	0	16032
17866	3	28313
24629	0	19184
21957	3	21891
18662	0	16177
15428	84	21609
25023	0	27054
17077	0	21360
20886	0	16570
23010	0	28453
19543	0	27494
20900	0	29901
23049	1	18723
15446	92	19302
19158	0	25527
25551	0	24475
22860	0	19456
22904	7	19563
25615	3	17576
24199	0	29298
19004	3	28212
20898	0	26898
19249	0	16617
17129	0	17099
22314	0	16091
18003	0	18357
24109	0	26984
29287	0	20361
24639	7	17761
24139	3	29845
18405	0	23320
25127	3	16967
18535	4	22139
29779	3	21548
16571	3	16122
28587	0	15975
20909	0	25879
20754	0	19484
22743	0	24138
20761	4	15172
16132	0	18313
16134	0	23564
17050	0	19225
16020	0	28661
16631	0	18337
24040	0	22283
20854	1	17436
19691	0	19306
21964	0	16656
17383	0	25593
19159	0	17807
15480	0	26503
17120	0	15212
21578	3	23944
23464	0	25248
18824	0	15736
26031	0	20549
19158	0	22917
26070	92	18402
24804	0	17218
22687	0	19678
21689	0	23647
18232	4	25254
24215	0	26431
22044	3	23372
19780	1	28634
23637	0	27835
16028	81	17874
15516	4	28826
26178	0	25171
17603	3	26196
18623	3	16377
24034	0	29839
18450	0	28014
19008	0	25104
23978	0	25435
17449	92	22065
20293	0	23623
24839	92	27732
28872	0	24137
17451	0	15520
19255	0	23488
21855	1	29073
15740	0	22256
25388	92	18266
24197	0	29177
17312	0	26621
26123	81	20852
29343	0	25974
22653	0	27393
16259	1	16924
21233	0	28516
19937	0	28412
20654	81	19365
21157	0	20189
19143	0	17650
28804	0	28148
20774	0	26527
23653	0	21988
24221	0	16207
17140	0	26710
24899	0	17586
16990	0	27695
15587	0	25678
18688	92	21146
24117	4	15209
22954	0	25504
20909	0	29059
18209	81	21283
18062	0	23450
16564	0	19182
25002	1	28996
22950	1	25977
25115	92	22020
16476	3	27973
15667	0	16490
23101	0	21597
21680	0	17012
17378	1	22071
16555	0	23729
20770	0	19809
23587	92	16344
22251	0	16679
17686	0	15657
19689	1	25660
19082	3	16729
26150	3	23725
26477	0	23352
28782	0	28819
21258	1	20703
21280	3	27024
20063	3	27283
21432	0	29067
21835	0	24744
18554	0	26001
22603	4	15271
21671	3	23990
18835	1	16892
22997	1	16810
19498	81	17864
29485	0	25908
25167	92	27372
16237	0	27002
29690	0	17639
19157	1	24907
23711	1	26999
21405	0	25602
19172	1	26194
25518	0	26426
24106	4	27607
21416	3	26281
28857	4	25396
21474	0	25298
15777	0	29087
25147	0	28287
15346	1	20799
21166	0	29659
15402	3	28494
19563	0	26721
21679	3	17911
22800	0	18593
19251	0	16229
17115	0	28960
21006	4	16375
25308	0	21600
22591	3	29074
20647	3	23686
23009	0	22701
24724	0	19453
17667	92	19015
16027	81	23002
20312	0	23897
16427	0	16492
16421	0	25726
25046	0	23910
21970	1	29560
19368	0	23906
22518	0	17041
22275	0	26863
20057	0	23894
19385	92	26708
17535	92	27118
22876	0	29844
25380	92	20212
17881	1	27836
16412	0	15992
22182	0	23299
29000	0	23277
24855	1	15762
22975	1	17594
25352	86	17933
22414	81	20080
22299	4	23198
19380	92	21941
18431	0	15556
19977	0	18928
25420	0	22703
19193	92	29448
18668	86	18625
22694	92	18093
23932	4	15164
15813	0	28999
20855	3	25989
23433	0	27918
15411	0	18182
19695	86	28836
22916	0	22583
21149	3	21558
22054	3	19229
21264	1	19118
18324	1	21473
29689	0	28848
22936	81	16690
22820	1	18970
22466	0	24295
19497	0	23886
15731	92	26508
28862	0	25898
22278	0	25921
24186	0	17458
25351	0	16083
21627	0	17459
19132	3	17902
18415	0	22448
21471	0	15794
21963	86	29705
16419	0	28608
22128	0	28191
28789	3	26549
17121	4	25769
23598	1	17465
22958	0	24516
19475	0	20382
23090	0	20404
18126	3	28267
17987	0	26256
22941	3	17478
28897	1	21862
19095	3	26800
16634	0	16053
17365	0	20328
24215	0	20359
24778	0	27769
24818	0	23797
16321	0	24401
19141	3	24526
22968	0	28441
24778	0	20279
20760	3	26011
23763	0	28378
22921	3	15939
18546	0	20544
24730	0	26699
20014	81	15518
20886	0	24591
19133	4	28821
26403	0	24559
19369	92	27685
24811	0	21490
21084	0	20006
29822	3	27977
25802	0	29562
22081	1	26296
19725	0	16366
28685	92	29629
17985	1	18311
24507	3	29333
29704	0	22145
26485	0	29684
29394	0	21729
28934	0	15650
16327	0	20073
26403	0	16113
26476	1	24738
18517	0	27929
18531	4	26746
24053	90	15990
16476	1	25304
21128	0	25760
28688	81	23102
17410	3	16056
15727	0	18657
19346	92	19466
19359	1	22917
20296	3	28770
15959	92	28651
16989	0	18308
21511	0	25723
21684	0	23734
25841	0	24593
17121	4	23929
26432	0	27267
16774	0	16301
20295	3	21924
22641	0	28998
16407	81	22006
21828	0	18865
18934	1	17750
18603	3	29227
17867	81	19907
19682	0	25452
26006	3	28383
15387	1	19951
16131	4	24713
19489	0	27706
24498	1	24737
21181	0	20165
22310	4	20117
20826	1	26908
20750	0	29879
18090	1	28482
24946	0	23465
29766	92	15222
22778	0	26417
16322	0	25298
21648	0	23830
15761	0	17596
21056	0	28821
22516	92	18338
18787	0	23397
24584	1	18729
18623	3	24003
21393	1	18706
24894	0	22888
19863	4	25975
18212	0	27662
17271	0	28246
21048	1	29085
23932	4	29792
24117	4	26834
18233	0	24659
26167	0	16065
25249	0	27958
22604	4	17060
16680	0	25207
26124	3	28951
24046	0	17082
24783	3	15001
17358	86	18261
21654	1	28777
22997	3	18114
18626	1	22173
20730	0	20415
16545	4	27445
23668	1	27079
26345	1	27051
29512	4	25178
16365	0	24559
21417	3	15299
29138	0	27270
17450	0	24873
25299	92	27090
21823	0	15223
18215	0	26871
19899	92	25919
19109	0	16911
23040	3	26934
26157	0	18251
17998	0	27117
24946	0	15556
21351	92	25537
15952	0	19869
18846	3	19720
20647	3	24369
20962	3	21750
24811	0	19930
21108	0	28967
19779	1	15527
16781	1	28409
22789	0	23332
19368	0	29909
17732	0	19574
24980	3	17748
17410	3	25996
19090	0	27306
24652	0	26684
21188	0	26111
28687	4	15057
17987	0	17966
17895	1	15194
15730	0	24428
29987	1	21876
25271	0	29611
19755	1	16030
22034	92	16180
29402	3	23969
24786	0	27718
19383	1	20382
22275	0	22340
21928	92	26946
28942	0	16468
29497	1	23616
15814	4	29156
22115	0	26933
18430	1	26489
23934	0	29978
18447	1	15030
26192	0	27181
21972	92	16207
17804	0	19021
17211	0	27814
23864	0	15674
15514	0	20473
23636	3	21877
16894	0	29296
22991	4	22092
16156	3	24512
17569	4	16885
29258	1	29149
19548	4	15928
19097	3	27559
19692	0	22238
17800	1	25447
21277	0	29828
29758	81	21930
19065	0	26319
15446	92	25428
25386	1	19276
21715	0	15253
25027	0	21299
19321	0	27151
19193	92	15121
20464	0	29867
16428	92	29213
17368	3	20679
22063	92	25959
26262	0	19836
16788	0	24289
24973	1	29409
21213	4	28664
17831	4	22542
22604	4	16098
16826	0	18734
25006	0	16837
19288	3	23215
15859	0	15149
26167	1	27758
16138	3	29891
20829	0	17481
22308	92	29494
21225	1	25967
29724	0	22585
19389	4	23887
18230	0	24516
29573	3	29907
29369	0	21933
17258	3	16370
19335	0	29205
25752	0	21757
17832	4	25508
20862	3	15920
21190	92	25926
29483	1	18002
29055	3	29014
19154	0	26597
20870	0	17660
19986	0	25298
24943	3	28010
19137	4	16864
19298	0	23844
17067	0	28840
21185	4	15393
16425	0	29554
28845	0	22742
21623	0	27189
22718	81	19130
17715	4	29210
25487	0	18030
18602	4	19712
19164	0	28844
23009	0	15179
24845	92	23500
22090	0	18149
24698	0	25656
15813	1	18820
21589	3	25725
22175	0	25830
22128	0	28995
20828	0	28627
26149	4	29919
22694	92	23631
19365	81	21174
29745	4	27641
22959	0	24537
24852	1	29063
16285	1	20005
17065	0	23345
15913	4	22891
17305	92	27974
21652	0	25736
23774	0	19849
15667	0	24911
16248	1	28796
21923	0	15169
17209	0	27290
20853	86	20906
20832	0	27748
20980	0	17176
18523	0	24286
21517	0	28292
17127	0	28823
16291	1	25670
24092	0	19520
16760	92	26359
22401	0	29561
21229	0	25429
21810	81	29877
25357	0	25059
25900	3	22631
18842	1	20361
24117	4	23267
21687	0	15008
21629	0	28734
21634	0	26302
21514	3	18877
25215	3	29541
16638	0	27792
15325	0	23131
21109	0	18986
29259	0	28377
15780	0	27665
21447	4	22216
22397	3	26916
26078	92	21586
17191	0	22387
29570	1	25712
16564	0	26756
22365	3	28319
16691	0	28074
18612	0	27407
15867	3	24702
29321	1	18356
17937	0	20708
23554	0	27708
21653	0	27661
17714	0	26982
24553	3	27793
18429	92	29086
19246	92	21580
15508	0	24670
19794	0	23033
15542	0	24143
18825	0	16459
22681	0	15837
18071	3	29519
21324	0	29592
22048	92	15000
22508	0	28583
16307	0	28726
16434	1	26341
15464	0	20044
25513	0	21563
16668	0	24511
25018	0	27518
19536	1	20455
22085	3	23993
19092	4	15656
24045	0	15262
15925	0	29686
18083	0	18013
18630	1	29921
24695	0	26228
18407	0	25843
17877	0	17954
22484	0	23291
18475	86	21505
15888	92	29406
22275	0	29976
24803	4	27179
21355	0	25286
21047	0	18081
24639	0	24377
28804	0	16023
24227	1	15574
21376	0	26823
21326	0	23600
22671	4	25721
21633	0	22154
21823	0	18165
19368	0	26623
18454	0	23562
18489	0	23073
28673	0	24867
19563	0	24930
21015	86	15499
20330	0	17438
19892	4	23952
16418	0	19922
17189	0	27663
25750	0	19713
25565	1	26774
29754	0	20352
25861	0	22871
17265	1	18306
18067	0	20386
21155	0	19737
19361	3	27132
28857	4	26465
19633	86	25158
16154	0	21732
22792	0	23818
29414	92	22881
21043	0	29148
15401	0	28483
22946	0	23960
21414	1	23741
29443	1	22336
21753	3	23683
28685	92	22215
15533	0	25631
19336	0	17254
21305	0	28308
19370	0	25597
24256	3	17742
24253	3	18874
25313	0	16363
26326	0	28390
21126	86	18074
24507	3	25412
17766	92	25452
19900	92	20629
24836	3	20245
21122	5	15640
19690	0	16927
21131	0	19521
16436	4	28929
15481	3	22339
20878	0	20679
21108	0	25262
25038	3	29015
16138	0	22199
16543	0	25940
20935	0	26038
24539	0	28186
24042	86	24807
24034	0	17589
20832	0	22358
28883	0	27155
24552	81	23007
16737	0	21920
29822	3	20552
28897	1	17315
21107	0	28838
21032	0	29461
19331	3	26605
15382	1	22595
24598	92	21744
19875	0	28139
20776	0	17461
23542	0	15367
22368	0	28095
18616	0	15288
16127	0	18920
20830	86	21636
22619	1	25705
22789	0	28345
19325	0	27423
16833	0	18925
17801	0	18485
22647	1	16452
26507	1	15235
18450	0	29663
19819	0	22353
19389	4	27642
25032	0	29521
20649	3	27226
17273	0	28829
15466	1	15388
29464	0	24328
15925	0	26625
26335	0	22241
16309	1	23887
16411	0	16862
19312	0	20086
21323	0	17035
24139	3	15555
24894	86	15788
23056	0	25805
22311	92	16919
22123	3	28165
21239	0	28569
21908	0	18036
25626	0	28130
20055	3	24866
15454	92	20147
20768	4	22213
20752	3	22132
17285	4	26040
18534	3	28198
25422	0	15182
18685	0	29054
22040	4	15080
22464	0	25828
28857	4	27250
28686	81	22760
22167	0	27850
16826	0	25586
26076	3	25688
21016	0	17792
25894	0	21588
24600	0	23936
25236	3	15697
24031	0	25048
25096	0	23614
21653	0	18175
15812	0	28923
21038	92	26765
29863	1	20185
24824	4	15746
19415	0	27409
29744	0	29524
17097	3	27882
20337	0	22265
18605	0	23282
17290	0	16701
17667	92	23149
24148	0	29654
17561	81	23699
18609	0	29889
21079	0	24315
25741	1	27766
21503	0	18350
19690	0	27961
24306	81	15483
25748	1	19836
17200	0	27322
29720	1	25606
20901	0	22181
17290	0	26043
19177	4	23808
29287	0	16087
24959	81	20852
24563	0	23487
15516	4	16995
28973	0	24887
22116	0	16079
23524	81	17991
17817	1	29599
16631	0	20329
21272	0	23292
20757	0	24316
17452	0	22449
23646	3	22384
24105	81	17400
29248	0	28658
29351	1	17624
24323	0	15391
15452	3	24459
22721	0	20605
20055	4	20424
25318	0	22342
20991	0	27586
19415	0	27817
21830	0	28810
25386	1	26762
19685	3	27013
24859	0	19273
16767	1	24921
25730	0	26856
21443	3	25562
18214	0	25906
20757	0	15478
17829	86	21271
16405	92	19602
22388	0	21842
26165	0	25709
20330	1	29158
25962	0	20707
24580	92	16565
26192	0	21993
20657	0	27475
19828	92	17924
21073	0	27278
20778	0	15370
20879	92	24151
22516	92	28134
17712	0	23817
16672	0	26502
19794	0	20613
25779	0	19120
29706	3	23028
20987	0	27796
15595	1	27099
16753	1	20430
20871	4	19727
23878	4	28974
17140	0	20821
24762	0	28077
25313	0	23987
25006	3	21894
25349	0	19223
15858	0	18947
29995	81	19432
29746	4	23741
20731	81	26069
16415	0	23036
20773	4	17739
18067	0	16710
15401	0	26838
29381	1	24133
26130	0	18949
18370	4	16765
23088	0	17063
22614	0	27477
26528	0	16387
18421	0	28294
24940	1	29610
19159	0	20625
17960	0	29629
18499	1	20453
18637	3	27768
20041	0	19679
25513	0	28791
29573	3	20427
18620	0	15973
21273	0	27261
15516	4	20125
24765	0	21098
17866	3	25207
17055	0	23936
24672	1	20332
20649	0	28239
21091	0	15361
16977	4	16276
18063	0	17105
28874	0	29437
25052	0	18572
24304	1	19712
17958	0	26562
24980	3	26723
17935	0	18113
16638	0	17982
17065	0	28020
26157	1	15537
22736	86	29749
17205	0	19034
16851	0	26905
24799	0	29360
25902	92	28818
19141	3	29332
25002	81	19782
19101	3	29077
24084	0	27643
21401	0	19499
19419	0	27713
24421	4	29535
24960	4	22541
25487	0	21352
23416	0	27885
23763	0	21732
17864	6	29703
23882	4	27544
19497	0	28738
22786	0	25498
19901	92	18981
21200	0	23734
21489	0	19527
29287	0	24002
19160	1	27565
15721	3	27365
18855	0	26606
24097	0	18098
28807	0	28653
19259	0	18117
24220	81	20844
16161	1	27200
19293	0	23841
20478	0	27346
20751	0	21920
19121	0	23981
24095	3	26933
23863	0	15388
15335	0	15654
19892	4	29080
16237	0	26806
24096	4	17791
24822	0	27290
19400	0	20381
17119	0	27703
18978	1	16315
22425	1	26560
29417	3	15376
16708	0	21567
17290	0	20343
18076	0	17465
21531	1	25553
17276	1	22255
19175	4	16898
17988	81	23186
21259	3	19824
22680	0	20179
29745	4	26344
16544	0	17584
16973	0	26703
19363	0	22529
22669	0	29451
24103	0	27770
16309	1	27494
15325	0	20252
24943	3	15917
25007	0	25470
20315	0	26244
17668	0	27329
17877	0	15065
17381	0	28960
25034	0	29810
25108	0	20251
24807	0	21690
25386	1	22613
22422	0	22849
17182	0	29991
20758	4	19601
28587	0	22387
22115	0	22469
17554	0	19461
19114	1	28546
22639	0	15246
19880	0	24668
23584	81	15502
24146	0	27920
16547	0	23970
16989	0	22355
25000	0	24410
19104	0	27837
19156	3	25812
21116	0	27430
26124	3	18929
16255	0	26824
18201	1	19837
18236	0	18331
24789	0	29859
25962	0	24454
20337	0	21555
23001	92	24376
17599	0	27667
21407	92	20150
21018	0	24379
24196	0	26429
20060	3	20139
28685	92	24249
19382	0	21657
29777	92	28410
19176	86	18954
19422	3	29963
19293	0	29791
24264	1	26410
16411	0	26255
22991	4	28168
24947	0	28932
22041	92	18028
22365	1	28319
22381	0	29110
19828	92	19818
24218	3	24365
24843	1	26603
24260	4	28305
22516	92	29095
21495	1	16137
26133	0	23854
19175	4	15573
18127	0	29036
17415	0	18742
25745	3	26603
19630	3	29386
29569	92	28520
21784	0	17966
19369	92	27514
29693	81	19353
25246	81	22718
25387	81	22083
25463	86	25303
19104	0	20209
21827	0	17422
21485	0	18716
19175	4	23386
21193	92	27175
22462	0	29940
25388	92	29462
21474	0	29451
17140	0	24709
25379	0	21888
18821	1	29170
29488	81	15950
21013	3	28994
20152	0	27596
26473	3	17237
22715	0	15581
22801	1	28103
16269	0	16110
16031	1	22325
15773	0	21585
23175	81	19823
22603	4	24660
18244	4	23679
22998	3	26918
28882	3	23032
18535	4	26964
19254	0	24019
21306	0	23744
29958	0	22770
19912	82	17424
21382	1	19135
26067	92	21961
20911	0	16225
18639	92	28111
15777	0	27579
24104	0	25974
21059	0	19623
20816	0	24447
18207	0	25734
20846	0	27270
21487	0	28282
24155	0	24405
15631	0	16354
16599	81	18288
22694	92	25662
18696	86	17159
28685	92	20920
21301	92	24887
15825	86	21046
15336	92	26090
25012	0	23846
20379	0	27034
15717	0	20705
29444	1	26974
22520	1	16212
26182	92	26322
23135	89	22522
15728	3	17246
21971	0	15974
17131	92	15083
20222	1	28228
26386	0	17679
24577	0	22206
15728	3	28176
26052	1	18713
25215	3	19607
29746	4	20510
29977	0	18771
15861	0	27068
25567	3	24881
19063	3	27267
22821	0	26552
21909	1	29810
28685	92	29418
19630	3	28908
23090	0	24746
18336	0	24322
18978	1	19334
19746	3	18371
22874	3	15250
17167	0	25320
25580	0	26030
23932	4	15482
19044	0	29902
21396	81	25244
25021	1	24761
17021	86	18348
21103	0	22509
29459	1	26872
24259	0	24038
20296	3	29083
20315	0	15949
17856	0	17780
24883	3	26607
23472	3	28517
22293	0	19214
19515	1	22573
29309	3	26680
18934	1	25613
24266	92	26852
24978	3	25432
22060	1	26992
26044	81	16599
19862	0	29558
18223	0	25104
19685	3	17389
15788	0	23367
17833	92	16590
19137	4	29828
26263	4	27958
24032	0	16509
15319	0	18316
24581	0	25117
18602	4	16892
22949	3	26739
19004	3	24665
26130	0	15550
25032	0	28712
24768	0	27423
29752	1	27386
24064	3	27474
16405	92	29859
16668	0	15210
17189	0	22861
15717	0	25817
17766	92	15361
25302	0	15878
16290	1	28751
22738	86	19420
28681	81	20351
25057	0	24409
23210	1	29409
29450	81	25665
28789	3	28361
17826	92	24063
24776	0	26648
24672	1	29508
18501	0	20131
21248	1	28519
29745	4	20136
19775	3	20437
15963	4	20677
17453	0	27460
17772	0	21840
16437	3	18836
25093	92	16733
29741	4	15163
17130	81	20058
28854	0	26111
25100	3	28891
21310	3	20210
24845	92	29442
16685	86	19262
19248	0	25599
20979	81	26069
26051	0	27666
16598	0	26786
19089	0	25808
22016	0	27743
26074	0	28130
18361	3	23611
25494	1	25650
26400	1	28070
20014	81	23186
24793	81	17757
22310	4	22613
29752	1	25119
23771	0	17590
23410	0	18387
23104	86	15689
20873	3	15059
29132	0	21865
24625	0	25867
29728	81	19744
22114	86	19506
24578	3	23557
15960	3	20166
24279	0	23841
17117	0	27300
25068	0	21880
16129	0	16620
15591	0	26954
22939	0	16749
16773	1	28226
19610	0	22919
22670	0	28027
21083	3	27849
21671	3	20171
15780	86	22084
17854	92	23720
29134	1	26811
22095	0	28921
17797	1	21797
20806	81	24840
24212	92	16371
25030	3	23641
19386	0	20596
21142	0	15256
19320	0	17586
23063	0	18107
19378	81	22050
21199	0	28791
29749	0	26747
16327	0	23032
24237	0	26984
24774	0	15361
24578	3	18957
17528	0	23823
21042	0	18571
16430	0	20146
22623	0	27374
29771	0	18116
22991	4	15643
18452	0	27866
29338	86	25077
21008	0	15841
19323	4	26546
21383	3	24258
24928	0	29442
26334	0	27105
22276	0	26304
16827	0	27089
19687	0	18962
19901	92	26033
21356	92	16671
17048	0	22074
22366	4	17417
24995	4	29420
20029	3	29649
17282	0	19905
22637	0	17966
15782	0	28793
21844	0	29804
24904	1	25866
17276	1	22108
18451	3	27241
20316	0	23235
21034	1	18724
17770	0	22110
20823	4	27240
21682	0	24005
18641	0	16920
17695	0	23756
15435	1	16380
17282	0	25607
19161	1	18115
21107	0	26995
22160	0	15141
24989	0	16391
20928	0	22148
25084	1	17745
29573	3	22245
23555	0	27472
28787	1	20528
28867	0	17446
19380	92	26984
19318	0	29862
25775	92	28252
21928	92	26241
15925	0	17466
18536	4	27815
19370	0	15020
17932	0	25457
15870	0	26701
23080	1	25790
25288	86	24573
19423	3	27990
16773	1	28953
26262	0	27721
17961	0	28038
17069	0	27235
28698	1	25531
18499	3	26669
29958	81	20141
21300	0	26792
23772	0	28019
17117	0	28308
28857	4	26704
16404	1	27928
21932	0	17018
25195	0	19583
16027	81	24309
21484	0	23960
18668	0	20684
22314	0	28519
20719	81	19751
17733	81	19686
24666	0	18913
19368	0	19209
18691	0	16002
28872	0	18044
21326	0	16588
28852	0	18774
17993	86	20982
18099	3	20454
21294	92	28548
29350	0	20137
18759	1	17785
18612	0	23214
17997	0	27344
22724	3	19275
25289	0	22827
23130	0	16507
18259	0	18286
19987	0	23976
19375	0	28459
22596	92	24671
25360	7	17223
16581	0	29094
25350	0	19680
29864	0	26977
19205	0	27798
22676	92	17422
19506	0	29095
16151	86	29247
20947	81	17996
25361	0	26362
15876	0	17725
29975	0	26086
19314	0	22247
19081	1	23507
21112	0	24690
20319	0	29638
29512	4	27302
21577	0	29262
25161	1	27954
17268	1	23994
23278	1	16362
15516	4	23738
15401	0	27309
25006	0	22113
19513	1	20621
17077	0	27461
21680	0	17005
18978	1	22255
15511	3	25176
29509	0	26019
26128	4	28024
20752	3	24662
18302	0	16340
18411	1	18717
17149	92	18648
25420	0	18746
26137	0	29554
18408	81	22722
22690	0	27033
21263	81	24080
19897	0	25644
18662	0	18866
25019	0	16756
19897	0	16079
29335	0	24368
23063	0	17105
19413	3	15637
20649	3	18375
21614	1	28164
24626	3	29549
21712	0	28219
24972	0	16083
15319	0	17042
22058	1	23127
25016	1	16189
19319	4	16013
21102	0	25658
22956	92	22133
16976	0	20558
23542	0	23219
16536	3	19217
16770	0	18806
15595	1	21720
24200	0	27169
18544	1	18225
24572	4	21818
28780	0	17487
21493	3	27587
17306	0	26609
19109	0	27866
29851	0	27290
19256	0	29561
16966	3	17020
15739	0	20253
25030	1	16110
28971	0	20268
26528	0	26735
19937	0	27963
16134	0	26500
24225	1	21762
15708	0	19455
21213	4	20196
16895	0	19280
22725	0	16339
23661	3	23689
15469	92	29135
15783	0	22871
15319	0	27419
22422	0	25636
24304	1	20498
24693	1	21095
16829	92	16494
24839	92	20603
19123	0	27048
21103	0	19572
24265	92	26419
20850	0	26752
29744	0	26496
18455	3	20169
23481	83	24282
21679	3	20044
17110	0	15910
18978	1	28801
22864	4	26996
22876	0	28598
20295	1	26772
24231	0	28980
26377	0	28243
29258	1	16900
18253	0	16625
25308	0	21616
21215	3	25769
19101	3	25456
20646	1	23786
21233	0	24815
29568	92	27416
17368	3	23455
26080	1	27973
26129	0	16435
17868	1	21917
20080	81	21930
21437	0	20419
21193	1	19473
18414	0	20709
24851	0	29041
18466	92	21535
19157	1	28813
21753	3	25887
18450	0	21787
21272	0	29530
22899	0	27001
21218	1	28095
28682	81	18413
21226	1	20099
19316	0	18916
20965	0	29117
18599	81	23004
22226	0	27746
20769	0	27251
28698	4	25791
15381	1	26630
21113	0	21467
18525	0	22497
29345	0	24128
18546	0	23999
20770	0	19619
29314	0	23069
29241	0	19957
29479	3	26248
24584	1	17953
15739	0	20252
21204	0	22583
22401	0	27581
19795	1	29112
19152	0	23152
26327	0	25720
22011	3	27724
18244	4	19966
28906	7	21170
22994	0	24006
18609	1	15571
17397	1	20637
15741	1	16738
22462	0	20206
15953	3	24344
16416	0	24136
24036	1	20240
18513	0	19599
20293	0	24429
18529	0	25888
22722	0	29919
20807	3	26862
29284	0	16077
20778	0	18945
17208	0	18808
17821	0	16749
19321	0	16472
18773	1	18723
21557	0	22837
22730	92	26029
15804	0	25263
15414	0	28961
16683	0	24424
17121	4	18271
24954	0	15554
22056	92	18383
23013	0	23377
23884	3	16579
25517	3	20613
17828	1	19235
24074	0	16233
29758	81	21845
21193	1	18751
22121	0	22473
29527	0	16101
20736	1	23738
20650	3	16600
24206	1	27068
29123	1	27010
20649	3	28625
22710	0	21949
25156	3	28569
23405	0	29303
23503	0	19806
24190	4	29022
28673	0	15831
25767	0	28542
18396	0	21563
19147	3	17612
25006	0	23887
21166	0	27156
18641	0	27005
20319	0	18518
24625	0	27580
15749	92	28517
29458	0	19968
16298	4	27027
25007	0	28935
15802	0	29886
24570	0	25305
19792	4	28037
19793	1	23619
19336	0	29036
23524	81	28745
19154	0	25937
21083	1	27199
16008	3	16208
19139	0	19231
21147	1	19813
21203	3	15287
16171	0	25507
21623	0	15601
18142	4	20119
19320	3	20620
15925	0	24922
17121	4	25410
18065	0	18762
25034	0	16033
17357	0	25535
21927	1	24453
25082	92	19490
16126	0	22355
24196	0	29359
19886	4	26888
21504	0	16614
19444	4	16738
26161	1	25066
25169	0	22263
19764	1	24756
16249	0	29071
16298	4	27382
17185	0	23380
21511	0	28926
20773	4	28036
15779	0	21643
17770	0	26371
15832	0	23266
21249	86	22615
19506	0	25042
28843	0	26747
29264	0	24367
21078	4	27476
25512	0	24059
22724	81	17279
17052	0	26438
19684	0	23389
22798	1	28316
26405	1	21950
20827	0	26867
25308	0	15686
17282	0	15179
17287	0	22901
23017	0	18157
22925	1	23975
29384	7	17283
24189	0	17617
16416	0	23515
22083	0	15553
19051	0	29897
28678	0	27584
16745	0	16671
20965	0	29214
17249	0	18111
16716	0	26785
24350	81	21312
24967	0	20708
24942	3	21788
22064	92	16402
15767	0	20603
23765	3	25355
24803	4	15395
16155	1	24548
24157	0	26105
24301	0	28236
19246	92	21600
21219	1	29820
17770	0	29890
29487	92	29780
21970	0	20387
24200	0	26718
24075	0	26495
21630	0	15125
29527	0	28099
17243	0	28200
24776	0	25315
29738	1	27223
21405	0	20790
15470	0	27112
28872	0	26224
19411	92	16644
23777	0	16663
15707	0	20563
18555	1	22885
22483	0	16042
18099	3	29553
17179	0	24492
24084	0	17515
19095	1	27799
17889	0	24523
21072	0	29986
16685	3	26783
22662	0	27661
23150	0	25657
25188	0	20377
19097	3	28105
29008	92	25265
21104	0	24682
18442	0	25654
21612	0	16442
29345	0	28340
20176	0	23591
21221	0	25504
24052	0	15184
17846	4	29436
16899	0	18350
22970	1	28791
29708	1	27526
29467	4	25817
21250	0	23573
22617	0	18032
29471	0	26319
23555	0	28475
29478	3	18963
16833	1	18924
17714	0	18779
23873	4	21064
21356	92	25916
22008	3	26108
17873	3	29095
20863	1	15520
19114	1	26408
17142	1	29083
17395	0	25527
26067	92	24708
24790	0	22833
17307	0	28972
25744	0	15369
21398	3	20433
21725	0	15022
17121	4	17475
22725	7	17180
21156	0	16612
20772	1	28175
19759	3	18053
19153	0	29179
21108	0	25852
18008	1	28613
16238	0	28585
15475	4	15059
17160	3	26708
16693	81	21707
23015	0	17811
24221	0	17936
19892	4	22909
15957	0	27197
23532	3	21759
16436	4	27687
21219	3	28447
21627	0	18663
20898	0	26017
18610	1	21936
19096	0	29940
18634	0	25432
17371	0	19609
29066	0	23906
21081	0	17982
17704	1	23307
24786	0	17621
26507	1	27674
29700	0	25624
17324	0	28555
16349	1	20348
24399	3	19788
19533	1	25326
19762	0	27117
15869	3	27094
29008	1	18102
28764	0	22062
17990	0	17651
15485	0	27893
25081	0	27256
20295	3	24500
20060	3	27154
25669	86	15859
20512	0	17107
22796	4	23525
22783	0	20095
24640	0	23237
22955	4	18573
21390	0	17507
20747	3	20009
29443	1	17392
19831	92	24029
20579	0	15687
19361	3	17735
16277	0	28794
19137	4	25835
24569	92	27851
17290	0	18867
18467	3	19730
19755	1	24655
21304	0	26304
15962	0	22544
18801	0	25735
22056	92	28160
19419	0	25977
26392	0	15668
21057	0	28209
25492	3	29256
22664	0	27131
22156	0	17022
19506	0	28157
17375	3	26117
25007	0	28424
15954	4	25462
25488	1	17697
18439	0	29549
24077	92	26057
29953	0	23784
21058	1	22159
21209	81	15515
20944	0	18652
18599	81	19476
23415	0	26597
19882	92	25561
21648	0	21066
20875	3	23495
22012	0	23308
22676	1	24142
29751	3	15004
24691	0	22523
16292	3	20340
26264	4	26119
21611	3	28372
22749	3	26839
26153	0	21473
22307	0	27616
23637	0	21097
25039	0	16888
21011	4	25638
24102	1	18474
19092	4	27503
21392	0	28146
15486	3	16584
17452	0	17310
20860	4	28459
16440	0	24721
19754	1	20348
18954	86	19176
25017	0	27551
17147	92	20538
19796	3	20401
29344	0	28083
22042	0	16615
22363	0	27645
24221	0	22541
16963	92	29608
22011	3	27265
15780	0	20430
26183	0	16478
26469	0	20186
18842	1	26195
15930	0	27917
22057	1	25572
26497	0	16911
20876	3	27325
18219	0	18774
25185	0	27553
18203	3	25216
22400	81	16961
21544	0	19308
25696	86	21178
17709	0	21842
29574	0	16473
21049	3	28227
26178	3	28356
19563	0	26100
21662	0	27242
18253	0	29825
25021	3	15578
26269	0	24889
25444	0	16364
18212	0	27100
16152	4	20207
15665	0	26030
25565	1	17811
16410	4	15023
25377	0	16739
23548	0	24525
17404	92	18050
22765	0	28535
22622	0	22320
19439	1	23790
21170	0	20357
25039	0	25431
19355	3	25656
22364	3	22386
17373	0	26277
18100	1	20344
15434	0	25104
16292	3	26634
21102	0	22613
22430	3	27358
29706	3	19202
25040	3	15373
20730	0	17619
26182	92	26436
24595	3	29640
22303	0	27699
23661	3	16885
24810	4	15970
17226	0	21599
24624	92	24761
16308	0	26467
22737	0	29816
26151	92	18832
28903	0	25197
22655	86	20966
28855	0	17043
21503	0	18931
22516	92	16520
21823	0	18927
19163	3	15619
22950	1	24650
15856	3	27810
20784	0	16809
22862	0	23951
20627	92	16863
17493	0	26244
29383	81	18587
17891	0	22170
22126	1	22193
16826	0	15399
21199	0	27430
22226	0	29110
24830	4	25989
18363	0	24465
18857	4	16841
16554	0	16196
22115	0	15069
20737	0	21580
16308	0	23318
16687	0	27258
18801	0	25555
22598	3	29818
21971	0	24815
22088	0	25467
19796	3	29143
15445	0	25822
19506	0	26284
22725	0	16105
28952	0	16376
16949	0	23719
24505	4	23806
18057	0	27313
22796	4	27435
18319	1	17020
20764	1	28937
21163	4	15296
21034	1	20276
18976	4	17919
16954	0	18700
20020	81	23077
22947	3	23798
29287	0	23281
18546	0	16370
22978	1	27083
26072	3	27642
26381	0	18045
24573	86	25288
25245	81	18209
20730	0	21130
19504	0	29832
18456	0	27675
25290	86	24241
17120	0	20278
15818	92	26987
19895	92	15190
19427	4	17086
18442	2	23953
17760	4	27906
29953	0	27603
21520	3	26430
22698	81	19432
18440	4	26056
24069	4	15140
16856	1	26287
19370	0	17467
17199	81	19394
24088	0	20822
18630	1	29391
20840	0	17721
19631	4	25885
15420	0	19451
28865	0	26060
23471	3	23145
24568	0	27721
29485	0	16510
25126	81	20808
28687	4	18384
16198	0	22810
21991	4	25824
29061	1	19024
21141	0	19600
25160	0	16200
22027	0	28368
19315	0	25050
22393	81	15518
21252	0	25893
23384	0	28363
17997	0	20682
16684	0	24931
21422	3	29503
21420	3	20704
26473	3	18664
18425	0	27389
22711	0	23494
24779	7	17533
26475	3	24448
29379	0	25123
26123	81	29996
17166	3	29937
18976	4	28491
19371	0	23768
25030	3	25937
21572	0	29946
20032	3	21949
21725	0	23163
17708	0	28748
25313	0	24545
18453	0	20110
24840	83	24282
21324	0	25221
18444	3	15391
16986	0	21361
22044	1	29143
17832	4	25770
29142	0	24918
25362	3	21546
18367	1	20205
25403	0	19003
22130	0	29829
24109	0	19808
26164	0	25879
22166	0	24411
18230	0	15566
21664	0	18196
17050	86	18010
22694	92	23709
21235	3	20108
19514	0	15182
20965	0	22071
21696	0	15897
18127	0	24364
17380	0	20074
22128	0	17677
24036	1	27862
19300	81	20766
19754	1	20583
29338	0	27077
23273	0	23401
19323	4	26019
18342	0	17515
20972	0	28663
20379	0	26550
25015	0	17565
19193	92	25977
29800	0	27473
21464	81	16961
21640	0	26289
21204	0	26857
16479	4	28191
24975	81	22964
22275	0	28180
21696	0	29619
24851	0	26416
22311	92	25653
21640	0	18771
16670	0	28072
24729	92	18681
17358	0	16166
22057	1	16003
15472	1	26297
22860	1	19456
25567	3	28434
28855	0	16071
15773	0	22568
20808	81	21499
15769	0	17023
17783	92	26824
21194	7	24962
24518	0	16512
21634	0	21943
15460	0	23117
23858	0	24326
19983	0	15687
24836	3	25891
17138	0	17007
18529	3	28707
24119	3	18830
26451	0	26460
24824	4	28462
19253	92	29793
16583	0	15099
23644	92	17776
19259	0	18251
19072	3	20489
21025	81	20016
19321	0	27548
21178	0	19219
16685	3	16955
26334	0	29913
17281	3	27055
22114	0	18378
18691	0	27548
26014	3	26291
29366	0	16606
23037	81	20942
25011	0	22068
22998	3	21470
16049	3	23293
17200	0	23805
21100	1	23512
24578	3	26084
15969	1	17571
19154	0	24602
21375	1	27354
20031	92	29065
22788	0	20821
28905	0	22104
24999	4	16313
15616	4	25506
17140	0	22067
19321	0	20375
23843	0	26899
21330	3	17063
22164	1	28213
17832	4	22104
24574	4	26893
16161	1	29830
18244	4	28257
21648	0	29037
21628	0	16086
19331	1	25543
18682	0	24014
22788	0	16000
25079	1	15232
21928	92	20448
21531	1	26712
15733	0	25048
17312	0	19962
25148	0	23560
19864	0	25865
21689	0	27826
24875	3	16456
21239	0	28142
25040	3	22356
20753	1	29211
20630	0	24158
24259	0	22286
20154	3	27545
20656	0	27053
15439	0	27060
22376	0	29677
17879	0	16160
20768	4	17059
16405	92	25071
19375	0	28918
25163	0	26062
17184	81	15534
19371	3	24543
17369	4	17696
25492	92	29175
18334	0	20122
26073	0	26531
29755	4	27215
17899	4	17521
21155	0	25699
29415	1	27274
18825	0	16928
18083	0	18946
18472	1	24703
19690	0	27751
22575	92	22228
29774	4	19963
17249	0	24683
25377	0	26307
29765	0	25950
22041	92	20177
23773	0	28289
19533	1	22599
24199	0	20560
25027	0	28348
20770	0	15398
22733	0	25911
15462	0	23368
20304	92	24764
22733	0	16809
19255	0	20539
18142	4	15136
16827	0	26093
22592	1	28434
23441	1	24738
19819	0	25638
16770	0	28247
29702	0	20140
19284	0	23272
15452	3	24921
22044	3	15669
18458	3	25263
22013	0	27039
22372	1	28489
26303	0	15526
22677	3	19834
22663	0	28488
25829	1	18109
22425	1	29844
18783	0	17914
29314	0	26117
16107	0	25703
25626	0	28337
20903	1	17059
29971	0	21452
26130	0	26703
16744	0	22546
17880	92	21466
16412	0	28948
19104	0	16225
22980	0	19700
19664	0	29839
22224	1	27857
24574	4	28728
25421	0	19565
20829	0	22337
20784	0	16844
24215	0	22449
25746	1	26414
20294	1	26822
15517	3	24655
21289	3	18095
15959	92	26933
22821	0	21892
25195	0	25498
19403	0	29203
24303	0	20402
24182	1	19931
25582	1	23342
25962	0	28912
21035	1	17632
25008	3	29212
17667	92	24409
25233	0	29167
17814	0	29173
17179	0	18967
20805	3	27947
24053	0	20001
24974	92	23372
21169	1	15079
21069	86	17872
21998	0	16084
15956	1	29604
17255	1	24744
18009	3	29019
29668	0	25677
24235	4	29185
15633	81	20713
21157	0	16319
20127	0	17545
19110	4	16054
23883	4	28343
21832	0	28046
29241	0	17480
24313	1	15521
22734	0	29610
28843	0	25707
29008	92	17393
17877	0	27461
19124	1	18079
19441	3	17010
19960	0	22289
21499	83	24282
16021	0	25531
29340	3	22581
16531	0	20383
19139	0	28725
21483	0	21119
29055	3	29024
21270	0	28817
20742	3	26276
25513	0	28754
22017	92	27048
25748	3	22099
17875	0	16602
22308	92	23641
21330	3	25124
19122	92	17011
25094	1	16462
25060	0	15258
19489	0	29439
25494	1	19452
24304	1	26232
17277	1	25704
24399	81	20934
20728	0	15069
15833	0	27829
19315	0	22869
22126	3	27200
21174	81	20084
29760	1	18419
19361	3	19265
16142	0	16311
16594	1	27809
22477	0	27795
19704	81	15283
18432	0	28663
22462	0	27224
20781	3	22358
25802	0	26251
23480	0	21802
25491	1	19472
24088	0	15906
21324	0	25657
20899	0	29157
18009	1	29019
25894	0	24587
17065	0	22911
19008	0	21353
18561	0	27560
21611	0	15304
26450	0	29218
25027	0	20262
17127	0	16657
20776	0	26746
29061	1	15201
22980	0	25856
17471	0	23184
16537	92	16647
24509	0	21596
15731	92	26887
22607	0	17623
22863	0	16042
26486	92	19613
24099	88	15900
23010	0	21439
22815	0	21472
22620	0	26594
29864	0	15386
20337	0	26027
29951	0	27627
18400	0	25937
24926	0	27411
24818	0	17256
22598	4	15104
24731	3	27232
29746	4	27264
19293	0	28081
21001	0	27425
16167	1	28982
21515	0	16741
29403	81	17303
17768	0	23796
21219	3	16078
21073	0	22212
18001	4	15195
17274	0	29597
21219	3	24726
26159	0	27334
21379	0	29129
29700	0	17459
21430	0	29922
24539	0	27040
24154	0	16955
17462	0	17680
21193	3	19473
17055	0	16812
16952	0	25070
29132	0	17574
22123	3	28276
25730	0	20684
25186	0	28509
22664	0	28385
16155	1	28395
15589	1	28930
23878	4	18387
29221	86	25096
16949	7	24929
17868	1	24683
25353	0	23805
19864	0	26736
29221	0	23923
25279	0	23149
20811	3	28790
29741	4	18358
23663	1	18366
21972	92	22906
29699	0	26097
20464	0	23502
21085	1	23577
15459	1	24396
24995	4	27177
22090	0	17016
23884	3	26578
15780	0	28192
19415	0	15250
22376	0	29941
17569	4	27685
20763	0	28284
18240	0	24771
15865	0	21917
17527	4	25708
26014	3	22521
24362	0	22240
15768	1	27250
15524	0	20201
24581	0	20939
15726	3	22270
22676	92	25275
18063	0	23289
28786	0	19651
21391	81	24080
24625	0	28267
25463	0	19786
23949	1	24332
15513	1	18296
19423	1	27140
16437	3	26652
24505	4	23072
23048	3	27753
15959	92	23376
19475	0	27215
20039	0	23691
19983	86	17142
21573	0	19200
21351	92	24163
20761	3	28620
21272	0	23781
29718	3	23258
18589	0	29358
21397	1	15044
28859	3	27534
17876	0	19956
16986	0	25338
17999	0	16935
18401	4	16078
28901	0	27971
19173	4	19269
21213	4	24554
25732	0	28056
15426	0	19741
23943	0	21583
29372	0	18861
21543	0	26961
15943	0	29847
22672	1	16653
24927	1	27634
29416	1	29438
16169	92	20483
17262	0	26677
22043	0	16063
22980	0	15985
21017	0	20488
17891	0	19958
21252	0	28958
29769	0	16403
26400	1	15379
15689	3	23612
18360	0	28016
24796	0	16488
15858	0	24342
21708	0	27379
24098	3	23192
19365	81	21396
20291	0	19279
16551	92	26572
20176	0	27150
17692	0	27387
26142	1	27157
22899	0	18898
15469	92	18186
18978	1	17202
16854	81	23931
29471	0	28667
24777	0	19039
23773	0	19675
19113	3	28324
22226	0	20661
23017	0	26055
25245	81	29692
21407	92	17440
22692	0	27413
26259	0	29044
15943	0	24882
21394	0	18282
20034	0	17571
19795	1	16782
18458	3	17517
15862	0	19956
18336	0	26999
26473	3	28457
16825	1	24863
24200	0	18494
22091	3	18004
20462	0	15216
19635	0	17361
24824	4	24913
19389	4	17716
24574	4	27755
19506	0	29085
29399	0	18653
22605	0	20566
23060	1	27650
15343	0	29382
17180	86	17992
17263	0	29239
22442	92	25857
24814	0	27313
19390	0	17782
21704	0	29260
25389	0	28090
19377	3	19529
21680	0	16996
19250	81	19907
21385	3	21731
19758	3	18051
18825	0	15322
18412	81	15633
17258	1	23265
24757	0	20131
29264	0	24604
19665	0	20144
21317	8	24467
15586	0	18716
24125	0	29156
21324	0	17596
24573	0	28396
16338	0	29239
21354	0	25851
17857	0	15692
15505	0	15651
24819	0	29641
26075	0	25791
24776	0	19486
26261	4	19678
25744	0	23297
23869	0	27491
15284	3	21745
20059	0	20446
15468	1	29141
18726	0	23209
23553	0	17108
21195	0	24708
15472	1	23307
25024	0	20943
15416	0	27339
24017	0	20026
25034	0	17658
20029	3	19039
18662	0	23785
22788	0	28657
25243	4	23633
20764	1	16923
19371	0	20664
26171	0	29195
21112	0	28573
15979	0	16393
24836	3	23370
19174	1	18925
16253	1	22219
19876	3	22268
19960	0	16619
24776	0	15216
23547	92	20608
29351	3	27370
24819	0	22835
19072	1	22471
20836	0	16382
15531	0	23929
21972	92	26821
20466	1	16462
22018	0	27257
19098	92	17467
17451	0	25931
19889	1	25416
15481	3	18268
17769	0	22703
18856	4	27543
18500	0	19517
25043	1	27639
17816	0	27313
22821	0	27524
29319	0	24289
19823	81	29740
28705	92	20953
24017	0	26314
22184	92	16294
17311	4	17240
23464	0	24474
21524	0	17253
21389	0	23721
29735	81	23460
21393	1	25697
29241	0	29850
24783	1	27572
25301	86	22026
19381	3	15562
19793	3	20026
20029	3	15033
21320	3	20679
22056	92	26982
29951	0	27509
18546	0	18778
21621	0	29850
19113	3	29050
19506	0	16969
22860	0	23268
15712	3	26444
21850	0	21569
16151	3	22545
20747	3	20113
19193	92	23023
22643	3	21852
20992	86	22029
21844	0	18967
18840	0	27589
22184	92	27209
15413	3	24428
18189	81	16639
18208	0	28457
18466	92	16220
21330	3	15126
17245	0	22022
19635	0	18733
28698	1	26664
25367	0	17545
17771	3	29171
19892	4	25585
22789	0	23743
15402	1	26969
21493	3	28529
22994	0	17098
20630	0	15147
20054	1	21534
22653	0	24483
18321	0	15482
17405	0	28078
25278	0	27479
23587	92	16342
17522	0	22053
22115	0	15219
19174	3	18925
19907	81	21849
15817	0	27892
24666	0	15020
18076	0	19843
23006	3	24669
19060	92	26929
25568	0	22574
19311	0	22696
21108	0	22882
22678	1	18027
17301	3	15181
19246	92	24465
24291	0	27911
22056	92	26924
22591	3	15983
25186	0	26703
29769	0	26717
21904	1	27070
20769	0	25535
20852	81	19744
18244	4	26737
24801	0	18964
23001	1	26428
17119	0	23572
29285	0	15196
19911	1	16613
21329	4	18053
24939	81	23469
19391	0	29661
20037	3	26580
17999	0	19023
18342	0	16143
21674	3	29298
19755	1	27001
22422	0	27976
15883	0	25724
20299	92	18889
24929	1	26638
22135	0	25354
20063	3	23325
17865	1	15127
21205	92	28617
21997	0	27865
25030	3	29933
15442	1	28319
22483	0	29846
17398	92	18305
22586	1	23687
19054	1	17671
15857	0	25909
18207	0	27608
21242	0	15752
24045	0	20937
22126	3	21594
21706	0	17812
22724	3	16914
18441	3	23281
19655	81	29767
29960	0	22612
24987	0	20916
17667	92	29580
18324	1	15394
16287	0	28168
22017	92	27141
19506	0	16467
26418	0	19813
24978	0	16074
19829	1	29679
15489	86	25405
15872	0	15236
25081	0	20245
15828	4	17105
29270	3	25417
22675	92	23153
19399	0	20208
24718	1	28737
20019	0	23890
17282	0	28996
19311	0	25484
22464	0	20105
28675	81	25054
26386	86	16717
21916	0	19037
22942	0	18766
16476	86	21511
20852	81	29398
25314	0	29274
29695	1	26003
19058	0	28838
20029	3	23679
24214	0	23497
21525	0	26237
17428	1	28723
25903	1	18079
29338	0	28531
19776	1	16804
16284	1	26407
23426	0	25822
21671	3	28703
22694	92	16100
24818	0	27054
22694	92	22265
16170	0	28962
24978	3	15251
18216	0	22911
17358	0	15878
16422	0	16897
17148	0	27162
17286	0	26756
20127	0	15636
16267	0	18146
17257	0	19216
24572	4	23019
15871	0	23673
15332	86	25231
17311	4	16523
20752	3	27429
24575	0	20559
17693	0	17024
29714	0	16871
24507	3	25285
22305	0	18657
29459	1	23686
16784	0	27989
20866	0	24557
24797	0	26751
16426	0	26054
25031	4	19199
19883	0	29620
16036	0	27902
24926	0	26049
22767	1	15915
20085	0	28196
16409	4	22444
21598	0	29273
22873	3	28207
15818	92	23154
22590	81	21448
17447	1	29207
29417	3	22564
25962	0	28114
17767	0	27637
19754	1	23714
26521	0	19963
19354	1	28159
19321	0	16439
22854	0	24392
15689	3	28960
24048	0	25799
24629	0	23087
16282	1	25634
21000	0	20193
21517	0	20269
22063	92	27155
28841	0	20383
28690	4	20467
16827	0	24037
19983	0	15842
17526	4	18731
15616	4	27934
15512	3	29627
29571	3	25500
15733	0	17092
19445	0	25069
25027	0	28822
26541	0	17631
18459	3	15383
17708	0	28441
22429	0	24464
25127	1	22074
21833	0	15170
15329	0	26844
20806	81	15344
22560	0	18719
19177	4	16552
20891	1	23652
19122	92	29935
15948	1	26679
24189	0	26570
15505	0	16516
21148	4	22843
19054	1	26922
18569	0	29914
22438	0	27303
21083	1	27849
20870	0	25993
16167	3	29305
16638	0	27093
24672	1	25873
23884	3	17691
26339	1	25555
16777	0	18033
25841	0	16483
19975	0	17743
29863	1	25497
20752	3	25425
22894	0	15648
18441	3	23900
24596	0	17477
15716	3	27340
22997	4	18896
22758	0	22173
29779	3	19933
19406	0	20277
24851	0	21476
25313	0	23958
20936	0	23227
16691	0	23545
17151	81	20126
15862	0	28119
17978	3	23600
24980	1	19118
15422	4	21952
21291	0	28704
28857	4	16837
21665	0	18301
26156	0	16482
19758	3	22147
20828	0	15134
22679	0	23696
15761	0	28821
19111	0	22802
16157	0	26057
21147	92	15214
28588	86	22978
22483	0	29855
16852	0	23950
17360	0	16067
26328	4	15850
21207	92	28202
26182	92	25543
18203	3	20002
15739	1	20238
18400	0	17329
21677	2	29575
23433	0	16928
17179	0	16212
22738	0	20678
26330	0	28625
28886	0	26768
23535	1	18650
24527	0	28415
26334	0	27592
21427	1	22149
20859	0	17950
26512	3	29794
16681	86	22463
29747	4	22416
26507	1	23399
20512	0	17776
25212	81	29738
26142	1	27462
20773	4	20591
22777	0	28071
21483	0	24463
24942	3	27054
24900	0	28607
18208	0	25329
19139	0	28390
28876	0	29586
15483	81	29397
25780	0	29014
21810	81	20038
17249	0	15015
17768	0	27996
24108	3	22148
18454	0	18276
18083	0	25827
21040	0	15056
18439	0	20100
22516	92	28990
18076	0	17702
21180	3	23544
18559	0	29183
16285	1	16187
20299	92	18156
22727	0	28800
20794	0	16611
24630	0	19700
22905	3	20388
19141	3	27988
25387	0	15304
21225	1	20485
18588	1	17020
24732	3	21455
29490	3	23305
28873	0	26551
20296	3	23836
24594	0	25796
20999	0	24593
24569	92	23230
25191	0	26004
20982	0	16667
18323	0	29184
24399	1	19788
24568	0	28549
17159	3	18898
18261	0	28601
29701	86	22663
20883	0	28419
22223	7	20999
23843	0	20366
17759	1	25219
24575	0	26211
21139	3	24325
23144	0	16648
21782	0	28492
29953	0	26983
22089	3	18338
22625	0	20408
24236	1	28499
15741	1	27447
24977	1	28960
29458	0	23019
23552	0	25648
15858	0	23255
28873	0	24038
25373	3	28618
25109	3	26198
25230	86	29799
24034	0	27496
15727	0	27207
22724	3	16721
24023	3	25907
19121	0	16402
28687	4	26979
18628	92	17087
22027	0	15366
26076	3	20581
19894	92	24656
16684	0	22567
15724	0	26049
19880	0	17316
20321	4	18317
20761	4	23517
22399	92	29542
16015	3	23968
16761	0	23032
15616	4	27329
24048	1	17328
19365	81	15089
15783	0	29106
16687	0	18652
24092	0	26299
20945	4	19235
19290	3	15172
24529	0	20040
21844	0	19701
22476	0	25959
16012	92	26812
16759	3	17629
16856	1	21812
24507	3	17525
24945	1	19032
16788	0	25067
15935	2	26466
25358	0	19735
28868	4	23919
16634	0	26991
15963	4	29174
17259	0	25768
22039	0	20698
17115	0	15901
18587	81	18835
24069	4	24289
22962	0	15181
22040	4	28114
18216	0	16397
22010	0	19032
20976	0	15831
18430	3	19992
17855	0	19333
23016	4	24447
21623	1	17664
22310	4	18437
19371	0	15107
26015	0	18094
25234	3	15363
22010	0	22918
22042	0	21096
17796	92	26004
29398	81	23128
19389	4	22210
24729	92	27693
20962	1	22074
26331	0	26750
21272	0	27744
19903	86	18486
25666	4	24911
25006	3	24867
29725	3	21066
23764	0	20360
19991	0	22754
26520	0	17416
20648	92	25819
22899	0	22416
20337	0	17614
29348	1	15553
18078	0	20684
22999	0	18591
29762	3	27523
17958	0	28181
16169	92	17506
15475	4	27756
23778	0	19232
22182	0	17176
24034	0	16569
16682	4	15066
29495	0	25328
21320	3	20258
15091	3	19745
17463	0	26372
22790	0	22459
16826	0	17036
19883	0	19602
19975	0	25797
21630	0	16660
16736	1	17519
16286	92	28261
28783	0	15377
16894	0	28633
24121	0	18002
23441	1	22108
18674	0	18320
25102	81	25390
18551	1	16006
18457	0	20372
17309	3	20548
23434	0	27938
22484	0	15211
25331	0	24482
22123	3	27294
21086	1	20612
23874	81	20038
22094	1	29802
24574	4	27313
17961	0	27091
25389	0	19847
25581	0	21839
19980	0	25572
17325	0	20550
22127	3	18341
24112	0	27208
29504	0	17690
21485	0	15736
19047	0	20625
18010	0	27333
15965	81	16539
20837	3	23260
23409	86	16685
29490	1	27002
15446	92	28456
24507	3	15895
19154	0	25868
23037	81	29728
15769	0	24176
22705	86	23474
19078	3	19808
16951	0	15911
20215	81	19907
24786	0	27559
22591	3	19618
29417	3	26365
23843	0	18754
15524	0	15643
15737	86	25379
19078	3	26478
24847	3	22333
18436	1	23462
29725	3	27045
17050	0	20613
23043	0	26593
18429	92	17198
24769	0	21955
28680	0	28988
28804	0	25063
28593	0	20443
21288	0	27599
21107	0	27393
24251	1	15929
21245	0	24745
17048	0	18182
20832	0	23162
21909	1	26430
24399	1	28642
24196	0	15112
17766	92	18277
17212	4	29110
25033	0	20286
21369	92	18663
20860	4	24488
23548	0	16922
19298	0	29051
20975	3	28011
15594	0	19227
15440	4	19620
22237	0	27826
19603	0	27945
20626	92	21884
17428	1	25884
15474	0	18875
22951	0	20274
18411	1	26470
21057	0	28457
17021	0	26348
22189	0	20254
18195	1	24339
23173	0	23915
18697	0	24416
29754	0	25570
20931	0	28407
17842	0	16182
16547	0	28395
20758	4	28647
22724	3	15372
21682	0	27034
24358	0	28547
24928	0	27361
23006	3	20436
21166	0	16136
18212	0	26740
24117	4	16445
17929	0	16096
21981	81	25102
21107	0	28440
22695	0	15896
25818	0	26854
15420	0	28350
15773	86	23937
26158	0	18224
23000	0	22233
15418	1	26430
19122	92	16621
18599	81	24310
21134	0	18965
19363	0	28157
24606	92	27954
19798	0	26959
23088	0	23148
21199	86	18398
15088	3	28777
15769	0	28315
17185	86	29952
25582	1	23299
15871	0	18911
15403	89	29237
18487	0	23495
26405	1	27438
17182	0	15182
24802	3	27364
18330	1	25650
16851	0	27217
22087	0	26795
17150	3	15377
19129	81	26175
19331	0	28548
17817	1	24738
22626	0	16314
20968	0	28159
18139	0	27189
21848	0	24134
21403	0	24135
24578	3	26253
17448	0	24329
20775	92	27504
28689	81	19245
21259	0	15065
22738	0	24906
29689	0	20522
20845	3	27843
20768	4	23607
16598	0	28188
21510	86	24622
21195	0	29866
29759	0	26553
28588	4	19626
29514	0	25825
21741	0	16102
18603	3	24442
22084	3	28889
15733	0	17564
21406	0	22530
22725	0	25756
22559	0	25980
21706	0	26747
17979	3	26584
17769	0	28071
19410	3	28701
21156	0	18782
22858	81	27656
17527	4	26525
26051	1	27666
21188	0	26322
29480	0	15700
15424	1	22566
22395	1	27763
17994	3	16643
22708	1	17366
18208	0	27221
20310	0	18521
24099	0	15570
17770	0	24331
22033	0	20180
16686	0	25552
29384	0	29595
26182	92	25785
23001	92	22846
22079	1	17484
29742	4	16890
17566	3	22446
20515	0	25610
25224	3	25572
22028	92	16836
19630	3	25416
21425	3	29136
25113	1	27237
19819	0	15688
19256	0	27397
19559	0	20545
20657	0	29685
15442	81	21426
19359	1	29331
16008	3	26874
18163	0	18920
17410	4	27808
20989	0	16240
22060	0	26992
19112	3	27624
23552	0	27544
24017	0	27919
23933	0	28602
16787	0	16786
21245	0	27423
29668	0	29427
26124	1	18929
22615	0	26313
17261	0	25874
19794	0	15581
20884	0	16264
20857	81	17931
24304	1	20622
16977	4	18048
23382	92	29619
22594	92	24711
15725	4	28219
22042	0	16618
21664	0	27293
23046	3	22134
23006	1	24669
16543	0	24008
18462	81	16854
25752	0	23287
22169	0	22529
24564	0	24561
18614	1	23282
20085	0	27360
17376	92	16876
18855	0	29023
25513	0	18053
15405	0	25716
18412	81	26132
19655	1	27374
29471	0	15612
15760	1	28109
25551	0	26212
19431	92	16579
17149	92	21555
20785	0	19000
17271	0	26895
25310	1	19803
17247	0	16549
17160	3	28353
26135	4	16470
15712	3	27917
29381	92	19722
15462	0	26951
22301	1	18269
29340	1	28088
29329	0	15260
25006	0	22460
22986	0	27448
25180	0	27698
21414	1	17727
21093	0	23751
21810	81	21464
22091	3	27819
15593	0	23615
19937	0	26569
18842	1	16528
19091	1	19973
15956	1	24685
18544	1	17628
18637	81	20934
24510	0	23760
21538	0	28776
25143	0	26877
19324	0	17625
29707	92	26042
15770	0	21571
17673	0	25326
26072	3	17106
21386	0	26266
26015	0	28143
17123	3	21879
22464	0	15099
22676	92	18782
19514	0	27824
17360	0	26088
17872	0	29359
20515	0	26420
18203	3	24429
20898	0	23782
19319	4	17573
20909	0	21570
16672	0	29519
15857	86	29967
16018	0	28064
19004	3	25529
21743	0	18988
15914	3	17579
25669	0	24474
22603	4	26710
29754	0	19950
18462	81	29222
24238	3	24937
28883	0	16782
16255	0	29079
22011	0	23908
15533	0	18102
18214	0	19820
22756	0	19229
24822	0	29890
26263	4	17489
19420	4	20256
21407	92	28981
29512	4	18014
19314	0	15850
20978	0	28002
15823	0	16023
24584	1	18262
19319	4	26504
29000	0	15234
18426	1	21096
29403	81	20623
17373	0	27544
23436	0	25238
21071	1	25464
29348	1	15927
15814	4	17492
21958	0	18113
21392	81	19373
17407	92	25867
21035	1	28123
22041	92	28315
19910	0	15556
29235	0	23965
19059	81	22499
22975	1	22510
22482	1	26699
18200	0	24499
16640	0	27354
16296	0	24727
28906	1	19807
21971	0	27041
21691	92	28662
29748	4	26278
29765	0	21066
26534	0	23182
25695	0	24422
24304	1	16303
25360	7	19870
19159	0	18996
18000	0	29597
17929	0	29583
15440	4	27133
15485	0	25430
24103	0	16845
20728	0	26210
16260	0	22199
17801	0	19708
15389	0	15205
28604	0	15917
21100	1	18145
23541	1	22331
22604	4	23827
24994	0	23511
16979	3	21872
16787	0	24892
21540	0	24906
24238	3	15678
22648	4	22279
17284	0	21837
25370	3	26498
17997	0	25947
26169	3	28746
16716	0	17922
20126	83	24284
20945	4	21454
18496	0	25708
16475	81	22811
16008	1	18741
20774	0	15293
16736	1	17731
25222	0	29554
25437	92	22354
22765	0	22287
19961	0	16837
19293	0	15609
29248	0	26876
25744	0	27843
16766	0	24523
15517	1	17690
21377	4	25466
19177	4	15557
17714	0	27177
26327	0	25817
25202	0	24445
24091	4	21764
22784	0	29500
18228	0	26698
24901	0	28112
21392	81	21075
21650	0	28093
21005	0	27173
19329	0	20308
19206	3	16353
22817	0	28935
15953	3	24444
18465	3	18392
21642	0	20156
21712	0	25543
25030	3	26597
22937	3	28229
16974	0	28109
23864	92	26446
20774	0	20372
17048	0	17723
25160	0	27626
24239	4	18110
17897	0	24452
22857	0	20517
23143	0	26204
21377	4	16033
19169	4	22850
24785	4	26786
22425	1	16075
17188	0	27569
19552	0	18702
26532	0	27012
22271	0	23269
17669	0	19201
18639	92	18898
29509	0	22159
24607	3	28344
19876	3	29579
17775	81	23973
18458	3	22498
23862	92	25951
24185	1	22900
17705	1	25964
25389	0	16164
25029	0	24748
24969	0	25942
23046	3	29837
24094	0	26960
23314	0	17107
19018	0	27030
25372	0	27510
28586	4	28056
16404	1	19965
18558	81	20912
25079	8	19598
21198	0	26085
21318	92	29791
21598	0	26046
18466	92	23591
19355	4	29388
15351	4	20173
24623	3	18919
17526	4	23691
24108	1	23716
24140	0	29547
18496	0	28365
25390	81	29735
24149	0	20800
22946	0	17386
22586	1	27462
26005	0	16397
18241	1	23690
29717	81	18066
25581	3	28654
19497	8	19598
25002	81	21210
15864	1	21872
25026	3	27532
28705	92	25417
21725	0	27561
25038	3	26081
21015	0	28050
25386	3	26709
24773	92	27633
21148	4	25438
25418	0	22206
22306	3	25401
22905	3	21347
26286	0	25703
20810	3	23898
18206	0	27058
18557	0	27050
21162	81	20852
19321	0	22531
24596	0	19220
21079	0	15257
22815	0	15155
19055	0	17346
29381	1	21616
25960	1	20535
20878	0	17319
24501	7	24611
17987	0	19460
21220	0	15257
17145	0	26251
25114	0	19769
22178	0	16335
19444	4	22920
23470	0	27857
22792	0	20541
25463	0	19467
15321	1	20419
15731	92	17919
21630	0	15096
22590	81	22938
20895	0	24688
17268	1	18706
25299	92	29003
15446	92	20113
18538	86	17140
16631	0	19804
20793	0	20113
23864	92	23690
22591	3	25969
21227	3	17074
16254	0	17246
19361	3	22531
18215	0	27870
22650	3	20047
19196	81	29693
24626	3	27786
21522	0	23614
25746	1	28109
24034	0	15004
18609	1	24478
24607	3	27731
18425	0	26706
22818	1	25429
19139	0	29921
21030	0	29190
22275	0	17412
15413	3	23397
21330	1	17063
17069	0	27521
23135	82	17426
17290	0	23900
24034	0	27138
22695	0	26901
19868	4	20052
25998	0	24442
17897	0	19820
18397	0	18876
15598	0	29087
29057	0	24690
21705	0	24330
20842	1	25407
29297	0	29227
20863	1	17214
20762	0	27647
22685	0	25401
22278	0	24874
19413	3	15677
24562	0	29341
16476	3	28003
20659	0	17413
21653	0	27429
24099	1	22487
15867	3	18040
18067	0	18464
23165	0	16804
22985	0	26595
20961	0	29956
18253	0	21546
29695	1	29046
22037	81	17199
29750	81	24817
15722	3	28310
25369	4	28617
24082	0	15359
15401	0	26848
16768	0	23899
22520	1	19816
17670	0	28097
25567	1	28434
17409	0	17192
25021	3	21358
16529	1	23307
25291	0	25257
15331	0	25662
15473	92	26695
16899	0	24286
25144	0	21569
26121	0	28194
16726	0	29026
25387	1	28040
17211	0	27059
19704	0	22327
18105	0	25523
25666	4	23816
29773	0	24668
29487	92	27222
29313	81	20964
18214	0	27900
16687	0	18331
22996	0	29592
19880	0	24404
25227	0	23754
22481	0	20187
24731	3	20425
20854	1	26257
28909	3	17632
21269	1	26722
22729	92	25924
22395	1	25907
24979	92	29048
25023	0	16604
22376	0	17092
17301	92	15181
21706	86	24285
22004	0	21720
17602	4	26367
22042	0	20820
22308	92	27237
18857	4	23785
28882	3	28238
21264	1	27648
22064	92	15263
15819	0	16096
19289	0	20338
19104	0	24492
19389	4	29453
28789	3	27852
20883	0	20920
22950	1	15902
25099	0	20408
23415	0	25937
21108	0	17596
17826	92	27855
25191	0	29909
16737	0	27578
16638	0	23191
24263	3	18025
24207	3	17713
17560	0	28488
18826	0	27357
21148	4	27064
22128	0	25689
21148	4	15601
17825	1	17680
26476	1	29599
19634	0	23569
16789	4	18812
25187	0	27623
18599	81	17124
24046	0	18711
29485	0	23332
17068	0	27680
24774	0	15157
17698	1	16970
23523	0	28661
18323	0	25813
19328	4	15939
21053	0	27112
22117	3	21977
23662	0	18035
25962	0	27269
23460	8	20322
29514	0	28183
24934	1	27672
24502	1	19282
24698	0	29900
19298	0	27433
21507	0	27748
18435	0	19015
17258	3	20188
20025	1	29594
15959	92	17060
29705	3	20480
25369	4	29940
28687	4	28519
20841	0	24059
17357	0	26882
25750	0	24398
20023	81	29466
22958	0	21344
19371	0	27446
22729	92	27471
22715	0	26880
24505	4	23748
23659	8	24467
21706	0	27439
22905	3	18381
16973	0	28928
16554	0	15251
28902	0	15618
22993	0	23490
22709	0	24008
28872	0	19957
17267	4	22703
16692	1	23450
18626	92	28577
22308	92	18379
18626	92	18740
15506	3	26703
20940	1	15686
20836	0	26188
17818	92	28927
29705	3	27548
18441	1	24005
15862	0	27636
17995	0	26254
21630	0	27497
24225	0	18530
15747	0	26224
17131	92	19027
16268	0	28976
24200	0	18815
21319	1	25063
20305	3	22408
17289	86	28691
18536	4	18968
20831	4	26248
25357	0	24910
18845	3	21888
15731	86	22914
19759	3	19002
15689	3	28643
24949	92	26290
20961	0	29162
28886	0	26919
21211	1	17087
16544	0	29653
24774	0	26820
15724	0	22497
28380	0	23369
15913	4	26393
21576	0	29788
24992	0	26960
17305	92	22697
23548	0	26954
21506	0	15909
25186	0	15553
21984	1	17540
21356	1	20443
17275	86	26334
18696	0	26280
19055	0	29849
20772	1	24495
21084	0	29445
22993	0	25402
21655	3	15166
18244	4	27509
19629	3	23233
16669	0	26197
25406	1	19228
21680	0	17006
18241	86	15418
16538	4	26610
22978	0	15061
25008	3	28288
18551	1	26718
17404	92	21349
22707	3	28455
20950	81	18421
23934	0	20271
24775	1	15574
18478	86	22046
24264	1	29501
26122	0	15655
15715	3	27198
18342	0	26217
26273	0	27056
20919	0	27595
19286	0	17576
25894	0	29303
20967	0	23734
16269	0	19268
18661	0	23779
20932	0	26037
25159	0	21560
25233	0	18172
29367	0	19531
20886	0	26505
21405	0	20354
18976	4	25643
17668	0	28384
18623	3	27235
17233	0	27950
15414	0	27792
25006	7	18512
21078	4	17106
29977	0	25064
19506	0	16728
19197	81	19196
19357	3	22891
29731	0	23846
17125	81	21458
19757	1	25945
16170	0	20481
17313	92	16120
16126	0	18547
25384	1	29894
17875	0	27021
20726	0	28574
26487	3	25616
22052	81	26441
21442	0	28229
22301	81	20141
19860	4	17096
26520	0	15372
26274	81	24497
29504	0	16146
19411	92	27687
19176	0	27074
21480	2	23967
17259	0	27401
19367	4	28024
25247	3	25753
15449	0	29886
19064	92	21992
26336	4	15338
26192	0	27789
20989	0	27505
17833	92	16614
20757	0	23237
24122	92	29068
21329	4	25720
22037	81	17814
16543	0	16202
22717	1	25473
22407	0	20109
15416	0	28326
19882	92	26040
28803	0	28389
29714	0	28386
18934	1	25850
24994	81	17813
22128	0	17237
19398	3	27273
25187	0	21348
15444	0	29903
23041	0	19038
19632	0	26976
21185	4	23851
20975	3	27773
24725	3	18088
20057	0	26502
21252	0	18744
18569	0	19522
17777	0	25633
15968	0	28629
28677	1	26394
21601	0	24744
21440	92	27535
21108	0	23368
29339	0	24329
20654	81	17991
22419	0	29187
19079	0	24176
16753	1	24337
29310	0	16379
15714	1	24004
24323	0	26213
23040	3	17479
18551	3	16460
19169	4	24398
29716	3	28361
24048	92	16707
29971	0	23983
23484	3	18792
23481	81	20126
18602	4	21883
29475	0	16697
18063	0	18865
28843	0	22506
16691	0	28773
22772	0	23282
16336	0	24158
16298	4	27452
29124	1	22461
17371	0	27429
17599	3	27667
26183	0	16367
19408	0	22171
25006	0	16441
23174	3	28358
19356	92	21808
22986	0	22542
29771	0	28355
17826	92	20179
29515	3	26187
19082	3	15152
22607	0	19281
15501	0	17025
25767	0	18906
29241	0	17914
21073	0	16809
18658	0	28109
20914	0	15671
29957	0	28584
15761	0	15007
25496	0	23889
21850	0	25930
15406	3	22261
21024	0	27371
19173	4	28451
28942	0	18059
21605	0	25458
15462	0	23702
18470	1	27897
20018	0	21473
29351	3	15569
25752	0	18117
15302	4	23680
19246	92	15626
21055	0	27024
20292	3	19708
22079	3	28515
19989	0	25715
17401	1	27552
25676	0	19805
24831	0	25470
19433	81	15410
24684	81	17274
26519	86	23598
24271	0	19832
25389	0	15378
22419	0	24745
17263	0	26677
18520	0	27828
25381	92	19582
16640	0	21454
24796	0	17326
22305	0	22452
25043	0	20496
24768	0	26393
20774	0	27586
21102	0	16941
21275	0	23824
23654	3	26557
21050	0	25911
15925	0	29559
24830	4	24404
18842	1	28713
26439	0	23255
21668	1	22459
29511	0	22847
25270	0	29682
16744	0	27016
26139	1	26028
21543	0	29642
17211	0	18907
22015	0	26734
17472	81	24275
16338	0	24037
24782	0	27899
24637	0	20554
24214	0	20701
18616	0	15679
20221	0	26738
17815	0	15099
16410	4	27868
22982	0	25584
25024	0	26878
18470	1	25887
25325	0	17432
19077	90	16867
22400	1	29023
29489	0	28304
22027	0	27244
20823	4	28192
26007	0	28614
22518	0	19804
25365	1	16658
20764	1	28000
18553	92	25857
16856	1	22840
25356	92	28479
20321	4	27840
25089	4	18601
22126	3	15892
17369	4	27953
24776	0	20369
24894	0	17478
26160	0	18687
29370	0	17213
24974	92	26799
21078	4	23026
26153	0	17852
26392	0	19243
15883	0	27615
15616	4	27984
24949	92	17248
17877	0	27005
20729	81	18189
24757	0	24246
21270	0	18735
15913	4	24515
24259	0	28326
17732	0	20125
16134	0	26120
21199	1	20281
29459	1	19043
24052	0	23854
17180	0	25464
19061	3	27246
24319	92	15561
19321	0	28460
22953	0	16085
20898	0	29449
29315	0	19718
25318	0	29905
26069	81	17559
21199	0	20488
24362	0	24361
16198	0	23559
20829	0	15758
19875	0	22541
18450	0	20049
29125	0	28985
19511	4	17061
24362	0	29524
18826	0	18339
19100	4	23323
24056	0	24341
15786	0	27961
19689	3	26393
16275	1	28933
21699	4	27714
17405	0	28818
21520	1	24012
24651	0	28378
22865	0	26108
18228	0	23226
16253	1	21896
21314	0	20203
25418	0	18712
19763	0	29789
15777	0	28474
24819	0	29437
22127	3	29624
21192	0	25574
18423	0	27459
24081	81	26514
21291	0	23847
16680	0	21465
25524	3	20248
23536	0	23247
24513	92	21729
19260	0	28450
15963	4	23156
16412	0	24603
21338	3	18808
17138	0	16994
24880	0	29554
17274	0	17487
24692	0	24618
17832	4	16910
25017	0	25552
22647	3	28126
16686	0	27594
24071	92	27938
20326	92	26694
16288	1	24014
28762	0	25623
22128	0	28041
28864	3	28048
16425	81	17600
16256	0	19204
19318	0	18679
22876	0	28637
19091	1	18518
20759	0	20411
18527	0	27702
19535	3	27566
24291	0	20384
17049	0	22150
22927	3	16092
24799	0	29198
18456	0	25966
26473	3	23743
19110	4	27080
22296	1	23284
20992	0	15003
23430	0	26540
28897	1	17788
21485	0	21476
20649	3	26835
20935	0	27500
18471	3	20353
21971	0	29671
16551	0	26099
19291	0	25218
15516	4	17007
21311	92	23672
17078	1	23877
20839	0	27877
15477	92	29185
20984	0	19721
24932	0	18264
24034	0	27524
20722	1	28544
21496	1	23387
24155	0	17648
16260	0	26561
21152	0	25522
17561	81	26421
22096	4	25075
22017	92	27492
24999	4	23696
21087	81	19683
16598	0	27490
16960	0	20622
19126	0	29391
29455	3	26999
23089	0	27620
22308	92	29145
20895	0	29925
22928	0	26186
19438	92	28790
22164	1	18704
23534	1	16511
20456	0	19208
17549	0	27861
17391	1	16584
17371	0	29666
17152	4	27225
20805	3	16607
20944	0	20006
17760	4	18545
23986	1	18794
15507	4	24433
20836	0	16210
19405	81	17303
21148	4	26436
19400	0	20390
18226	1	22217
23932	4	27412
19544	0	26988
22647	1	22287
24607	3	29146
22462	0	23676
16827	0	26256
19058	0	17740
17117	0	17945
19782	81	16947
22677	3	25219
19977	0	26195
24188	1	15998
21409	1	23369
21178	0	16011
17760	4	25199
29750	81	15518
15956	1	26997
25041	3	29223
17686	0	28253
25422	0	15977
26402	0	19722
21386	90	29585
24302	1	23872
18429	92	24557
18430	3	24896
22991	4	29185
23384	0	15846
25241	0	27043
23774	0	20161
16255	0	27514
16257	1	28444
20289	92	18924
29947	0	20087
16536	3	24372
22044	3	24567
28873	0	16580
18667	3	17203
23869	0	25319
21258	3	18809
21282	0	20552
22056	92	20006
22635	0	18960
17472	81	17303
17021	0	26344
19417	3	24484
21203	3	27804
24988	0	25992
25246	81	23931
20971	0	25735
18255	0	23819
16530	0	24063
25215	3	16209
20794	0	25820
29953	0	28250
19191	81	22812
17988	81	20064
25230	3	24248
24581	0	26429
18499	3	20111
20462	0	28791
18551	1	23827
22690	0	27358
18142	4	28742
18401	4	28447
17798	0	27760
29486	1	26574
20314	0	26373
23144	0	28755
21328	1	20428
16978	0	24748
16437	1	15224
24232	0	15018
26331	0	27589
29222	81	19347
29779	3	25605
18625	0	19827
24032	0	18116
15284	1	25688
19781	81	21458
22955	4	28356
25310	1	15239
26382	3	28662
29977	0	27358
18539	0	16907
19389	4	18575
26169	3	16144
24805	92	27397
29352	3	28093
22190	4	28506
15351	4	15693
19171	1	24337
19086	92	18991
23637	0	17406
19173	4	21914
25000	0	24389
20784	0	18653
19915	86	21268
21675	3	24424
22267	81	15600
18465	3	29577
22421	0	24678
24960	4	26685
24943	3	23429
29498	0	25623
24312	0	20746
21782	0	29135
17184	81	20912
19086	92	28382
17958	0	16813
21705	0	23159
21753	1	26250
26520	0	23833
19858	3	17349
21152	0	18749
23551	0	20448
29961	0	28275
21926	1	17389
19489	0	28939
16328	0	28220
20829	0	28122
21291	7	19937
21236	4	16433
18624	3	27186
20792	0	18157
28873	0	28628
23949	0	24332
29822	3	23913
21191	92	15250
24904	1	22825
24279	0	23558
17836	0	21341
21330	1	25124
20783	81	25102
19391	0	16066
19291	0	26217
26536	0	27211
22403	0	25545
20770	0	27907
17447	1	20532
17398	92	21765
28868	4	28104
16768	0	25206
22959	0	15977
21517	0	16991
29352	3	19032
25861	0	25978
25299	92	26248
17299	0	18739
19392	0	17954
29504	0	21756
19747	3	18699
22661	0	18648
25092	3	29647
20650	3	26953
25034	0	25448
22792	0	15098
22038	1	27897
24373	0	23097
17066	0	23788
22695	0	27899
17280	3	15645
25080	0	21466
15440	4	16735
25962	0	22541
25038	3	20443
15815	0	28078
15707	0	26049
22953	0	22703
16331	3	26827
20022	0	27106
17151	81	20460
22935	0	21556
19336	0	23716
25626	0	18869
22873	3	20267
24733	81	24320
15747	0	17215
19060	92	27485
25595	0	15764
20862	3	18582
21180	3	24357
25222	0	24612
24102	1	25409
16817	0	23783
28816	0	23685
25389	0	26008
24989	0	26311
17835	3	19561
22741	0	17946
19158	0	18832
25672	0	20235
17878	0	23034
17986	0	27105
29142	0	29633
26178	3	15086
22088	0	25464
22607	0	27172
16981	1	19033
15963	4	28931
16407	81	17842
24085	1	29669
19177	4	29645
29485	0	27287
21008	0	16839
25331	0	17090
18342	0	23026
25386	1	22902
21642	0	29418
26145	1	25670
25031	4	27665
24625	0	17619
25744	0	16103
17102	0	19786
24734	0	25624
20824	92	24488
25672	0	20166
15616	4	25497
15957	0	27559
19045	81	19686
26128	4	15162
18063	86	17304
23009	0	26511
22392	81	26441
18835	0	23581
16016	1	16568
21290	0	24006
25114	0	23507
24606	92	29161
20892	0	23288
26078	92	29136
25405	0	15055
21107	0	26032
25311	1	17079
26423	1	17009
17929	0	25803
17978	3	15200
25406	1	28434
21021	0	29789
22591	3	23738
24694	4	26673
18219	0	27747
19411	92	16388
22310	4	27660
24589	0	17905
20750	0	18595
21183	0	17540
29569	92	24413
16270	0	18146
24215	0	29895
19056	0	25545
20949	4	27630
19380	92	27708
18857	4	27761
19133	4	23121
19402	0	25226
17880	92	24713
16479	4	18318
20740	81	24794
19106	1	28084
16694	92	19188
29123	92	19701
24632	3	27779
15435	1	20610
15402	1	15044
16014	1	29070
15499	1	15018
15447	1	29204
15959	92	16880
19630	3	24889
26077	1	15849
21248	1	21658
17799	1	23349
29504	0	22569
21085	3	23837
20917	0	16072
19629	3	15927
17883	4	17970
25030	3	20541
24199	0	26842
17756	81	21391
15862	0	16095
15284	1	26674
24106	4	25592
20736	1	23641
17370	0	15378
17371	0	16116
23063	0	19939
22764	1	22200
28875	0	28738
15663	0	17647
17306	0	20540
17323	0	29168
17835	3	25394
24786	0	27229
20784	0	15005
25861	0	24872
17139	1	27918
23763	0	15976
19886	4	20144
29007	0	27663
20774	0	28012
20914	0	24457
24241	0	25341
29801	1	21098
22126	3	15912
21086	0	20555
23384	0	26656
24634	0	24603
15420	0	24353
22635	0	23338
18952	0	15065
20079	1	27066
18835	0	20608
19894	92	23968
22394	3	28730
24213	81	20062
18658	0	29494
17273	0	23277
21727	0	28364
22926	3	28758
18362	4	22357
15440	4	27369
18302	0	23490
25289	0	22849
22952	3	27574
22052	81	15729
19195	81	29320
16687	0	29828
16476	1	15135
15728	3	23673
18409	0	15590
22082	0	18786
20774	0	20271
26303	0	16883
21075	0	22030
26172	1	28503
18826	0	26310
16788	0	23318
15452	3	26354
23014	0	28891
29384	0	28230
26159	0	15928
21783	0	22631
19882	1	15949
19067	0	15551
25013	3	25329
29287	0	26043
24804	0	16746
16036	0	26884
17124	81	29320
24238	3	17660
19084	1	23504
19369	92	18967
21282	0	24663
21291	0	19673
25368	0	26599
23533	81	21609
19129	81	24083
15948	1	28584
18399	3	24333
23542	0	29026
19665	0	28088
21225	1	18012
16413	0	16996
25281	3	28211
22407	0	21815
22190	4	28437
19294	3	20197
23795	0	19585
22759	0	23148
25153	0	27727
20759	86	21057
20350	0	29929
21042	0	27199
20035	3	21051
24420	0	22880
20836	0	26688
23417	0	16701
19348	0	25326
22431	0	22493
20909	0	26056
22788	0	23842
15516	4	16484
28859	3	26996
20847	0	18711
18641	0	29146
21295	92	15934
24272	0	23281
21046	0	19790
28839	1	26212
18200	0	16402
29727	0	27651
21250	0	15309
21572	0	24334
23445	1	18907
29977	0	15281
29142	0	22881
23383	0	25995
26418	1	15214
18555	3	22885
26182	92	20385
18603	3	29228
19479	0	28454
25186	0	26374
19509	3	17572
21671	3	27129
23056	0	24367
23094	0	15996
22787	0	28080
18127	1	15127
24084	0	22318
21640	0	24755
20326	92	23752
26532	0	27579
16773	1	19556
24777	0	28818
17402	86	22402
23775	0	27314
15662	0	27207
18191	0	19625
25841	0	16358
22786	0	29662
22403	0	16628
18684	0	19661
18504	0	17840
16138	0	15229
17860	3	19673
21904	1	24709
20879	92	23190
21269	1	28511
26263	4	29192
19689	3	23358
29062	0	23574
21523	0	28407
18425	0	27743
22404	0	17950
17370	0	26857
22135	0	25499
21494	3	27603
23589	86	21061
26179	4	22545
29706	3	20088
25021	3	15493
25312	3	20049
21192	0	16679
21685	92	20108
18067	0	27915
21084	0	24172
15475	4	16463
21235	3	20603
15876	0	15084
29564	86	19694
16299	3	27176
28865	0	25412
19159	0	20279
23384	0	23561
16977	4	29862
22591	3	27202
23018	0	27387
18205	81	28688
19248	0	15218
24729	92	19446
22481	0	24359
22815	0	18337
16678	92	29615
25749	3	27836
25114	0	28608
19129	81	29469
21166	0	23820
24978	3	16611
24811	0	28525
21107	0	28218
15326	0	16024
29710	0	25254
24928	0	29078
22428	0	17297
23542	0	23672
17155	3	16058
23046	92	22134
24231	81	23177
19725	0	18420
21075	0	18663
23856	1	27566
22404	0	25059
24231	0	19468
17272	0	23115
15782	0	25858
24692	0	19187
24942	3	15062
25511	0	29618
24050	4	25498
29703	81	17757
28905	0	26630
21970	0	28728
29483	0	27914
17694	0	20118
19324	0	25646
21259	0	18799
22789	0	26462
20079	1	21875
17404	92	23575
21485	0	20549
18438	81	15502
21310	3	18749
17992	0	25466
17886	1	24469
17899	4	23058
22305	0	17964
18431	0	24150
21027	0	22612
23200	0	23913
15953	3	23919
25565	1	18092
19116	0	27198
20032	86	29321
21727	0	27008
22756	0	19968
18854	81	15410
15768	1	25396
25169	0	16613
15713	3	26911
24312	0	27226
16571	3	16121
19755	1	21878
21061	0	20151
17805	1	25529
26516	0	23380
21545	0	27889
22650	3	18676
16530	0	22199
22311	92	25459
21236	4	26341
19414	1	15400
20015	3	26853
17364	1	20134
19691	3	20599
25903	1	19469
18843	0	26787
16551	0	24398
19442	0	21360
21471	0	15504
25386	1	28305
24098	3	15681
22942	0	17542
24517	0	27146
24202	0	18649
25230	3	27811
16285	1	17663
28781	0	27580
16277	0	23631
19439	1	18263
21495	1	24150
21504	0	23715
18625	0	29283
21174	81	18758
17765	0	29019
26141	0	19719
18691	0	19929
15476	1	20367
25493	0	23353
15822	0	27050
21200	0	28892
26149	4	16222
25744	0	23525
29704	0	18739
15888	92	29302
18466	92	28633
15505	0	20283
19380	92	15148
21031	1	27765
24097	0	27184
21966	0	23255
23668	0	26852
17992	0	22461
21485	0	19518
22017	92	20185
29483	0	17106
20323	1	27613
22821	0	26215
29765	0	25142
29512	4	25560
21478	0	23115
19364	92	22211
26261	4	22803
21239	0	23286
24843	1	24431
15913	4	29903
20038	81	21527
18856	4	21870
15943	0	27600
29287	0	17611
22161	0	25142
25080	0	17546
21024	0	25546
26476	1	25928
29707	92	19023
18047	0	16118
17528	0	17944
29242	1	27688
22868	1	16703
22916	0	20897
22590	1	26351
18612	0	15146
22925	1	15704
20520	82	29237
18214	0	18650
21441	81	21462
29485	0	22537
19065	0	22584
25023	0	28523
17774	0	28504
25014	0	26233
21531	1	26713
21317	1	29389
29741	4	20660
25367	0	29053
24048	92	24499
15865	0	26919
22975	1	20707
18450	0	22105
19765	0	20527
20997	92	28558
16543	0	22099
28591	81	15502
24835	4	28601
19664	0	22883
20898	0	16324
22858	92	28044
25696	0	24656
22995	0	29172
21919	0	22889
19875	0	15151
25513	0	28123
21441	81	15606
22959	0	19578
22184	92	27531
16687	0	16601
21219	3	23323
17555	3	19463
18063	0	21472
18624	3	18275
24125	0	28578
22041	92	16381
24958	1	26647
16326	0	16526
22721	0	22906
19197	81	24846
29335	0	23211
24313	3	15521
18852	0	19701
22646	1	25479
24606	92	16984
20732	81	22624
21233	0	24452
16965	92	23510
23542	0	28286
25524	1	29842
25367	0	26671
21330	92	23279
25148	0	24763
17961	0	21528
16538	4	27846
29352	3	29176
15441	0	27643
18164	0	25073
29476	1	25814
20722	1	28542
22061	1	22287
20932	92	19233
21650	0	29794
29133	3	27823
20794	0	28995
25757	1	28619
26512	4	29786
28934	0	28913
21991	4	20442
21380	0	22021
19819	0	23389
15462	0	28211
20036	3	29420
29566	0	27414
15862	0	27081
15769	0	27042
23055	92	29956
16817	0	16178
24101	0	28546
28906	3	26900
23884	3	19009
15889	92	27405
19544	0	22406
18616	0	23357
20748	92	19006
25672	0	15371
26121	7	15727
24955	1	17057
21968	0	20596
16794	92	27829
17796	92	29405
18232	3	15891
24324	0	16340
17766	92	18750
17394	0	28983
21398	3	29179
16410	4	19801
17133	0	23373
17180	0	25466
21198	0	15648
17499	3	19486
16169	92	27513
25227	0	28057
29668	0	16874
22649	92	28472
21194	0	25427
16544	0	20218
19665	0	15745
19603	0	25550
25367	0	21980
20834	0	18313
19665	0	26409
29705	3	25959
18200	0	28558
22042	0	15750
29967	86	15857
17046	0	27391
16989	0	28652
16273	3	27049
22976	0	27771
25842	0	28442
15822	0	28034
19145	1	16658
24244	0	23493
17179	0	15231
23765	3	15890
28899	0	21775
15873	0	26789
20774	0	23816
18362	4	21881
21414	1	28357
18634	0	26764
19071	1	28443
22381	81	18526
22644	3	20490
28674	0	25739
19403	0	16189
17301	3	16010
21598	0	25417
18396	0	23467
21640	0	27599
16107	0	25766
25295	0	26492
17706	3	29600
17276	1	15922
17453	0	26599
23446	81	20033
24621	0	27185
19890	0	20005
19100	4	18933
16825	1	26865
24692	0	29881
22618	0	19616
19248	0	28454
25191	0	28814
29695	1	20341
22661	0	15291
21337	0	19281
20299	92	27391
29495	0	23362
18489	0	28742
18400	0	26905
19288	3	24556
21431	0	28741
21392	81	17503
16169	92	26091
17378	1	22073
19754	1	29885
16806	0	23898
29010	1	25704
26386	3	25072
16289	0	17738
21681	3	29912
23037	81	19744
23484	3	18794
21239	0	26001
23943	0	21647
21148	4	19183
18443	0	22548
21249	0	15764
15414	0	24740
21082	0	18594
15824	0	27192
29759	0	26112
21391	81	20667
18414	0	27949
26382	3	28927
16049	3	27983
18000	0	27666
20927	0	23739
29463	0	25170
29270	3	18036
25418	0	23901
21382	1	18780
16686	0	18719
26007	0	28945
20785	0	29406
25154	3	28805
29379	0	15907
21389	0	15844
28859	3	22072
22609	0	23290
20784	0	25558
21544	0	16984
19497	0	27034
20080	81	21327
26176	4	17741
15772	0	24451
16649	1	18306
17141	1	23317
24624	92	20177
15469	92	25453
25748	3	20160
17796	92	15355
21398	3	17230
18682	0	25315
21823	0	18299
23859	0	20455
16440	0	28596
19299	3	16548
29007	0	28176
25627	0	19557
19288	3	27941
19093	81	19418
21393	1	18177
15803	0	15260
23046	3	27673
26399	92	21907
19105	4	27501
24788	0	28908
24095	3	25717
15530	0	16204
29458	0	28033
24759	0	16491
21204	0	25445
21493	3	28103
21633	0	29017
21608	92	28547
22310	4	16937
21779	0	25875
18400	0	28702
22179	0	26296
18934	1	23997
24979	92	18518
15404	92	17727
26338	0	19834
23200	0	26245
21882	1	27536
20737	0	25317
18432	0	19616
19691	3	15286
24234	4	26840
24698	0	19043
22694	92	25539
23043	0	25608
24995	4	28999
22277	0	23742
22559	0	24523
28876	0	29580
22980	0	23034
25083	0	18725
21679	3	24184
20758	4	23907
20630	0	25042
16022	0	26726
21408	1	24170
19413	3	19333
17259	0	22835
16237	0	18281
22128	0	26375
29851	0	27441
17355	1	24889
17527	4	28820
21783	0	22861
24362	0	26496
22678	1	27504
17894	0	20251
18018	86	22381
21028	0	17936
15728	3	16868
20859	0	26241
21118	0	17613
21225	1	23877
15953	3	16034
29746	4	25564
22678	1	23146
21593	0	20307
20810	3	21994
15788	0	26356
17274	1	18269
21178	0	26057
17447	1	29390
25353	0	18156
19704	0	15763
22310	4	24866
29384	0	25453
19121	0	18891
21985	1	25175
19497	0	23354
15416	0	18797
22772	3	19645
24420	0	16526
15387	1	23901
21255	0	22907
23200	0	19605
18632	1	28256
15924	0	29660
16255	0	15226
22660	0	15920
19512	92	20491
26539	4	28201
23881	92	26300
18208	0	24018
25313	0	17084
29657	0	22458
25169	0	19669
21248	1	27800
17199	0	29889
25179	0	18764
22308	92	27452
18408	0	25722
15464	0	28534
15867	3	27206
16438	0	28820
18412	81	18854
26424	81	17400
21404	81	17874
17116	1	25537
19829	1	16838
15887	4	26094
18439	0	16384
21635	0	26600
17768	0	15042
24626	3	16200
25038	4	23336
21106	0	26765
29749	0	22289
17243	0	27419
21203	3	16123
18450	0	25811
17659	1	20439
21753	3	26915
17312	0	21140
28804	0	27243
29996	81	28979
19977	0	19800
19977	0	19201
15667	0	26717
23932	4	28510
29750	81	17757
19435	81	19771
22854	0	15688
21595	1	24514
20842	1	23310
18071	1	28970
18568	0	23626
25517	0	21477
25357	0	25729
19402	0	24936
22042	0	26647
24958	1	25106
18467	3	26940
15593	0	26896
26044	81	15502
24279	0	15069
25243	4	23456
24071	92	29411
19477	81	15884
25034	0	28527
19145	1	25712
16260	0	22851
20624	81	24083
18450	0	20169
19193	92	22142
21252	0	23073
18634	0	18885
29724	0	29875
24139	1	16097
15088	3	24370
19115	0	25480
25515	0	18808
29007	0	22732
28816	0	29337
24508	0	25443
18458	3	18744
16972	0	27201
17890	3	24037
22300	1	16193
19048	0	20481
17114	0	23976
17119	0	25734
24995	4	21429
24997	4	29620
24972	0	24739
25164	4	15120
15462	0	15610
18200	0	25852
22031	0	29972
20747	3	16072
22226	0	15634
22715	0	26049
21108	0	24556
21672	3	17248
22167	0	16523
22985	0	26809
20036	3	23712
18369	1	17173
19477	81	22706
20961	0	15695
18630	1	16939
21640	0	24412
24125	86	18618
16952	0	19841
24223	4	18027
19497	0	18498
20750	0	25443
25444	0	29275
25512	0	23106
16692	1	29452
19292	0	28108
21542	0	17350
22123	3	24547
22743	0	28148
24075	0	23161
20992	0	27150
22668	1	26727
17686	0	15083
25022	92	23952
18675	0	23737
18007	0	19651
24811	0	24059
22981	0	28751
18076	0	26558
26076	3	20684
20774	0	22703
29720	1	24870
15785	86	25029
20864	0	28342
20968	0	28920
17845	0	19190
21630	0	17310
20633	0	28735
29955	0	18918
24589	0	28265
23669	3	27955
18471	3	22502
15470	0	21965
24140	0	26941
18689	0	25781
24159	0	29304
29951	0	17033
15337	0	25790
22395	1	28535
22166	0	26270
21038	92	27529
24072	0	28266
26334	0	22215
17709	0	22326
22983	0	28989
20842	1	16385
16631	0	15657
19579	3	24679
15812	0	24059
18195	1	26781
24111	92	23813
24839	92	18600
16130	0	29611
16770	0	26302
23539	3	18834
29487	92	25755
15623	0	25443
28850	0	19845
21194	0	19604
21270	0	15207
16764	0	18264
17836	0	16620
29465	1	25904
23314	0	16004
16306	1	18838
25184	0	28553
23553	0	25789
18760	0	18878
22755	0	24007
28903	0	28743
20952	0	21590
22860	0	22803
16978	0	20172
25565	1	19446
29258	1	18717
16963	92	23261
17880	92	26440
15542	0	16578
25759	0	17747
20973	0	16935
28905	0	26561
24776	0	27300
22711	0	15000
22093	1	27415
20722	1	18681
24899	0	23117
24306	81	25783
24899	0	23310
24844	0	24618
19775	3	21766
25037	0	29174
17829	0	16172
21170	0	15009
24058	0	16153
23693	0	29056
24621	0	26549
24946	0	18940
29762	3	22268
25694	0	22358
21664	0	17950
18211	0	27231
22419	0	23393
21393	1	29128
24218	3	25995
15407	0	18867
21427	1	15310
17223	0	26927
29706	3	29791
25741	1	27020
23653	0	29610
24933	1	18158
16993	0	18830
21578	4	23944
15546	4	20179
22988	92	16714
20465	0	27136
24809	92	23224
24766	0	25876
29509	0	24444
16650	0	16518
15941	86	16008
24521	0	22547
17155	3	20414
18342	0	23194
19434	81	22812
29528	4	15579
22914	0	15180
20780	1	24873
15335	0	28730
17415	0	29447
17861	1	23975
21246	3	25334
24167	86	22753
25076	0	23979
26007	0	15846
29008	92	20355
21101	0	27447
22916	0	27528
15460	0	16181
19764	3	27387
23150	0	22574
20079	1	27681
19362	0	22203
25038	2	29588
19915	0	17009
18401	4	21876
19061	3	18030
21667	0	27673
19865	0	16208
28866	0	16231
22639	0	23712
29957	0	24435
22647	3	28443
19137	4	19220
26074	0	20412
23553	0	23599
24578	3	22833
22648	4	29984
18662	0	23483
21408	1	21548
21115	0	18576
21192	0	29151
16167	3	20389
18470	1	20529
19629	3	18869
21258	3	20543
17111	81	29460
21157	0	23801
19081	1	23494
21635	0	16064
19100	4	15620
21181	0	26498
25231	1	22802
22116	0	28733
22028	92	21921
24032	0	23685
22854	0	24739
18638	81	24309
29718	3	27921
18333	3	19608
24572	4	20288
25749	3	18770
22464	0	23131
21071	3	20239
25303	0	26975
18559	0	23507
16125	0	27161
22117	3	29080
16420	0	16499
24842	1	15246
25023	0	26865
24101	0	21465
26171	0	26233
20323	1	23119
24058	0	16577
15545	0	27843
19515	3	22573
24220	1	22256
17396	86	21480
19755	1	15629
21678	0	22566
21046	86	15825
17447	1	23994
24215	0	26855
23018	0	29647
20055	3	27745
16788	0	29550
19096	0	27490
21204	0	17220
22777	0	29537
23843	0	26218
19514	0	27941
29258	1	17722
24232	0	15928
16543	0	28042
18166	0	20242
28849	0	17516
21495	1	21063
17962	92	17939
25180	0	18819
24231	3	28143
18226	1	20679
25578	0	24612
22955	4	15011
23774	0	26606
25094	1	29607
24841	0	24480
22716	1	21594
18535	4	18019
28807	0	22855
17769	0	21344
21204	0	26947
19782	81	19655
18641	0	23495
15549	0	29642
22786	0	25481
25020	1	25786
17365	0	21881
15731	92	27182
19175	4	27497
22728	0	26605
18072	0	29544
19388	3	27698
18452	0	29671
24768	0	27991
29483	0	27466
22184	92	22104
21115	0	29664
19646	81	25245
18529	3	21570
22603	4	17724
18450	0	25909
19892	4	18708
26150	1	23725
18476	0	20540
29711	4	27209
19399	0	26029
17754	0	25822
21393	1	17172
22516	92	28110
17865	0	25124
18621	0	15207
25389	0	29868
23168	0	25529
23090	0	26461
21247	0	18705
21686	0	17003
19553	4	23650
29487	92	29613
17470	0	24137
29467	4	29551
29768	4	23028
16427	0	19012
16336	0	25880
17832	4	23784
24047	0	19180
16476	3	28980
20750	0	22616
24776	0	23202
21496	81	20740
29755	4	23579
15803	0	29867
29957	0	22099
29317	3	25973
22381	0	17717
26136	3	17320
23669	3	15156
24208	4	20668
21332	3	16807
17396	0	22268
17097	3	15071
21698	0	29327
19061	3	27826
25002	81	18627
25666	4	24448
29397	81	20745
21371	0	20415
22762	0	20500
21330	1	23148
16715	0	23485
17216	0	28356
18435	0	25821
21521	1	27305
22306	3	20509
25152	0	16814
24637	0	26210
22817	0	21820
22087	0	19233
21039	1	18571
28901	3	25920
22315	0	23816
16416	0	28817
19653	1	23177
20036	3	23605
22772	3	21860
19066	86	22476
22636	0	28258
22114	0	26097
22940	0	27495
23048	3	23146
18062	0	27470
29705	3	18032
22746	1	20358
21221	0	27362
21447	4	29404
18553	92	20202
16255	0	16500
20290	3	28091
23882	4	27686
22978	3	23740
24517	0	19451
21297	3	25990
17289	0	26367
29258	1	25266
17290	0	20241
21706	0	27592
29871	3	19241
19295	0	18030
25163	86	23416
20766	1	16394
15963	4	21933
25842	0	24463
28910	0	16390
19169	4	16604
26177	3	19225
24507	3	20199
19246	92	22556
21421	3	25859
29568	92	28275
18544	1	26025
23521	1	27882
21968	0	23170
19481	92	20090
18609	0	28530
25666	4	24426
20927	0	15601
16979	3	21778
17115	0	20161
21379	0	28985
16764	0	27257
29486	1	27783
25145	92	16184
20909	0	20172
19552	0	28633
15797	0	21752
17127	0	15247
17698	1	28700
25227	0	29427
22005	0	23109
16989	0	24882
22587	0	29874
21964	0	19338
23108	0	23721
20967	7	29344
18454	0	28175
23759	0	17382
21374	0	27322
21844	0	29263
28693	4	27618
18610	1	21935
16981	0	23906
20879	92	18290
22308	92	15983
19746	3	20095
25018	0	23098
24238	3	27425
20993	0	23730
24262	1	26350
26335	0	24486
26183	0	19877
17395	0	18762
24812	92	18199
28593	0	19000
22277	0	23709
18208	0	18276
15862	0	28821
22131	0	28638
26190	0	27339
18835	3	15080
26455	4	26478
22682	3	16939
23432	1	20010
16763	0	15996
17854	92	15683
25669	0	17353
18604	1	20125
20917	0	29461
22729	92	16230
20765	0	22802
18668	0	26746
25841	0	26059
25005	4	27822
23541	1	16515
15477	92	28047
22733	0	23262
23548	3	25955
24256	3	24495
21712	0	24130
18254	92	22146
21108	0	28968
24065	3	22410
22427	0	27723
21383	3	22701
25318	0	24428
19125	3	28491
26150	1	27847
24632	3	27954
18553	1	19236
25511	0	27380
16267	0	27392
29741	4	16987
19554	3	28552
19191	81	25182
23300	1	15040
25057	0	25655
24899	0	23836
19549	0	20181
26007	0	20684
17121	4	20199
20962	81	18189
25463	0	27514
24121	0	20347
25299	92	25979
26134	0	27840
29739	0	27631
23038	81	28979
21239	0	16359
21983	1	27194
20016	1	15128
16717	86	26386
20801	0	15104
29725	3	20354
17833	92	24016
16543	0	17467
17831	4	20473
16537	1	16823
25185	0	26471
29764	0	18033
19159	0	29418
21474	0	28153
20081	92	17621
28591	81	25834
21686	0	17012
15886	0	26204
29315	0	29843
29456	4	16918
17827	0	25499
20079	1	26412
15730	0	15315
29471	0	27949
22184	92	23226
29767	81	29735
24672	1	17750
17375	3	18297
29720	1	27986
21411	0	24919
15430	92	27438
26127	0	27723
25115	92	29210
15747	0	19678
29739	86	18841
29269	0	15277
22956	92	20744
29863	1	27596
18047	0	16109
15782	0	29049
18785	1	22569
15412	0	24681
29060	0	22102
22422	0	23852
16942	0	22133
25191	0	17367
21081	0	16718
22657	0	28295
28774	0	19786
18431	0	29494
15510	1	21457
15832	0	27528
20836	0	25986
17856	0	16229
21128	0	15187
20850	86	22379
15446	92	16226
22043	1	28358
24107	0	27649
24178	0	21670
20462	0	20044
21674	3	25594
25191	0	28727
23659	81	21930
23414	87	16675
25748	3	26107
26078	92	27899
25746	3	19680
24573	0	16567
22790	0	27827
29269	0	27119
16979	3	28144
26192	0	17822
17662	3	26802
18213	1	15842
22017	92	16820
25681	1	16471
22593	1	28950
29741	4	19806
28836	86	19695
26177	3	23903
24781	3	27860
18685	0	26271
20888	0	22552
19383	1	25455
18824	0	20368
16555	0	23781
25421	0	23353
20784	0	16358
22805	81	24794
20891	3	23652
20784	0	18718
21578	3	15273
20837	3	23752
29758	81	28688
29485	0	23069
22051	0	22909
21265	3	20587
21782	0	23224
17119	0	23853
24934	1	15049
20031	92	16382
24609	0	25593
16982	0	29532
24200	0	27374
16022	0	29828
20999	0	27587
19177	4	28567
24693	1	18780
29350	0	28962
29731	0	28727
20029	3	25968
22587	0	28283
25902	92	28999
20999	0	29667
18662	86	18853
16152	4	27674
20778	0	15754
25129	92	19526
16411	0	27291
18685	0	28007
29953	0	22104
22598	4	23804
20456	0	15138
20917	0	24347
19321	0	28216
16760	92	25771
18587	81	23006
20875	3	26062
21027	0	15899
22310	4	20284
22712	0	20199
21189	0	19275
17321	0	23282
16049	3	16450
21538	0	26563
22721	0	27727
20845	3	22136
23434	0	29944
19754	1	18710
19058	0	16333
21020	0	29440
29996	81	23428
19323	4	22552
20863	1	25789
17868	1	29531
24558	0	25901
21068	0	28360
24234	4	20155
21524	0	17700
22590	81	23128
24117	4	26084
25367	0	24363
21669	0	25527
17891	0	19042
19868	4	27554
15588	1	17201
25488	0	17697
24072	0	18917
22474	0	16561
24057	92	21562
24373	0	24422
22276	0	18983
21830	0	26231
29345	0	27725
26339	1	21868
21258	3	28134
25368	0	26251
19124	1	25305
18188	92	27622
22647	1	29993
21440	92	20119
26539	4	28991
23871	0	19709
23200	0	26674
21902	0	20007
16831	3	20181
28902	0	27670
18254	92	27830
22600	92	27322
25302	0	20198
22713	0	22585
18405	1	23320
25413	0	29268
19374	0	17581
15631	0	26030
15489	1	21558
23048	3	18576
22639	0	25922
15511	81	17848
17369	4	22742
22483	0	23146
17048	0	26656
23200	0	18832
25302	0	17610
18100	1	29104
24502	1	25878
23200	0	15655
20929	0	27510
23018	0	26209
21984	1	16560
21048	1	28122
20214	0	16574
17274	81	24565
15336	92	26652
22080	0	27738
18010	0	16174
24926	0	28282
17287	0	26570
21577	0	15632
29384	0	23485
23044	1	29506
20841	0	17386
15476	1	18717
21485	81	29657
21420	3	15056
19315	0	16984
23763	0	18179
17301	86	20885
22058	1	15654
28855	0	28967
25039	0	28625
21669	0	21041
19335	0	16731
17526	4	18273
22381	0	18318
16582	0	15893
16253	3	25893
17755	0	20555
26486	92	29675
20457	0	27547
24208	4	28211
22424	0	28528
25403	0	27376
21281	0	21834
25098	0	23673
21277	0	23120
24623	3	23114
15402	1	18084
21324	0	19577
18826	0	16140
18401	4	22413
18684	0	28146
24350	81	29308
24719	92	29154
17069	0	16209
22394	3	23127
25422	0	24143
22381	0	27661
25758	0	29163
16543	0	16072
23205	0	26736
16531	0	15010
23874	83	24281
18197	1	28090
24981	92	23061
16944	0	17922
15451	1	18137
16168	1	19241
29514	0	27067
19886	4	26293
19650	0	16174
17493	0	27915
29697	0	17544
21984	3	23280
21166	0	17913
24140	0	19214
19371	0	27562
17314	3	25469
17850	3	26956
20081	92	28597
17603	3	25196
24302	0	27025
22709	0	16505
17999	0	17168
24797	0	23769
29356	0	20672
21017	0	17807
29352	3	22845
22619	1	25908
19193	92	19013
23011	0	15927
24987	0	28483
19496	0	29812
19259	0	22324
23874	81	21445
29309	3	15147
16828	0	22258
22160	0	27154
16257	1	28160
24121	5	22280
16428	92	27593
18605	0	16456
22128	0	26964
19639	3	27797
17961	0	18296
18099	1	19617
28855	0	29904
28781	0	15651
15730	0	29673
26015	0	27310
15593	0	15251
16285	1	15065
16895	0	17952
23651	0	24896
24638	1	23455
21127	0	25450
25051	86	23529
21109	0	21429
24946	0	26360
20895	0	26714
18370	4	28198
17153	1	29114
15432	0	17786
24108	3	15323
18166	0	29655
22308	92	26915
21196	1	28916
21446	1	18306
22724	3	26627
18257	3	15213
22970	1	27820
24586	81	20023
21701	0	15977
18336	0	21771
24827	1	25119
15593	0	16074
21199	0	25724
22741	0	19701
26178	0	25475
16753	1	26882
19706	1	17785
26122	0	27387
21260	3	17615
24824	4	23753
29716	3	15602
15486	3	29887
21782	0	28824
24529	0	18832
22955	4	26618
17836	0	20201
20792	0	26923
24399	3	29277
21289	3	17504
22477	0	15615
25517	0	27482
16036	0	17353
29800	0	20197
15500	0	25635
18342	0	21840
20980	0	25529
26286	0	22515
26262	0	20697
15827	0	28277
20778	0	29931
22494	3	29380
26262	0	19941
20466	1	25866
16253	1	27497
15623	0	15028
29010	1	23935
20903	1	28237
19112	3	25448
15795	0	15268
21515	0	29410
29008	92	17104
24040	0	18666
20035	3	20352
15535	86	26376
21106	0	25798
15689	1	26716
24084	0	22550
25303	0	24503
22970	0	15204
24502	1	18880
22686	4	24287
19092	4	17399
25311	92	24587
22227	0	17361
23200	0	26744
16684	0	27813
21982	0	26300
26048	0	29336
18842	1	15559
21433	0	29662
28855	1	26583
21215	3	28017
20999	0	20282
21103	0	17074
17856	0	18897
21142	0	19585
25051	1	22215
18471	3	16567
18531	4	27308
15535	0	17562
24569	92	21789
20873	3	24164
19318	0	26020
21633	0	23806
29693	81	21445
17076	1	28978
20850	0	23593
29471	0	23331
25566	3	20496
19408	0	16565
19802	3	15584
17157	3	15137
29747	4	26712
21218	1	29449
22955	4	15655
21137	3	27333
16933	4	22523
22951	0	27820
22442	92	24656
19441	3	18969
24092	0	24601
28952	0	27269
24829	1	28084
26179	4	15994
25147	3	24605
18168	0	15987
24993	1	24667
25749	3	23560
17067	0	23035
17077	0	18860
17762	4	20550
17967	0	15603
17169	1	23890
22033	0	23389
17137	4	24425
17829	0	27583
19176	0	23690
18566	0	26666
29741	4	28151
21680	0	17010
28685	92	19958
15815	0	26349
24097	0	17344
24672	1	16901
19775	3	26504
21193	3	26089
22961	3	25344
19364	92	16057
21168	1	15182
25746	1	23346
15872	0	22761
15866	0	24341
23059	92	21857
15476	1	23975
21610	81	29397
16289	0	18815
29066	0	26920
19380	92	22752
21115	0	17655
23468	0	27826
15415	0	19551
22083	0	15550
25848	1	23790
18244	4	15254
21377	4	18339
22403	90	29576
24505	4	20593
15864	1	29168
18619	92	21465
19477	81	21530
29393	0	26862
22223	0	27136
16797	92	15175
19384	3	23021
17120	0	26873
21969	0	15934
17138	0	17013
28855	0	15897
17373	0	28098
19158	0	24911
25745	3	25862
19248	0	28656
20294	1	19014
24695	0	23735
19305	81	17561
29959	4	15878
20730	0	27797
20515	0	28005
23873	4	29027
20777	81	20947
20972	86	24066
16235	0	26606
17935	0	28068
21154	0	26113
17732	0	16147
19056	0	24450
18461	0	27291
20053	81	21222
29728	81	26163
19960	0	25738
17766	92	16088
24517	0	15878
21294	92	29889
21079	0	19564
17365	0	29050
25079	1	25329
16152	4	20665
24804	0	23246
15336	92	23729
21127	0	28190
19193	92	29907
19755	1	27835
18660	0	15205
20823	4	25889
18543	0	28922
19328	4	23597
22749	1	20563
19516	0	21907
21387	3	17427
25272	92	19707
21612	0	17214
24272	0	18861
24093	1	22201
21010	1	28751
22292	3	27736
25205	0	26305
22982	0	18358
20571	0	27408
19329	0	28215
16986	0	21746
21115	0	18310
18254	92	26604
22730	92	16492
28586	4	27844
29292	0	26285
20014	81	24497
15963	4	18117
23971	0	28032
25288	0	27721
20464	0	15703
25318	0	29673
18615	0	28409
22665	0	18986
25463	0	22290
26159	0	15018
20725	1	23455
20979	3	28501
19865	1	27196
22038	1	26348
25039	0	28218
24807	0	23356
22303	0	17717
17089	92	20575
18244	4	18291
29511	0	27608
24824	4	21976
18342	0	28927
25696	0	26573
25353	0	18024
16951	0	19332
25385	81	28671
21068	0	20370
24572	4	27972
20762	0	23364
16021	0	28444
24265	92	23617
23300	3	28661
21091	0	15365
15495	92	17320
29573	3	25540
29505	0	27857
22394	3	18714
25001	0	22283
19335	0	27980
18566	0	23411
29514	0	23815
21018	0	28668
20849	0	26315
18511	0	29793
15913	4	16209
18665	0	26358
21356	92	28146
17265	1	29808
24181	0	25628
16685	3	16558
24757	0	24678
23314	0	19914
29244	1	29920
16151	1	16311
22152	0	29187
24093	1	28513
22978	3	27148
22760	81	18565
17267	4	29821
22777	0	16230
17163	1	25633
29747	4	26706
25423	1	19596
16787	0	20557
29397	81	20521
18200	0	28076
16309	1	26238
17801	0	29105
21433	0	19522
29414	92	18031
21742	0	16626
22982	0	25341
21634	0	20565
26474	0	20266
29743	0	29159
16788	0	28721
22788	0	27963
26483	81	26388
28876	0	29253
24302	3	28535
26159	0	23159
24159	0	16119
29287	0	19800
17381	0	24388
15419	0	15937
17127	0	27757
21366	1	16380
15802	0	20410
24783	3	16180
22713	0	29424
18631	0	15619
21102	0	17473
16405	1	25072
18367	1	27843
20462	0	19210
25000	0	25330
26135	4	26373
19096	0	27190
19902	0	25769
21316	0	29422
17162	0	27478
22981	0	15262
29471	0	27263
25115	92	21871
29249	0	27555
21203	7	20836
20852	81	22706
19325	0	24175
25369	4	27730
16253	1	28192
20520	82	29324
21053	0	27687
23055	92	27011
15860	4	26648
18477	0	23624
18475	0	29682
26145	1	24700
16764	0	21945
21279	3	18816
18471	3	26977
25184	0	23620
23417	0	27654
20832	0	17106
28812	3	21869
17147	92	26203
24584	1	27288
20292	3	15970
17314	1	25469
18477	0	16830
22302	0	27759
29757	81	19405
25436	81	15882
20801	0	19216
29124	3	15167
17300	4	29617
25335	0	28799
22275	0	27045
24274	1	17903
17987	0	27439
22725	0	29454
24154	0	22198
29504	0	19657
24125	0	24011
21027	0	27392
18187	0	25206
21155	0	28723
16253	1	23679
23940	3	21590
20305	1	26592
25040	3	24295
23879	3	27048
24116	0	28249
21323	0	20546
29750	81	29995
18504	0	27374
23108	0	17419
24215	0	23253
25161	1	25533
17078	1	21806
24599	92	17446
22128	0	27860
17971	1	27845
15828	4	17054
22306	3	28814
16824	92	25924
20968	0	28343
21525	0	20342
23384	0	26704
15389	0	22023
21496	81	21527
17845	0	26342
24034	0	27200
17841	1	26846
19860	3	18098
22730	92	18993
29475	0	22132
15760	1	22266
17853	0	21490
15965	81	18413
21224	3	24703
20021	3	29939
18637	3	19966
24627	4	28139
25362	3	19301
21274	81	22499
29565	0	16505
26327	0	24372
15421	0	29945
17321	0	28811
23172	0	22774
22293	86	21846
29006	92	17592
26157	0	22294
21068	0	25552
22015	0	29099
24323	0	27115
22973	0	15987
17302	3	28182
29241	0	17980
21700	0	15178
19748	81	29750
16856	3	21812
25145	92	28703
19977	0	23315
21110	0	26344
25672	0	15559
20031	1	16382
26183	0	16199
21229	0	29547
15864	3	15572
18466	92	28333
22116	0	18344
29742	4	20106
16764	0	26967
21630	0	22252
26075	0	26501
21102	0	25462
20851	0	25333
29764	0	29932
16726	0	27015
18434	1	20494
20755	0	17010
20878	0	19740
21696	0	24298
22738	0	18286
25233	0	27220
20079	1	28279
17818	92	15129
24977	1	26779
19392	0	29421
25229	0	24879
19768	0	23209
28841	0	17595
29493	0	15650
29728	81	19407
15441	0	17508
24505	4	17568
19988	0	23025
16672	0	15398
29753	1	16472
19072	1	20499
28845	0	20353
20464	0	26699
25241	0	17240
16022	0	21894
22090	0	28661
19051	0	28820
16130	0	29136
17959	0	25645
25349	86	19885
19865	1	28202
15721	3	27588
18396	0	26598
20730	0	21841
22010	0	18740
19141	3	18833
19560	0	19487
24194	0	27377
15951	5	15640
23064	1	27871
20225	1	17748
25746	1	21778
19823	81	15344
17428	1	24441
21258	3	26668
22401	0	18806
17364	86	29715
18001	4	26912
25387	0	15306
23383	0	26672
21029	0	23755
21664	0	15970
17306	0	28823
23931	81	25436
19777	3	16472
17369	4	27856
23713	0	18896
18367	1	22406
20330	0	15014
22958	0	27959
20837	3	22569
29975	0	17950
29801	1	23814
18507	0	25594
22389	0	16104
25488	0	20609
20657	0	15175
17999	0	27868
22924	0	27764
17133	0	28548
22084	3	26250
21394	0	17790
16965	92	27267
23863	0	26278
17976	1	15929
21683	0	25787
19977	0	26872
17772	0	27375
17369	4	15675
19630	3	26029
17052	0	15085
22116	0	15053
21620	0	15297
21910	0	25337
22484	0	17660
19863	4	24246
16787	0	27873
26066	0	24937
16299	3	16226
19896	1	18268
19544	0	22630
17929	0	29906
28774	0	16821
21620	0	19917
16421	0	15911
23480	0	25183
19377	3	22564
21297	1	27552
15725	4	17253
17891	0	18160
20761	4	26661
16687	0	25636
15589	1	16939
22991	4	22843
26442	92	28627
23480	0	20426
24844	0	28340
19154	0	27833
24977	1	28024
19175	4	24614
17410	4	28058
22821	0	22210
19100	4	17718
21025	81	20852
21823	0	16473
23092	0	28299
29706	3	26863
19911	1	20551
16437	3	15136
17211	0	24340
22873	1	23787
15282	0	28489
19440	0	21548
17715	4	22326
18056	0	28447
20876	3	29637
17708	0	15609
20472	0	29622
26178	3	26618
19101	3	29949
21257	0	23837
25088	0	29597
16131	4	27421
18323	86	29057
17385	1	27484
25372	0	21452
17048	0	22829
18826	0	27152
20333	0	27315
20472	3	23780
18219	0	16887
26167	0	18818
22678	1	27609
24141	81	19483
21126	0	15578
17065	0	20346
20627	92	29807
23986	0	18791
16817	0	25070
25076	0	25533
24623	3	25951
22783	0	18993
19553	4	24293
19336	0	26353
25080	0	27766
23538	92	15226
24978	3	25547
19899	92	25944
17149	92	25497
22928	0	17921
17821	0	16748
19897	0	28721
29309	3	15354
22226	0	21566
22991	4	24714
21433	0	20180
24073	0	26607
22952	3	19273
18636	81	21530
22762	0	17296
25398	5	29872
22638	0	26057
16425	0	23845
29732	3	15014
24227	1	22331
19399	0	29680
18085	0	26785
19489	86	18512
17463	0	18350
18450	0	27200
19298	0	24703
19166	0	15986
17447	1	15357
17109	0	20243
17654	0	16184
25089	4	27333
22720	0	29200
24943	81	20934
17076	1	27951
21394	0	23084
29771	0	28521
24501	92	20551
15587	0	28524
25492	92	27145
25404	86	16551
22690	0	26756
22128	0	29908
20880	0	28281
21991	4	29438
22672	1	16477
16479	4	26757
16691	0	25260
23481	83	24284
24974	92	15277
17817	1	25928
25160	90	24853
20770	0	23121
24624	92	19996
25076	0	25981
17381	0	29934
29374	0	25643
29773	0	28438
15476	1	15392
17877	0	24541
24805	92	18115
21483	86	16535
22999	0	28757
19889	1	16492
21126	0	15056
18184	0	19966
26538	4	17461
25514	0	24675
20783	81	23469
21392	81	17199
22622	0	28072
19159	0	23159
15387	1	26964
20794	0	25698
15768	1	20168
19362	0	24770
17274	1	17487
17141	1	28579
26324	0	16366
23414	1	20414
19480	0	23082
17997	0	24905
18432	0	20045
29484	4	28439
24799	0	25584
18085	0	19237
28693	4	28567
18203	3	26766
15818	92	25445
19137	4	16227
22309	4	25526
24796	0	26661
22862	0	20560
18362	1	28526
19506	0	17099
29005	0	16590
26512	3	27577
23089	0	16069
20456	0	17700
16440	0	27477
19298	0	15178
21640	0	26794
16986	0	20469
20461	1	26407
19094	0	18284
21405	0	27632
24237	0	27866
24303	0	18693
25310	1	29521
18773	1	15978
26473	3	25653
16168	1	18833
17311	4	21454
15769	0	16881
24054	0	27211
18442	0	21886
29572	0	17972
25251	0	27986
19767	81	23054
19441	3	17015
22817	0	21498
20999	0	27160
17825	1	15656
19101	3	18960
29241	0	16490
21639	0	27257
25161	1	29982
16133	0	26788
24096	4	19274
25098	0	28176
20908	0	23609
29957	0	22913
23300	3	26243
16989	0	15628
22402	0	28394
23049	92	28007
25047	1	17198
21109	0	28794
19124	1	29982
18855	0	25441
18517	0	24554
15863	1	15362
25215	3	17344
15508	0	24534
20298	0	16885
23013	0	26415
23656	3	23876
20032	1	18356
22226	0	29174
17817	1	29643
19086	92	21820
17985	1	23961
16436	4	24026
21396	81	23469
21055	0	21365
25694	0	26652
21132	0	21537
15448	3	27997
20837	3	24423
29701	2	16675
22277	0	24179
21630	0	26624
19299	1	16548
21677	92	20274
24113	0	27512
18430	3	16499
16138	0	23784
16686	0	24613
23774	0	25411
18479	0	27071
28688	81	21436
24278	0	20398
15964	3	26453
15469	92	19035
20987	86	19325
25695	0	20102
16964	0	25927
15459	0	24396
25842	0	19595
15962	0	16830
21511	0	28274
17604	92	29507
19076	3	21995
24929	3	26638
15517	3	26662
15384	1	16017
19249	0	29020
19886	4	23364
22310	4	15359
26261	4	17989
15454	92	17613
24260	4	18805
24573	86	19959
25351	0	15163
18415	0	20094
17076	3	22346
19128	81	17196
29851	0	23909
21264	1	25863
29088	0	17425
25449	0	27470
16422	0	28496
16636	1	15011
19104	0	16314
24606	92	20537
21006	4	16395
22780	0	26238
19363	0	23514
20016	81	24728
23653	0	16623
15456	3	27951
19131	81	15465
15587	0	25769
17162	0	15196
23055	92	20505
17766	92	15157
20459	1	26229
22666	0	18103
21106	0	18831
18468	1	24295
26171	0	25443
28883	2	23681
23042	1	15839
22303	0	28546
16792	3	25588
29714	0	27785
20016	1	15677
20876	3	20185
21648	0	22558
15516	4	20234
21681	1	19275
17802	1	16665
29487	92	21933
20794	0	26822
18588	1	27806
23006	1	15197
22982	0	27683
24501	92	16534
22395	3	16173
21022	0	26690
26516	0	19454
16770	0	18087
29264	0	17084
17150	0	15166
22607	0	15253
17369	4	26854
23882	4	19932
22389	0	27788
19322	1	22345
22422	0	20007
17069	0	28634
15091	1	25424
22694	92	20150
17117	0	15062
20828	0	27262
24192	0	17001
26534	3	27454
19777	3	28386
17453	0	19038
17149	92	17791
17247	0	29894
29763	3	27108
21235	1	27286
19293	0	18021
21784	0	25261
15624	0	27160
21181	0	29042
23473	0	29173
21310	3	29380
29706	3	16189
24208	4	20124
17191	0	28738
20299	92	26919
16020	0	28818
22776	0	23702
17774	0	20110
19122	92	27018
24609	0	18788
17992	0	29173
16978	0	26877
15546	4	29304
19690	0	23751
15731	92	28327
20941	0	18393
17995	0	26111
18135	0	25790
23183	0	15942
21544	0	25532
24982	0	22835
26007	0	18814
29384	0	27806
18164	0	27109
20848	0	18778
15593	0	26764
17179	0	18373
16686	0	26288
15090	1	28278
21281	0	26340
29668	0	29426
29779	3	24170
19288	1	18724
21981	81	28688
20963	0	21993
23758	0	18868
18203	3	16063
16634	0	29047
21249	0	20188
24228	0	20920
21186	0	15177
16827	3	25625
20893	1	16622
25012	0	18964
15880	0	17745
28902	0	16807
20759	0	20192
18668	0	15892
22675	92	28983
25205	0	23352
20736	1	29073
20999	0	18809
21709	0	25482
17223	0	20331
25271	0	29069
15421	0	18712
24762	0	26481
23444	92	27478
21377	4	29185
28857	4	19020
24263	3	24408
25057	2	23967
28789	3	26711
24036	1	23230
18215	0	22445
20774	0	27033
16421	0	22890
24058	0	23203
24825	1	25242
22625	0	26786
22860	0	22440
19900	92	25347
19057	3	21868
21630	0	24484
22274	0	28644
21311	92	20013
19882	92	16470
19610	0	17240
18696	0	19994
19771	81	19756
20999	0	17035
23986	0	18790
16774	0	27198
17089	92	28430
23008	0	26739
17883	4	16458
19511	3	29104
24202	0	26017
28671	81	20942
21630	0	27710
21699	3	19208
15666	0	27470
21782	0	18034
24214	0	22214
28882	3	28239
21799	92	27111
20313	0	22880
22673	4	27050
29781	1	29203
17961	0	27476
17368	3	24354
22388	0	21840
21608	92	25461
26403	0	24464
17766	92	22504
24880	1	23245
24201	0	18600
22518	0	19278
22950	1	26414
18680	81	19102
24588	0	24591
21925	3	24480
24780	4	27712
18846	3	26769
24574	4	18655
18546	0	22773
17853	0	15520
23435	0	15116
17056	0	27030
24954	0	25677
19704	0	20331
20324	3	25328
18431	0	26389
25310	1	24491
18667	1	27413
17364	1	27451
24978	3	29680
25357	86	21631
23588	0	20420
28878	0	18122
29774	4	28927
17877	0	19739
25517	0	26102
24759	0	22879
21427	1	28368
18440	4	18656
15819	0	19001
24774	0	15536
17835	3	19926
16856	1	15626
16564	0	15045
19985	0	27620
29384	0	28221
15505	0	15015
23382	92	18041
26519	0	25932
16282	1	25632
24636	81	22936
15347	0	26621
18348	0	15077
22963	0	20669
25017	0	27854
18628	92	23350
17102	0	25733
24956	1	26219
26324	0	17095
21393	1	29648
25090	1	23806
20871	4	22886
20299	92	17920
24951	0	16924
21252	0	24422
24493	0	28187
21421	3	15253
29704	0	15764
15458	1	27566
26127	0	18368
28878	0	17594
23274	92	29795
17125	1	23769
18835	1	21859
17112	1	15572
15804	0	23408
19884	0	23229
16687	0	15227
17775	81	15605
16715	0	17938
22017	92	21772
22161	0	26359
28903	0	20412
17667	92	15358
19415	0	20675
24830	4	24874
17704	1	23602
25686	3	21819
29754	0	23216
25012	0	27163
25077	0	23392
17766	92	28637
22988	92	29428
15722	3	19216
17069	0	25176
19101	3	16731
24222	4	16356
23006	3	27550
15475	4	17173
18259	0	26767
17802	3	16665
26539	4	23604
19987	0	21754
21016	0	16936
23764	0	19825
19064	92	15696
18524	0	20612
24946	0	26284
24186	0	23500
25960	1	28616
16670	0	28747
29261	0	28716
16760	92	21822
24805	92	15013
16270	0	23110
26051	0	27904
26066	0	27275
16894	0	15890
26452	0	17808
20462	0	28331
17141	86	15827
21337	0	20181
23669	3	18373
24961	0	24615
26005	0	29111
19631	4	29609
21612	0	17482
20337	0	20820
17606	0	15312
21624	0	28988
18438	81	21462
17873	3	27931
17499	3	16357
25017	0	25304
20905	0	25940
25745	3	27341
24623	3	25459
16543	0	27114
18772	0	23295
18330	1	17483
24643	0	28132
16300	1	15763
19327	0	24327
21152	0	16801
15406	0	18221
20886	0	16122
16531	86	21202
22392	81	16772
21049	1	23196
18438	81	19045
21581	1	19731
20649	3	25648
15914	3	26613
15945	92	27367
16761	86	15348
17838	0	28161
24225	0	21762
16022	0	28451
18563	0	23568
19418	81	19093
29220	0	23580
16833	0	21766
18802	0	25853
29961	0	18933
16021	0	29433
18609	1	23178
29464	0	22849
17117	0	24546
15548	0	17514
24607	3	19727
19876	3	29203
21336	4	25118
16950	81	22049
22305	0	15831
19478	0	22579
21541	0	27187
21068	0	20676
24146	0	27669
20842	1	28738
21159	0	27785
17669	0	28723
25363	4	23560
24979	92	25611
17935	0	15304
21612	0	16358
26150	3	29260
18363	0	19722
25512	0	21887
21264	1	27735
24929	0	18887
22680	3	20605
23482	1	29409
29750	81	17158
20756	0	27949
18824	0	23901
25163	0	15301
17535	92	27305
22796	4	26886
26128	4	29041
29416	1	29683
21850	0	19272
16766	0	28640
25211	0	20236
21531	1	20409
19053	0	19520
25311	92	21838
17383	0	27379
20636	1	23996
19071	1	29135
15384	1	28956
28855	0	25442
15501	0	28550
22079	1	27126
16631	0	18751
17375	1	24163
15952	0	24515
22598	4	28068
15460	0	19573
20770	0	15400
22707	3	27620
19248	0	18584
17263	0	19471
19239	0	20131
15415	0	26110
28466	1	16515
25403	0	20220
16973	0	26968
24796	0	24922
21677	92	25789
21274	81	19365
18372	0	15193
16479	4	28457
24522	0	18583
22698	81	17111
17034	1	22200
29470	3	22205
24041	0	29598
18469	1	23686
22854	0	20586
21608	92	17192
18203	3	27343
19106	1	29425
24636	81	26132
21850	0	23116
20847	0	25955
17877	0	17029
17180	0	20239
19086	92	21922
18787	0	16356
21148	4	21041
19169	4	16699
22314	0	22496
24117	4	28054
17180	0	28132
24797	0	15617
16691	0	21098
20907	0	16625
20065	3	29886
25041	3	18938
19362	0	25451
25192	0	15039
17659	1	18224
19886	4	17440
19935	0	16040
24273	1	21360
24847	3	26462
21520	3	22416
17856	0	20565
21274	81	29403
17770	0	27105
18466	92	15285
17560	0	22138
29402	3	27351
21193	3	18650
23053	81	20852
17133	0	27313
23668	0	15230
24972	0	17094
19822	0	28367
15587	0	23567
17769	0	27504
19058	0	23823
15914	3	26883
24244	0	29406
25749	3	19557
16736	1	17541
17453	0	15184
16476	1	27907
19358	0	27494
21138	0	25547
21810	81	28682
20460	83	24284
24995	4	24617
21612	0	17919
25423	1	27244
17129	0	26408
20460	81	24081
20843	0	26548
20642	3	29213
16763	0	25812
17266	0	25118
19893	0	17327
19323	4	26872
23105	0	28545
26487	92	16197
19357	3	20247
18626	92	24398
19754	1	15357
24777	0	16912
29369	0	18286
16133	0	16925
29317	3	27669
21345	0	18879
24900	0	29811
20379	0	26790
24691	0	25464
22035	92	17615
29700	0	29684
29730	0	26196
22420	92	25831
17396	0	16099
25578	0	20476
23140	0	29881
20311	0	27753
25102	81	19407
20849	0	26445
20776	0	27213
22397	3	26665
16205	0	29596
23016	4	28582
16684	0	24663
21544	0	17719
21009	0	25618
21282	0	23277
24899	0	17335
28681	81	24840
17321	0	28603
15660	0	19957
29381	92	24464
24811	0	24669
21243	3	26464
16412	0	26732
21108	0	22714
18457	0	29025
20783	81	22990
25515	0	16371
15414	3	26359
22790	0	20598
19296	0	17227
26380	1	26793
26336	4	19019
21160	3	15580
18397	0	22485
18535	4	28700
25894	0	17084
21964	0	25267
22175	0	28488
17774	0	22439
21325	1	16316
21926	81	25422
22642	1	20273
21192	0	19584
24623	3	27496
18614	1	15400
21046	0	28112
17402	1	23399
21911	3	22187
28588	3	27033
22466	0	29579
22277	0	24170
18408	0	16341
29249	0	22036
20031	92	19723
18497	0	27391
22275	0	28105
19368	0	19593
26399	92	22577
22676	92	19841
23006	1	28978
29711	4	15904
18412	81	25002
21652	0	28495
19016	1	27549
18055	0	25257
15290	0	25635
15979	0	25774
22966	92	18310
29495	0	23120
24775	1	22331
23314	0	25284
17362	0	27340
23092	0	29876
21101	0	28133
18408	0	15060
22042	0	29034
20989	0	19343
21666	0	20198
29008	92	24816
17415	0	26553
15485	0	25611
15803	0	25642
18517	0	15122
19122	92	27882
24122	92	23373
25191	0	29099
19329	0	27783
24055	0	24668
15514	0	26231
15422	4	26083
17873	3	25430
18073	0	27523
24231	0	28255
17260	4	19338
29734	0	26658
16831	2	23967
18228	0	20682
15863	1	28581
21237	0	15064
20914	0	26788
21383	3	28420
24785	4	16459
24627	4	15131
21274	81	15515
25773	0	22612
18446	3	16742
18520	0	15701
21634	0	18703
21048	1	23066
17935	0	17925
20315	0	17584
16298	4	22514
21681	3	22601
29975	0	16039
22308	92	28630
21421	3	20150
24932	0	26325
16856	3	16038
24619	1	21759
22516	92	20192
19690	0	23565
20718	1	26593
24571	4	25510
21982	0	17231
17131	92	27601
16271	92	27921
20782	1	27305
21328	1	24018
29287	0	16835
22031	0	27513
16831	3	28776
19991	0	22900
18822	0	21961
22721	87	29576
17142	1	19005
24207	1	24300
24096	4	21922
21127	0	27278
21126	0	25981
18825	0	27147
24032	1	16179
21983	3	27194
15936	0	21937
17381	0	27545
18952	0	28570
21046	0	29978
19878	1	22578
22733	0	22109
21286	1	16054
15784	0	26117
21607	3	22449
17398	92	28976
20987	0	23735
26517	3	26577
21251	0	27960
19114	1	20000
20750	0	26772
23205	0	21874
25489	3	18146
20644	4	17354
21478	0	23377
21109	0	21561
26326	0	27466
29708	1	25183
16817	0	25071
22379	86	20850
22122	81	26397
19903	3	27720
26151	92	20531
17120	0	27457
23435	0	19770
24666	0	15539
17838	0	27383
20176	0	17609
16787	0	28385
17877	0	28980
21300	0	18982
15468	1	22180
22727	0	27318
20892	0	25690
19425	1	28388
16286	1	28413
22804	4	28965
29280	81	28880
23059	92	26108
28788	4	27474
17211	0	19599
23049	1	15839
24978	3	29937
16474	0	25576
29398	81	28670
19380	92	20514
17805	81	20934
16686	0	29087
20900	0	26107
16152	4	27267
18057	0	26670
15475	4	23355
17123	0	23501
21317	81	22929
18450	0	15094
19975	0	20169
18426	1	20820
21648	0	26207
24807	0	19009
24942	3	29089
21036	0	17489
28586	4	18975
15475	4	18145
21664	0	17918
22037	81	21044
20829	0	26979
21741	0	15100
24986	0	26853
25000	0	26155
17162	0	16146
19897	0	29550
25350	0	16968
15820	0	16585
17991	81	16027
28698	3	25531
22863	0	27484
20296	3	29388
25253	1	28977
29466	81	28880
23934	0	22697
24899	0	26430
16346	0	29028
20828	0	27267
21087	1	16869
22307	0	18985
19346	92	19272
29697	0	15983
29124	3	22848
28466	1	15574
20742	3	27282
16780	0	21571
19357	3	23846
22957	1	26479
17455	3	19027
18502	0	18042
23075	3	19648
18243	0	16838
23548	0	19606
29697	0	23738
16157	0	24551
21203	3	28869
29755	4	28920
15505	0	23111
18009	3	24160
21153	3	25899
20792	0	23828
18641	0	26571
26260	4	23327
16895	0	22337
15459	3	29557
29871	3	17749
20758	4	27650
19880	0	23255
25366	0	26666
17114	0	23893
28586	4	26728
20458	1	15262
19754	1	29207
16680	0	27184
29739	0	27901
25095	0	17852
21273	0	18983
21653	0	22444
22648	4	25907
18842	1	16588
17910	1	17040
16764	0	16509
20958	0	17332
29730	0	24062
20019	0	18315
29398	81	18220
18826	0	15198
23471	3	29531
23986	0	18795
21240	1	21656
20333	0	25397
24067	0	26993
24509	0	23946
18475	0	23768
21393	1	17292
16543	0	24918
19101	3	19308
24768	0	15164
21916	86	15481
26166	92	28985
26533	0	19272
16949	3	18812
25758	0	29854
17249	0	15642
24839	92	28561
25279	0	23730
21511	0	24706
23884	3	26963
19754	1	17414
24144	92	27793
28857	4	15373
16976	0	28560
29351	3	28577
15331	0	26283
25224	2	23967
15487	92	26457
20315	0	23163
15980	82	17424
25083	0	28529
21409	1	26763
23535	3	23263
19067	0	17725
15946	3	24534
21295	92	26184
22710	0	24711
29514	0	27289
19395	92	29873
22518	0	16332
20647	3	20685
24197	0	15162
24520	1	17253
22403	0	23304
17526	4	27590
16416	0	22384
19373	81	17274
22412	1	20172
18458	3	24535
16670	0	22201
20465	0	20069
28683	81	22624
19828	92	20957
25146	92	26106
17306	0	16085
23843	0	15191
22789	0	24132
24564	0	26468
19549	0	20388
19262	86	21385
20969	81	25834
23693	0	16115
21648	0	27133
21627	0	23227
21301	92	19840
26324	0	21907
18514	0	23098
18253	0	28794
21056	0	18171
25490	0	15296
22123	3	18271
18435	0	20436
21224	3	24449
25669	0	27032
17141	1	16904
24783	1	28045
17865	0	23148
26724	92	20440
21249	0	17041
22689	81	24565
28466	1	22331
17890	3	19584
26521	0	25267
29749	0	25865
15439	0	21658
25143	0	19619
22715	0	27032
24790	0	26202
22651	3	24376
19389	4	15267
17162	0	27264
21138	0	16074
24303	0	27430
26473	3	23830
22973	0	26248
25270	0	27708
17313	92	22326
15769	0	28960
21300	0	21722
18760	0	28112
22004	0	25662
20828	0	27208
22394	3	20712
29745	4	28919
17766	92	26995
21249	0	16318
17686	0	29929
26066	0	15299
19177	4	29103
15963	4	26799
18139	0	27614
20801	0	26703
15495	1	27534
19366	1	25343
20853	0	27733
16131	4	20007
20888	0	15023
19899	92	28042
16162	0	16808
16365	0	15853
22042	0	22382
22778	0	27948
28849	0	29405
24696	4	27087
21493	3	27390
15416	0	19808
21985	1	27609
16014	1	29014
17247	0	18752
16152	4	26744
21304	0	20556
17355	1	28492
17428	1	25067
22520	1	20000
17825	1	27136
25041	3	16085
20029	3	26819
17880	92	18779
21077	0	15744
24118	3	15645
17879	0	29503
15501	0	24761
22862	0	29105
19154	0	23824
25691	0	17000
16847	0	27214
24040	0	27469
25045	3	25136
16956	92	27541
21779	0	29950
21201	1	26407
17157	3	15917
17115	0	18756
16993	0	24746
21236	4	23427
29715	3	23504
19908	0	25334
22517	3	25965
20852	81	29139
28903	0	15618
16107	0	25674
22395	3	23477
22823	0	16382
21280	3	24447
25367	0	15018
17600	0	16602
19959	0	28025
17133	0	20660
15776	0	24482
16162	0	22884
21677	92	27714
23081	0	25921
20334	4	23348
29350	0	26709
23646	3	21509
15959	92	23853
17069	0	18059
17694	0	28932
16649	1	16457
24229	3	16751
25381	92	21457
25273	1	22903
22307	0	18808
15596	0	22601
24640	0	16185
29309	3	28538
23878	4	26698
21919	0	17083
20029	3	19280
21612	0	19806
16107	0	17776
23273	0	29894
19129	81	21436
22643	3	29135
17403	3	26703
15516	4	15621
19060	92	17168
19479	0	21941
21964	0	27413
15416	0	15681
22712	0	25412
20035	3	26119
28851	0	24550
22936	8	24467
19082	3	26713
22680	3	28113
16636	3	23194
16833	0	17809
17113	92	20565
19506	0	25226
19296	0	16646
23314	0	25214
18613	92	16998
21329	4	27929
21958	0	23724
29732	3	26842
21991	4	27147
19780	1	27965
20906	0	26682
26167	1	15218
22779	0	15541
26151	92	22852
28588	4	16914
29512	4	18276
18696	0	23267
24987	90	21777
16027	81	20064
19497	0	16880
21219	3	16482
20842	1	29033
21104	0	23156
20030	0	28217
17138	0	16998
18627	81	22929
20754	0	22232
17985	1	27980
25861	0	16883
19376	0	15903
24110	0	22546
29138	0	17203
19377	3	22065
24106	4	25781
16538	4	20517
15769	0	24726
19760	0	25734
19892	4	15123
18842	1	18123
22271	0	20283
15448	1	16624
16162	0	20146
21192	0	29428
20747	3	20694
19754	1	15838
19762	0	29939
15871	1	27593
29851	0	15759
17143	1	22382
18139	0	15655
29514	0	26882
25365	1	23400
22059	0	27033
22772	1	21860
22303	0	17509
15966	4	28125
29744	0	26493
26152	1	15108
29657	0	26488
21235	3	27732
29509	0	27929
20918	0	20419
21428	81	17146
21327	81	15534
24260	4	20542
28781	0	18862
16328	0	18982
25761	0	29418
25227	0	20639
22691	4	24016
20652	3	16358
19091	1	17738
20998	0	27901
22057	1	25452
25003	0	24913
20330	0	16679
19406	0	28833
26533	0	27109
21113	0	16604
26382	3	25324
20781	3	19869
28900	1	18340
20985	0	16241
24843	1	29612
28763	1	20546
19373	81	17996
22056	92	25055
22815	0	28438
21911	3	27519
24099	0	26725
22009	92	25966
24976	1	20589
15474	0	18322
29760	3	23138
29957	0	24922
22710	0	17103
25292	0	22257
25086	1	20573
22981	0	26994
17453	0	19338
21166	0	27681
22729	92	17680
26473	3	16094
18063	0	29667
16986	0	20277
16763	0	29867
18497	0	27115
29472	1	19597
21428	81	16950
21192	0	28096
26124	1	20273
24084	0	16143
22989	1	24533
18100	1	20452
22426	0	24013
19368	0	21067
22759	0	15127
19796	1	23499
17369	4	26769
20905	0	20137
17820	1	26297
20824	92	27617
21682	0	23152
20987	0	27692
23165	0	25790
21655	1	15166
16135	0	15236
21738	0	27473
16235	0	21852
18495	3	23983
26455	4	27534
22589	92	24363
23553	0	16647
20966	0	22155
15337	0	18803
19058	0	23611
20860	4	29794
24945	1	26614
21511	0	26081
15624	0	22459
18628	92	23607
18228	0	28382
15089	83	24282
18613	92	17007
24822	0	15099
15739	0	20415
19126	0	23242
17070	0	17183
17385	0	28639
16289	0	29630
25406	1	28949
17271	0	25473
16826	0	27801
21305	0	29655
22058	1	23341
23542	0	29162
15446	92	26999
17760	4	29918
18442	0	25719
19101	3	23925
16198	0	27188
16769	86	16530
24569	92	16859
24782	0	28491
19290	1	20706
22961	1	26188
20931	0	28938
17247	92	18037
23088	0	23279
26156	0	21764
26183	0	28038
17282	0	26525
20324	3	23756
18536	4	26301
19234	1	20453
20964	81	23004
19494	0	21468
21543	0	19012
15808	86	16550
26161	1	29838
24195	0	26036
15485	0	23921
23384	0	26101
29697	0	19618
19975	0	29963
18367	1	18147
22749	1	27728
24666	0	26059
17324	0	23757
20853	1	27666
22042	0	22766
22310	4	20534
24765	0	20577
19387	92	28791
28871	0	20112
21504	0	27925
15863	1	17441
18216	0	27249
21393	1	17414
17390	0	19594
26182	92	18035
17659	1	26920
22657	0	16659
16263	0	28350
29138	0	28419
24774	0	17746
25496	0	22528
21057	0	26189
17249	0	18146
25127	1	26803
15622	0	15646
15883	0	24258
29704	0	23909
21925	1	25454
18825	0	28756
25495	0	27375
22734	0	21988
19873	0	27110
28852	0	26726
24786	0	27378
21281	0	18947
17157	7	28874
26261	4	25822
25406	1	23639
22792	0	16904
25299	92	23326
21046	0	26561
22868	86	16251
21432	0	23109
18231	0	24002
25312	3	21659
18142	4	20602
22950	1	15908
18062	0	29662
21240	1	16786
21129	0	24736
16633	0	29195
15875	0	21763
20878	0	27885
19110	4	28263
25406	1	23461
19166	0	17537
15707	0	28963
20714	81	16599
16138	0	29213
29489	0	17485
22114	0	23376
22653	0	19955
24094	0	28304
22668	1	26213
21430	0	20692
18691	0	23058
25581	0	21841
19331	0	26296
16281	0	17017
29729	0	16456
19167	0	17918
17314	3	26204
23300	1	17941
17312	0	17787
22596	92	25499
19875	0	27506
20643	0	26662
24810	4	26186
20478	0	24443
29726	0	22844
15709	0	16224
18496	0	18741
22767	92	24560
28690	4	28243
29443	1	27648
19441	3	27495
21515	0	20616
25162	1	28647
24985	1	20409
15530	0	16881
24199	0	23516
15814	4	27268
17141	1	20709
15867	3	19573
20945	4	26672
18884	92	17653
17958	0	23832
21002	0	27495
15418	86	18241
16253	1	19005
28705	92	29267
17583	86	15747
24596	0	19817
21407	92	20822
17669	0	20373
21409	1	22910
21269	1	28288
20463	1	24166
17654	0	16186
19746	3	21670
22041	92	17465
16171	0	24764
18976	4	22902
29720	1	15613
23667	3	28617
24926	0	15292
24904	1	25987
29698	0	24714
24624	92	16374
18613	92	16997
24568	0	16487
28947	0	23033
21970	3	26893
16819	0	17903
21411	0	15013
19293	0	25564
25408	0	27192
16170	0	26931
19151	92	17256
25748	3	27569
19771	81	24791
22956	92	16335
18934	1	15938
21828	0	29592
21280	3	23118
21667	0	17584
16773	1	15370
22981	0	27893
17132	3	26985
19191	81	24791
15660	0	24434
15821	0	25788
25007	0	23290
20337	0	23244
24517	0	16512
22991	4	23029
15943	0	26087
19440	0	24027
20215	81	23103
24117	4	19640
22647	1	21853
19361	3	23332
29948	0	24359
24568	0	29579
24943	1	28628
19882	92	25722
19630	3	27878
19886	4	29091
24204	3	27248
18612	0	22353
20884	0	18747
24813	0	18913
25005	4	24321
17963	0	22834
19004	3	24536
23412	0	26695
16410	4	28284
29731	0	17466
16691	0	15437
21444	3	24748
21154	0	16610
20333	0	25336
22404	0	16312
15604	92	28105
17533	0	28663
22124	3	27275
15883	0	23360
16268	0	20580
21376	0	15041
25388	92	26125
25030	1	29056
20512	0	16232
28973	0	17551
22876	0	15743
25241	0	20514
21204	0	15638
26261	4	27924
17415	0	28554
29495	0	27578
23089	0	24348
21970	0	22140
24964	3	19600
23484	3	16559
17836	0	27666
18842	1	25826
17159	3	23921
25420	0	26016
22027	0	27451
22125	1	17617
15481	3	25662
24598	92	29621
24730	0	29617
17120	0	19966
29695	1	20348
29492	0	25899
24057	92	26582
24977	1	29520
25018	0	28166
15509	3	20678
22167	0	28002
19765	0	20668
25842	0	28846
24270	1	29627
21211	1	18975
25017	0	29063
19314	0	28288
24774	0	28770
19097	0	17060
26124	3	28433
16365	0	26505
17868	1	27081
22518	0	23247
15444	0	24645
22970	0	23182
21265	3	15628
21428	81	16027
23059	92	18112
17275	0	25833
22951	0	21400
23520	0	27707
25361	0	27401
25385	81	22418
18479	0	28840
28868	4	16466
16336	0	26709
22815	0	26222
21170	0	18703
25962	0	26576
19081	1	26230
21416	1	26706
15495	92	26395
15771	0	27393
18612	0	25265
29749	0	28473
23015	0	27121
21441	81	15502
24105	83	24282
18411	1	16903
18461	0	18720
21969	0	23875
20852	81	16693
17276	1	17685
20972	0	26348
18076	86	21103
20775	92	23816
22745	0	16081
24995	4	16868
21256	1	23449
19441	3	17004
19639	3	23225
18412	1	28025
17274	0	19707
24076	0	15158
29315	0	17236
15511	3	26777
17159	3	22337
16286	92	21453
23422	0	22264
25160	0	16804
18188	92	27280
21219	3	23562
20905	0	22436
18497	0	15976
24279	0	15673
16908	0	18809
22063	92	22528
25782	0	26983
24520	92	16276
19320	0	28706
16766	0	23450
20976	0	23712
25076	0	23733
20753	1	29048
20219	0	19956
23101	0	27100
16155	1	27986
19361	1	27132
18589	0	22254
18531	4	23335
25195	0	17505
19416	3	17032
21102	0	28520
24979	92	19343
19166	0	18337
16688	92	28062
17233	0	15894
17805	1	28363
17402	1	27224
23943	0	23404
23038	81	24083
18214	0	27300
21621	0	16394
21034	1	15617
23775	0	26892
25773	0	27050
18334	0	25699
24272	0	23916
24033	0	19337
15783	0	27231
29961	0	17032
29705	3	19833
28873	0	18863
18635	81	22795
17191	0	26681
22167	0	26478
26529	1	21918
19052	1	15102
22077	1	16115
19716	86	18062
19075	0	16891
24623	3	24905
23596	0	25210
19507	0	25327
19101	3	26411
23662	0	29018
17266	0	27280
22695	0	18358
15279	0	18011
20035	0	28269
29395	0	25688
20933	0	27513
20312	0	20518
29247	1	29184
19480	0	17030
25732	0	17002
25113	1	22543
15722	3	28509
29478	3	17201
19110	4	27861
24067	0	25635
22080	0	18800
23932	4	27138
23089	0	16098
25903	1	18081
16773	1	28951
18197	0	18739
21648	0	20681
16170	0	27590
24929	3	18947
24257	0	18969
29248	0	28570
19158	0	25979
23638	0	18578
26181	3	25522
21039	1	27849
29574	0	28829
15594	0	28243
21142	0	22826
16048	3	26556
28952	0	29902
16289	0	26648
26442	92	27518
26121	0	15252
23384	0	28933
16426	0	29441
18523	0	29537
29289	1	15450
17140	0	15359
25083	0	23926
20962	3	17539
23060	0	17781
22956	92	22111
18067	0	15146
20801	0	28337
16288	1	27978
18934	0	19345
19318	0	26453
16133	0	23191
25389	0	29200
25761	0	15285
19419	0	28203
21257	0	29667
18607	0	24484
15827	0	26120
22308	92	29538
18674	0	28749
24694	4	28659
19579	86	15798
19115	0	25482
22394	1	18714
28853	0	26099
25252	0	20248
16474	0	19225
21142	0	25348
23077	81	20735
15412	0	21455
25423	1	16660
22393	81	21424
18564	4	27502
19880	0	18650
18244	4	23331
18557	0	19564
18531	4	17295
22875	1	26364
18446	4	28921
16541	1	29003
18324	1	16939
26136	3	22752
15479	1	29409
16780	0	28767
18524	0	27123
22627	0	24360
17276	1	25177
21738	0	18700
22728	1	20530
19649	0	27365
21782	0	27207
16048	3	25317
25373	3	24721
25032	0	26980
18142	4	26988
25232	0	29780
16205	0	20237
25188	0	23510
21234	0	27393
29760	3	22242
24256	3	27859
18429	92	23606
22662	0	28815
18076	0	20557
22800	0	28331
15474	0	28506
17066	0	15033
16305	0	28276
15965	81	28880
22494	0	19190
18508	0	15049
29971	0	27409
24127	0	25895
22396	1	27951
29698	0	23623
22432	0	29272
15512	3	27217
25241	0	17596
24653	3	22480
19255	0	28635
17449	92	15316
24362	0	20686
20885	0	28975
17877	0	27690
19516	0	26046
22610	0	16076
18408	0	25724
24901	0	28572
24672	1	24647
15282	86	29869
20987	0	20426
16856	1	25810
29315	0	29165
25006	0	18704
26286	0	25766
18634	0	29937
15716	1	26110
19987	0	23065
17816	0	27848
24109	0	26577
23773	0	27570
24777	0	19946
29142	0	24876
17867	3	21885
26005	0	23242
24507	3	17475
18685	0	23805
24694	4	20043
16976	0	16372
25024	0	16184
26151	92	26690
21274	81	23175
25230	3	28180
19319	4	19025
24261	0	17213
21362	86	22407
18588	1	28998
16847	0	16569
19259	0	29642
24096	4	18893
16286	92	25804
15876	0	16197
24621	0	20103
17282	0	16922
19880	0	29685
23548	0	15079
29745	4	24891
23143	0	20398
17992	0	18877
26170	0	23283
15930	0	29120
24966	0	16534
19366	1	23399
28762	0	26705
29134	0	22330
16404	1	24533
25191	0	28711
16346	0	17235
17371	0	19020
19981	0	17905
16169	92	17063
19295	0	27306
19413	3	18152
20019	0	16055
19442	0	17086
22223	0	20239
24519	0	27406
24623	1	25734
24926	0	27948
19390	0	28539
24583	1	15503
21713	4	19517
16670	0	20078
24694	4	28302
17324	0	26798
29737	4	29969
17862	81	21082
18659	0	16875
22307	0	29014
29351	3	15132
16148	4	19939
16634	0	19840
21972	92	29676
23256	92	24648
19775	3	28722
19193	92	17793
21496	81	15965
24570	0	25306
21311	92	15236
17999	0	29305
19427	4	21450
22089	3	27893
28872	0	16456
29476	1	28385
23524	81	16950
17669	0	25699
19879	0	17581
24190	4	18005
21320	3	19732
24520	92	20190
21270	0	22348
21831	4	22145
19439	1	24246
19146	1	19518
20989	0	22611
18772	0	15644
22310	4	20165
22778	0	18035
22730	92	23630
20666	1	18381
24178	0	26822
26434	0	21587
21179	86	24061
24855	1	20349
19404	3	28101
19396	0	20420
19406	0	26880
17714	0	27906
19639	3	28503
15514	0	26934
24623	3	25788
15798	0	27204
18411	1	22836
22964	81	23469
15819	0	16645
19895	92	22565
19398	3	25719
24262	3	16518
24254	3	28773
17672	0	29298
28905	0	26612
26476	1	23095
26260	4	24550
21333	0	25918
20036	3	23235
15782	0	15829
29766	1	28813
15716	3	17460
25091	3	28186
17881	1	25324
25227	0	25975
22633	0	24446
16545	4	27238
22667	0	29301
23713	0	28390
19754	1	29648
29746	4	20568
24952	1	19007
20299	92	26256
23932	4	24745
23042	1	23022
29569	92	15619
19982	1	28209
20337	0	29209
19101	3	17718
17707	0	28029
22297	0	24003
24995	4	23968
29473	0	16722
24729	92	15757
18488	0	21884
24807	0	20447
23418	86	24808
17878	0	22846
20462	0	27391
28952	0	28434
19295	0	17612
15280	1	23185
17871	81	17847
19317	1	16384
29475	0	25653
28782	0	28528
15514	0	25534
29450	81	17931
22239	0	28957
20879	92	27695
25372	0	27533
26474	0	25849
26400	1	27602
17268	1	22507
26264	4	24540
17127	0	17633
15871	0	19199
23555	0	29939
22161	0	20614
18258	4	25216
24804	0	17906
25243	4	21714
17369	4	25646
16977	4	16560
25161	1	16918
22997	1	23910
29480	0	18154
21581	3	29894
25000	0	28395
20031	92	25538
25749	1	16223
17187	0	25883
17981	1	28652
24838	92	25970
21437	0	19644
15420	0	28821
22995	0	18006
16404	1	25878
18336	0	25075
29384	3	28535
17978	3	20122
15507	4	17174
24188	3	15998
19054	1	26119
21107	0	28608
18465	3	18905
17125	81	18220
17264	0	20266
20974	0	18283
20828	0	23674
21166	0	17092
15549	0	28478
19890	0	21760
23548	0	29685
29264	0	16362
16237	0	19119
25162	3	27916
22727	0	29868
21742	0	26641
18411	1	16900
25408	0	27944
25002	1	29035
21165	0	17485
22731	3	24240
24934	3	27044
18404	7	16989
24103	0	19450
22639	0	28208
15820	0	26860
17961	0	25557
24963	1	23690
25308	0	28583
16598	0	26920
23484	1	16559
25316	4	28365
17283	0	16559
19630	3	17319
21173	81	29693
19636	0	23807
23858	0	28379
17867	86	22757
15403	89	22831
19018	0	17246
22184	92	19344
17313	92	18593
22725	0	16360
24210	3	15628
20749	0	27399
24785	4	26914
19754	1	17172
19603	0	18720
28910	0	22889
15803	0	20896
22404	0	16578
26044	81	28880
25403	0	18128
15760	1	27284
21207	92	23134
24772	4	18936
22954	0	22447
20724	1	21940
15959	92	15921
18821	1	28715
26162	0	25643
16789	4	16301
28669	3	27800
19108	3	23157
17064	92	26033
21265	3	26325
24694	4	19179
21020	0	18284
22787	0	22701
19355	4	29368
18401	4	23025
16895	0	26230
26073	0	28216
24042	0	22918
18397	0	24616
25007	0	23914
17558	81	24275
19124	1	17749
19879	0	26966
21306	0	19997
20798	0	15551
25675	0	28222
18603	3	22295
26476	1	16704
24040	0	28182
19693	0	27002
20965	0	15268
22600	92	16664
20858	3	21619
20991	86	29732
18620	1	26498
17169	1	25416
17391	1	18800
22096	3	25330
22604	4	16091
17672	0	20017
21545	0	17333
22600	92	15166
16152	4	27198
15945	92	17927
18403	90	15990
24212	92	28743
19284	0	25382
17851	3	29069
19395	92	25959
21662	0	15160
29747	4	15152
20804	1	28575
18508	0	29421
17118	81	24267
23129	3	23023
18667	0	22480
21687	0	26909
29510	0	18784
24577	0	27294
22978	3	20505
29412	1	25845
25155	0	15649
25026	3	17663
28858	0	23837
21672	1	28965
26123	81	15534
20802	0	17902
25192	0	27788
24950	0	19702
21368	0	24130
25406	1	22595
19083	92	26871
17306	0	18473
19109	0	26126
21053	0	28351
21393	1	29885
17961	0	27292
29509	3	16811
22689	81	22941
15542	0	15167
22997	3	16810
18206	0	24670
16300	1	20133
19440	0	28107
19154	0	18967
26072	3	26061
22117	3	15114
20829	0	25609
17798	0	28453
20219	0	15293
29459	1	16804
24804	0	15636
20175	1	22458
26330	0	20391
18369	1	17917
24982	0	19472
18625	0	27573
17111	81	19045
19779	1	29355
24088	0	29909
21620	0	27270
29471	0	18303
22945	0	15015
22639	0	28599
21626	0	26357
15596	0	28498
15708	0	20692
29376	0	21884
18502	0	28231
29495	0	23361
22589	92	25049
24055	0	24382
16031	1	29898
20035	3	17973
17120	0	29033
29385	1	23639
25367	0	17513
22012	0	23631
15633	81	29758
20886	0	29878
23669	3	20229
23524	1	27763
25251	0	24389
20465	0	21331
24251	1	20349
19353	81	22811
19139	0	26708
21628	0	24366
29704	0	15647
26539	4	26952
22043	1	28833
22921	3	28221
19059	81	26329
21235	1	28480
26536	0	27420
22272	92	16054
21325	1	25879
16546	0	22205
19373	81	29286
17447	1	17414
25146	92	27842
19291	0	16401
19329	0	28192
16753	1	23188
18057	0	15145
19097	0	27057
21393	1	29032
19081	1	17088
16826	0	26974
22966	1	26928
21393	1	16007
20330	0	27971
22396	1	22346
22812	81	20806
21963	0	25869
15883	0	26041
20788	1	15192
23101	0	15540
22063	92	23889
18857	4	22452
18522	0	28487
22251	0	28555
21039	1	27199
25372	0	17822
18459	3	26792
25367	0	25334
19296	0	15110
23434	0	19648
26516	0	23328
17958	0	26563
19157	1	24339
21423	0	25832
25750	0	15209
24621	0	26023
18520	0	27065
22862	0	25601
29488	81	25002
25310	1	26318
24189	0	29889
19632	0	27540
23932	4	29623
21725	0	24287
23535	3	18002
21715	0	27329
22463	0	27871
24902	86	28855
29753	1	20679
28952	0	28956
29287	0	19221
22984	1	16751
19991	0	23034
24576	0	27054
21259	0	15227
24078	3	26038
29769	0	16025
19754	1	19575
17836	0	16613
22306	3	29677
19248	0	29429
21156	0	17780
16291	1	24700
29006	1	20610
15821	0	28317
20980	0	27746
19514	0	20692
25390	8	20322
21070	0	28127
24847	3	16141
18244	4	17335
29376	86	21780
16825	3	27036
18552	81	23708
22627	0	23207
21185	4	22485
17102	0	18870
19295	0	25830
24552	81	20733
17312	0	23225
26519	0	18577
17933	3	19261
19512	92	21851
24539	0	15789
18360	0	18116
29745	4	25612
22683	92	23286
25292	86	19290
22823	0	16703
15514	0	24603
24802	3	15012
26014	3	17215
23596	0	23477
24592	1	27370
21653	0	22893
19441	3	16998
18640	92	28085
17819	1	25613
15822	0	18521
29285	0	15746
21169	3	15079
21355	0	27934
28942	0	26788
18623	3	19718
22039	0	26999
17404	92	19486
23424	1	20495
29765	0	17730
20966	0	20128
22926	3	18746
25331	0	16004
15508	0	27053
17121	4	16596
22995	0	17942
19506	0	16070
22628	0	26891
16278	1	20109
19361	3	18731
15477	92	27293
25388	92	22206
22767	92	15915
24236	0	27579
21300	0	28463
18628	92	20703
25228	92	23640
18525	0	24452
15423	3	26093
29746	4	18704
20802	0	26867
18801	0	25858
17066	0	28056
28904	0	22599
25100	3	15393
20129	0	25819
17125	81	25002
16855	0	27948
21823	0	19962
24060	0	27412
19323	4	24336
22593	1	21870
25012	0	22847
21628	0	24315
21181	0	23557
21636	1	29969
19880	0	27583
22401	0	15944
17849	0	16525
22594	92	29915
22793	0	19773
24262	1	22417
24696	4	28202
25363	3	22257
19819	0	29216
21215	3	27652
18354	4	21978
22082	0	17700
29467	4	19720
22419	0	16731
25100	3	25707
20828	0	17422
22399	92	25123
23018	0	28071
25039	0	24707
15451	3	29187
26167	0	23325
21379	0	27916
22789	0	17840
22958	0	18899
19108	3	24593
17210	0	18928
22407	0	22909
22275	0	20088
22117	3	15806
21038	92	17194
17360	0	20216
29284	0	18906
17844	0	27789
15414	0	22446
15439	0	16520
26400	1	28982
23424	3	24019
17860	4	29073
15360	1	16924
17179	0	23299
19694	0	16314
17369	4	16147
19106	1	29063
25384	1	29341
29745	4	16219
16833	0	24665
20907	0	24610
21324	0	23132
29709	86	18512
28872	0	28092
22691	4	15060
24206	3	27068
23529	1	23133
24502	1	18490
15591	0	20097
15445	0	16663
22815	0	23467
19017	0	26312
19080	3	18151
29443	1	24370
17447	1	15838
15826	0	23583
19169	4	21476
15773	0	17085
22792	0	27692
25023	0	20577
25159	0	20688
20980	0	26004
19650	0	23096
25039	0	25536
21735	1	18474
26051	0	26304
21381	3	27293
26377	2	23681
15783	0	29865
15454	92	24374
24769	0	24877
20841	0	19958
17267	4	29556
19506	0	19913
22032	0	16860
19058	0	28520
17849	0	26039
16790	0	16114
20902	0	16393
17409	0	20342
17527	4	28640
25163	0	26573
25388	92	23253
22484	86	25028
18255	0	24601
21503	0	23215
24875	3	22771
15660	86	16636
19381	3	24540
29569	92	16213
17698	1	27403
28835	3	29612
24264	1	26713
28874	0	19724
15814	4	28889
19831	92	28751
23464	0	17181
15959	92	23895
15767	0	27732
17369	4	23727
24197	0	15018
29309	3	28995
19771	81	28591
19855	1	27987
16151	3	29913
22646	1	22137
25222	0	28536
17368	3	22113
21512	0	16608
21138	0	26896
24101	0	20388
15623	0	17100
17714	0	16913
25293	0	16472
16946	3	28470
22117	2	23967
15516	4	29522
25054	81	19300
19328	4	28223
17523	0	17507
25381	92	18804
16161	1	29188
25373	3	26704
18433	0	18999
21055	0	27771
18826	0	28516
29955	0	25946
20979	3	28275
26173	1	24860
22117	3	24872
18486	86	19903
17801	0	25225
23410	0	26366
20852	81	21402
23047	1	23850
17358	0	27584
22976	0	29065
21910	0	18932
19768	0	28138
18842	1	22886
24228	0	18492
21991	4	23362
15731	92	25117
22986	0	17063
26177	3	16230
20025	1	16927
22083	81	18421
21357	92	19588
23438	0	25994
18090	1	20436
19603	0	15001
29476	1	29431
23164	3	18273
17978	3	18344
18441	3	23152
15476	1	25139
22086	0	20674
20757	0	25655
17670	0	16153
21621	0	15031
20836	0	27671
17249	0	25562
20835	0	28057
18561	0	20821
18446	4	28727
15946	3	24481
20955	1	15186
18844	0	17502
15543	0	29448
18228	0	22337
24780	4	15035
22981	0	28064
16273	3	23574
19067	0	28922
19393	0	25616
28688	81	23460
25310	1	23355
17530	0	15569
15495	92	26991
21704	0	28603
18348	0	27593
24784	0	28525
29692	81	24957
18197	3	21946
23503	0	26612
26418	3	15214
17669	0	15559
22419	0	16009
21635	0	25569
22381	0	23517
15546	4	29598
22987	0	28800
19357	3	27807
23552	0	18972
16416	0	25467
24045	0	23072
22607	0	26882
16726	0	28050
21249	0	29636
21243	3	26456
24596	0	15699
24826	3	27842
17179	0	25814
20016	1	23399
22272	92	28706
20730	0	25059
17245	0	19237
17113	92	17652
15415	3	18887
29569	92	25658
22687	0	23770
16329	0	15702
18412	81	20912
15587	0	16884
21901	0	26756
15587	0	27072
18342	0	26236
16155	1	22246
20802	0	17951
23522	0	16051
22394	3	18186
19697	1	15754
24522	0	18595
29123	92	27373
18934	1	17171
26190	0	24349
23534	3	29884
24780	4	20603
29728	8	24467
19316	0	18224
22934	3	16165
15447	1	18385
20092	4	29673
17273	0	16217
21541	0	27633
21379	0	25206
21178	0	25661
24777	0	24702
21910	0	28800
19315	0	27985
28812	1	21869
18188	92	16612
20325	81	28676
24957	81	21283
21258	3	26624
21510	0	20227
23665	3	25961
21099	1	17445
17050	0	17676
24228	0	25638
20650	3	15843
23774	0	24541
18336	0	17591
21166	0	19007
22789	0	26458
24573	0	27327
18495	3	26019
18612	0	16454
18686	0	18895
24306	81	18565
19443	0	15109
20571	0	27124
16299	3	16011
18439	0	20045
19636	0	25320
20843	0	23242
21135	92	20163
20840	0	17099
26078	92	25808
18471	3	23195
29220	0	24681
25195	0	24646
20770	0	26656
20921	0	18987
26517	3	27055
22808	81	21151
16273	3	27312
23654	3	29836
18956	0	27088
20741	0	26760
25021	1	28122
21196	1	25645
20311	0	25628
21972	92	16652
21256	3	26831
25092	3	22629
15470	0	28246
18244	4	25590
20968	0	27839
21500	0	15765
23382	1	29619
20023	81	22590
16831	3	19281
20627	92	27862
21332	3	27387
21780	0	26312
26171	0	15194
22038	1	29634
29585	85	29281
20726	0	19872
26518	0	28294
20464	0	25450
17682	81	23722
19398	3	25457
23445	1	18972
15725	4	24386
23775	0	22479
29768	4	29197
17120	0	23254
28901	0	28246
25406	1	29104
16763	0	27672
17397	92	15218
21308	3	29549
21421	3	21119
16156	3	29684
16776	0	15610
26077	1	29206
20351	81	19305
18672	3	15052
21013	1	20087
21214	1	29804
19863	4	24688
18431	0	21872
23971	0	27612
20987	0	23818
22476	0	27162
16744	0	17651
21934	3	29589
22979	3	17729
21783	0	23791
18206	0	25502
21286	1	29591
21682	0	24171
24623	3	16101
17667	92	23860
15663	0	16578
20788	1	24001
20863	1	26899
21024	0	28563
16438	0	17393
29289	1	18548
25780	0	19237
21258	3	15308
17140	0	26064
24108	3	22145
22649	92	20503
18063	86	21430
16016	1	16000
23199	1	27954
22815	0	17504
16678	92	15262
22642	1	15370
23873	4	26828
22308	92	17165
15803	0	15601
20855	3	20357
17132	4	18379
24776	0	15701
15867	3	28748
21998	0	26741
21324	0	17460
20029	3	24617
29444	1	26611
20021	3	24708
22278	0	27069
17323	0	25909
20792	0	15208
28774	0	23837
21129	0	15079
17302	3	20514
17759	1	17626
16253	3	15753
19715	92	28737
25313	0	21585
20632	0	29980
18883	0	27844
17892	1	18979
29488	81	21496
26337	0	17647
20153	0	15256
29742	4	29686
20025	7	17981
16155	1	17781
18539	0	24590
19904	0	15233
22596	92	27925
21208	3	16566
23552	0	28435
16169	92	25056
18422	0	29545
25236	3	28502
18524	0	22538
15946	3	17519
19725	0	21588
29403	81	20713
17527	4	23389
17188	0	15536
24323	0	24747
24189	0	27069
16338	0	16399
21293	86	18825
22223	0	19920
22821	0	19660
23476	4	28326
21824	0	17079
24779	0	26228
21687	0	23190
17846	4	16403
25184	0	20698
16826	0	29137
26159	0	19467
22710	0	20431
23143	0	15562
17281	3	27604
15496	81	18556
26137	0	28530
19560	0	20697
17797	1	18262
17830	81	17862
24252	0	26950
23440	0	29664
21160	4	15580
18672	3	27395
24577	0	19274
22695	0	16907
18166	0	27089
21306	0	25830
21972	92	15209
20763	0	20743
18843	0	28210
22905	3	22196
18447	1	18999
20968	0	20484
22998	3	29563
17854	92	23718
22227	0	25591
20913	0	28578
15543	0	21858
25421	0	26918
24212	92	22341
29967	0	19537
29570	1	23643
23011	0	18316
18009	1	24451
16763	0	22532
21828	0	25992
20472	0	25521
16329	0	22098
19774	0	27991
22682	3	17434
16547	0	29091
22483	0	19837
24199	0	17557
29574	0	17989
22606	0	16584
25057	0	24610
29492	0	23821
23140	0	29053
29249	0	26815
19863	4	23754
21300	0	27063
18456	0	15835
24502	1	18359
21323	0	15113
19171	1	21734
21510	0	28766
22463	86	16681
24828	3	24816
24776	3	23734
23765	3	29411
15771	86	23403
17849	0	20820
18488	0	25687
18166	0	27256
20318	0	28892
15709	0	27550
16849	1	17354
21075	0	26859
29338	0	26680
26537	0	29422
22621	0	15908
25672	0	20241
20775	92	19953
15469	92	28912
21855	1	25589
21511	0	22205
17869	0	27567
21197	0	27636
25900	1	23510
22676	92	20252
19665	0	27140
24208	4	29038
20991	0	18906
21782	0	27512
18569	0	15066
29957	0	27786
21671	3	28199
19318	0	17632
29258	1	25139
22038	1	18646
15599	92	19457
25271	0	27708
15779	0	25194
24629	0	16201
15337	0	19949
23484	3	19040
19479	0	19186
15813	0	23757
29261	0	25753
25566	1	23207
15827	0	15829
29132	0	22180
24757	0	24688
15784	0	29802
17076	1	29117
24784	0	28347
28902	86	16944
17569	4	29148
19058	0	28712
15509	3	23243
17818	92	27283
16828	0	28015
15725	4	15680
18240	0	29013
25292	0	25470
20973	0	29522
29724	0	29382
15598	0	22495
17987	0	15133
21410	0	27004
19065	0	27709
21155	0	18965
22689	81	29775
21971	0	24650
29727	0	26986
26423	1	16996
23081	0	27805
16670	0	24458
29261	0	25471
15776	0	20994
19422	3	28191
21651	0	28534
28847	0	19933
21990	0	27988
16544	0	29990
18627	81	26397
15720	1	18703
29707	92	27664
23464	0	28393
25288	0	29183
17996	81	23649
21686	0	17007
21444	0	28529
17526	4	25735
22947	3	28192
28855	0	26810
17963	0	28554
24502	1	15385
17887	92	16089
29242	1	17484
16767	1	25572
21444	0	27324
15715	1	16399
20773	4	29425
29485	0	26258
17772	0	20238
16554	0	16611
19328	4	26922
25487	0	24682
29705	3	20484
17274	0	16345
16965	92	19283
16271	92	15903
17711	0	15159
21263	81	29717
23883	4	23921
22607	0	27423
29459	1	28238
25163	0	29029
18219	0	15894
29415	1	22362
22297	0	27873
23774	0	18045
25389	0	15019
19160	0	17617
19403	0	24886
23274	92	29654
17528	0	16103
28693	4	27192
19293	0	23676
21496	1	20541
25278	0	15642
25727	0	27700
15925	0	18961
25746	3	19023
24960	4	16613
19004	3	24869
20986	86	17560
20057	0	28003
16168	1	28057
18826	0	26895
28835	3	27861
15808	0	26990
21688	4	16387
24569	92	23229
25383	1	19676
21012	0	26410
17554	0	27879
25164	4	18739
29704	0	28083
17560	3	23599
29698	0	27908
21934	3	15680
17796	92	27014
24851	0	25259
17250	0	27096
24387	0	16839
19077	1	19821
16157	0	28716
15775	0	25789
19375	0	16520
18455	3	21897
17707	0	15246
19895	1	27526
21231	1	18938
26334	0	20487
26390	0	22453
23700	1	28036
16776	0	28018
29287	0	25884
19094	0	17665
29464	0	25636
22121	5	29872
15774	0	16124
19754	1	22486
26262	0	19926
15879	81	19102
18637	3	28223
24069	4	26026
24205	0	20162
18638	81	25009
18439	0	22219
18674	0	25655
19155	3	24685
25030	3	27818
18162	0	25338
22127	3	25927
22063	92	26683
23883	4	20170
22096	4	17333
24086	0	17928
23871	0	15014
24784	0	27902
26497	0	22444
19610	0	25618
21142	0	27254
24970	1	16193
15476	1	22202
17138	0	17015
19865	81	17824
18191	0	26357
24190	4	28079
22867	0	27137
18504	0	15527
24071	92	17545
15336	92	15308
15446	92	28932
22895	3	19820
20828	0	27529
25277	0	18814
16161	1	17392
26330	0	28261
17154	0	18320
18209	81	20126
18840	0	21818
15951	0	16919
19698	3	26599
22042	0	16496
19579	3	22371
21384	92	26415
15784	0	20568
23869	0	21457
19296	86	29138
23414	1	20641
29567	0	16370
24719	0	27831
19861	92	16343
17150	0	25248
21215	3	16918
19400	0	28017
23531	1	26871
24797	0	17479
22725	0	26727
25903	1	18833
21176	81	29130
15862	0	28694
15659	0	23791
18544	1	25440
19427	4	28020
20852	81	18189
19891	0	26341
21194	0	23161
26386	3	25071
25988	1	19668
22645	92	27669
18587	81	25045
19725	0	22493
17142	1	27244
17147	92	16242
25164	4	27016
16687	0	15052
21651	0	27717
26073	0	23954
19409	0	27706
16298	4	15153
15969	1	27070
18398	1	16403
15588	1	28659
25386	1	24015
16142	0	27404
26328	4	25558
29417	3	25396
17714	0	27116
24773	92	18886
15324	1	20201
17668	0	29840
24215	0	28147
22789	0	25132
20037	3	20420
24097	0	17924
24629	0	29532
26439	0	27587
22990	81	15438
22420	92	24172
16411	0	15571
23937	92	21588
17997	0	16101
25492	0	29256
17211	0	25860
19377	3	20170
22644	3	29238
29690	0	23894
25017	0	21554
22813	0	22530
25291	0	23315
17189	0	23851
18542	81	20767
19422	3	26757
24125	0	20421
23775	0	16043
24194	0	23919
15818	92	27339
24251	1	28895
29062	0	16822
20515	0	24184
25163	0	21491
24082	0	27854
18063	0	23448
18538	0	23291
22426	0	29906
20827	0	29523
21297	3	17731
18602	4	18676
21908	0	18752
22981	0	27459
22996	0	25561
17878	0	15850
22275	0	28296
19830	81	24817
24040	0	18806
16759	3	18693
18495	3	22549
20657	0	25756
20655	3	18492
29412	1	26113
29691	0	24029
23018	0	25786
17452	0	19118
15406	0	17035
16763	0	26012
22940	0	17511
24795	0	20467
20828	0	19232
22819	86	21522
16846	3	21062
18455	3	24169
21679	3	19809
20646	92	18974
18219	0	26964
22935	0	29946
16529	1	19568
24562	0	29271
21094	92	24008
25233	86	17693
18517	0	26798
29241	0	29047
23548	0	25548
15337	0	27080
18627	81	15778
20773	4	27203
17169	3	27162
29707	92	28073
23047	1	24168
21435	0	27631
28685	92	22843
17290	0	19221
19398	3	26545
29292	0	25886
15876	0	16371
20333	0	28099
20326	92	16804
22415	0	23067
22874	1	26252
28681	83	24284
22184	92	26817
29514	0	28519
24782	0	26663
19781	81	23469
25361	0	27513
22926	3	17430
18453	0	15987
22792	0	27796
24084	0	18340
17707	0	29594
21919	0	28741
22016	0	28572
24581	0	23914
16150	0	26458
21629	0	24750
29762	3	15310
21578	3	15333
21244	3	20143
24539	0	28230
28899	0	28453
20079	1	21659
25190	0	19599
28670	1	22194
22117	3	26409
18342	0	21821
16766	0	18741
24598	92	23870
25245	81	19646
22361	92	15618
22122	81	21458
18668	0	28599
29394	0	16454
16134	0	28435
24520	92	27941
19109	0	27760
21694	0	21906
17823	0	16480
28774	0	29263
17604	92	27609
18585	0	26238
21916	0	15675
19477	81	25392
18450	0	26155
20337	0	17624
23551	0	26460
15413	3	22342
16540	3	16859
20294	1	25840
25960	1	26098
19293	0	26963
16330	0	18122
23550	0	16444
19417	3	27929
19782	81	24975
22516	92	27027
22121	0	25059
17453	0	15110
20647	3	16239
18407	0	15053
29700	0	20566
29953	0	25400
18667	0	17687
19175	4	27553
24819	0	18402
26330	0	29613
29315	0	29163
26066	0	29989
16831	3	19588
21287	1	27781
24623	3	28354
25076	0	29834
17371	0	25132
18441	3	19201
16412	0	23960
20966	0	21007
17897	0	22599
16255	0	22383
15724	0	28632
19162	3	21498
17119	0	22488
25163	0	29059
16296	0	28271
25006	0	23232
22114	0	22502
21326	0	23603
25094	1	23491
20972	0	29666
29249	0	22495
24875	3	27771
19380	92	26358
22275	0	24336
24974	92	28414
18441	3	27410
17048	0	28575
26157	1	26659
23147	1	18006
21575	81	24817
24519	0	24671
20910	0	16902
22311	92	23356
23554	0	29079
16479	4	20701
29512	4	21358
25003	0	17737
25038	81	20934
23883	4	15356
23873	4	28255
24189	0	26842
20892	0	18575
24122	92	22263
17894	0	17345
19860	4	27128
25085	81	24994
25145	92	23847
25389	0	17215
25515	0	20132
21372	0	28391
24048	92	16654
29997	92	25118
21679	3	28694
16287	0	19645
29466	81	29717
24607	3	25394
21438	3	16891
20945	4	28012
17991	81	22698
20571	0	17367
19892	4	25860
17999	0	20937
17322	0	20452
24553	3	22236
16673	0	18322
20836	0	24511
21873	0	22289
24023	3	22200
25083	0	18547
26135	4	23594
25444	0	23454
17771	0	15047
24057	92	26850
22464	0	29655
20758	4	27819
20987	0	25863
17870	92	25952
19322	1	24432
25085	2	29588
19862	0	24441
22367	81	29403
24598	92	19675
24186	0	15178
21166	0	16800
21152	0	28075
26433	0	23208
20831	4	23448
25335	0	17331
21692	1	26369
18694	0	27488
24074	0	22207
16853	1	16924
18842	1	19243
24105	81	22795
15784	0	27931
25230	3	18318
23047	1	18715
16533	3	17951
19137	4	24702
24034	0	27898
20914	0	25332
21284	0	25328
26486	92	29636
17818	92	23327
18077	0	20106
16788	0	28713
23874	81	15467
22958	0	26934
21028	0	27270
21650	0	17661
19323	4	22102
24399	3	17295
20794	0	26755
20293	0	23982
25903	1	24526
20962	3	16667
28883	0	16215
18257	3	28597
24244	0	26876
26515	0	19000
21234	0	18807
20065	3	18518
21105	0	22582
17449	92	15998
22189	0	29850
25007	0	27060
19417	3	29330
23447	92	23308
29771	0	16608
15289	0	24603
15480	0	26678
20974	0	29635
18479	0	18985
19368	0	16061
17760	4	20169
16254	0	25661
25145	92	20434
25580	0	25434
19139	0	25612
24324	0	16206
22711	0	18250
29568	92	25297
15276	0	23071
16583	0	21041
24574	4	29355
22987	0	28429
15709	0	25327
15596	0	21556
28843	0	15185
21210	1	26587
23874	81	21530
18076	0	19589
19779	1	18503
29350	0	25106
15500	0	25632
18431	1	27274
19898	0	24549
17191	0	21529
25513	0	15314
18244	4	29491
20999	0	19962
20836	0	28260
17142	1	16136
22651	0	15523
29735	81	23985
18057	0	18725
18236	0	23783
16828	0	16083
17150	0	15898
26262	0	23838
22516	92	27480
24814	0	27849
23038	81	23102
20894	0	19532
20930	3	21871
15481	3	16213
21538	0	22214
23700	1	28416
17233	0	25061
20989	0	20553
22927	3	28985
19398	3	20536
18210	1	26856
19177	4	28927
26392	0	22231
17115	0	26430
16760	1	25771
15506	3	15551
25421	1	26415
22189	0	18386
29851	0	28043
16943	1	26694
18060	0	28422
24581	0	21716
24257	0	25922
22623	0	27712
19553	4	25261
24954	0	20524
21027	0	20104
19323	4	27537
23548	0	23198
19350	0	23191
20832	0	15243
23542	0	23510
23764	0	15701
24946	0	19274
21311	92	21497
29285	0	26319
24933	92	19519
20895	0	29639
22559	0	20248
26529	0	17906
18061	0	23203
17556	0	24352
16421	0	26029
25686	0	21819
25513	0	26676
19610	0	18949
22041	92	18532
21115	0	28286
24097	0	15891
21608	92	27686
16036	0	27429
23520	0	15288
21025	81	20083
29487	92	19220
29055	3	23802
29696	0	29978
24214	0	15359
26157	0	26659
21216	3	26118
25902	92	24702
19288	3	27166
20037	3	26637
17932	0	28270
16833	0	28814
23763	0	18931
22421	0	17588
21689	0	17040
29782	1	29796
20851	0	22599
28842	1	20534
19109	0	18106
22682	1	20159
19097	3	27554
18506	0	19832
15812	0	19472
20753	1	27129
29130	81	19476
26538	4	23293
25748	3	19799
29774	4	19625
25551	0	22020
19008	0	15970
20326	92	16200
21189	0	18160
19489	0	25831
18637	3	16524
19985	0	18129
18514	0	20567
25848	1	27220
24901	0	25584
19066	0	28036
17820	1	22250
21612	0	23848
24717	3	23479
17428	1	20361
24505	4	20094
16416	0	23629
20298	0	29422
21990	0	28383
16827	0	22447
26514	81	16407
20870	0	16608
17597	92	29855
20317	0	26501
22867	0	24680
18825	0	26958
21969	0	23870
24625	0	15970
25235	0	25140
18632	1	16743
17823	0	22834
23555	0	27978
22388	0	21729
25019	0	17183
29565	0	27206
21508	0	26759
24034	0	17071
21013	1	18903
21188	0	27501
19629	1	15084
21708	0	17952
28685	92	22148
21411	0	29842
16322	0	20156
17798	0	25925
29463	0	19520
16322	0	28135
21056	0	24931
22923	0	24680
29242	1	19023
16761	0	21747
17404	92	19998
18561	0	28613
23016	4	18111
16951	0	23890
25038	3	25879
26439	7	15624
17258	3	23594
18502	0	15193
20776	0	20007
24932	0	21807
21015	0	17045
19443	0	24712
22064	92	16192
20655	3	15844
22620	0	28638
15864	1	23031
25551	0	23360
18554	0	26420
28862	0	19566
17995	0	22567
22815	0	20339
16544	0	20588
19630	3	28610
16416	0	24286
20647	3	19528
18228	0	15906
24829	1	28614
19327	0	27679
18627	81	20713
15914	3	27416
21636	3	29969
17141	1	20416
23520	0	27539
29749	0	26305
21186	0	17229
22366	4	27794
26130	0	18903
21199	0	24334
18234	0	18267
19259	0	17947
21124	0	16514
22925	1	29149
24835	4	26717
21435	0	26113
26336	4	16143
18628	92	24494
29385	1	28954
25746	1	26100
20063	3	28195
21481	0	25196
15549	0	19941
22376	0	17024
23436	0	23618
28696	3	23923
24973	1	24339
17267	4	29868
17268	1	29648
23521	1	15071
28882	3	26649
28789	3	18800
21469	0	29814
15585	92	27154
26134	0	20431
20870	0	29041
21499	81	23699
24262	1	19009
18467	3	24476
16268	0	27643
23548	0	23450
20031	92	28654
26273	0	26762
25184	0	26915
28839	1	19832
24506	81	15436
21330	0	25546
25512	0	25632
22126	3	22068
22591	3	22106
23476	4	24395
18553	92	21551
18588	1	15198
24502	1	28893
17770	0	15028
17986	0	15159
15351	4	26836
22924	5	22280
25565	1	29170
24212	92	18591
18219	0	27997
25233	0	22870
21117	0	17005
25234	3	27833
23959	0	22840
17929	0	19271
25982	0	23947
17827	0	16577
18508	0	27380
17533	0	23886
24057	92	20279
18753	81	29717
16687	0	20216
19017	0	20639
16770	0	25786
23932	4	19203
22735	0	27888
18439	0	28740
24880	0	16999
16764	7	21962
26007	0	16929
25372	0	25558
29021	0	24890
21710	3	24608
25038	3	27009
22626	0	27554
21531	1	27875
25241	92	24479
15800	0	17748
24717	3	28730
29693	81	22814
19191	81	29397
19886	4	28989
21198	0	26086
29126	86	17843
22797	4	15286
24187	92	26325
17182	0	15042
19441	3	28469
21245	0	25459
22988	92	26453
15423	3	24400
17777	0	25630
19431	92	23222
17769	0	17296
26167	81	21044
19097	3	27551
19164	0	15792
15968	0	20542
24625	0	29884
21134	0	15176
21589	3	29273
26178	3	16705
29725	3	28315
24052	0	18510
17156	0	28239
16683	0	26461
23384	0	28423
22945	0	16503
29505	0	17238
24569	92	23449
24223	3	17945
15441	0	28169
29264	0	16121
24883	3	28329
23761	1	24869
19883	0	28998
23172	1	15140
19989	0	19799
24834	0	20710
22705	0	18308
18401	4	15997
25032	0	26614
18625	0	22834
18484	0	26717
21469	0	26480
23473	0	17421
22063	92	19572
17859	0	28153
24049	1	25690
19008	0	26244
15785	0	21721
17470	0	26890
24989	0	15656
22975	1	21961
21975	0	25500
21115	0	15207
23446	81	25002
25026	3	27888
26074	0	23357
29395	0	15032
22035	92	28132
22237	0	28997
29725	3	18494
20756	0	26315
17383	0	16376
25115	92	17336
25039	0	26571
19912	82	29237
18436	0	23462
17798	0	23601
18612	0	24472
20326	92	17354
16155	1	17439
29309	3	26543
17470	0	20563
19055	0	23995
23862	1	23311
25234	3	25471
21667	0	18594
22658	0	29233
19149	1	19280
24806	3	27592
15587	0	23568
25154	1	16516
20626	92	15674
21025	81	24552
28782	0	17427
20742	3	26692
19320	0	22065
20999	0	20638
19292	0	16656
21981	1	21479
16133	86	21012
22596	1	27925
19797	3	24914
20379	0	18026
24830	4	29904
26066	0	16898
23764	0	25808
18511	0	21765
18561	0	28302
25512	0	25634
25215	3	24491
25251	0	23970
18407	0	20477
16128	0	18550
19139	0	20711
18235	1	23483
15955	1	19734
19357	3	23359
18446	3	17573
17250	0	26594
21916	0	28793
23458	92	29847
25423	1	28618
24505	4	17165
24048	1	19809
22310	4	29626
19314	0	23796
17138	0	17001
25232	0	27579
17135	0	18834
24949	92	23189
18632	1	22357
16131	4	21767
17758	1	16971
24851	0	23622
24941	0	27246
22647	1	23461
20870	0	29819
20653	0	23352
24925	1	23163
18467	3	29530
20713	81	29139
25749	3	18600
17180	0	29931
22190	4	25375
21969	0	23111
22709	0	20469
25387	0	15305
21692	1	25340
16960	0	15408
21206	3	21456
24231	0	27868
17151	81	26329
20840	0	27000
19506	0	26206
18505	81	18209
24939	81	23985
24060	0	25890
15775	0	27270
21661	0	15120
18976	4	26230
25775	92	23381
21405	0	27759
22008	0	26696
17979	3	25557
22462	0	29365
22815	0	19930
24039	0	28317
28784	0	18308
20059	0	19031
29487	92	25801
17209	0	16870
17452	0	20142
28671	81	29733
20889	0	24363
20861	1	23684
17528	0	25797
25031	4	19586
24196	0	27286
21783	0	26885
15516	4	18969
26015	1	19468
28868	4	27316
24638	1	16103
29477	1	15437
20911	0	27569
22814	81	24308
19080	3	16098
23939	81	17303
19373	81	29657
24606	92	25806
16988	0	17253
18956	0	27967
23046	92	27673
21816	1	16045
21651	0	23767
20873	3	18709
22674	92	21939
20793	0	28869
25127	3	27234
28591	81	18463
26528	0	17610
20657	0	27205
21291	7	21522
26169	0	28746
18063	0	21736
16975	0	21552
20888	0	15437
25408	0	15850
15328	0	16178
23101	0	18576
16631	0	25554
25290	1	25400
15867	3	15119
22972	0	26235
22876	0	20427
24563	0	22562
25040	3	27747
22310	4	20255
19425	1	26547
21155	0	25792
15881	0	26525
24924	3	26113
25361	0	29202
26261	4	18088
18486	0	28298
25312	3	29632
23943	0	26556
16151	3	18595
25780	0	25197
24990	1	28580
16789	4	26118
21209	81	19412
20039	0	26851
16255	0	27687
17978	3	28624
15924	0	25471
17769	3	22773
22975	1	23570
17270	0	18537
17404	92	29886
20053	81	19191
21382	1	16486
21634	0	17363
19858	3	15975
29235	0	23487
24949	92	27263
19048	0	19799
24964	3	28438
16008	3	28331
24278	0	27699
29706	3	20679
19066	0	16822
19085	1	24339
17290	0	25485
26048	0	20995
17827	0	29667
22860	0	18419
24639	0	18383
29353	1	23207
23552	0	17490
21661	0	15794
21686	0	17017
19100	4	23292
16949	0	28289
22778	0	26453
22124	3	28174
29514	0	17392
24839	92	28534
21234	0	27795
20763	86	17323
26423	1	26981
19654	1	26297
17447	1	22507
26273	86	17377
20351	81	22377
19560	0	19589
20849	0	18888
29512	4	26601
17930	0	29600
21846	92	23829
17137	4	18548
17817	1	16704
18370	4	27679
25492	92	28124
29569	92	15743
23382	92	15338
21904	1	27736
25080	0	16987
24195	0	16587
25019	3	22186
21257	0	15058
28851	0	15133
29727	0	21951
22404	0	20040
26006	3	22566
21189	0	17630
18535	4	27837
24058	0	21906
22402	0	20232
16950	81	15467
22978	3	17541
22086	0	27980
16989	0	26105
25038	3	19990
24992	0	24750
16336	0	26873
25019	0	28662
29312	92	26365
29737	4	27479
24073	0	17925
17286	0	28333
17526	4	16888
20778	0	17343
24968	3	28053
24899	0	19499
21379	0	26406
15689	3	17038
21985	1	18937
16021	0	27910
24585	3	22847
15856	3	19739
19157	1	16869
25752	0	17917
19297	1	24345
24084	0	16387
19063	7	25900
24098	1	15681
24108	1	23749
25127	3	25203
26070	92	26736
20828	0	17421
24837	92	21007
26075	0	23334
16637	1	27709
16778	3	29630
25368	0	28104
16170	0	24432
16159	3	17045
29741	4	16830
18209	81	22944
25279	0	23514
19101	3	23684
18507	0	27441
17859	0	15013
23772	0	16247
25513	0	25611
15813	0	27867
25024	0	15101
24958	1	19212
24732	1	27020
29357	4	28531
25288	0	22165
19114	1	26543
16680	86	21110
24035	3	15184
26380	1	17941
17289	0	27061
23403	92	22268
18441	3	22265
17117	0	17445
17877	0	29812
25829	1	19452
15088	3	26114
29512	4	24673
19368	86	25288
21020	0	15525
18533	1	26704
22975	1	27868
22063	92	29112
19391	0	20628
17766	92	25106
20037	3	27657
22627	0	25881
24260	4	18366
19250	81	26163
16028	81	19477
20325	81	21292
28678	0	18298
21258	3	27902
20520	89	22831
25627	0	20605
20962	8	15298
24720	0	16017
29010	92	26551
29241	0	28149
17409	0	20328
23009	0	20611
21164	92	25601
15404	92	19588
19690	0	27521
26141	0	26438
25495	0	24471
22426	0	20336
20778	0	28236
18444	3	28579
19777	3	27812
21654	1	25814
29138	0	18874
21694	0	25657
21016	0	28125
19018	0	16659
15851	0	27573
15382	1	29992
24967	0	23073
19559	0	27275
22876	0	17495
24189	0	29617
20909	86	25163
29313	81	15965
29282	1	22065
23173	0	16873
25444	0	23185
25388	92	27151
28910	0	22888
28878	0	26034
25278	0	23626
23856	1	19485
29704	0	26009
29352	3	21786
16530	0	21475
19758	3	24375
22302	0	26193
29753	1	19518
19062	1	21893
24214	0	21594
26334	0	26499
19359	3	22917
20478	0	26085
17838	0	26607
17166	3	23828
21421	3	21959
23986	0	18279
20828	0	21789
18446	4	29965
17866	3	26937
15959	92	26284
21539	0	26629
20129	0	17516
25512	0	24675
29483	0	27601
22734	0	15251
16551	0	28916
15485	0	28472
28588	4	27033
15549	0	26872
18480	0	21564
20909	0	16101
20877	3	25715
29765	0	28363
19169	4	28657
17049	0	28079
24191	1	29072
28876	0	25410
29706	3	26462
29754	0	27478
23532	3	27701
19909	1	28091
15321	3	20419
26517	3	20561
17526	4	23683
19442	86	16793
16687	0	16439
25043	3	27639
29351	3	23747
20579	0	16861
21267	1	15099
22956	92	15312
19406	86	18506
25112	1	20711
16163	0	29122
22706	81	20729
21024	0	20259
21634	0	27064
18099	3	20501
19048	0	19951
21901	0	23833
15871	0	24712
23669	3	27814
19822	0	21646
29739	0	23389
17298	0	28582
16826	0	27350
18038	0	22493
16326	0	29323
18410	0	22072
24694	4	18023
19781	1	27372
21390	0	26112
22614	0	26661
22082	0	27759
19664	0	28014
23884	3	22613
17369	4	29964
21289	1	18692
17695	0	25914
24769	0	23483
29739	0	28558
25001	2	16675
15433	1	29026
20795	0	15579
22746	1	23234
22945	0	15120
17692	0	29890
25802	0	23671
24609	0	27593
26015	81	23177
25376	0	27627
21225	1	29169
17274	81	19394
20626	92	25612
22361	92	25181
23932	4	24020
19115	0	29442
24843	1	26493
16310	0	26843
16833	0	20509
23550	0	17444
23447	92	26394
21644	0	27111
25232	0	20011
16021	86	22859
29505	0	18121
19689	1	23358
20748	92	26239
15430	92	23515
22591	3	17544
19115	0	15603
29749	0	20418
17774	0	23805
21398	3	28215
15325	1	19707
17398	92	21582
15351	4	19542
19103	0	20416
24725	3	17399
29485	0	21787
29395	0	25737
21459	1	25853
20757	0	17562
15784	0	23453
15741	3	26420
24804	0	24386
16982	0	20119
23204	0	28735
16255	0	29915
19195	81	20623
19630	3	17481
25361	0	28409
15813	0	16301
22274	0	29218
25525	0	18004
17967	0	25481
15501	0	25394
24811	7	20918
21247	0	15642
25490	0	26686
16685	3	20191
19988	0	16729
24528	1	17418
17290	0	24470
20775	92	29337
19360	1	24250
29741	4	17500
17838	0	19034
25108	0	25793
21221	0	25542
25152	0	26198
29783	1	27090
18403	0	28529
20999	0	27817
21107	0	17724
15451	1	20159
15962	0	21796
18487	0	15671
16292	3	23242
21194	0	27488
16972	0	23640
23542	0	25785
23432	1	21656
21110	0	16353
21653	0	25598
17288	0	16580
28909	3	22547
16320	86	19320
19048	0	17490
23089	0	26745
24125	0	27229
18258	4	28222
19777	3	28930
24976	1	18917
24929	0	16809
17683	1	24560
21001	0	24512
21379	0	19957
20954	8	19598
19890	0	29949
21635	0	24437
29702	0	25762
22905	3	20403
24223	4	19214
20350	0	20377
17829	0	27440
24856	0	16696
23458	92	27913
24607	3	28122
24599	92	15099
28898	0	19920
20830	3	26598
19693	0	28110
17407	92	29054
23956	0	20523
18444	3	18392
21678	0	26293
17157	3	16208
15454	92	24423
17875	0	27938
22618	0	17174
20063	3	18983
17961	0	16246
17818	92	27086
16535	86	21483
24216	3	29942
15459	0	29557
17832	4	27750
24039	0	27859
18415	0	22434
23651	0	28585
24946	0	19247
23382	92	16610
17675	86	19981
25296	0	27496
21393	1	23714
20321	4	17610
17150	0	19455
25127	3	26540
17407	92	20104
23859	0	20489
21281	0	25445
21229	0	27122
25079	1	27659
24639	0	27070
15968	0	26125
24040	0	22209
18443	3	15976
20775	92	27107
19747	3	23062
15876	0	15927
15445	0	28976
22314	0	19730
19407	90	16190
18637	3	27796
21651	0	28070
18232	3	27591
15514	0	28407
19354	3	25537
22676	92	25333
15444	0	16498
25227	0	24383
23552	0	28995
16479	4	26493
17191	0	28996
20908	0	21795
18613	92	17009
26379	1	23817
19358	0	18379
17112	1	17345
29313	1	18752
18695	0	23557
23431	0	16062
24847	3	29278
20067	92	19856
26167	81	27656
25671	92	29927
16788	0	23228
20778	0	29813
21078	4	29875
20923	0	15645
17122	3	17720
25293	0	15848
22064	92	23981
19134	0	29206
15462	0	22261
23941	3	29262
16780	0	18949
15710	0	27273
24501	92	28292
19911	0	16613
22276	0	26289
29374	0	19672
21414	1	28091
19157	92	25259
24085	1	25395
22956	92	25685
23433	0	27247
25351	0	21953
23108	0	15985
20948	0	18700
25732	0	18548
19646	81	24957
25022	92	26617
21026	0	20616
17937	86	18847
17831	4	20566
16976	0	29245
22781	1	18777
21460	0	26639
18637	3	23169
17051	0	16602
25215	3	24885
25578	0	29890
22991	4	26590
20844	81	17598
17768	0	20017
25006	0	20595
18397	0	17945
25749	3	16223
21435	0	16394
28688	81	21849
29307	92	16939
21970	0	15119
23018	0	21353
23165	0	26986
19500	0	21348
25252	0	28389
23094	0	23082
17583	0	23984
25672	0	19972
24837	92	15223
18439	0	22918
21188	0	15970
21663	0	23286
23542	0	15259
17069	0	21872
18456	0	23926
22007	0	24351
21169	3	15249
29364	81	16028
25039	0	16697
25513	0	27385
21328	1	23824
17602	4	27762
16965	92	27948
15512	3	27421
18001	4	19181
15777	0	28399
28686	81	23077
20319	0	27002
28685	1	25733
25842	0	24750
17097	3	25619
25488	0	25064
19073	0	29539
18406	0	28521
17849	0	22265
16687	0	21793
21684	0	26604
21323	0	16191
24783	1	22892
16260	0	23389
24989	0	24531
22644	3	29135
25960	1	17032
18514	0	28108
28782	0	28378
19377	3	28479
23662	0	23721
19165	3	28984
20869	1	16486
26330	0	27142
22122	81	26132
16760	1	22289
15737	0	22443
26178	86	21622
22860	0	19808
17897	0	22761
16827	0	20556
15459	0	25136
25213	0	26962
19706	1	27648
19506	0	21798
25388	92	20390
24819	0	15085
24995	4	28416
21203	3	28468
24044	0	15130
22009	92	23250
18612	0	28015
24498	1	24028
20769	0	28316
21301	92	27500
15914	3	27295
24932	0	16375
19314	0	27803
29282	1	21893
17850	3	17232
26482	0	23888
15515	81	23186
15511	81	20735
21291	0	15295
26014	3	23132
19439	1	24678
21215	3	27651
19504	0	20249
22297	0	16785
19980	0	22850
25057	0	26219
22297	0	15371
21603	0	17645
18760	0	15678
17154	0	29559
29966	1	29908
19249	0	23244
24033	0	16056
15336	92	26413
29514	0	17573
15433	3	20616
20154	3	29661
22314	0	28357
21421	3	19204
22778	0	23262
18255	0	25975
22008	0	29407
29768	4	27393
17053	0	27615
29744	0	18729
21648	0	18280
22127	3	29059
19478	0	21853
23064	1	27537
23862	92	26300
15496	81	24975
21204	0	27335
19516	0	20812
20630	0	26626
29384	0	17039
20330	0	27962
16168	1	18964
15785	0	26368
22733	0	26919
20059	0	20484
22275	0	24337
16674	4	15944
26328	4	16809
20830	86	22176
29975	0	19927
20839	0	19486
16668	0	23309
17454	0	27418
25357	0	18811
23956	0	23381
18099	1	28230
20975	3	28736
16405	92	15203
18321	0	28235
17893	0	22437
22785	86	22018
24940	1	24530
23534	3	23368
22167	0	20406
21609	81	19830
26006	3	26312
18416	81	24267
25515	0	23351
15749	1	27082
23930	81	18587
25004	3	29785
21232	1	27350
19089	0	26184
21305	0	24882
25045	3	18681
18362	4	28547
19320	0	26563
20974	0	23853
19760	0	21892
24231	0	29829
22736	0	22145
16258	1	26883
24789	0	16560
22962	0	17680
24582	4	27296
29142	0	20307
29484	4	21498
16695	3	24646
17268	1	17414
22172	1	23643
15516	4	27472
20315	0	27933
18458	3	19733
17289	0	19229
17805	1	25530
29493	0	23138
15433	3	29026
26534	1	23181
20326	92	27535
21379	0	28071
21267	3	17019
18826	0	25267
22592	1	28730
18561	1	28646
17166	3	26467
22876	0	28920
19545	1	28598
20624	81	29219
23552	0	29165
17131	92	29100
22045	0	20234
23548	0	17921
21080	0	16999
19329	0	28011
19109	0	22699
24421	4	27371
22042	0	16525
19321	0	20352
19110	4	15160
19416	3	16177
18457	0	27328
24117	4	26318
17148	0	27034
21027	0	27196
18408	0	20432
26451	0	27611
22983	0	15397
26516	0	24674
19497	0	29547
15954	4	27873
18164	0	27110
26128	4	24392
16171	0	22844
19293	0	29820
25444	0	24156
19403	0	19928
21073	0	23530
19154	0	17437
26434	0	22515
22959	0	25334
25017	0	27568
20909	0	21340
21256	1	16218
18323	0	29655
22088	0	15560
24581	0	27736
22925	1	16900
22739	0	22345
20299	92	22261
24847	3	26463
22914	0	20339
19193	92	20706
22873	1	18247
21666	0	27502
24581	0	28273
29756	4	20487
29335	0	19731
29241	0	26105
22980	0	26595
29573	3	28920
22814	81	21575
19318	0	26313
24952	0	28293
26158	0	26899
24782	0	28345
21009	0	28486
19443	0	20896
22226	0	17620
24193	0	23245
22695	0	15129
16855	0	15247
16691	90	16190
28899	0	27586
21110	0	28453
17267	4	23029
17046	0	28342
15775	0	24437
21179	0	16907
15883	0	26590
29287	0	25792
19638	1	28665
24303	0	22321
24694	4	28658
20968	0	18388
24152	1	29275
18821	1	24440
15512	3	22345
26274	81	25385
17257	0	15008
21287	1	26880
22415	0	23630
17137	4	27117
22675	92	16748
22857	0	23715
26376	1	26577
20998	0	22062
21423	0	27214
17127	0	15677
26072	3	19542
16416	0	23263
17114	0	18355
29366	0	27852
19088	0	24893
18691	0	28481
24803	4	17638
24095	3	25787
16761	0	28492
17373	0	28726
24980	3	20430
25682	81	18761
16893	0	15601
24303	0	15375
20757	0	24296
22596	92	20547
17867	1	20570
21111	0	27459
25361	0	21558
15708	0	19185
21138	0	26764
19255	0	27293
29951	0	19238
22225	0	20628
19176	0	28889
24197	0	28303
29732	3	27195
17600	0	27380
17383	0	28045
20337	0	18872
21667	0	16654
22724	86	20657
22822	0	23563
21640	0	26217
19066	0	16728
19061	3	17620
22720	0	27932
19866	1	19470
29021	0	24327
17217	0	19462
20769	0	19951
24940	1	22890
20313	0	20181
15808	0	18198
16027	81	22377
21084	0	24456
29498	0	18912
22127	3	29900
21244	3	19012
16847	0	26465
20891	3	28043
29715	1	16923
19892	4	18247
19778	1	18004
19390	0	22525
17845	0	18050
29954	0	21452
18367	1	27874
22379	0	18371
22015	0	20366
24043	0	24602
15818	92	27805
19632	0	15040
28774	0	27630
22715	0	18714
29528	4	29127
19375	0	21961
18433	0	22204
20224	1	16352
25815	0	25498
18495	3	27586
24825	3	19180
20823	4	27521
25579	4	27690
15091	3	25424
20840	0	16067
16476	3	17795
16687	0	25946
21117	0	17017
25162	3	26894
19665	0	20639
18469	1	19836
24900	0	20074
21128	0	27204
17447	1	20348
24519	0	23030
21126	0	28748
15405	0	19803
17451	0	27870
29124	3	19615
16425	0	28800
21150	0	26579
17211	0	27765
16541	3	20606
25444	0	22491
21040	0	23339
18478	7	25517
28745	81	25665
26418	4	19813
24959	81	20727
20036	2	16889
22596	92	28495
21330	1	18394
28762	0	27018
25245	81	22944
21323	0	19453
22956	92	15009
19873	0	24059
16685	3	29807
16036	0	24173
24995	4	18982
21225	1	18246
19510	92	23924
19408	0	25968
24784	0	25507
25281	3	23387
18528	0	16834
29293	0	26531
26072	3	20569
19109	0	15693
16170	0	24767
18902	0	26307
20766	81	21673
16267	0	28811
25513	0	22906
22734	0	24549
24586	81	21536
18588	1	18327
22526	0	17578
22308	92	17406
21323	0	28365
20847	0	27318
25359	0	16083
24566	0	28387
18501	0	22911
21272	0	25263
25160	0	24597
18441	3	16701
23476	4	23913
20993	0	19842
18237	0	24891
29750	81	20014
17133	0	16218
19263	0	19029
25180	0	18572
15336	92	23069
20826	3	26908
22606	0	29158
26077	1	27866
15767	0	29829
17999	0	18389
25152	0	18305
23667	1	27799
23656	3	23840
29471	0	19561
29345	0	17779
29381	1	15273
23480	0	25193
15747	0	16461
20626	92	28706
28674	0	29537
17800	1	22196
17704	92	24615
17757	81	17303
24824	4	16884
25040	3	26922
15321	0	18357
18336	0	29985
19376	0	27374
21540	0	23686
18055	0	24001
17880	92	18194
24627	4	20195
25030	3	16584
17314	3	24722
24583	1	15621
18454	0	25590
22422	0	17236
29695	1	29032
15414	0	16705
18511	0	27351
20864	0	18796
26486	92	27671
21122	0	22198
17858	1	24394
15481	3	23800
19698	0	15628
19503	1	28608
22976	0	19235
25345	0	18653
26274	81	24064
22986	0	29855
15925	0	29251
23484	1	19041
22715	86	21461
29416	1	25394
25144	0	28142
15776	0	25766
26150	1	23769
16847	0	26986
25159	0	23233
23658	1	27126
17701	81	24311
24539	0	19857
24051	0	17108
23942	3	16176
16295	1	16916
21916	0	19588
20038	1	29837
15543	0	25479
16008	1	15910
20034	0	15040
17997	0	21795
23874	81	21402
16256	86	22626
17526	4	22113
24641	92	18808
21753	3	23687
18259	0	15160
21631	0	28306
29287	0	16211
17313	92	27106
16827	0	16311
18952	0	25426
25373	3	17023
20962	3	28206
23384	0	28072
23384	0	29603
24809	92	20481
17605	0	24919
22116	0	20392
25033	0	19993
15401	0	18995
28466	1	25647
24569	92	26083
21372	0	20302
29712	0	17905
17997	0	19574
23384	0	28549
21320	3	28164
19156	3	24349
18361	3	23332
15722	3	15170
19884	0	25984
29824	1	18800
18604	1	26876
24094	0	29840
21418	81	17847
21250	0	22144
24266	92	24014
15490	1	26868
21742	0	27816
25035	0	28471
19480	0	17788
20035	3	22611
29779	3	27954
15859	0	15171
20648	92	19943
28685	92	28741
16253	1	29135
24185	1	28139
20129	0	26023
24271	0	17181
22593	1	20494
25099	0	28699
18668	0	26667
16958	0	26962
21055	0	28404
19319	4	19817
20850	1	16352
17244	3	26374
22778	1	27948
18099	1	29553
25669	0	18052
22857	0	25849
24044	0	27009
19682	0	21501
24992	0	22211
17124	81	21209
16847	0	16351
25666	4	23374
22789	7	22914
18234	86	22898
16571	3	26352
15456	3	22346
25000	0	19627
29057	0	28627
21827	0	28968
22677	3	27640
18691	0	22099
20795	0	17703
17120	0	28965
15456	3	15789
21227	3	15482
28845	0	25838
21686	0	17010
21925	1	20668
18302	0	17513
18517	0	18817
15531	0	26293
24624	92	17481
16554	0	25698
21279	3	28488
15345	7	15799
22015	0	18097
21379	0	18584
25422	0	26415
21323	0	26373
17375	1	15702
26070	92	25116
19875	0	28917
25449	0	28720
16157	0	26549
25750	0	19612
21525	0	29183
29315	0	23952
26432	0	17921
15863	1	18998
25287	0	22900
19319	4	23800
25749	3	25269
19386	0	22524
17670	0	17094
15760	1	29638
21040	0	21534
20838	3	26928
15689	3	15687
16254	0	18095
29312	92	21787
23384	0	26543
21990	0	25440
21073	0	24816
21522	0	22112
17380	0	23692
28789	1	24135
22516	92	26281
25288	0	18848
19134	0	27349
18641	0	28173
16438	0	26325
26072	3	20670
22494	0	28536
23434	0	28694
25109	1	15028
24819	0	16577
22275	0	26779
16170	0	26780
24577	0	25870
17768	0	24454
25302	0	27631
19576	0	20389
25211	0	16702
20935	0	27926
16288	3	18389
16977	4	27938
23044	1	22329
25021	1	18341
23135	89	17426
19328	4	25950
24047	0	18966
28781	0	29503
26536	86	18514
21682	0	29240
19324	0	25643
19258	0	16053
25294	1	22456
15808	0	22198
25962	0	18896
26124	1	26868
17068	0	23901
22874	1	23689
15959	92	15267
24571	4	22571
19774	0	27057
26497	0	15252
19137	4	18914
24894	0	29849
15885	81	19483
24693	1	16045
25389	0	21906
15548	0	20544
21295	92	20600
21204	0	27501
19256	0	22842
23046	3	28799
15348	0	19426
19414	3	25720
24553	3	28367
28745	81	15816
17868	1	18424
19630	3	24131
24373	0	22105
15662	0	16991
21633	0	20072
22658	0	24442
28669	3	29940
26286	0	25674
24639	0	22828
15426	0	18311
24194	0	20813
24202	0	15081
29366	0	29844
21005	0	27322
18367	1	29188
21115	0	16720
21538	0	28185
19780	1	19801
24946	0	23962
23441	1	15922
22277	0	18745
25406	1	20344
18517	0	18494
20766	81	20996
18060	7	20924
25444	0	23947
24580	92	26940
17072	0	26870
18668	0	21721
24149	0	24474
19771	81	17561
24627	4	20615
20999	0	25918
19870	0	22327
24809	92	28667
20787	0	26656
17313	92	17983
28763	4	20546
18439	0	18019
21651	0	27800
26338	0	28861
18470	1	18737
24498	3	17946
22711	0	17467
23005	0	29181
21081	0	28162
26273	0	18365
16760	92	16319
15505	0	19658
22780	0	26889
21006	4	16345
19496	0	19582
18408	0	22842
15833	0	23303
17883	4	19042
19892	4	22908
17566	3	26103
18551	1	15100
22013	0	15690
18726	0	15751
24520	92	27433
26192	0	25865
29720	1	22246
15728	3	28525
24040	0	23582
15508	0	16115
23522	0	19187
29750	81	21209
22623	0	27772
24976	1	22918
25384	1	20953
20337	0	20164
18955	86	25037
19760	0	22531
15532	0	28296
29006	1	23935
21478	0	18086
25377	0	15647
16960	0	22574
15780	0	28488
15093	1	28646
24266	92	29211
24064	1	16523
15734	0	16578
28851	0	27150
24777	0	28158
19797	3	23339
15429	0	20629
19358	0	15482
18411	1	17722
16685	3	28452
29967	0	18971
25288	0	28106
25759	0	29614
24257	0	18194
21644	0	24287
24953	1	24331
26450	0	15648
17818	92	16907
19550	0	15250
25732	0	24488
18528	0	27023
25243	4	18045
19082	3	24873
24562	0	26046
23423	0	26396
22042	0	23513
19323	4	26126
19560	0	26629
22731	3	20184
28680	0	27995
26534	0	23180
18853	3	25258
22691	4	23951
23412	1	26695
22277	0	24677
24828	1	24816
21209	81	21575
19150	0	26954
28855	0	15751
20515	0	15949
18216	0	23807
17055	0	19557
29357	4	23117
24575	0	19006
26182	92	25764
21984	3	19183
15512	3	19946
22474	0	28944
20852	81	24944
24036	3	29859
18001	4	17780
16155	1	27139
18236	0	25991
25018	0	17916
25361	0	24349
16237	0	27235
17861	1	25266
19175	4	17198
21680	0	17007
19323	4	27119
24202	0	26021
16761	0	18882
16134	0	29907
18517	0	19812
25998	0	29228
21293	1	27005
24527	0	15066
22685	0	17649
17116	1	23120
24847	3	17086
29564	0	16596
26150	3	17044
23862	92	28274
18824	0	15735
24539	0	17054
24774	0	19599
19777	3	26619
15441	3	22259
16129	0	27872
19321	0	16697
18517	0	26281
15863	1	17171
16543	0	20280
21199	0	15297
18857	4	16469
29719	4	23961
17311	4	15146
23101	0	19144
19085	7	17710
17151	81	17136
17379	81	22795
21128	0	19218
18203	3	20257
16543	0	27308
22033	0	28439
17381	0	15918
16434	1	29401
24509	0	23958
26336	4	15910
29705	3	15901
24155	0	28190
21345	0	24603
24141	81	19195
20758	4	28251
29357	4	29118
16895	0	20262
21027	0	27754
25057	0	22067
25236	3	27776
19408	0	25991
20823	3	18314
17828	3	25321
20659	0	19455
17313	92	17553
23986	1	18793
24624	92	22406
26432	7	20932
20215	81	23039
18522	0	19788
22867	0	29658
16806	1	21994
20042	0	17947
21630	0	27994
21012	0	22534
22671	4	26254
29309	3	19609
21153	1	27491
23585	81	29877
22962	0	15397
17884	1	25441
21848	0	27064
16977	4	22616
24789	0	20240
20869	1	21095
19058	0	26836
25223	3	26254
24840	81	21283
18441	3	28381
22808	81	21575
25780	0	26785
24181	0	29991
23482	92	25216
18527	0	24645
29392	0	19940
23017	0	15208
21152	0	26340
19427	4	17546
24040	0	26185
15861	0	18992
18082	81	16949
15594	0	15123
19549	0	21796
20907	0	17737
22691	4	20605
17932	0	24888
21783	0	23219
25802	0	19953
25161	1	25305
29466	81	17682
21248	1	15334
22875	4	26364
23439	0	15646
24089	92	16517
22859	3	19679
25115	92	18771
19398	3	20165
22956	92	22107
28873	0	17538
29479	3	15060
24552	81	25621
25093	92	16054
19325	0	29453
22894	0	15646
29487	92	21905
19248	0	24357
23384	0	23027
26538	4	28735
22682	3	16783
17447	1	24418
19638	1	21872
16411	0	24026
22116	0	28721
19317	1	15177
19563	0	22751
22374	0	18379
23074	0	25326
21669	86	21323
15814	4	16805
26455	4	27939
21630	0	26104
24101	0	17492
21317	81	19683
22638	0	15054
23859	0	20622
20033	81	26175
22785	0	16247
24803	4	25583
18446	4	28711
19771	81	15492
22642	1	20380
15832	0	22321
20456	0	26106
21416	3	23622
18076	0	28346
21015	0	18044
25006	0	29035
22739	0	19932
16298	4	28110
18497	0	17083
20737	0	23404
24637	0	23766
16299	3	18374
19404	4	27804
18675	0	19027
18245	0	20536
16436	4	28404
24625	0	19626
21259	0	15578
22721	0	16839
22160	0	27191
24884	0	19539
29319	0	19972
19063	3	15896
22894	0	18768
19046	81	15605
15351	4	29898
24574	4	23222
23765	1	15078
29756	4	23751
18471	3	24886
16583	0	23840
16685	3	25804
18612	0	15987
21435	0	24136
25101	3	28206
19101	3	19267
17371	0	26543
22667	0	22249
16235	0	27036
16028	81	17775
19684	0	16065
16852	0	21579
22156	0	25248
21129	0	16748
19080	3	28279
22096	4	20089
17284	0	29199
17523	0	28653
22660	0	26729
20715	1	16924
19197	81	15494
22050	81	22624
21319	0	22281
17273	0	24737
19159	0	20519
25386	3	26762
19004	1	27629
17151	81	21445
23655	1	29086
15624	0	20563
17560	1	23599
24810	4	26567
26166	92	17975
21274	81	19372
20713	81	17598
22691	4	22582
21220	0	29044
20910	0	20384
19057	3	24679
18826	0	23141
21281	0	19127
29734	0	28734
15462	0	27033
19704	81	25085
16255	0	25994
24967	0	28711
15275	0	26783
16131	4	26282
29771	0	23110
29714	0	16468
25156	3	23036
18953	0	16886
17832	4	15669
15924	0	19023
26150	3	27513
24768	0	23167
18638	81	25245
23444	92	29866
29403	81	15633
24624	92	17640
22744	0	26923
22708	0	17366
23435	0	16534
22432	0	15353
18010	0	17553
18599	81	28676
24884	0	15570
20794	0	25497
29565	0	19994
22035	92	25574
17212	4	28304
19173	4	23819
25032	0	22488
24929	1	15133
19153	0	26210
24639	0	25411
26171	0	24874
23135	82	17424
22428	0	26217
26164	0	28181
29483	0	17025
22744	0	23615
19318	0	19930
21138	0	25855
29729	0	19565
23778	0	23732
20731	81	20460
19501	1	25670
17929	0	27099
15596	0	26038
19854	0	18089
21324	0	23238
18214	0	27586
21781	3	26975
20734	0	23267
19860	3	25857
23534	3	25645
25742	92	26446
17155	1	20414
18835	3	22346
15773	0	15353
22042	0	25871
24117	4	18498
18685	0	17387
21196	0	25203
29714	0	20232
28875	0	23189
29479	3	21353
17132	3	17511
23694	81	21530
28875	0	26877
15955	1	20746
24992	0	15742
19797	3	18331
24788	0	19710
23932	4	15237
19240	81	22795
15725	4	22286
18408	0	17689
20037	3	16294
24023	1	26669
19414	3	23097
21196	7	23534
21242	0	26871
17775	81	26274
22687	0	16068
25000	0	17591
21640	0	27010
24894	0	23813
19325	0	29976
22157	0	23376
23661	1	26084
29700	0	22458
20334	4	24487
23143	0	23815
16415	0	15897
26384	1	18136
21474	0	16343
20831	4	25261
24684	0	19856
16899	0	25795
16131	4	18262
20807	0	15233
16022	0	26508
20727	81	22624
17161	92	19525
22958	0	17389
17313	92	29186
17603	3	28409
17766	92	20265
17560	0	28164
21577	0	29226
23204	0	18384
22632	0	24687
15469	92	27999
25761	0	17619
24139	1	16740
29132	0	22595
20928	0	27107
17849	0	26025
26450	0	23328
23470	0	27967
25491	1	18966
22117	3	17509
17856	0	16756
21076	0	24675
15505	0	18101
21223	3	23065
25100	3	26907
25189	0	28470
19682	0	22454
16980	1	28552
25335	0	27673
15815	0	29449
15423	3	15581
29444	1	26836
28674	0	17183
20840	0	18173
21075	0	24397
24982	0	27032
20850	0	27784
19873	0	23203
24766	0	17728
16726	0	25738
22041	92	28518
16169	92	20240
23884	3	18779
18446	3	16231
28851	0	28929
23867	81	21981
16479	4	22149
20462	0	15850
26015	81	25222
15707	0	22920
19101	3	16145
23384	0	28637
28858	0	26677
15276	0	28310
18335	0	29499
23104	0	16136
19113	3	26343
23654	3	17176
20931	0	26674
19758	3	26648
22048	92	17295
19129	81	19250
24572	4	15217
21000	0	25794
29801	1	18970
21245	0	18021
16028	81	15442
21138	0	16623
16427	0	25622
22594	92	29846
17118	81	15882
22058	1	26309
20976	0	17973
25227	0	23915
17109	0	19622
15826	0	27754
15505	0	27179
15689	3	28257
29021	0	21770
23014	0	21840
24588	0	21907
26261	3	26444
21261	4	27805
23664	1	17907
15749	92	17585
17841	0	21946
24837	92	22791
17767	0	28067
19154	0	16572
15659	0	27102
19380	92	22220
18618	86	24125
17996	0	21140
24507	3	16465
22788	0	23097
16847	0	21723
24734	0	26688
17409	0	27053
26260	4	18119
24580	92	15673
19197	81	25392
17751	1	15997
23843	0	15366
21882	1	19528
15818	92	21804
17262	0	27975
17838	0	25619
17123	0	19471
21083	0	27851
24259	0	26640
19706	1	28869
21320	3	26875
21513	0	22832
18076	0	19849
19165	3	29027
21471	0	17444
19356	92	15753
19445	0	28437
21008	0	27727
17698	1	18907
26386	0	17399
21969	0	25477
20029	3	29044
19078	1	20896
24276	3	29214
18000	0	24343
22172	1	23375
15761	0	28075
20792	0	26055
20773	4	29108
17893	0	21774
24980	3	18117
28903	0	19622
24642	0	27085
26497	0	16358
21134	0	15371
16298	4	19623
18641	0	25394
29458	0	25472
20978	0	19578
16775	92	17296
29487	92	27142
24637	0	28238
26381	0	28550
23885	86	19381
29430	3	18808
18461	0	27500
21239	0	16721
24598	92	28249
24939	81	17931
15914	3	26247
29414	92	23841
20880	0	29641
19691	0	23712
21258	3	17029
29958	0	27355
16761	0	18053
20737	0	22491
18446	4	22509
18640	92	19585
22431	0	23211
29478	3	16006
16533	1	17951
29957	0	28815
22921	3	25609
25237	3	16459
17275	0	22187
15749	92	19010
29765	0	15848
24034	0	29085
21843	1	16970
29315	0	26440
18410	0	27938
19380	92	26054
22821	0	19663
17026	3	20372
25036	0	22570
21682	0	16450
17305	92	27930
20905	0	18247
22740	0	27977
22789	0	27164
21282	0	27623
24894	0	25056
25385	81	22396
19630	3	19025
24077	92	27826
24800	0	20611
29416	1	16925
18682	0	26974
22123	3	28136
21672	3	29660
19158	0	28010
21829	1	16703
21010	1	18180
29730	0	17346
24260	4	21754
21277	0	23338
15637	85	16889
15468	3	27493
21738	0	27228
21603	0	26021
20891	3	20483
19139	0	18974
17766	92	28447
21058	86	25148
19684	0	20402
17769	0	23876
19603	0	25614
17206	0	26340
23436	0	25239
29512	4	29536
17681	0	23116
21966	0	23337
15443	1	26204
16825	3	27530
21446	1	29506
22873	3	27999
17360	0	28794
18667	0	28983
17264	0	23154
24502	1	24168
22740	0	22170
22952	1	27574
15495	92	26998
19364	92	19569
28698	3	26664
22783	0	22528
16274	81	29994
17049	0	19279
21682	0	25699
22429	0	18752
15784	0	28612
19866	0	16058
26512	3	27286
29706	3	18848
23458	92	16178
17891	0	15173
17997	0	21798
24109	0	20044
22591	3	17096
21998	86	20292
24218	3	29983
23016	4	27335
20987	0	23508
26171	0	27298
19318	0	18152
22117	3	23952
25748	3	25964
21668	0	26685
18229	0	15242
17986	0	17413
17129	0	22158
22172	1	25120
26418	1	25943
22407	0	26845
25039	0	27526
17285	4	22547
24776	0	28151
15747	0	29257
21404	81	29767
19445	0	24343
18674	0	21905
15447	86	19052
19630	3	16597
20869	1	18721
23047	1	17646
24987	0	20177
20913	0	22897
22182	0	28263
19122	92	26651
15443	1	29253
17407	92	25955
25041	1	16084
20894	0	16750
15401	0	21757
18760	0	26839
21419	1	27310
25669	0	26758
23932	4	28183
21154	0	17479
23932	4	18131
24773	92	23907
21782	0	15303
20875	1	23495
17686	0	18349
29959	4	26001
15516	4	17003
20647	3	17656
22296	1	23306
19777	3	28225
19248	0	27090
17666	3	29989
21416	3	15067
21543	0	18709
15863	1	29169
23471	1	26987
17273	0	20513
17769	0	18700
21372	0	17389
23092	0	22742
21199	0	25723
21275	0	20703
23778	0	27900
16253	1	28037
29778	92	20043
24522	86	17754
18529	3	29633
18254	92	15697
24106	4	28985
28868	4	29500
17062	3	29156
24154	0	17105
15425	1	15674
18635	81	18617
23775	0	26115
29276	1	25650
29995	81	18851
19603	0	16311
25960	1	17690
15796	0	29597
21005	0	22447
25767	0	28544
21239	0	24680
23473	0	26091
20785	0	20693
16981	0	23342
19638	1	18963
19441	3	17002
24186	0	27322
22862	86	18191
21068	0	26093
18067	0	26791
25184	0	19770
29381	92	15686
18757	3	19187
25313	0	17095
26069	81	26529
29484	4	26948
24717	3	29170
24213	81	23867
22949	3	19266
23016	4	26676
17672	0	22143
18527	0	17295
21524	0	27094
15508	0	22266
25877	0	24289
21544	0	20537
24211	3	18579
18684	0	28819
24271	0	15610
22989	1	15582
19104	0	28320
18609	0	26608
20333	0	15308
21712	0	19551
19140	92	18792
16405	92	29184
19331	1	28560
26143	0	17338
19355	4	25656
22663	0	18384
19880	0	21918
15456	3	26700
18439	0	21347
20214	0	25924
19559	0	25219
21968	0	24037
24259	0	15558
19384	1	23360
22058	1	22101
19081	1	24602
15813	0	19279
21177	92	28084
17870	92	29882
19775	3	22468
20318	0	15141
24641	92	28329
20879	92	28068
16436	4	19708
22723	1	25340
16826	3	27801
19482	1	20493
18506	0	26880
28876	0	29426
20999	0	26089
21825	0	17225
16027	81	29995
29012	3	28290
17182	0	15992
24399	0	27309
16440	0	26559
28687	4	28091
17835	3	23376
24783	3	26887
18671	81	21424
17390	0	29874
15710	0	28081
20823	4	15067
18058	0	15841
18244	4	28974
17860	4	27230
20914	0	21063
25060	0	27582
24801	0	24179
21912	0	26196
29366	0	26692
26386	0	23924
15715	1	25881
15862	0	15050
24314	4	24443
19390	0	24526
16778	3	26296
24058	0	16393
29311	1	22214
18763	0	20257
22363	86	21316
24222	4	29202
25802	0	23591
29467	4	26686
20886	0	23527
16150	0	23120
19176	0	25862
26161	1	19969
24092	0	23915
20947	0	20488
25087	1	20544
17765	0	23928
21038	92	28523
22061	0	21869
19392	0	19740
18187	0	16746
15930	0	24449
19044	0	20501
22590	81	23102
20030	0	19627
25096	0	20407
19858	3	16507
26159	0	18167
15087	4	24561
23430	0	27411
18856	4	15989
21093	0	29382
25356	86	18661
24796	0	20078
21132	0	26464
19552	0	15009
20761	4	15836
21318	92	28505
25742	92	22323
16826	0	28398
29376	0	18318
26529	0	28365
20762	0	23678
15461	81	23002
21239	0	18938
17472	1	26791
22184	92	27589
20756	0	21466
16258	1	16052
26137	3	16713
22117	3	20233
23047	1	18359
17681	0	16748
21912	0	26461
21680	0	17016
20154	3	26761
22722	0	16093
15785	86	25099
22120	3	18014
19048	0	27896
22927	3	28123
16125	0	19039
15481	4	22153
24205	0	28572
26519	0	26602
23177	1	23182
24717	1	23479
17962	92	15680
29364	81	21396
17845	0	22154
21601	0	25181
26141	0	27367
20018	0	24906
24628	3	22886
15726	1	22270
15747	86	17583
25008	3	28076
17129	0	22897
18163	0	28519
29774	4	23902
16850	1	26881
16253	1	29388
24995	4	18990
24241	0	25259
29343	0	28494
21706	0	28117
19883	0	27093
19779	1	20559
21503	0	27797
18672	3	25835
19795	1	29182
29007	0	25259
26044	81	17733
21623	0	17975
21040	0	28309
21696	0	24496
26329	83	24284
23774	0	16920
22657	86	22374
21405	0	15097
23081	86	28851
22308	92	29056
23006	3	20491
21417	3	15128
21282	0	16279
20841	0	25936
21445	81	23746
22961	3	23831
29706	3	24645
15783	1	19609
23403	92	29656
20041	0	27761
24507	3	29427
19381	3	22153
15877	0	22133
16555	0	19541
24796	0	23608
19892	4	19995
18408	3	19856
19392	0	15399
18934	1	16666
21671	3	17639
19793	1	18823
25776	0	25610
15813	0	19674
21172	81	19197
16550	0	28339
21934	3	17939
16411	0	25276
16281	0	17006
24938	0	23145
24125	0	23783
19985	0	16487
24285	0	16710
26013	0	28720
15959	92	16728
24114	3	28603
18978	1	22359
22690	0	27137
19558	0	26126
16129	0	26686
15441	1	22259
18544	1	25485
15779	0	23798
24053	0	15249
21471	0	29687
21227	3	24659
19459	92	17095
16338	0	20116
15960	3	19204
18067	0	24007
21323	0	25438
23177	81	28779
24768	0	28041
19823	81	19483
18825	0	26822
17667	92	16100
22037	81	24994
16777	0	27470
22077	1	19601
21328	1	23747
15092	1	29152
18401	4	23824
21059	0	28330
29477	1	18332
24695	0	16803
26515	0	28214
21969	0	20121
24805	92	22151
24768	0	27729
24191	1	15582
25161	1	28383
19149	1	16869
21674	3	25574
16825	3	26865
21614	1	29552
21215	3	21548
29511	0	16625
16158	1	24879
25953	0	28629
23669	3	20480
26052	1	27452
19873	0	29593
19765	0	28833
19367	4	25707
21100	1	23810
22708	0	23371
20515	0	29079
18458	4	27740
22715	0	28938
23003	92	17445
26263	4	25207
15731	92	25603
22713	0	16552
16154	0	23160
19110	4	15030
16706	0	20548
29241	0	15996
16049	1	23390
15517	3	28649
22516	92	28056
24828	3	29784
25006	0	24431
20060	3	20446
21194	0	18312
21284	0	26668
19169	4	26107
16953	0	28489
26170	0	27850
28684	1	15081
29241	0	21161
21653	0	25937
19631	4	18815
21198	0	29972
19109	0	27815
29061	1	22346
15278	92	28051
15813	0	22187
23522	0	26735
19754	1	23231
22940	0	18149
24580	92	28468
21310	3	26727
19830	83	24282
15959	92	19913
24977	1	24650
19316	0	27669
21273	0	20198
28952	0	21865
24301	0	23312
24225	0	17234
24188	90	21777
20857	81	21334
23155	0	20169
19161	1	21140
24805	92	16387
22905	3	15168
17654	0	19602
29747	4	24873
21040	0	19230
21966	0	28484
24814	0	18571
16284	1	19666
21845	81	23128
23543	3	15529
16688	92	16460
15730	0	15696
28782	0	28006
24270	1	27860
21423	0	21896
29395	0	19609
23056	0	29303
25166	4	19530
22308	92	15141
25356	92	15363
21309	3	25768
21652	0	17081
21219	3	19223
15979	0	23650
18370	4	17926
18611	0	28121
16764	0	26768
19285	1	27545
21195	0	26319
24640	0	20685
21576	0	27676
28901	0	26595
15943	0	26530
24058	0	22197
15862	0	16279
21833	0	27700
18342	0	15380
18535	4	29938
24108	1	18351
24017	0	15181
24641	92	20087
28851	0	24898
19429	0	23508
23585	81	23039
24271	0	22490
25166	4	29405
16437	1	17088
29851	0	16814
29475	0	25571
20035	3	20422
21632	0	26770
19080	3	18948
17566	3	23304
24101	0	28315
19775	3	24317
15863	1	17750
28971	0	28341
24773	92	16199
19263	0	20568
17199	81	16425
17052	0	16319
16978	0	27582
19983	0	18141
21991	4	17354
21025	81	28682
17986	0	19979
18411	1	15704
21962	0	29881
21162	81	22689
25349	0	25659
17654	0	21568
20037	3	21453
15864	3	16029
20337	0	15002
21301	1	24887
22975	1	17661
29765	0	20284
16131	4	17973
23553	0	28475
24201	0	27323
15589	1	25824
29487	92	20150
29657	0	23154
22157	0	22102
24238	3	18493
17119	0	25801
26007	0	25811
17766	92	18039
26261	4	24532
23549	81	21428
20849	0	16626
20885	0	17297
15808	0	25140
25163	0	25646
21199	1	23178
17191	0	21716
21183	0	19581
23043	0	28923
15405	0	29848
22058	1	18795
20857	1	29605
17360	0	16463
21002	86	15460
17762	4	23566
29863	1	27444
19071	1	29665
15820	0	27148
16543	0	27955
19377	3	18022
16325	1	27516
28876	0	28759
19543	0	27360
19090	0	29616
20224	1	28445
22429	0	26555
21193	3	16400
26378	0	26932
20816	0	20920
19103	0	18804
21010	3	18180
17365	86	24758
25006	0	27153
15589	1	29435
21254	0	29606
18061	3	29196
24099	0	26936
16142	0	27675
16976	0	25538
24832	1	16647
21310	3	29875
15783	0	21659
29483	1	19709
22430	1	25642
17216	0	23963
15963	4	28958
24031	0	18724
18038	0	24133
29264	0	20995
24196	0	19120
24978	3	26764
19285	1	27677
25184	0	18941
24234	4	24375
25421	3	16043
22096	4	21364
18531	4	24916
20771	0	24002
19258	0	15162
15444	0	26457
16170	86	23885
25520	0	15648
29706	3	29830
24271	0	15601
20788	3	15192
21271	88	15900
19101	3	29950
29571	3	29257
21174	81	19194
18525	0	26892
28901	0	21837
15462	0	24137
22928	0	19701
20751	0	27337
16847	0	29521
24942	3	27215
16430	0	28619
18602	4	25136
15433	1	29036
24960	4	25543
19416	3	27369
25270	0	25723
24624	92	17074
22277	0	17926
24107	0	15026
21259	0	27275
25147	3	24007
19908	0	23265
20775	92	23519
21003	0	22439
26153	0	16983
29705	3	27000
16959	92	20494
21753	3	26120
25696	0	27647
21166	0	26285
24571	4	15004
19154	0	20619
29977	0	23892
23060	0	27819
26333	86	24836
24990	1	18130
22278	0	19783
20991	0	28406
21648	0	15840
24643	0	23833
21194	0	29165
19052	1	18814
17978	3	15668
28866	0	16882
20016	81	15961
23986	0	26232
24039	0	26766
29730	0	28497
17533	0	21897
29244	1	17222
16251	3	26816
17381	0	16524
22085	3	22912
24642	1	15304
26379	1	25217
29746	4	18948
22164	1	16381
24813	0	17366
17754	0	24485
16420	0	16938
21692	1	21960
18688	92	21359
21219	86	22789
25313	0	23966
21215	3	18081
17200	0	28805
24633	0	20596
25032	0	22578
22223	0	25532
16237	0	17096
24697	1	28176
24607	3	15161
16956	92	28715
22899	0	23923
29801	1	16648
21079	0	28006
22175	0	23331
22400	3	27056
26146	0	18693
18411	1	29149
21638	0	26946
28843	0	25218
19110	4	15264
25841	0	23812
17767	0	28575
24586	81	29266
19433	81	24308
15329	0	23187
19650	0	17316
19054	1	22319
17127	0	25904
18067	0	18317
20993	0	18437
15913	4	23119
23474	1	24344
21273	0	15145
28685	92	19662
19052	1	18385
25179	0	29526
29345	0	20526
24629	0	27253
22028	92	17620
16976	0	25504
20734	0	22211
20931	0	22252
22310	4	27832
16847	0	16837
19137	4	26960
24198	4	18810
24571	4	20482
18234	0	26729
24786	0	16351
21407	92	19244
20969	81	21151
17138	0	27284
25405	0	21946
28899	0	28990
20299	92	18419
17150	0	23544
15776	0	17776
19086	92	26546
16945	92	29664
24067	0	20584
17409	0	19179
20809	83	24283
24100	81	18405
19419	0	29792
21357	92	29911
29379	0	26970
20035	3	24713
17760	4	29861
20963	0	17723
29479	3	19848
26451	0	27380
16847	0	29551
18215	0	15295
15490	81	20719
20313	0	19922
29123	92	27584
17021	0	20569
17124	81	21025
19553	4	18820
18166	0	28196
15593	0	18157
19960	0	17501
15535	0	21754
15320	3	17786
16945	92	28407
23434	0	18720
19318	0	16229
21363	1	29983
21401	0	24461
25352	4	24737
17901	86	21826
24837	92	25833
23503	0	28097
16275	86	17534
28762	0	26678
21357	92	20181
24625	0	25926
23403	92	15267
17259	0	27968
21106	0	27931
26131	0	17224
17447	1	20341
22429	0	23957
19109	86	22914
21338	3	27670
25581	0	21840
22419	0	26883
24855	1	22322
21684	0	27027
17151	81	21399
29509	0	22832
25115	92	19266
18484	0	26858
15384	1	20455
22811	81	16028
15880	0	23740
25761	0	16065
22277	0	16718
17262	0	24341
25694	0	19450
28593	0	28146
24144	92	22236
15495	92	23197
25156	3	25999
21293	1	23561
22785	0	28771
25186	0	27715
24774	0	29686
28872	0	16721
17143	1	16496
24041	0	22497
16779	0	27975
24781	3	28592
25368	0	26113
18210	1	24895
22407	0	28769
26165	0	20116
16687	0	16913
24946	0	16487
16977	4	18298
20866	0	15138
23415	0	25879
25782	0	15379
21338	3	27707
20741	0	23098
20154	3	16919
24504	1	26205
21225	1	16666
20772	81	22929
16631	0	19805
29504	0	28102
29961	0	25297
26330	0	24617
20828	0	20207
23256	4	24648
21389	0	24868
17695	0	26501
20215	1	23898
22184	92	28053
17607	4	19711
15733	0	29028
15471	0	26059
18641	0	25411
29352	3	27661
22374	0	16357
19690	0	16914
18431	0	15271
22962	0	18996
20866	0	16924
20797	0	19505
21931	0	15013
28685	92	20283
19544	0	26155
18486	0	26493
21292	81	25385
18200	81	17862
16476	3	15135
22607	0	19996
17971	1	25866
23081	0	27817
25253	1	16892
21531	1	26410
23883	4	19596
24067	0	28389
21471	0	20406
24774	0	19718
24507	3	19943
21782	0	27382
26381	0	17294
19157	1	27659
24598	92	24500
16134	0	28318
20829	0	15161
17268	1	15150
23528	92	27931
29126	0	25989
17089	92	16605
18255	0	25976
20927	0	26111
24501	92	27409
15960	0	15368
19630	3	27134
21672	3	17029
22649	92	23710
20092	4	15241
25091	3	27920
21122	0	20615
19082	3	27875
15088	3	29596
17159	3	27037
23532	3	15065
16790	1	16114
18695	0	25840
16304	81	20645
24598	92	29868
21742	0	27613
18835	1	16224
28877	0	23389
17450	0	21793
28847	0	18013
19797	3	25340
21092	1	18831
18841	0	24038
25015	0	22583
29731	0	24177
28898	0	25614
25776	0	16548
24507	3	15196
22307	0	19622
23778	0	20099
28886	8	19598
15469	92	28797
15782	0	25172
19779	1	18004
23665	3	19595
25313	0	25382
19325	0	17490
22789	0	29058
24719	0	27573
22607	0	19247
21186	0	25951
24040	0	18950
15511	3	28825
29381	1	23946
25023	0	17903
29287	0	20122
17820	1	17204
21272	0	28408
24934	3	19805
18204	0	17515
23700	1	27751
25750	0	28610
23858	0	18519
17958	0	20709
18099	3	22595
18412	81	26274
19052	1	18818
18257	3	29858
20883	0	15523
15412	0	27621
21293	1	20403
24075	0	25262
20631	0	25899
17140	0	20662
17880	92	19009
29772	1	27648
29851	0	22554
16598	0	26931
20766	81	24080
28952	0	28954
15933	0	21582
24929	0	28289
23474	1	25550
21215	3	18767
29395	0	26574
15516	4	19006
28689	81	23186
29741	4	27266
19690	0	22444
29707	92	19601
22598	4	20132
22789	0	22502
22948	0	27612
15445	0	15835
23759	0	19136
19513	1	28951
29700	0	15523
24225	3	21762
15087	4	23950
24641	92	25268
18840	0	26565
26147	3	27101
21177	92	19738
28905	0	18958
21328	1	20423
25672	0	27410
17818	1	28714
18535	4	16887
23164	3	28259
26529	1	27884
19864	0	15039
21324	0	26102
21695	0	23061
16532	1	17341
19665	0	25459
24596	0	27037
22755	0	23373
21396	81	17874
15604	92	27918
15474	0	24516
23656	3	26667
24580	92	28707
18554	0	23062
20811	3	15831
15865	0	16393
17180	0	22506
17265	1	22513
17300	4	22229
24982	0	18657
18061	0	16058
17021	0	23336
17897	0	28820
17245	0	25238
25372	0	24690
22422	0	25835
20219	0	27903
20873	3	18437
21909	1	28750
18253	0	29874
22091	3	15527
29457	0	26366
25385	81	25368
24053	0	22732
26067	92	26587
20844	1	17550
22412	1	27429
21106	0	25590
20749	81	20777
24636	81	25212
29269	0	16385
17369	4	16702
17836	0	21729
25083	0	20009
22822	0	28750
23972	0	27350
20816	0	23194
24292	0	21342
25223	3	15185
22767	92	23407
25244	81	18288
15549	0	17490
25684	0	23618
28894	0	28247
15466	3	24699
17533	0	25572
18531	4	27955
20931	0	27618
24048	92	22497
19373	81	17199
20991	0	16356
21258	3	24437
15417	1	24590
15883	0	29922
21971	1	24815
24066	3	19705
18505	86	24203
16008	3	18839
21156	0	16092
23088	0	15126
24049	1	27070
23046	3	23113
18517	0	28152
21254	0	28323
21500	0	23670
19395	1	18532
29699	0	18267
24880	0	18308
21669	0	18678
25374	0	18705
22274	0	17950
21085	3	16741
21438	3	23126
20289	92	25307
17818	92	23236
16547	0	19277
21478	0	21879
26161	1	20349
22275	0	18664
21215	3	18172
18637	3	25890
17415	0	19920
24564	0	24560
29771	8	19598
20033	81	21327
15769	0	27991
24584	1	27969
25413	0	18046
21824	0	26046
17136	83	24283
22955	4	29805
21410	0	27794
29055	1	27616
25818	0	24352
22377	81	16027
24666	0	29790
26124	1	27543
15866	0	19927
24521	0	29618
19291	0	20201
24946	0	28136
18528	0	23719
24847	3	26458
22670	0	16358
21640	0	19189
15724	0	19968
15708	0	17348
15452	3	29049
21288	0	18687
18599	81	22367
17313	92	25576
29357	4	29907
23101	0	26016
23534	3	27942
19158	0	28527
22484	0	26732
22275	0	27720
24819	0	19200
22026	0	25527
15594	0	27811
20847	0	27448
21297	1	27456
26130	3	19207
21962	0	22248
19882	92	15949
19896	1	28023
22730	92	28000
17831	4	21619
16715	0	17539
22308	92	20680
21635	0	23159
22063	92	16585
17830	81	21045
24149	0	29093
23300	3	27678
15956	1	20134
28587	0	17338
29504	0	18375
18667	0	27725
21320	3	23497
22722	0	29675
20976	0	29389
24313	3	19036
18260	0	18722
29947	3	27449
26516	0	22019
16982	0	29083
23432	1	24003
20749	0	25716
19104	0	19803
22271	0	18584
26401	0	22021
21696	0	24503
16437	3	23811
17189	0	21858
20326	92	19992
29470	1	27828
23139	0	16319
23010	0	18095
23778	0	21490
17140	0	24132
23939	1	25348
25007	0	17661
17368	86	15532
15979	0	18165
15275	0	28012
15732	0	25796
25360	7	19704
17381	0	28890
21355	0	25431
18330	1	25577
20948	0	15026
25694	0	26796
20713	81	23137
16365	0	22475
22080	0	26742
20378	1	16861
24186	0	18888
23700	3	26646
19314	0	18765
20823	4	23324
19165	3	28946
19320	3	28426
21234	0	28259
29342	0	28470
21478	0	24485
15483	81	20658
17207	0	23809
29722	1	15921
19318	0	29090
25551	0	28333
20759	0	16584
17365	0	28526
15796	0	29210
25020	3	22440
21912	0	17474
20748	92	18963
29398	81	24840
22041	92	26883
18207	0	29183
29512	4	27221
29458	0	28967
22650	1	17039
18760	0	26751
21620	0	29650
20657	0	26657
25349	0	29540
28859	3	26998
15731	92	19032
18401	4	20137
17078	1	24647
17141	1	19344
15352	3	29275
28882	3	15787
21079	0	16812
21333	0	29500
16278	0	16528
21378	0	16375
21259	0	28335
15914	3	20510
29374	0	25585
29709	3	16402
15501	0	17521
20654	81	15515
25098	0	28525
23940	3	21813
16479	4	16177
16261	1	18122
16687	0	24488
19435	81	15884
16687	0	29118
29486	1	27253
26339	1	20138
22466	0	22356
29313	81	22003
16879	0	28633
19491	0	29070
20968	0	28478
24805	92	27345
20737	0	15333
22708	0	27180
21143	1	28895
22277	0	28162
15326	0	15085
16170	0	25680
19915	0	16996
19234	1	20502
16259	1	27618
15783	0	22139
17404	92	26800
21046	0	27375
17898	0	28353
19512	92	24669
16151	1	21090
24196	0	17511
18426	1	29034
21303	4	27096
18321	0	27729
19829	1	27590
20909	0	27259
16253	1	26430
21393	1	23024
21244	3	27099
23136	89	17426
17364	1	25895
22224	3	17810
17990	0	28975
22956	92	18087
15513	1	23361
15616	4	24536
15441	0	20357
21421	3	28747
21216	3	26791
19331	0	29780
24034	0	24169
19910	0	16062
20462	0	15159
18637	3	26585
16256	0	21897
18589	0	23477
23859	0	18924
22812	81	21530
18847	1	28067
24982	0	17387
19654	1	23602
25209	0	16597
21492	92	16241
21223	3	21785
29397	81	15492
17796	92	21546
19104	0	16733
15336	92	19954
16894	0	29597
23038	81	23039
18073	0	19954
16798	81	17806
21155	0	24470
24717	1	29170
22628	0	26589
29864	0	17231
20768	4	23886
22466	0	17953
25231	3	19817
16879	86	19873
20314	0	23227
25308	0	23974
16691	0	23489
22635	0	15142
23129	3	21797
25672	0	25257
19880	0	24603
26333	0	25945
15728	3	28074
21324	5	29872
20783	81	22936
15747	0	22853
17985	1	18948
20296	3	25564
22933	1	28411
24807	0	27414
28897	1	27956
26172	1	28047
28685	92	16705
25083	0	26569
21372	0	27010
20175	1	15755
19715	92	29984
24199	0	23291
24066	1	27299
22960	0	23328
18851	81	29450
26386	3	27109
15585	92	26624
18551	3	15100
25514	0	22437
19441	3	17003
29132	0	18850
18416	81	20830
16293	4	25715
22663	0	20051
18517	0	28606
26135	4	15523
21129	0	28568
21684	0	16184
22924	0	27667
23464	0	24537
18071	1	19571
21330	3	23148
25144	0	23388
26418	3	16747
19504	0	17485
25749	3	28465
26006	3	28057
17378	3	29380
17117	0	29283
28906	3	26815
15416	0	26878
15341	0	27050
28781	0	26939
22635	0	17461
21417	3	26673
25741	1	15356
20733	81	29877
24520	92	28829
20314	0	21619
23774	0	28321
15856	3	27877
25743	4	19303
22494	0	15206
22644	1	17572
26156	0	28299
29241	0	19924
15337	0	26914
17121	4	21119
21366	1	23896
23938	83	24282
17528	0	17742
25165	0	27225
24387	0	24668
16826	0	21476
15777	0	19708
21199	1	23179
23466	0	18986
17801	0	19709
25158	0	29628
28904	0	17342
21290	0	24715
20901	1	22212
29125	0	16461
17929	0	25947
24901	0	22696
20784	0	17778
19959	0	16805
23384	0	19218
28876	0	24548
17052	0	22030
23661	1	26252
16833	0	24327
16337	1	28619
29504	0	26277
23094	0	16332
17282	0	20044
15280	1	26047
19085	7	21236
15276	0	28311
18228	0	16435
24632	3	19274
22085	3	22908
21133	0	28870
17751	1	16188
24188	3	26553
22017	92	17623
22755	0	19724
16687	0	16201
19506	0	24413
19362	0	21285
25148	0	27409
22685	0	19742
21504	0	23109
18525	0	18284
21618	3	18690
19986	0	21935
17850	3	24701
17050	0	29943
21195	0	18866
16410	4	26587
18553	92	16385
24609	0	19827
23200	0	17081
17802	0	16665
17757	81	24793
26554	0	27510
20883	0	24887
15452	3	28772
18441	1	20115
20224	1	16565
22777	0	19840
24571	4	27703
20333	0	17521
19398	3	23306
17837	0	29813
16405	92	26021
18450	0	28243
24271	0	16223
17607	4	27797
21505	0	22411
19004	3	29798
18536	4	19999
18190	0	16502
15930	0	28117
20964	81	28979
19431	92	19623
22041	92	18147
21850	0	25795
15591	0	25845
19129	81	25009
28587	0	23226
20789	1	20389
17559	83	24283
19049	0	28987
26123	81	22590
21396	81	21464
19193	92	28343
22058	1	28126
19885	86	25349
16677	3	20069
22177	0	18337
24044	0	27185
21505	0	28996
17932	0	22699
23554	0	26461
18456	0	29451
17835	3	19814
17999	0	21889
15401	0	23743
23437	0	25905
21207	92	17794
25747	1	18154
17934	1	27138
24032	0	16179
24226	1	17941
29346	1	16799
21012	0	20004
25386	1	27537
21201	1	25439
20031	1	23163
19293	0	23239
23532	3	24657
21142	0	28354
21653	0	25540
24034	0	20568
24159	0	19645
19763	0	26957
15769	0	27288
17897	0	27758
20999	0	20813
19142	3	18278
25962	0	20267
16668	0	24351
21975	0	23951
28843	0	15999
18517	0	20720
15760	1	16110
18396	86	15664
15403	89	17426
22399	92	18108
29381	92	23527
26006	3	27679
21320	3	27300
28911	5	22280
21085	1	18265
16134	0	28818
17533	0	15373
26541	0	17629
18361	3	28607
18466	92	26957
26075	0	15670
15872	0	23127
18616	3	19463
29701	1	29541
18429	92	18149
24990	1	26950
17109	0	20264
22812	81	24728
26386	0	25599
20770	0	15014
24305	1	28827
16766	0	18357
22720	0	28449
19513	1	21956
29126	0	18950
23542	0	16663
15747	0	23776
16411	0	25064
24124	0	21953
21416	1	18103
26338	0	26313
22730	92	23889
20852	81	20645
17880	92	17691
21102	0	27416
21102	0	15921
28971	0	20418
25437	92	21790
16169	92	21935
20898	0	26901
15968	0	19227
19368	0	18848
21396	81	18288
22162	1	26901
23168	0	22465
21186	0	19621
24292	0	26587
17187	0	16066
16008	1	23518
25367	0	22771
25313	0	16570
16543	0	25964
17068	0	28726
24571	4	20661
20512	0	16004
20293	0	23161
24264	1	27875
22076	0	24143
21181	0	15096
19403	0	16733
18522	0	28795
16547	0	25330
25144	0	29045
25205	0	29153
26286	0	20938
22946	0	19642
19423	3	26443
25861	0	24861
24705	0	15811
20084	81	19646
25373	3	26496
21078	4	17553
17715	4	18768
26150	3	27847
29573	3	29042
23102	81	19313
21290	0	29144
28862	0	28777
25184	0	25207
17987	0	15292
24090	0	21120
22135	0	25500
25381	92	29590
17313	92	23650
17155	1	19581
21686	0	24557
20023	81	16047
24827	1	27386
18444	3	27432
19122	92	18909
21022	0	19492
16422	0	22510
24963	1	16212
29458	0	15174
18468	3	28156
22988	92	19586
19205	86	29367
15455	92	15555
24122	92	24372
20057	0	15697
25165	0	28576
22671	4	20394
23000	0	27579
16302	0	23779
19320	0	25798
26267	92	27261
29287	0	22231
25696	0	28830
22079	3	27452
17097	3	25623
20760	1	28358
29778	92	24815
24904	1	18890
22905	3	22454
24237	86	16422
24421	4	27166
25349	0	22460
17196	81	17303
24188	3	23545
20907	0	18767
23550	0	16220
29131	1	29542
22898	3	27186
24517	0	26551
15862	0	23626
19390	0	16918
25007	0	17637
15769	0	27264
22059	0	24755
15784	0	28619
26179	4	20385
29486	1	21453
15302	4	25875
18239	0	27582
17199	81	25157
28855	0	28968
24553	1	29651
20843	0	27076
22015	0	24430
22606	86	21970
20816	0	27006
22608	0	19561
25313	0	21600
20879	0	28130
21919	0	19832
24946	0	27838
18533	1	27782
25490	0	22546
21835	0	27383
20776	0	22469
29352	3	16860
18842	1	18989
28690	4	24176
19112	1	23156
24959	81	24167
19876	3	23887
21826	0	15992
21496	81	18677
19153	0	20230
21508	0	22480
19129	81	21527
18187	0	18044
22164	1	29192
19858	4	20634
29570	1	23375
22126	3	26889
25013	3	15252
19375	0	26728
29414	92	27522
25420	86	22784
17191	0	25823
25293	0	16212
22644	1	27806
19141	3	17749
17985	3	20177
24784	0	27537
26334	0	26850
19862	0	18157
22815	0	28714
25292	1	26602
24505	4	25909
24781	3	19222
17211	0	15114
28591	81	29469
15819	0	21900
19689	3	15068
19319	4	20699
16255	0	25475
16768	0	28326
29259	0	24377
16533	1	25333
22784	0	27635
19381	3	27897
17998	0	18292
15416	0	28227
16235	0	24173
19319	4	20589
20033	81	18189
23878	4	29927
26116	0	23823
22922	92	18222
15542	0	17063
21300	0	19281
18621	0	17193
25385	81	26175
20065	3	24294
17356	0	29129
25749	3	27204
23873	4	27359
20783	81	17931
25115	1	25739
17128	92	28291
20770	0	26908
17894	1	22751
16687	0	27309
19206	3	20261
22953	0	28195
22483	0	29641
20035	3	23821
20752	3	23895
16715	0	15694
19378	81	23659
16420	0	20052
22685	0	24346
26124	1	18249
26326	0	26937
20989	0	17349
19506	0	19929
20579	0	18829
23041	1	28177
26262	0	26366
16405	92	16399
15798	0	15989
22914	0	29664
18603	3	29232
18627	8	24467
16129	0	28104
19823	81	24817
19416	3	28706
25727	0	15170
23436	0	26968
23550	0	27433
24084	0	24028
17599	1	28527
15327	81	20027
26274	81	22971
17078	1	23340
15347	0	27291
19141	3	21763
19363	0	23786
23422	0	20562
23774	0	25716
29312	1	21787
21855	1	24416
17191	0	22504
15739	1	18747
25030	3	21752
20333	0	29368
15591	0	26842
23863	0	25049
23053	81	20719
29511	0	23253
20053	81	17682
19879	0	25622
19576	0	26591
18544	1	19221
16305	0	20048
24226	1	28826
19438	92	29331
29705	3	15590
24186	3	29296
15421	0	26125
15604	92	27549
20753	1	28703
18253	0	27255
18213	1	25862
16931	0	28980
18135	0	19426
28898	0	18922
17886	1	26406
24095	3	15267
15721	3	26194
29695	1	20583
21388	0	22546
23598	86	26519
15442	81	29775
20059	0	28078
19459	1	24545
21266	1	17037
22397	3	27693
22126	3	27898
20015	8	19598
15791	0	22242
19403	0	22204
16959	92	21956
18454	0	20265
24493	0	26809
21990	0	26060
24997	4	29507
18236	0	29674
22169	0	27784
21252	0	26552
17149	92	21922
15925	86	29573
21208	86	29220
25192	0	29038
17070	0	22030
26006	3	29981
25252	0	20069
22462	0	26591
22085	3	27249
23476	4	23623
15347	0	18033
24155	0	26732
29527	0	27524
24507	3	29030
20968	0	16752
21843	3	18775
15389	0	18947
21715	0	16146
21345	0	16458
25404	90	16190
29261	0	15054
26380	1	26243
22397	3	18092
15802	0	29322
21200	0	28646
24624	92	25394
23048	3	22348
18566	0	20254
25045	3	15197
21199	0	27945
16770	0	26561
18099	3	20449
24399	1	23512
24632	3	28165
22418	86	24064
17761	0	27095
21155	0	20373
20636	3	15238
18208	0	17086
17796	92	25831
23775	0	17687
17375	1	18550
29505	0	17174
21324	0	28229
22755	86	26482
22934	3	25450
21511	0	26639
18076	0	17589
20751	0	24917
17549	0	25713
18507	0	22318
22044	1	23226
24089	92	26417
20768	4	28293
18856	4	29595
22427	0	25958
22560	0	28033
18628	92	20389
29124	0	18069
18569	0	16024
18529	3	26988
16691	0	18015
17826	92	17030
22096	4	22869
22306	3	29174
24774	0	16465
21319	1	20609
16405	92	16527
17155	3	20641
19373	81	20947
16258	1	15114
24111	1	23813
17409	0	22345
23300	1	26243
24776	3	25604
24776	0	23098
25988	0	18317
26130	0	27265
22009	92	23019
21593	0	19918
24847	3	27396
21385	86	19262
26142	1	27378
28594	0	23020
23104	0	27922
15783	0	29631
21268	0	27638
20731	81	21575
21258	3	28444
23384	0	22533
21249	0	23715
25371	0	24616
21181	0	23561
25565	1	23964
21022	0	29597
18324	1	22537
20299	92	17565
24562	0	24560
26177	3	21765
19886	4	17588
21396	81	26175
20921	0	20625
20870	0	15042
22665	0	20359
15812	0	22344
22755	0	15180
16331	3	15038
18003	0	27762
21155	0	20562
24982	0	15644
29700	0	17508
20999	0	26759
19044	0	27834
23041	3	28177
25208	0	27380
19076	3	20111
15616	4	25530
19792	4	28578
17861	1	16203
19385	92	19231
20311	0	25635
17360	0	22387
29314	0	28215
20091	92	18089
29893	1	26864
18695	0	29179
26264	4	29656
20959	1	27947
18441	3	26043
21239	0	29913
15382	1	28797
25758	0	26039
24789	0	23905
28899	0	26817
24048	92	17328
21508	0	26187
23049	1	23022
15443	1	19277
17117	0	17194
26015	81	18406
20462	0	16390
24035	3	17331
16982	0	23358
29225	92	20994
21080	0	18094
21204	0	25264
20856	1	15006
19977	0	18867
19058	0	16569
29967	0	24135
25234	3	29115
20316	0	27009
24830	4	26609
21405	0	21451
20725	0	26757
21215	3	29253
29415	1	24477
24203	83	24280
29692	81	24840
20974	0	23807
19356	92	28258
24057	92	29223
28899	0	27031
17210	0	28724
21308	3	22210
16687	0	15116
19367	4	19856
25162	1	19673
25861	0	29161
20843	0	16940
25314	0	29878
29745	4	24922
15332	0	25061
18602	4	25700
22709	0	17649
20058	81	15283
15662	86	26178
22689	81	15633
20762	0	26204
16280	0	25833
21413	81	17303
17583	0	28427
18452	0	15128
24036	1	29859
19754	1	29362
15549	0	18251
20774	0	26849
29961	0	16604
22739	0	19814
23869	0	24764
25383	1	25571
20992	0	27895
20057	0	20223
17179	0	23611
19875	0	27188
20715	1	16116
16286	1	27009
22978	81	23128
28866	0	16765
22808	81	20058
21397	1	18747
23468	0	24456
22731	3	20592
29241	0	29793
29779	3	20639
24826	3	18876
22876	0	19465
24051	0	26429
17849	0	25871
22960	0	21942
29317	3	27274
24991	0	19039
15432	0	19266
22863	0	19835
25186	0	29016
16963	92	23906
18626	92	26035
26006	3	25533
24588	0	16361
16676	81	15488
21279	3	27521
21234	0	24491
29770	1	29002
29573	3	16565
17251	0	16153
18625	0	26737
15932	0	26778
23200	0	25583
22424	0	21952
25663	0	20103
17707	0	17222
22867	0	21949
24980	3	27423
24639	0	17080
22955	4	15086
17835	3	29895
16157	0	26343
29458	0	25852
28696	3	22702
24510	0	21590
23053	81	21441
17963	0	27841
23771	0	22352
29357	4	23815
16260	3	29979
25312	3	25939
24259	0	16264
25388	92	16601
22741	0	28366
23588	0	15674
29287	0	25843
29744	0	16754
21725	3	21943
19048	0	18882
21229	0	16334
21258	0	27390
29487	92	23631
29350	0	18464
20464	0	25812
24235	4	17977
16831	3	18981
28909	3	27440
24810	4	23191
21715	0	27330
21909	1	29888
22226	0	27424
16716	0	26374
21300	0	20568
21113	0	24761
16980	1	15637
16949	3	26582
18412	81	22624
29511	0	21364
16271	92	25836
17314	3	15615
29955	0	19838
28855	3	26583
21607	3	29147
25515	0	23928
18628	92	27456
22299	4	29151
29261	0	24354
25040	3	26064
20080	81	25044
29766	92	28341
19141	3	18962
17117	0	17949
22575	92	26296
24894	0	26674
16286	92	21767
18433	0	20159
18513	0	26886
15587	0	25412
21422	3	23111
25369	4	27311
24933	92	28498
15420	0	23530
22056	1	25055
17762	4	27959
29735	81	23540
26385	0	17923
15936	0	17460
19349	1	17568
19169	4	25259
25224	0	20050
23470	0	26886
19875	0	27472
17415	0	15255
29456	3	17563
29504	0	28036
24851	0	25119
22796	4	27993
16982	86	17371
15814	4	28231
22367	81	21974
17381	0	16592
15587	0	20199
24542	0	24482
19331	0	19229
21070	0	28908
19975	0	26889
23595	0	28535
23772	0	15794
18978	1	16704
25314	0	25809
21916	86	22114
16170	0	27414
22376	0	25654
19364	92	26866
19382	0	19945
15624	0	19182
22091	3	16451
29495	0	16921
21661	0	27082
19882	92	25723
19377	3	28553
20726	0	28275
18396	0	20526
16537	92	17657
15739	0	17422
29484	4	20920
20776	0	17238
15519	81	25245
18459	3	28463
29006	92	28969
15959	92	27705
21176	81	18635
24421	4	18269
24047	0	18574
19443	0	27728
17381	0	20699
17411	87	20123
22017	92	28184
21078	4	27533
26398	0	24561
18542	0	21796
16286	92	16266
19132	0	17416
15472	1	22250
18553	92	27337
22588	1	23110
21667	0	20547
26171	0	17083
17993	86	15795
19142	3	24492
16826	0	21979
19412	81	29460
29511	0	21959
18633	0	23723
21848	0	19810
24994	81	20947
22719	3	27615
17394	0	19042
21320	3	27350
20649	3	27815
28762	0	18901
18822	0	22241
21154	0	29036
17160	3	24347
22721	0	28610
19791	3	25614
22711	0	24317
24798	0	27646
24585	3	21364
15662	0	23019
16306	1	27132
19880	0	26217
18396	0	29162
29258	1	15704
22223	0	22479
16429	1	15221
15747	0	22521
19959	0	29174
17139	1	16572
22224	1	28159
19286	0	22405
16542	0	25267
19498	81	17400
16760	1	28096
26334	0	26357
29761	4	26510
21577	0	24514
17191	0	15065
22724	3	16620
20979	3	28551
21191	92	25996
17890	3	28563
19113	3	23841
25023	0	16187
19823	81	23699
16253	1	27134
20756	0	29283
26274	81	23396
18685	0	28554
25114	0	15809
19515	1	22574
26512	3	25885
21156	0	24646
29822	3	25637
19936	0	18101
29734	0	20233
21337	0	26355
21128	0	15095
23101	0	19451
26269	0	25760
22426	0	23557
29343	0	23755
21742	0	21568
16131	4	23622
22635	0	16734
28845	0	15810
22477	86	25040
23588	0	20508
16253	1	26722
21416	3	24161
15463	1	23605
19441	3	17016
25060	0	28288
23173	0	24601
19665	0	28180
18842	1	18867
26048	0	22492
22118	1	16066
21040	0	22219
29471	0	26848
22004	0	23517
24202	0	17921
24228	0	22353
26072	86	29954
18319	3	27381
22804	4	20671
22626	0	26354
20298	0	26563
21782	0	29325
29765	0	17192
25515	0	27670
28887	1	24446
26497	0	28163
16551	0	16927
25253	1	20453
15469	92	26774
24995	4	18972
15092	1	27244
22788	0	17717
29505	0	26752
17117	0	26454
20742	1	26393
20866	0	24425
19103	0	16711
17753	1	27923
19321	0	20990
20829	0	29873
19299	3	22053
21053	0	15085
22088	0	19001
21640	0	15529
17021	0	15536
24782	0	28222
22762	0	19041
18454	0	21714
21126	0	28029
24097	0	26729
25357	0	27276
26075	0	28647
19420	4	29674
25162	3	25503
21530	81	23103
19553	4	27075
15087	3	24022
22096	4	29167
23482	92	18918
21780	0	24526
21525	0	29841
24851	0	17214
26167	0	23131
23409	0	18301
21911	3	17633
19353	81	18552
25900	0	22290
18587	1	28230
15932	0	23106
18689	0	16182
19403	0	20679
19139	0	27950
21259	0	26893
24839	92	19973
24144	92	28367
29007	0	26956
19513	1	20451
22307	0	15679
25371	0	21477
23941	3	20951
16833	0	29686
18620	3	27795
28849	0	24014
19169	4	27306
17832	4	25845
19794	0	24445
29709	3	16193
17250	0	21899
22311	92	21690
19193	92	27178
24785	4	27468
19819	0	19578
17849	0	20814
15278	92	18937
18105	0	17940
16415	0	29294
21652	0	26000
19534	86	18835
19326	0	19265
25243	4	18049
18076	0	17543
20732	1	27641
19760	0	28235
29961	86	25290
24965	0	17492
18506	0	19600
26171	0	25992
23971	0	15248
20022	0	17104
28695	0	20156
24304	1	15521
15662	0	17966
17701	81	28591
20741	0	24345
17528	0	26101
25039	0	28511
21823	0	25552
19112	1	26737
24034	0	16080
16650	0	19612
17313	92	26361
22604	4	17099
15440	4	26409
24824	4	20103
22709	0	25875
18689	0	29598
22962	0	22538
20754	0	26923
24578	3	25948
15814	4	23676
15415	0	18464
16148	4	26291
15863	1	16877
16168	1	18925
29749	0	26600
21958	0	17042
15960	3	20557
20472	0	21554
25299	92	21945
19112	3	20677
19494	0	28503
18302	0	20190
17854	92	23903
21068	0	19583
24595	1	20675
29718	3	26856
19314	0	22148
19830	81	21575
22789	0	15792
19197	81	25834
21495	1	24401
29729	0	27977
21055	0	21978
18142	4	28448
23001	92	17550
19977	0	23228
17880	92	29114
16338	0	18749
25692	0	18958
20866	0	26205
21032	0	16227
19117	1	15027
17356	0	28071
20811	3	26931
16008	86	15941
29696	1	15692
29290	0	28104
20627	92	20587
24958	1	29608
25666	4	21744
16327	0	27282
19751	81	23039
23940	1	26556
15834	0	17041
19423	3	28540
20579	0	19623
28782	0	23283
25245	81	28681
19133	4	29956
17380	0	29634
19895	1	16712
21128	0	28376
24995	4	18312
26401	0	16382
24629	0	16872
18076	0	19955
19116	0	22473
18557	0	19723
22932	4	28502
21374	0	19832
18487	0	18034
20959	1	20249
22183	0	17248
23382	92	28331
18369	1	26782
16543	0	17635
24960	4	25688
22980	0	20121
16761	0	26510
17464	0	26394
22786	0	29788
15857	0	28082
18802	0	25918
24811	0	26884
18142	4	22105
16536	1	24372
22943	0	15852
29948	0	27449
18353	0	19924
19175	4	23675
26171	0	17689
19899	92	28244
22980	0	27957
18753	81	24944
19320	86	16320
17298	0	18138
23539	3	18738
25205	86	21214
17120	0	27669
28685	92	25442
16476	3	26302
19160	1	20003
18660	0	28355
16715	0	26017
15858	0	20800
21634	0	15897
22428	0	28015
22955	4	23282
18558	81	26163
24594	0	26225
24574	4	26624
15779	0	26855
18461	0	27453
17884	1	28307
21966	0	23675
29714	0	29438
19254	0	26938
15507	4	28794
18071	3	28824
29768	4	26215
21916	0	28099
18142	4	16389
25861	0	19308
19154	0	23512
24951	0	15450
21517	0	19869
25228	92	29671
15819	0	25892
20297	3	27299
21158	3	17577
15966	4	17081
21356	92	15380
20741	0	27698
21027	0	21582
24117	4	19227
18507	0	22548
15440	4	25858
20054	1	27503
20959	1	19648
20948	0	19565
19176	0	17952
19297	1	21935
25146	92	26878
19063	3	26544
16437	1	24767
26031	0	21067
19364	92	22828
20751	0	26829
21152	0	26105
17374	0	27657
16598	0	27012
25581	0	28286
20768	4	24135
17374	0	18174
21054	0	26596
22606	86	22995
22623	0	27766
24599	92	22851
21430	0	20609
20722	1	22371
18065	0	28325
21280	3	18666
28886	0	22888
15453	3	28630
23664	1	23385
19628	0	20693
19357	3	26560
24684	81	16297
20314	0	22072
22737	0	22530
20716	0	29187
20154	3	23220
17395	0	27440
21229	0	28020
29748	4	15046
21973	1	26925
19438	92	22155
28687	4	15301
22311	92	28091
24042	0	18180
18396	0	23450
17371	0	20000
20849	0	26316
21904	1	27232
16162	0	24707
17841	3	17609
20794	0	29610
18535	4	28394
29220	0	24240
25045	7	20657
19380	92	19963
23444	92	16718
15588	1	29406
20717	3	19470
23669	3	24686
21273	0	26527
18466	92	21986
24186	3	17975
18429	1	24557
21258	1	18276
26070	92	24355
22955	4	26406
19152	0	26575
29490	3	27190
21696	0	18931
25192	0	16703
20031	92	23163
16049	3	27605
17976	1	20349
19147	3	20589
15889	92	19456
25039	0	21429
29783	3	29202
23549	81	19365
17880	92	25557
21301	92	17679
29778	92	15974
21199	0	27010
17880	92	27394
17121	4	16100
22733	0	19625
19936	0	24523
15867	3	27382
25080	0	28848
28883	0	29680
29966	1	27059
25228	92	29652
20337	0	16525
25114	0	26780
24824	4	15263
19380	92	20086
18010	0	28148
18544	1	16835
19409	0	15620
26539	4	16810
19323	4	23825
25080	0	25590
21991	4	20480
26159	0	24737
24641	92	15552
24272	0	24005
17278	0	17918
19162	3	27790
21630	0	19713
24884	1	22487
24992	0	26971
19162	3	26921
19689	3	25660
18324	1	27677
23878	4	16934
20779	0	15641
25672	0	16701
18527	0	26552
21311	92	22546
16476	3	23019
22619	1	18957
20989	0	27130
19050	0	18730
17801	0	21660
20726	0	16231
16598	0	16221
17673	0	19607
26403	0	15691
16405	92	25070
22390	0	19272
18236	0	27167
23045	0	27356
15460	0	24456
15336	92	20604
21463	81	16950
20898	0	17332
21738	0	18541
29287	0	18137
22799	1	28535
20774	0	20640
19193	92	20102
22725	0	22112
21539	0	24535
21330	0	19785
18604	1	28499
24233	0	23544
20811	3	26090
19506	0	27337
28789	3	20680
15456	3	19712
18625	0	27559
22689	1	28870
23013	0	16738
23476	4	26967
21702	0	18041
16769	7	20818
23771	0	29067
19755	1	29494
24987	0	28925
29235	0	21836
17187	0	18303
29061	1	26700
21351	92	28157
19498	81	22944
21648	0	22222
19763	0	19338
17662	3	17521
26268	3	26656
21973	1	28914
15666	0	16915
17876	0	17723
15827	86	21300
19880	0	28508
15823	0	24453
21017	0	16313
22381	0	25964
25960	1	26542
29996	81	20624
25310	1	17524
17560	0	24909
19916	0	21473
28697	1	26838
18454	0	26632
17187	0	27749
21406	0	21758
28787	1	20820
23177	81	24224
18213	1	28037
15966	4	16085
20520	82	22522
15427	1	24489
19760	0	18181
15925	0	27785
17957	0	23217
22116	0	23705
24847	3	20720
29725	3	26601
24285	0	26650
21324	0	15759
17681	0	22877
29480	0	26973
22037	81	18406
16855	0	24668
19249	0	21096
24784	0	16907
17308	0	23992
19193	92	15136
19638	1	24494
19514	0	22290
25030	3	22751
20945	4	29218
17861	1	25139
20843	0	27233
17887	92	22806
21083	3	27313
21540	0	18320
16415	0	27594
17990	0	22791
28903	0	20046
19545	1	26886
22096	3	19309
23314	0	24482
24992	0	18382
19101	3	25875
17380	0	25178
20861	1	23680
19324	0	25891
18668	0	21449
18609	0	24499
15785	0	24886
15509	3	17461
23651	0	28259
22603	4	26207
16338	0	22495
26346	86	28867
22370	3	20499
16691	0	25625
16421	0	17423
21380	0	15011
25368	0	26115
21107	0	15264
22927	3	24137
17883	4	15558
18204	0	24703
21974	81	25385
29771	0	27400
24838	92	18707
17380	0	26615
20793	0	25819
16847	0	25486
25567	3	28737
22606	0	20192
18010	0	25375
22993	0	21365
28677	1	25864
16853	1	25341
28878	0	26211
20757	0	16355
22043	0	26464
21507	0	23995
21255	0	27427
15341	0	17063
16770	86	17987
16979	3	28576
21256	1	24404
16773	1	16114
17027	1	20403
29287	0	20241
22799	3	28535
21224	3	15557
22428	0	23984
22609	0	27359
21103	0	17461
25998	0	22295
22812	81	16950
20657	0	22900
25406	1	23485
25079	8	20322
24227	1	16515
21338	3	18732
19443	0	29562
16170	0	26431
18405	0	17807
22653	0	23687
18553	92	17917
16437	1	26566
20064	81	20014
20520	89	29237
24768	0	16094
18525	0	24741
19802	3	18295
25779	0	27188
22657	0	29206
19358	0	23750
17129	0	23752
17886	1	24449
29756	4	21563
20324	3	23371
19368	0	22165
21843	3	15291
16539	81	23660
17199	81	17274
21653	0	25950
18529	3	24441
21511	0	25304
22082	0	24444
21420	3	26982
21487	0	22878
28878	0	26221
21106	0	28606
23772	0	27234
19328	4	22696
21196	0	17627
24848	0	25343
21682	0	28713
26149	4	26957
22127	3	19996
18432	0	24352
22045	0	20011
15965	81	19107
19975	0	19621
21782	0	28474
21463	81	19435
20324	3	16513
25953	0	20471
21441	81	15605
21824	0	16122
23016	4	27388
21092	1	17923
24810	4	22281
24251	1	15762
23700	1	27054
22058	1	15408
21782	0	27144
24839	92	16489
19382	0	29074
22395	3	26232
16422	0	23571
21290	0	18803
18854	81	23396
16428	92	15020
17051	0	17728
29475	0	23810
24995	4	26363
18302	0	19696
19489	0	16719
15460	0	23579
15410	81	24497
15330	0	17776
22310	4	17719
29728	81	21673
20219	0	20544
18204	0	27293
18226	3	15311
20741	0	27876
19137	4	26125
25287	0	24028
16770	0	24663
15462	0	26187
15799	0	19917
29698	0	15651
22039	0	29388
17682	81	15882
15404	92	19589
19441	3	17001
15815	0	23378
15774	0	27668
25694	0	29224
17276	1	28801
23459	1	23230
29711	4	18788
21038	92	26781
20458	1	15313
17828	3	26244
18514	0	25992
21226	1	28758
23636	3	19274
25982	0	16113
21601	0	21891
16049	3	27985
25381	92	29934
21458	81	25621
17179	0	26531
17470	0	23702
25313	0	20953
20898	0	26908
15384	1	20454
15410	81	25834
18825	0	27606
16846	3	28318
25556	0	23894
16547	0	25677
16763	0	21861
21389	0	27673
26142	1	27507
18504	0	27650
20885	0	19011
29057	0	26913
24963	1	23798
20626	92	28776
29770	1	25461
25672	0	20167
18620	0	27906
16150	0	23642
20850	0	26629
15275	0	24379
21056	0	28927
17783	92	15388
22361	92	25197
22749	1	28656
16300	1	18716
16162	0	19219
28971	0	20357
19319	4	28100
17053	0	18593
25205	7	21018
23651	0	15846
19285	1	16506
22313	0	19342
18410	0	20098
18499	1	15757
22592	1	23312
19689	3	24413
16133	0	26829
19071	1	20490
24859	0	28040
16049	3	21772
20837	3	20480
18611	0	23616
23135	89	29237
17383	0	27621
16438	0	17912
18367	1	19923
17569	4	27829
25345	0	18740
24277	3	24059
17848	1	26815
23017	0	23828
15719	0	19784
15833	0	16193
17160	3	18391
15731	92	16505
24502	1	26082
21478	0	26732
18555	0	26049
17535	92	25170
25301	0	25853
17180	0	26523
18363	0	22475
22120	3	15849
15709	0	22254
19477	81	24506
24951	0	23907
29142	0	27282
18018	7	22373
16933	4	19938
24788	0	17650
24765	0	27308
17273	0	27996
21245	0	26531
16960	1	20622
19507	0	18186
20949	4	16741
19294	3	28635
21725	0	21943
25152	0	16473
16680	0	15746
19086	92	19619
29487	92	28147
21531	1	19037
16638	0	19069
22075	0	28003
15867	3	18481
19882	92	28391
29241	0	27733
22310	4	26350
17554	0	20008
21256	3	29556
18324	1	26661
22725	0	22326
20630	0	28193
18425	0	24889
15466	3	27943
17115	0	22320
16637	1	26836
16283	0	28561
29699	0	21473
16788	0	16079
21652	0	18699
19884	0	28848
23091	86	25360
19687	0	21760
16407	81	18406
15087	3	23957
18857	4	19001
22691	4	18160
23274	92	15313
24814	0	27319
17453	0	16707
19109	0	21342
21215	3	16884
18761	81	23137
20865	0	29548
21005	0	20611
23665	3	28309
22733	0	26671
24824	4	26319
21142	2	16675
18054	86	25037
20903	1	27641
15511	3	25602
22373	0	18270
22744	0	15208
25013	3	28058
19206	3	19818
18342	0	23913
22958	0	23086
21031	1	19223
25640	0	18270
22652	0	22437
25732	0	17010
19415	0	26781
28973	0	27671
29039	86	26346
16253	1	15753
21074	0	15006
25006	0	20100
22731	3	18692
19791	0	20551
21614	1	18262
19792	4	24476
16205	0	27729
22430	3	28247
22091	1	28251
21652	0	26244
17415	0	26741
16198	0	29337
29719	4	19209
26269	0	17339
24629	0	20629
24696	4	29136
23173	0	24321
24776	3	17419
17861	1	16900
25778	0	26086
18440	4	22345
17835	3	18267
19506	0	15068
16167	3	26670
22081	1	16810
18665	0	15560
21626	0	15125
19288	0	21660
19884	0	21900
19664	0	23369
17783	92	29670
19684	0	18806
21029	0	25867
19482	3	20493
20313	0	23114
16134	0	16046
22120	3	16000
24983	0	17232
20847	0	26009
17274	0	16095
28690	4	17740
20850	0	27394
20515	86	21076
24243	81	29130
25091	3	16509
22126	3	27881
29412	3	26609
18544	1	19737
20718	1	26571
24314	4	16456
26080	1	18112
23142	81	18408
18535	4	21896
25030	1	28109
24121	0	17703
23661	1	15702
17854	92	27840
17140	0	20480
20972	0	20168
19895	1	15763
15326	0	27622
25020	3	26041
19977	0	23900
17255	3	24744
16989	0	26087
21288	0	16313
24529	0	16394
17958	0	26887
15426	0	29674
24097	0	18154
24999	4	15133
22017	92	22871
18662	0	18392
29007	0	26900
29513	0	21918
25422	0	19789
21384	92	19019
19047	0	28517
19293	0	28838
23856	1	17293
15832	0	20525
17558	81	16639
16977	4	27762
20928	3	26567
17125	81	29398
16237	0	26277
23079	1	16110
26178	3	15655
22991	4	27328
20219	0	24447
22590	81	21327
22777	0	27771
17127	0	16671
18529	3	23335
20037	3	27981
26392	0	29240
24831	0	29162
17803	3	21647
19503	1	17175
15814	4	19031
20848	0	27797
17669	0	23152
28698	3	27384
16788	0	22231
15981	0	18270
16787	0	15371
29864	0	20045
21115	0	20418
25000	0	27516
23142	81	16297
24034	0	18948
19691	0	25825
29697	0	28704
28851	0	29252
28682	81	15534
17113	92	18979
22423	0	17907
19417	3	25932
20333	0	25323
22310	4	20075
19176	0	26622
23015	0	21120
23059	92	19944
18976	4	26963
20294	1	27186
19354	3	26193
19122	92	28004
28696	3	17940
22090	0	17000
15443	1	28057
22364	3	23583
19175	4	16239
22311	92	25864
24938	0	26610
16641	1	27554
17396	0	22500
15732	0	22833
29458	0	20259
25030	3	29448
22310	4	17691
21390	0	27914
17189	0	16068
25253	1	20344
29264	0	21596
19129	81	21448
15430	92	15109
24825	1	22220
18628	92	21658
25081	0	15051
20337	0	16615
26261	4	25354
17985	1	24441
21636	3	23463
21142	0	16712
23538	92	27754
29486	1	17502
20759	0	19671
20298	0	25194
21843	3	29192
20884	0	25499
24319	92	16558
20864	0	17480
19853	0	22702
18457	0	28117
15512	3	17340
26327	0	17353
18235	1	16904
22076	0	19583
23047	1	25807
18626	92	27582
19894	92	20145
15770	81	18377
29566	0	19537
18667	0	24699
26520	0	23250
18783	0	17972
25567	3	19556
21345	0	27454
19402	0	19726
19064	92	22829
17390	0	19702
18553	92	20661
22057	1	26191
21020	0	19472
22058	1	20500
29138	0	26676
19503	1	29533
22013	0	28144
25335	0	19278
15481	3	22171
18618	81	29758
29413	4	27200
16774	0	18221
19071	1	15789
21169	3	16179
17992	0	18309
19296	0	26812
19874	92	18103
24255	0	19842
26376	1	18272
29343	0	16191
21194	0	26811
24564	0	29262
20747	3	28335
19017	0	27990
21383	3	27762
19121	0	18314
22905	3	29109
24181	0	28454
28763	3	27422
17233	0	27645
25085	81	17274
28901	0	27622
21686	0	17004
21655	1	23214
21696	0	18983
22484	0	21879
19610	0	26703
15604	92	16938
21316	0	28556
23646	3	28652
21048	1	22571
21928	1	24740
22722	0	17950
22466	0	15383
21345	0	16511
20022	0	24710
24057	1	22298
25020	1	22439
19335	0	27755
20059	0	27001
29947	0	25616
26433	86	17567
22740	86	24035
25741	1	25660
15092	1	28618
16440	0	22514
23662	0	19644
22308	92	27202
25161	1	18079
21901	0	27032
20935	0	27110
20972	0	26722
24790	0	15810
19018	0	28013
17282	0	27884
22426	0	17468
19875	0	23134
15459	0	26646
23001	92	29645
29417	3	20426
16419	0	28538
19335	0	16842
29489	0	28775
25032	0	26832
15593	0	16623
25365	1	16563
15767	0	24008
24946	0	18727
24420	0	23066
19324	0	22406
28681	81	24081
24264	1	23620
25369	4	27799
21037	0	29211
25150	1	26367
25749	1	28465
24980	3	25106
21270	0	26037
25746	1	29522
24199	0	25210
19105	4	24357
21422	3	19602
22519	1	26362
24778	0	27593
15667	0	26858
22593	1	29992
17145	0	28452
17754	0	27502
25361	0	18703
20215	81	20033
20642	3	23496
19866	1	15766
21107	0	23058
21005	0	20487
25215	3	22336
17358	0	25620
21691	92	27446
19066	0	27213
18244	4	18376
28903	0	26703
19356	92	25800
24043	0	24177
16253	1	27273
19095	1	28704
28906	3	15125
19390	0	19242
22858	3	20105
26434	0	25284
17200	0	16812
29352	3	18814
29293	0	24132
21848	0	28799
29700	0	20376
23200	0	23776
19688	0	26954
21484	0	15266
24507	3	23911
21257	0	16622
19888	3	20408
20971	0	23981
22677	3	15206
28681	81	19305
29131	1	28544
25512	0	25631
15630	0	28140
21012	0	18297
18660	0	21898
20337	0	22217
22764	1	27621
18602	4	29832
25423	1	22214
24572	4	29015
22079	1	24764
21038	92	25484
19289	81	22301
22013	0	15216
19402	0	17236
24769	0	27767
24522	0	20441
22617	0	27577
16986	2	29576
15350	86	17761
17428	1	28733
21167	0	17983
26390	0	17344
17762	4	24605
22955	4	28286
16550	0	28303
15517	3	16355
23075	0	22550
19177	4	23902
24047	0	22355
28841	0	23594
21027	0	17920
21326	0	29917
19991	0	15541
21058	0	27166
29657	0	21773
16205	0	26412
16650	0	27036
20752	3	16837
20080	81	28670
24803	4	17912
21540	0	19816
19506	0	24439
15784	86	18460
16672	0	29983
21423	0	26986
22370	3	25593
21630	0	22213
25004	3	15031
23778	0	24240
16544	0	28252
21531	1	28353
28952	0	20494
21983	3	17542
29374	0	23906
15783	0	23852
17901	1	16858
19497	0	26577
17826	92	20282
20823	4	27624
21675	1	21887
20299	1	17565
25023	0	20258
16426	0	29054
15871	0	24403
24810	4	16392
17397	92	21475
22788	0	27394
18640	92	20510
22370	3	20111
17818	1	20711
22116	0	25843
15494	81	20023
21380	0	22855
16543	0	28207
29344	0	17227
16407	0	17487
25418	0	19799
24811	0	17637
29728	81	19250
15511	3	23692
15495	92	27450
18067	0	24531
15865	0	18572
15489	3	15293
23383	0	25966
19760	0	16381
24768	0	16377
29430	1	29860
28763	4	27422
17843	0	27508
15760	1	28982
15715	1	27198
23443	92	29052
20830	3	16039
24225	0	15652
17362	0	17590
26334	0	25130
19892	4	28402
29444	1	18942
15883	86	22862
23474	1	27944
29766	92	21874
15727	0	28359
20913	0	17690
22607	0	24176
21957	0	28372
20318	0	18943
17602	4	16040
21183	0	23749
22045	0	28796
19113	3	15116
16437	3	16796
29487	92	24463
21301	92	19488
26183	0	16935
24044	0	19465
22094	1	20232
16758	0	28738
22033	0	27905
15420	0	26231
17801	0	24649
19552	0	23591
22899	0	18358
15991	0	20696
24782	0	24936
16540	3	22036
22943	0	25685
17889	0	20253
16678	92	20673
22275	0	28445
16831	3	29848
17257	0	28994
15724	0	20448
22975	1	27842
15480	0	25623
23940	1	15632
15598	0	27996
24851	0	20277
26391	0	27038
23771	0	27243
29863	1	17926
19876	3	15219
19167	0	16857
17836	0	24480
19554	3	22069
21395	0	28224
20060	3	23806
18631	0	15634
29258	1	16903
16787	0	24003
22966	92	27068
22721	0	24646
18696	0	20074
29492	0	22294
17276	1	24738
21632	0	15037
21998	0	15970
24637	0	28461
15515	81	29703
20880	0	28913
18533	1	21341
22715	0	27632
20784	0	28635
24210	86	23009
17978	3	18701
21102	0	28060
29423	92	29208
22817	0	24240
23473	0	24474
25110	4	18941
23018	0	26037
29061	1	20273
19017	0	27325
18010	0	20616
19871	0	18965
15474	0	26959
18553	92	23287
21485	0	28700
19552	0	26747
22655	0	18059
17309	0	23157
29343	0	29185
29706	3	26191
29755	4	15209
19388	3	18768
21432	86	18852
20036	3	28776
20303	0	17361
19415	0	28065
24972	0	17105
26177	3	21582
21102	0	24476
24600	0	20566
24056	0	21834
21245	0	16919
22364	86	23063
22772	4	21860
24778	0	25470
23648	0	27126
15952	0	24754
15946	3	18294
24048	92	22754
21447	4	16740
29478	3	28109
15631	86	17842
24277	3	26809
20848	0	29361
29297	0	29232
18688	92	27639
21199	0	27513
15791	0	25105
24236	0	15540
15749	92	22283
24112	0	26842
16281	0	17003
18599	81	28679
22617	0	15902
16237	0	28368
24313	3	18132
25023	0	16231
23531	1	20389
18000	0	26371
22419	0	27067
25515	0	19622
17369	4	23848
15427	1	28487
17832	4	29803
15873	86	15767
19193	92	20619
23108	0	27919
23878	4	27804
24081	81	28681
26080	1	18994
17985	3	28999
23762	3	18769
18476	0	23291
25421	0	19721
19937	8	19598
23412	0	19220
19176	0	18736
29457	0	28461
29704	0	23805
25368	0	17906
25672	0	16528
22967	0	18876
24067	0	22612
16770	0	27556
19076	3	28535
24571	4	21066
21310	3	18797
16543	0	27619
15864	1	21658
17157	3	19724
18099	3	19617
22305	0	18830
20999	0	15078
17879	0	26638
21189	0	27279
23471	1	27092
16167	3	28982
24310	81	21274
22466	0	28425
22956	92	20615
17312	0	17043
26137	1	16713
29722	1	29656
25731	0	26011
16551	0	20002
19975	0	26277
21188	0	25583
16673	0	27846
16028	81	21463
25377	0	27823
25007	0	20234
17149	92	20557
21215	3	24548
26517	3	15314
19061	4	20447
29863	1	18923
18497	0	28131
15530	0	29968
19653	0	23182
15733	0	26629
19320	3	19493
16817	0	15081
19987	5	15640
24268	81	22688
29706	3	29930
25676	0	19804
21447	4	29845
19610	0	15029
26136	3	27335
19286	0	19188
17312	0	21945
28845	0	28735
24984	4	25690
21172	81	21173
20782	1	23364
15413	3	23688
21048	1	22222
25027	0	23120
22481	0	27707
19438	92	27517
17566	3	23121
15732	0	27014
19352	83	24282
24127	0	27991
16950	81	18636
19410	3	19930
21638	0	24740
22314	0	24524
29739	0	22490
18396	0	26102
19361	3	15736
25160	0	20481
29779	3	27220
22647	3	25593
23654	0	29934
28807	0	17808
24974	92	22098
23522	0	16387
18229	0	23608
25488	0	15643
15325	0	23238
23654	0	24337
21157	0	20188
21221	8	19598
19315	0	23223
20316	0	19280
17715	4	22878
21075	86	21967
16798	0	27685
19197	81	16947
19483	81	25044
22056	92	20002
23539	3	21757
21962	0	29685
21170	0	27968
28934	0	26770
23653	0	16196
15485	0	20352
21208	0	23123
21742	0	26427
25233	0	16243
25496	0	25726
29777	92	20559
24836	3	20285
24259	0	17596
22594	92	26657
20299	92	19275
24812	92	28190
26382	3	28714
28947	0	20561
21278	92	15764
29721	0	28336
17534	86	16275
25691	0	17014
29381	1	26287
15863	1	23997
29398	81	20942
21850	0	17636
26124	1	28542
26451	0	25481
25732	0	17017
22438	0	19824
17958	0	25448
15593	0	18885
24215	0	28636
19063	3	20744
20648	92	27157
17855	0	27326
15936	0	27110
25001	0	24746
20154	3	25797
21127	0	25637
25098	0	18059
21401	0	24876
21780	0	18833
25114	0	16881
17634	0	15541
22820	1	28718
20781	3	21586
23410	0	24175
24186	1	19188
25672	0	24001
17312	0	20195
29132	0	24908
17883	4	23909
24209	1	26028
20883	0	20228
26338	0	16184
25052	0	20616
17997	0	27138
23459	1	24882
26142	1	27221
26434	0	25214
15336	92	20568
25152	0	25483
25037	0	24610
22735	0	24866
22117	3	18970
15771	0	23895
25388	92	16463
17754	86	24522
17207	0	29681
16684	0	17081
20655	3	28632
23867	81	24728
17674	3	24173
25565	1	18390
24157	3	24874
18773	1	18598
22076	0	15898
26051	0	29208
21248	1	15572
19991	0	19808
22609	0	27842
21611	1	29797
18483	0	16876
26144	4	19565
24236	0	28489
25272	92	20250
24979	92	15573
22995	0	17738
28781	0	26395
21421	3	22869
15469	92	27493
21686	0	29086
24274	1	16187
21110	0	19215
21048	1	16750
17306	0	28635
29774	4	18179
25802	0	16105
22088	0	17495
25731	0	27044
17775	81	19477
24805	92	18812
15722	3	20575
22950	1	27415
18072	0	17611
29487	92	16655
20970	0	16623
23596	0	28998
22604	4	20142
17415	0	27671
18443	0	29327
24120	92	20660
22811	81	15518
29261	0	20549
17179	0	29934
24628	3	16864
25745	3	29679
18200	81	21378
18825	0	18104
18323	92	25813
28849	0	16700
16292	3	27230
21159	0	24408
17257	0	26907
16855	0	28018
26513	86	16130
22426	0	23285
20907	0	15742
25313	0	29878
25386	1	20702
21265	1	26325
26180	0	26654
29007	0	20339
17823	0	24746
21991	4	23338
19113	3	18320
22304	3	27606
19164	0	28291
18637	3	28256
29486	1	28818
18003	0	17648
17992	0	18424
29719	3	15301
23700	1	21051
24798	3	29429
21393	1	29046
21275	0	27348
23044	1	22513
24578	3	24551
17140	0	27747
18450	0	18774
17932	0	25720
15351	4	26965
20797	0	19546
22404	0	29915
16289	0	26828
16770	0	19906
21430	86	18063
25311	92	18144
16879	0	27580
24572	4	28363
18335	86	22942
24598	92	15756
15460	86	21002
23447	92	21977
15943	0	19586
23177	1	23179
29225	92	29555
15721	3	15097
16168	1	29981
18495	1	26663
20724	1	27274
15511	3	23232
15886	0	28512
19067	3	17725
19176	0	28324
21070	0	18053
21138	0	24549
22874	3	16885
16949	3	15576
21608	92	28324
19829	1	23355
15710	0	26350
29569	92	28936
15952	0	27529
19725	0	24560
19387	0	29519
17499	1	16357
26127	0	24027
24828	3	28280
28910	0	27314
16759	3	22582
29714	0	29614
23778	0	22444
25030	3	21120
21780	0	16471
24493	0	25576
23430	0	28963
20014	81	29320
18685	0	17389
20057	0	28980
20931	0	26697
25227	0	21976
21844	0	17975
29737	4	19957
22738	0	27522
22063	92	25726
17868	1	28631
26269	0	25702
18440	4	27688
15991	0	24463
19476	81	15442
15473	92	24437
18522	0	15121
15832	86	29509
15351	4	16241
19768	0	16610
29011	4	15034
21782	0	20582
17415	0	19345
23866	1	15234
18244	4	26578
18324	1	20345
16125	0	27665
23596	0	25123
17528	0	22149
22085	3	22910
28835	81	17758
29574	0	27123
15689	3	27875
21578	3	25809
19417	8	15298
17409	0	24749
19449	81	24080
24574	4	16968
22951	0	29889
28873	0	29805
21356	92	28465
21511	0	28701
29484	4	28543
20781	3	17703
16253	1	21299
21438	1	25971
19882	92	28123
21623	3	17664
16777	0	28948
16278	0	23167
17191	0	15243
24261	0	16497
25386	1	19026
18433	0	15536
20468	0	29003
25077	0	19204
18686	0	27809
29779	3	21769
22226	0	21894
19328	4	26458
21271	0	26936
29573	3	15919
26517	3	28754
18611	0	16937
29318	3	22102
24899	0	23342
19058	0	23028
16127	0	29408
24997	4	17903
21401	0	27288
24765	0	26982
26178	3	20218
17375	3	15277
29765	0	24721
22759	0	24318
24812	92	15307
19110	4	28712
18697	86	25954
24802	3	27503
18187	0	18938
18825	86	21293
19754	1	17292
25208	0	29846
24790	0	21067
20032	4	20178
17114	0	29626
17290	0	17628
29352	86	21485
18500	0	23791
17371	0	20196
21437	0	23831
19137	4	26613
24847	3	23563
24696	4	26972
16694	92	15047
17694	0	16505
26133	0	18356
28876	0	19309
20472	0	28175
29777	92	27835
16416	0	22134
29720	1	28759
17783	92	18705
25551	0	17697
25084	1	28233
24606	92	20663
17069	0	28513
17273	0	17965
19168	0	23833
29573	3	25706
24077	92	18292
23055	92	18766
19380	92	29250
15519	81	29703
24820	0	17923
16150	0	28931
29220	0	29214
25230	3	26558
21024	0	23162
19779	1	27230
15351	4	28662
22027	0	26780
20982	86	17993
17151	81	24817
16777	0	21841
21374	0	28991
29088	0	22456
18200	0	27826
21974	81	29378
25378	0	22256
19436	4	16558
15817	0	16935
20504	92	19826
19358	0	27742
17428	3	29558
20999	0	25545
29761	4	23149
15864	1	27658
25513	0	20124
22801	92	28529
21310	0	23026
16827	0	22846
22182	0	24547
24634	0	23626
15469	92	27573
25245	81	18638
19871	0	23916
25011	0	18800
21355	0	26550
21014	0	20228
21934	86	22033
21355	0	28461
21102	0	22581
15349	86	21193
26077	1	22906
18065	0	27479
19494	0	16490
20787	0	28112
20153	0	15253
16331	0	29064
15834	0	18979
26334	0	25911
21783	0	25854
20462	0	21490
28695	0	24059
20801	0	16807
24720	0	16376
18607	0	25957
22814	81	17400
22805	1	16887
25100	4	19848
19761	0	18313
22481	0	23190
24598	92	15037
25101	3	18192
18254	92	20108
26121	0	26697
20989	0	26098
28783	0	25587
24580	92	17486
24786	0	28919
29123	92	26278
16634	0	25583
15733	0	27523
17312	0	28957
20948	0	24342
24945	1	21716
24843	1	18252
26073	0	29102
19504	0	19036
18440	4	27370
20059	0	20723
29133	8	19598
21057	0	23632
16827	3	27089
21519	0	18295
24304	1	22228
20833	0	26561
21799	1	17536
15795	0	17332
15351	4	28185
23940	1	25317
17375	1	29251
23884	3	15359
21652	0	21331
15932	0	28262
21024	0	23230
15716	3	26110
21330	1	24364
29703	81	20126
26166	92	22218
16828	0	27208
22226	0	25835
17397	92	29025
24542	0	22515
18163	0	28396
16163	0	16361
15876	0	20576
29691	0	29073
22817	0	17431
15430	92	22143
17116	1	15298
25166	4	28186
29055	3	21807
29399	0	28775
24139	3	16097
23470	0	21960
28847	0	17440
21239	0	15235
25666	4	16191
21294	92	26118
25290	0	29040
24948	3	18973
25492	92	29256
19755	92	28776
20334	4	27510
20914	0	24180
15330	0	19914
17526	4	18040
21015	0	15018
19366	1	27810
22128	0	24662
20904	0	15122
16973	0	27085
25696	0	19976
24607	3	28321
19293	0	19280
21421	3	17195
24731	3	20700
21423	0	28120
24773	92	17789
20127	0	27238
20759	0	23288
23763	0	27933
29350	0	24166
21006	4	22209
21393	1	15150
19412	83	24283
22985	0	28486
15930	0	18812
23765	3	27064
24519	0	18146
25746	3	26944
23150	86	29344
17301	3	16313
24894	0	28246
24642	1	23724
19361	3	29898
20055	4	19799
25848	1	27272
18495	7	23529
29352	3	15674
29564	0	23929
21136	3	23732
19506	0	28371
22594	92	29592
20320	1	16818
18428	0	19241
25495	0	27904
17138	0	17012
25185	0	26243
19245	81	19352
23941	3	24156
17415	0	23096
20975	3	15102
16167	3	21716
16634	0	15210
17447	1	23024
22658	0	22295
21167	0	26041
20847	3	25434
25094	1	25987
20863	1	16100
20291	0	16482
24796	0	27681
22304	3	25762
19248	0	29265
23482	1	27659
25664	0	15100
22292	3	18941
19748	81	15515
19086	92	26758
21540	0	15482
23986	1	18789
20758	4	26894
16825	3	26316
25036	0	29652
24967	5	15640
25006	0	15842
15733	0	27113
26052	1	29786
21402	81	21930
15689	3	27509
18589	0	28730
24632	3	27294
19296	0	21840
19049	0	21878
18361	3	21897
21831	4	16955
17114	0	17809
23041	1	20567
16337	1	28120
22859	86	16021
17817	1	22108
19491	0	22341
24473	0	21880
17314	3	23567
17493	0	19840
19319	4	23239
22730	92	16215
22361	92	28611
18347	0	16119
16438	0	28204
26007	0	19713
16958	0	21944
24926	0	25346
28905	0	23728
28903	0	20688
22237	0	22269
24789	0	29433
24639	0	28062
21485	0	16054
24573	0	18575
21367	0	27387
23596	0	28126
15834	0	27519
22042	0	22265
26068	0	28724
19772	1	25728
17305	92	20474
19754	1	29046
17666	3	28441
20323	1	16373
19177	4	18836
20079	1	27558
25627	0	29883
17817	1	22359
18441	3	21547
24884	88	15900
22725	0	18365
22978	1	15100
28902	0	22443
19110	4	28446
16108	0	25935
24992	0	27984
15863	1	16666
22400	1	27992
19984	1	18266
28780	0	19261
22061	0	18132
21374	0	17028
15726	3	25781
17021	0	27428
15963	4	20438
28850	0	28824
22739	0	23558
16440	0	27597
15509	3	26360
17369	4	18311
26181	3	15579
16365	0	23404
15780	0	26258
19776	1	16803
19698	3	18865
17139	1	18280
19436	4	18329
20878	0	28938
21268	0	27079
22598	4	21560
25252	0	17741
25243	4	18028
28886	0	25854
18078	0	24153
17961	0	24346
25271	0	17393
21074	0	20470
26162	0	20491
19706	1	20237
20913	0	23821
18465	3	15227
28863	0	27611
16015	3	20148
28879	0	27387
17247	0	26047
15401	0	28406
26534	3	28582
24729	92	19485
16049	3	23390
23063	0	26323
15824	0	17020
18076	3	26022
17453	0	22497
21274	81	29998
20215	81	19378
15623	0	26395
25227	0	25958
21442	0	29644
23858	0	29038
21644	0	19565
15547	0	18937
18538	0	27481
19725	0	29341
20647	3	28312
29988	0	23222
21338	3	23351
21153	3	17512
15771	0	26843
22730	92	29968
24553	4	29651
21698	0	26488
22905	3	29058
25023	0	21759
17985	3	21466
20895	0	25832
24520	92	23840
15931	3	27629
28845	0	16786
20881	0	22092
17878	0	18720
19549	0	26194
15943	0	21937
20504	92	26323
22713	0	16466
16533	3	25333
18570	0	27905
22930	1	19806
17827	0	25544
21115	0	26478
29504	0	17623
21156	0	19213
21694	0	18138
20024	3	23826
29225	92	17107
22756	0	19283
23871	0	25477
18342	0	20406
22960	0	23277
19063	3	18881
21309	3	17022
21330	92	23148
19206	3	17372
18228	0	22406
23143	0	23392
19099	0	28932
17313	92	26959
25041	3	16084
29498	0	28767
20847	0	29022
18753	81	28880
21101	0	27823
18184	0	15132
22277	0	25061
19058	0	22333
22800	0	17028
17910	1	29886
22962	92	16010
21257	0	16922
26071	0	23792
19509	3	20497
19498	81	20731
15433	3	16663
25245	81	15089
29393	0	15233
20876	3	26807
18921	81	25621
15325	1	20253
15689	3	27027
19151	92	26686
19137	4	20538
23531	1	26870
18067	0	28169
22959	0	15207
25517	0	20338
19441	3	23606
17415	0	20105
22905	3	28729
21305	81	17806
15732	0	23067
21115	0	28732
18444	3	28727
24505	4	28576
18010	0	23313
29702	0	25961
16416	0	29621
19374	0	27946
29010	92	20198
16419	0	23319
22984	1	15608
29243	0	25531
16536	3	15111
23001	92	27827
17876	0	24450
15509	3	27507
23664	1	24536
22678	1	25175
15347	0	28473
24553	3	17242
29761	4	28597
25200	0	19450
21741	0	22159
18507	0	29411
21474	0	16342
22787	0	23268
20658	81	17303
22649	92	28544
25057	0	25719
25166	4	27372
23464	0	26251
21011	4	26677
20717	3	22019
17971	1	22825
16427	0	25838
15960	3	27157
15775	0	28536
18726	0	25105
21186	0	24891
25179	0	20352
23081	0	22289
18185	3	28196
25045	1	28501
21430	0	19786
21050	0	23696
17734	4	27778
21196	1	18765
20778	0	16647
29381	92	26505
26328	4	21947
17407	92	25337
24964	1	25925
25038	3	28274
16684	0	16182
22943	0	18810
23018	1	20195
28683	81	18556
15599	92	27188
19751	81	15879
20992	0	24000
22921	3	15023
15775	0	19283
24717	3	24440
16819	0	26107
18443	1	15976
24522	0	23960
21632	0	28437
21573	1	15044
25731	0	16751
18236	0	28615
22733	0	19658
23484	3	21996
25596	0	24029
28812	0	20170
22027	0	28014
21485	0	28776
16419	0	18814
25241	0	23805
23932	4	19593
25290	86	29961
23762	3	27460
19893	0	26315
17021	0	17106
21042	0	27848
29720	1	25330
17805	1	25950
18527	0	26090
19375	0	27331
16931	0	25944
15780	0	17465
19289	81	21378
23869	0	18722
17380	0	25429
16976	0	28989
24693	1	17688
15733	0	24535
17067	0	29860
21208	0	25107
25213	0	25970
22709	0	16402
20752	3	28440
22809	3	21766
22899	0	17974
17608	1	17231
26174	0	25269
16683	0	28411
22296	1	20601
23759	0	26775
25493	0	26874
25094	1	21987
23773	0	26754
21438	3	18786
21127	86	29241
17405	0	23235
21291	0	28469
19363	0	18373
15586	0	29049
17046	0	16120
22128	0	28585
26328	4	15180
18934	1	29169
18444	3	23996
22462	0	16493
17259	0	20920
28907	0	15020
24851	0	29652
21966	0	25702
22954	0	16335
21073	0	23221
24529	0	22243
20318	0	27190
29707	92	28499
22038	1	27091
29718	3	26219
15589	1	24713
20726	0	28752
15947	81	19347
25160	0	17671
15092	1	28778
24229	1	15608
19259	0	23336
19410	3	15163
18484	0	25642
22462	0	23786
20914	0	20256
17865	0	24318
26170	0	26910
28952	0	27763
21615	0	26912
24064	86	22418
15913	4	16465
21629	0	25801
16271	92	23610
19349	1	27232
25437	92	20212
15963	4	18331
22942	0	27194
23005	0	28250
15336	92	27773
15817	0	22445
21642	0	15167
24694	4	16591
22080	0	27148
15779	0	21734
29765	0	23830
15865	0	27420
20852	81	15488
24831	0	23367
29514	0	27811
20466	1	17228
16986	0	16063
15957	0	18775
26182	92	29454
21078	4	17346
25421	0	23619
23470	0	26531
19047	0	20329
20881	0	25729
22790	0	16843
21682	0	25474
19858	3	27525
20925	0	20404
15923	0	26559
19419	0	16886
24127	0	29530
15335	0	28754
29347	0	17948
28698	3	28031
22034	86	22032
21508	0	17220
24607	3	26822
19682	0	28244
21107	0	15310
24069	4	22774
18238	0	26707
21152	0	24683
28685	92	22882
21711	3	17551
21275	0	27856
20987	0	28327
20462	0	23560
22079	1	28150
24847	3	20679
22662	0	29111
24977	1	27232
18844	0	16497
21608	92	26808
21971	0	29861
18471	3	17291
17141	3	23789
19634	0	24409
25011	0	26721
19320	0	26562
29738	81	17931
24052	0	17665
20973	0	29031
22689	81	21673
21997	0	15757
25082	1	18598
22733	0	23406
19759	3	18725
23651	0	18645
20918	0	20431
24697	1	29652
25490	0	29837
22867	0	25876
24774	0	23838
28857	4	28618
18461	0	25221
19054	1	16724
26392	0	16060
22274	0	21718
23439	0	27484
15415	0	19921
23551	86	19884
21135	92	17727
21330	1	19785
19325	0	27896
24643	0	26499
29061	1	15521
24222	4	18171
29988	0	22155
17136	81	21399
19427	4	20004
18010	0	19789
23763	0	16276
16018	0	27343
19016	1	28512
25023	0	28551
15500	86	15622
28685	92	28010
19886	4	26060
16817	0	22444
25782	0	25688
25517	0	16955
16853	1	24132
29690	0	21940
17961	0	27347
22277	0	23733
21544	0	23860
25228	92	23990
20789	1	18656
24196	0	27776
21115	86	21971
22064	92	16600
17411	0	20590
17771	0	29913
21014	0	24298
21417	3	28202
21929	0	24412
20299	92	26846
29961	0	26062
19444	4	24454
29375	0	18813
18243	0	27804
24854	0	19947
15511	3	28413
18672	3	18300
29235	0	29268
28678	86	24040
17880	92	28744
18007	0	27431
25235	0	27789
24826	92	28143
22916	0	15541
19563	0	15903
17530	0	27740
16438	0	25910
22723	1	28309
18443	3	24475
16295	1	28535
29369	0	19950
26334	0	27321
17899	4	26573
22087	0	27942
18670	1	27834
23412	0	23993
29776	0	29925
16127	0	18913
19357	3	19531
15406	0	15890
24632	3	27989
20315	0	29250
19558	0	20358
19357	3	28742
16635	0	26495
20898	0	27086
17360	0	18914
19368	0	22413
18563	0	24430
22414	81	19046
26516	0	26017
25231	1	28573
28860	0	24007
19637	1	16928
20291	0	28441
26148	4	27276
24574	4	23346
17284	0	23084
22737	0	25814
29039	0	21497
15784	0	26647
24262	1	26282
17266	0	15648
16127	0	26830
19400	0	22872
25280	0	21769
22690	0	23138
18471	3	15556
19103	0	24430
18075	92	23034
15815	0	28488
22369	3	26298
16538	4	17972
19081	1	24009
18082	0	17655
23409	0	26227
16594	1	23156
29511	0	25654
25403	0	29113
16778	1	20223
25372	0	29507
16933	4	25544
29569	92	28240
21195	0	20096
22898	3	21747
29381	92	16117
24048	92	23269
16760	92	20186
25376	0	27825
29693	81	24105
17140	0	26832
19854	0	16489
22811	81	21445
23044	1	16457
29799	0	24337
18978	1	19925
15279	0	16004
24215	0	18756
16899	0	26188
15543	0	27961
15733	0	26058
21275	0	18366
24693	1	16486
21518	0	20357
15387	1	15615
26520	0	23899
29486	1	26958
28843	0	27062
17734	4	17384
16297	0	25965
18302	0	22385
25164	4	26010
20966	86	22655
23410	0	20511
18411	1	23975
26171	0	16119
18459	3	16385
19371	0	28819
21240	1	27873
25001	0	28980
16338	0	23449
20038	81	21693
18446	3	28258
16956	92	16816
17062	5	15640
17123	0	19642
21678	0	28283
20459	1	21987
15512	3	27706
20981	1	18764
23383	0	15014
23256	1	24648
21026	0	19583
22308	92	18722
24822	0	18719
25384	1	29363
24725	3	15066
19246	92	24559
23045	0	25965
15948	1	19592
24784	0	26061
29511	0	20048
23045	0	25116
25754	0	23124
25007	0	20410
21650	86	24759
21195	0	20375
15960	3	21656
18857	4	27300
17067	0	20132
21126	0	25661
15980	89	29324
17666	1	21064
17986	0	25141
22646	3	20502
15421	0	26977
19560	0	17098
23140	0	20488
21155	0	22525
22748	0	19658
25289	0	18871
18757	3	16191
15785	0	19600
19355	4	28173
16273	3	28735
17199	81	25282
20057	0	27690
15337	0	27768
17312	0	28049
19885	3	22469
18628	92	17943
21046	7	16260
19791	4	20551
16019	86	20878
15945	92	23544
19055	0	19786
21209	81	17559
20219	0	29670
19362	0	28756
15459	1	24440
25565	1	22180
17233	0	23733
21080	0	16998
21036	0	29903
20647	3	16013
17428	3	20230
18476	0	24426
18450	0	26679
24225	0	20578
22695	0	16214
15931	3	27605
17148	0	17781
19502	0	25721
17937	0	25716
17066	0	26944
21011	4	16656
19991	0	29611
22717	1	19492
18631	0	16886
25575	0	19679
17995	0	23903
26077	1	25283
15739	1	15044
21221	0	15005
20913	0	25571
24041	0	28303
21393	1	19226
17369	4	28550
24801	0	28793
25313	0	23950
29745	4	23232
20085	0	26728
17131	92	16501
29975	0	26813
18614	1	26991
23665	3	26746
15318	0	28351
17996	0	23289
18058	0	29051
15290	0	25634
16049	3	28212
21235	3	24661
17801	0	20800
26398	0	21647
29738	1	27321
22758	0	25813
23437	0	17352
16530	0	28566
26080	1	16214
24189	0	26353
24759	0	27191
22116	0	25884
18553	92	16194
17453	0	16220
20079	1	29596
21103	0	27918
15689	1	22844
23164	1	28259
19437	1	27179
29372	0	25792
24634	0	22242
29246	0	20239
21083	0	25574
19154	0	28920
21103	0	23564
18560	0	28001
20293	0	18918
26007	0	18817
21117	0	17016
24049	1	15238
19975	0	28512
22299	4	28523
29732	3	27894
24256	3	26027
20843	0	29391
23474	1	23475
25017	0	23187
24215	0	17518
24851	0	23983
24623	3	16080
24827	1	24701
24926	0	16230
21970	0	29449
29124	1	18069
20057	0	20001
21912	0	23463
23008	0	24330
21301	92	20231
17801	0	27239
17451	0	27011
24302	1	29539
22965	0	17232
23416	0	23573
29450	81	29740
25370	3	18278
16293	4	29558
15587	0	16930
25492	3	27145
24152	92	22493
25362	3	15355
22656	0	17676
18416	1	21548
15777	0	16843
21103	0	29101
22223	0	20240
29011	4	16359
19320	0	23794
21430	0	15642
17380	0	23259
24765	0	19732
19399	0	16215
21169	3	18931
19294	3	25264
22478	0	25059
21366	1	28264
25045	3	23964
29314	0	17650
18585	0	20050
21712	3	16359
21816	1	21095
21624	0	25708
16771	3	29358
25754	0	20607
22665	0	22539
19890	0	29950
22518	0	20432
19544	0	23631
22302	0	28038
20922	0	17578
22049	81	15497
19506	0	24492
20039	0	19532
18785	1	16077
23522	0	26185
15950	81	18416
18187	0	16811
24218	3	27789
16286	92	23716
25311	92	16366
25403	0	23086
16162	0	28997
23077	81	23302
29747	4	26104
25085	0	22209
20225	1	28397
19628	0	27696
19704	81	24994
15624	0	25851
18602	4	18390
24091	4	24247
17370	0	15064
22590	81	22418
19699	0	19611
24211	3	28027
24274	1	21352
22957	1	23363
17257	0	18068
25101	3	17332
25005	4	23070
29954	0	21457
20964	81	23973
23079	3	17101
19603	0	26367
17714	0	16645
17775	81	15606
16737	0	26552
28864	1	27778
16533	3	24714
25253	1	24396
29955	0	20251
24304	1	18791
29765	0	22564
24205	0	26698
15867	3	25735
23874	81	28591
19239	0	15699
18525	0	20283
22017	92	16926
20472	0	18646
23464	0	28360
21261	4	20269
25280	0	16918
17860	1	27965
20955	1	18474
19402	0	28336
15815	0	15246
24226	1	20072
29297	0	23707
18507	0	17977
16250	0	18227
21217	4	16969
19655	1	27431
24528	3	16166
15593	0	16060
19798	0	16562
18007	0	28732
21830	0	28001
23444	92	15746
28868	4	23246
17937	0	26566
21168	92	25375
17879	0	24740
19095	3	23072
29480	0	27206
16429	1	18723
16479	4	23452
22303	0	27164
15859	0	28332
29010	1	23896
17534	0	16832
28856	0	22631
24117	4	21473
24292	0	28147
18842	1	15112
18538	0	23452
19351	1	18474
25387	0	15553
21315	3	15043
22962	0	16313
29740	83	22977
18233	0	20534
25068	0	28440
19983	0	28241
21676	0	24315
17325	0	27082
18851	81	22795
17698	1	26963
18841	0	24286
25512	0	25629
17880	92	20128
18360	0	26837
20852	81	24275
24241	86	25290
28903	0	15084
29958	0	27356
17161	92	16968
23418	1	26589
19758	3	27766
24146	0	28572
21040	0	17329
26516	0	29454
20829	0	17071
20974	0	18280
24081	83	24284
16833	0	15920
20792	0	29937
15487	92	26634
25376	0	28205
16553	1	25880
22227	0	24744
15728	3	18980
24104	1	16395
24301	90	16867
29702	0	26845
16022	0	23363
19691	3	23868
22368	0	17319
24954	0	16874
20850	0	27786
26124	3	18249
15476	1	18642
23648	0	28617
16250	0	28419
24934	3	27672
29741	4	27009
21405	0	19304
22175	0	16800
19346	92	20263
21695	0	22134
24399	1	23494
23405	0	29267
22821	0	28263
23722	81	22971
18067	0	20565
24214	0	27997
24795	0	16355
26160	0	28498
17155	1	23799
15407	0	18861
18443	1	27338
18441	3	26272
15733	0	18873
16768	0	29411
29395	86	21971
22955	4	26684
24765	0	19728
20722	1	26868
17078	1	15362
19543	0	23695
20643	0	18712
18076	0	25689
16275	1	18707
20734	0	22105
22777	0	18156
17191	0	27571
28877	92	23577
17987	0	27508
25247	3	28738
17048	0	27855
18531	4	20421
25392	81	24586
17272	0	18597
21303	4	23776
22292	86	18238
18635	81	24308
25090	1	19952
15814	4	26848
24627	4	27425
21323	0	22248
29236	3	15853
24843	1	21737
22598	4	28337
23759	0	19014
25487	0	16465
21261	4	29989
18489	0	29071
17280	3	18269
22272	92	18707
15346	0	20799
22725	0	17054
21101	0	22567
24084	0	24335
22517	3	26736
17995	0	26582
18544	1	23281
19725	0	26047
25490	0	17580
25516	3	17031
25963	0	29991
24632	3	24869
21593	0	21552
18155	4	21774
21274	81	20027
25209	0	24296
16168	1	27984
25253	1	16816
22790	0	27570
21112	0	27098
28901	0	29051
29712	0	17743
24883	3	29014
17318	0	26749
24049	1	26664
16256	0	27299
16148	4	15036
22297	0	24862
21545	0	28299
15873	0	20204
22002	0	25433
22420	92	24444
26535	3	23182
21712	0	22261
21538	0	27252
26151	92	22199
19077	1	29358
16598	0	19118
16551	0	26572
19176	0	20213
18216	0	26882
18139	0	28350
20722	1	28443
22987	0	21986
17255	0	23071
17675	1	15030
15320	1	17786
17078	1	29169
16238	0	24659
15327	81	23186
29125	0	22024
25302	0	22435
20726	0	23557
25676	0	27672
21612	0	20277
17114	0	15191
20214	0	28297
19552	0	21993
19489	0	19271
19159	0	25225
19101	3	29091
25386	3	28305
21107	0	26879
15887	4	22471
15914	3	17543
25184	0	29035
20292	3	27914
21680	0	16995
16760	92	28027
21189	0	23490
16737	0	29174
20853	0	27666
22482	86	17870
18585	86	25745
28762	0	28161
16692	3	25911
26152	92	27939
15748	0	18094
16990	0	21571
22756	0	28246
22047	92	29037
19295	0	29815
19697	1	24456
22729	92	26093
21054	0	24334
24801	0	29917
18759	1	20143
22729	92	28035
29800	0	16628
18613	92	18969
25115	92	28963
25488	0	22842
25184	0	18019
24263	3	25975
21545	0	22211
22782	3	28290
20059	0	15743
19772	1	19617
17463	0	26967
24572	4	18750
19373	0	23919
24562	0	29267
22392	81	23052
19823	81	24105
18854	81	21448
21209	81	24840
23657	0	22903
22426	0	24177
17990	0	28516
24211	1	16834
18407	0	18123
29668	0	26293
22422	0	16185
29010	1	16380
29748	4	24059
25184	0	23224
19246	92	15632
18184	0	23023
24946	0	27704
24857	0	23269
22987	0	27021
20877	3	27752
24855	1	24381
29142	0	15248
22394	3	21995
22407	0	22908
19767	81	29266
29778	92	28732
22937	1	19962
18159	0	26216
19436	4	21821
22780	0	17433
24598	92	18289
22667	0	23723
24971	0	28753
26260	4	16037
19008	0	29789
20802	0	28332
22029	0	26809
23274	92	15061
24231	0	15217
25582	1	18341
22866	0	26640
18588	1	18132
17958	7	16989
29720	1	29580
25384	3	29341
24188	3	26885
29350	0	17546
29352	3	26965
23416	0	20679
24047	0	17577
21474	0	28154
25089	4	26596
24234	4	28347
22483	0	17022
18480	0	29590
18726	0	23582
15733	0	16783
24045	0	27978
17179	0	22453
17805	81	22807
25023	0	20262
19382	0	23607
25145	92	20369
24090	0	15263
15966	4	27098
22596	92	27346
23585	81	20719
20012	0	16111
19297	3	25509
20853	0	22334
20057	0	27547
20035	3	21767
18487	0	28550
29311	1	19596
17290	0	20477
29394	0	18521
24304	1	18790
19362	0	21876
26519	0	27362
17711	0	15113
17125	81	29757
18499	1	21866
17313	92	29218
26073	0	27524
25102	81	23469
25020	1	26041
24041	0	15579
24193	0	15119
22365	1	25555
24238	3	26340
20768	4	28121
18214	0	27966
16416	0	29970
23464	0	28484
22925	1	16203
20299	92	27173
17247	3	23401
19082	3	23239
20319	0	15562
28789	1	20159
26124	1	26962
24579	3	18325
20878	0	27152
15827	0	21977
25696	0	26214
24186	0	17638
21279	3	16075
17318	0	27400
28697	1	27781
19830	81	21283
20296	3	18828
18688	92	27895
17669	0	23318
17380	0	19593
26386	0	17989
24507	3	25677
21156	0	29190
25083	0	22269
21421	3	29545
18753	81	29280
25331	0	18136
25383	1	23254
29777	92	18004
20737	0	23945
20912	81	25621
24214	0	23785
17761	86	15350
24144	92	17242
16774	0	29531
24501	92	28610
15777	0	15890
21234	86	22002
22669	0	25844
20751	0	22512
22978	3	15100
24841	0	17557
26347	1	22350
29779	3	25972
15317	0	23519
20876	3	17926
22251	0	26954
21611	0	29797
23585	81	29733
22874	1	28118
21186	0	19118
17880	92	15095
22388	0	21841
19691	3	21913
19057	3	27956
24203	81	15436
21966	0	26924
24781	3	16204
22224	0	19627
15317	0	29618
20092	4	27234
16977	4	26600
22812	81	16772
17144	1	26250
24584	1	16724
25365	1	25120
26522	4	18069
26140	3	27584
22955	4	15617
16826	0	25484
19665	0	23070
22093	1	20673
21740	0	29044
22009	92	29447
15317	0	23327
29483	0	18770
16292	1	15074
29799	0	27625
24932	3	16392
28852	0	20356
17065	2	29576
21640	0	18160
24112	7	23094
19603	86	16408
26474	0	26736
29725	3	18804
21083	0	18571
21962	0	28043
17358	0	23389
22722	81	21703
22126	3	26498
16850	1	18664
15729	81	22400
18412	1	27859
17597	92	25876
29384	0	15374
17287	0	27447
29348	0	20688
18688	92	20607
20465	0	25808
19865	1	29075
22687	0	16220
29345	0	20513
16642	0	17239
19896	1	23151
24553	0	21646
22516	92	27382
23542	0	18718
20334	4	15211
19101	3	28400
22096	3	23970
23656	3	20551
24607	3	17476
15881	0	18865
19635	0	18316
18348	0	18152
17818	92	16552
18411	1	20367
20829	0	21792
22737	0	28060
16956	92	21865
22610	0	15901
24625	0	24756
24705	0	19731
29695	1	18710
18587	1	29832
25861	0	18080
21435	0	26491
20979	3	26349
19782	81	16854
22463	0	17418
24781	3	26207
19399	0	19332
21623	0	21993
17120	0	21776
21103	0	26979
18427	81	19823
25749	3	28171
24323	0	27446
22874	3	27114
29319	0	28731
23521	1	17042
17675	1	23507
20753	1	15230
24096	3	19219
21681	1	22601
22639	0	20284
19682	0	27812
21442	0	18932
17064	92	19592
15302	4	24547
25309	1	21920
16582	0	18087
23080	1	22902
18673	0	16890
21273	0	27971
19879	0	20340
16758	0	26240
21189	0	28047
22124	3	19917
23548	0	28503
18856	4	22137
21101	0	16614
19361	3	15735
24311	81	17991
16817	0	27764
15401	0	23676
17116	1	28818
21816	1	16486
15773	0	25901
17306	0	19581
19823	81	26421
17267	4	23115
21074	0	25657
24976	1	28089
23772	0	25592
16827	0	15998
17528	0	24402
21508	0	26321
20851	0	21840
22051	0	22910
16942	86	24804
29657	0	28010
18105	0	16898
20337	0	25506
18254	92	19208
20736	1	17568
19104	0	26622
17447	1	23231
18842	1	20230
24118	3	20531
25398	0	23576
15710	0	28623
17800	1	17236
17053	0	28976
22905	3	16510
16170	0	17644
18627	81	21673
24775	1	28650
21620	0	29260
24304	1	22101
22586	1	16860
19758	3	27040
21636	1	26224
25582	1	28667
19764	86	22474
20776	0	25706
23547	92	29999
21516	0	16508
21246	1	25334
16684	0	23702
15828	4	24616
18063	0	15260
21726	0	22601
18460	0	27097
21345	0	23544
19295	0	15097
15587	0	26060
23745	81	15947
22875	0	28271
26014	1	23132
26133	0	29563
19686	81	21462
21381	3	17965
16148	4	22521
23204	0	15590
29011	4	23721
16787	0	24862
19319	4	15753
23862	1	16735
24206	1	18310
18557	0	27298
15516	4	21565
22691	4	26895
18685	0	15043
21909	1	21690
22956	92	26340
21828	0	15650
18258	4	27389
18126	3	18870
21194	0	26058
17298	0	18597
28812	0	22378
29997	92	26743
24260	4	18744
29315	0	19816
19176	0	17947
21486	0	19811
17374	0	18922
29690	0	28826
19193	92	18984
19018	0	25061
20895	0	25857
25014	0	21874
21966	0	21714
24074	0	19490
26452	0	16608
29713	0	24706
22689	1	26612
26067	92	28918
19095	3	27320
25019	0	28714
24302	1	27025
18001	4	20565
22048	92	23494
25280	0	28017
22063	92	26029
24805	92	26570
20024	3	18503
22381	0	29080
19058	0	28532
25289	0	15528
24350	81	19197
22914	0	27102
17681	0	25992
18568	0	23377
19758	3	22411
18783	0	20432
19074	0	28226
25351	0	26565
19141	3	16930
29746	4	20388
26516	0	16424
16409	4	16659
29381	92	26555
29528	4	17170
23059	92	20269
16237	0	22693
18634	0	26923
20905	0	19344
24810	4	21950
29481	0	17516
16154	0	28260
15452	3	16969
18801	0	27253
16686	0	27105
18370	4	28184
28834	0	29079
26146	0	27092
15784	0	21559
17770	0	25708
19064	92	22332
21810	81	18627
26183	0	28186
20458	1	19184
18639	92	27229
24974	92	23335
25191	0	22581
24797	0	29972
17883	4	19185
22645	92	15700
22047	92	23968
24078	3	19471
24634	0	29972
20915	0	23701
22939	0	28168
21507	0	26065
24106	4	27479
18422	0	26806
25747	1	16804
18783	0	15134
26167	0	16720
21403	0	25468
16128	0	29148
22172	1	23400
20751	0	28348
18619	92	19955
17555	3	20087
21518	0	17966
24803	4	28537
23858	0	22497
21609	81	15428
25672	0	16211
18826	0	22194
15401	0	28945
24189	0	16358
21215	3	19933
15498	81	15497
24696	4	23740
16027	81	19433
23056	0	23966
20948	0	25993
21527	81	23486
17861	1	26470
24097	0	18273
21591	0	29271
24094	0	18905
22649	92	22346
22292	3	26237
26418	4	25943
19162	3	28209
20968	0	15919
25842	0	20048
29721	0	28103
20750	0	19723
21984	1	19658
17160	3	15982
25189	0	29114
22813	0	24677
17311	4	28571
22063	92	25526
15783	0	27141
21197	0	17928
23520	0	28137
24214	0	25201
16544	0	26359
24941	7	15414
28841	0	16987
23658	1	25969
21495	1	25991
17451	0	18725
23662	0	28486
25039	2	29585
21608	92	15891
16542	0	19042
25551	0	27022
19704	0	15142
21653	0	28492
18544	1	26526
25233	0	16242
15623	0	27102
21270	0	15650
25150	3	29658
25111	1	28601
18626	1	19931
16826	0	15565
21680	0	16994
17526	4	20211
21503	0	26154
26332	4	19668
18336	0	27652
17835	3	21690
21233	0	19724
17818	92	20548
20035	3	28645
21053	0	24000
23302	81	20735
17138	0	17016
20059	0	24917
19497	86	17533
17313	92	27238
25748	3	26350
21608	92	29116
29142	0	20690
21831	4	19010
24253	1	18594
29951	0	18942
28853	0	27240
15476	1	22836
21251	0	19465
20337	0	24427
24732	1	21455
22464	0	15672
19193	92	18388
22991	4	25473
22656	0	27959
28883	0	16890
22152	0	24535
25230	3	26679
24640	0	15365
16476	3	26370
17298	0	23854
18479	0	18380
18461	0	23197
15779	0	28931
24651	0	19719
25295	0	25838
18602	4	27566
17255	1	27419
29352	3	16057
22520	1	22455
25351	0	23230
28789	3	24544
18695	0	16013
16943	1	26680
23081	0	18782
24629	0	15918
25672	0	24470
25368	0	29410
20337	0	22766
22596	92	20376
19082	3	21892
24808	86	23418
15717	0	16576
25025	0	29549
29693	81	19830
23548	0	28123
26423	1	17003
17117	0	21719
16829	92	23784
29768	4	23332
29781	1	19595
15889	92	25872
18009	0	28200
19381	3	26904
17893	0	16165
22721	0	25221
18230	0	22208
23403	92	16054
20769	0	25412
26066	0	21064
20829	0	18364
15873	0	15843
18213	1	28038
16170	0	25938
15855	0	25464
21423	0	27752
21169	3	27675
22676	92	23509
19153	0	27074
17070	81	22722
21393	1	23994
25013	3	22387
22306	3	18283
24194	0	27609
17371	7	21484
21199	0	22535
15950	1	28251
22235	0	27398
22090	0	27129
22820	1	15361
16773	1	24935
23047	1	17909
23458	92	20285
23669	3	26368
17179	0	22336
24820	0	17736
22899	0	29861
15390	0	27299
21112	0	27668
23867	81	21536
29340	3	24524
25385	81	18677
29299	86	24301
29569	92	26585
24762	86	17769
23764	0	24424
25100	3	24895
22695	0	27499
26403	0	22555
16411	0	16741
21856	0	21773
26334	0	17420
21608	92	17238
19148	3	16699
21783	0	18663
25691	0	17168
16708	0	16433
21147	92	19813
28899	0	25891
24776	0	17738
19137	4	27745
22905	3	29188
16253	1	17502
29961	0	25976
25090	1	23610
21291	0	23202
24067	0	28083
21203	3	27184
24243	81	24141
20719	81	25682
29299	0	21786
21379	0	23214
20734	0	24864
18214	0	26502
21407	92	28017
25000	0	16655
24606	92	16502
21521	1	27742
15790	4	23124
18497	0	24532
18076	0	20700
20931	0	24500
25418	0	24750
17355	1	28181
16764	0	29667
21427	1	29612
20849	0	25986
18455	3	26649
16168	1	21763
22048	92	17437
15468	3	29141
18235	1	19801
20921	0	25062
20871	4	20230
25842	0	29639
18429	92	17002
22743	0	26358
19764	3	24756
16893	3	25795
16726	0	19839
29741	4	15522
15865	0	20587
20980	1	18925
23314	0	25703
22873	1	27999
24558	0	26468
21478	0	27460
20036	3	28067
24420	0	19029
17959	0	27479
29511	0	23735
24982	0	21574
24455	81	21312
28857	4	17524
24079	1	15186
20770	0	26652
19402	0	28722
23774	0	15854
15760	1	26787
28782	0	22181
29765	0	27591
18417	1	28109
15404	92	19590
23094	0	26291
18415	0	25698
20632	0	29956
20778	0	17539
22276	0	27757
23484	3	17296
15454	92	29985
24624	92	16731
25228	92	18052
16338	0	28201
23667	3	27311
22997	3	17194
21972	92	28313
29726	0	17473
17673	0	26800
20085	0	25173
18553	92	21570
24112	0	28125
22055	0	21761
16142	0	27914
24625	0	29837
26397	1	28250
24784	0	16207
21701	0	20239
16536	3	29068
17860	86	15786
19768	0	18562
17881	86	22790
25293	0	27994
21623	0	15162
15512	3	19306
21904	1	25573
21310	3	22456
24619	81	20767
21035	1	16456
20850	1	26822
24842	3	23378
15381	1	23290
22991	4	16343
23000	0	27498
15623	0	18910
15461	81	23103
19054	1	17677
24695	0	21364
24529	0	18879
26423	1	16998
16298	4	16184
17877	0	16524
24578	3	15069
22854	0	28027
23873	4	27363
20859	0	20606
19406	0	17703
24232	0	15079
16649	1	22329
22057	1	28579
22127	3	26088
19873	0	17590
21919	0	25993
25252	0	27615
16304	81	29469
22815	0	23702
22724	0	25624
21608	92	24906
29731	0	29686
22951	0	17033
20774	0	22538
24122	92	16064
25040	3	22830
22954	0	19825
22422	0	24006
16951	0	16890
20876	1	16585
29126	0	20263
19319	4	16729
20980	0	20233
22389	0	29922
16290	0	25415
15347	0	28365
22085	3	27798
17819	1	29508
18244	4	26937
21356	92	20443
16674	4	22773
24946	0	26775
24995	4	28220
24720	0	27627
16404	1	18880
25088	0	28601
23403	86	15771
20764	1	21670
20303	0	17042
16793	1	19647
21701	0	17812
23636	3	23781
26182	92	24138
17771	0	16444
23142	81	21641
24057	92	27116
20312	0	29113
19479	0	29090
23882	4	16351
21407	92	18368
17307	0	28427
15382	1	23793
28788	4	24868
25092	3	23623
17365	0	17230
18233	0	16459
22096	4	16519
22720	3	17457
21004	0	17689
19404	3	26753
24633	0	21791
29373	0	18337
29492	0	28837
15785	0	25603
26532	0	27868
16253	1	29449
19018	0	18919
22876	0	20245
22787	0	26939
17569	4	23483
17876	0	27469
29443	1	29612
20758	4	16491
23409	0	20440
26159	0	15397
22476	0	18828
25368	0	24741
29765	86	16982
16134	0	28651
25236	3	23202
17158	81	23586
17814	0	29904
22361	92	28928
22407	0	26989
29225	92	24466
20310	0	23892
18370	4	20746
17371	0	15354
25313	0	24591
19312	0	26265
15463	1	23240
23017	0	29937
21196	4	18765
17359	4	25355
29351	3	26995
25582	1	17038
21105	3	29548
22010	0	28116
20520	82	17424
17818	92	20660
29730	0	28635
23932	4	27802
24574	4	29031
16258	1	16381
22867	0	27096
25383	1	16743
22119	92	21756
24208	4	29991
15625	0	24676
20330	0	24161
29756	4	15022
24072	0	29812
17898	0	27201
22427	0	26792
22126	1	26498
15514	0	26993
19101	3	23709
19782	1	21752
22735	0	18300
21478	0	20194
18401	4	26531
19665	0	25958
20786	3	24180
19779	1	25502
23884	3	18740
28689	81	19192
25489	3	27010
19879	0	27026
21698	0	20248
19501	1	25256
29012	81	29286
23648	0	27658
25696	0	18096
17877	0	15939
29005	0	27911
17561	81	19756
25666	4	16391
17817	1	17685
25299	92	21353
24112	0	21942
16283	0	17008
16428	92	16834
20935	0	19564
18588	1	23312
24193	0	26310
17127	0	27733
20651	3	27191
24805	92	23309
25043	1	21359
19321	0	27481
17251	0	22353
18501	0	19702
17233	0	29059
16960	3	15408
22096	3	29580
22083	0	29024
25003	0	16864
25017	0	18117
29730	0	28325
29468	0	21977
21038	92	27093
22795	81	29740
21356	92	16862
24218	3	28139
22494	0	27678
22591	3	19945
18978	1	23095
24270	1	24650
24848	0	17738
20910	0	28944
24976	1	28283
21856	0	15890
19403	0	27874
22308	92	24416
29487	92	25622
29383	1	26665
20823	4	16800
15769	0	27839
26330	0	15157
29483	0	16796
29417	3	28614
24821	0	24376
19064	92	22071
21189	0	17218
19086	92	20066
21831	4	19810
22620	0	18329
19174	1	26363
15509	3	28700
18404	86	18517
16237	0	25938
16688	92	26718
18691	0	18368
21617	1	22555
18476	0	20347
22364	1	24756
18507	0	17699
19404	4	27074
26273	86	20961
15952	0	26644
23442	0	26776
16988	0	17501
17555	0	18903
19831	92	19537
21910	0	16068
23278	1	23185
26178	3	25475
28851	0	22281
25444	0	21600
15505	0	25504
15284	1	29584
25389	0	16379
25036	0	27054
18639	92	28312
20842	1	19267
19767	81	20033
18955	0	16002
20889	0	23309
21368	0	20198
24065	0	20097
28784	0	28823
24239	4	15649
17180	0	27103
17799	1	23344
29297	0	29228
22419	0	17098
22610	0	25887
19293	0	16201
16687	0	21734
17380	0	21776
17999	0	27678
18061	3	19815
16016	1	28556
18082	0	17446
15416	0	15203
24933	92	15076
20850	0	18371
19860	2	29585
15863	1	19022
16893	3	25445
15411	0	24679
21496	81	19780
21816	1	29870
16846	3	27864
29706	3	17238
21338	3	26705
29319	0	20486
17211	0	26757
20919	0	23980
21636	1	24356
22090	0	24557
21481	0	16714
16131	4	27063
18166	0	16483
17409	0	15891
24385	1	26407
26390	0	15673
20031	92	22548
21779	0	24677
19686	81	25244
29488	81	29313
21395	0	28294
17078	1	17441
15389	0	20525
17111	81	23002
16847	0	28425
21605	0	27991
21239	0	27515
21224	3	15378
21237	0	24648
21260	3	24616
21258	3	29171
23273	0	22493
15087	3	23947
21645	0	23812
19988	0	15191
26392	0	25827
21620	0	21965
18067	0	17713
19068	1	24471
19746	3	23379
29381	92	21647
23971	1	27476
24854	3	26222
16296	0	26012
20776	0	17468
24090	0	23695
15885	81	23722
20337	0	16617
21220	0	26036
22976	0	17459
24505	4	29145
17800	1	26558
16775	92	20573
15091	1	24242
20029	3	21793
21682	0	20167
21387	3	23330
15512	3	15809
24050	4	25500
18564	4	17914
29698	0	15928
22781	1	18109
22124	3	18548
26475	3	18160
18405	0	28508
24586	81	29750
29721	0	27864
25027	0	29155
17369	4	20158
29353	1	22573
16138	3	27817
20752	2	23953
17313	92	25994
21145	0	29064
18506	0	24593
21997	0	28095
20716	0	28272
17978	3	25917
20841	0	27579
22063	92	20208
24961	0	26197
16530	0	18033
16275	1	28986
24067	86	21016
29007	0	27965
25861	0	17440
19197	81	19130
18450	0	27302
19305	81	15498
18569	0	19021
22085	3	22911
21078	4	29380
22652	0	16504
17300	4	28600
21704	0	27846
19058	86	20986
20796	0	28307
29487	92	20677
21831	4	29846
17527	4	23160
17259	0	23348
17221	0	28794
21203	3	24770
19296	0	29047
17379	81	24308
21056	0	16914
20294	1	26838
19290	3	25916
24502	1	23850
17318	0	20162
25227	0	25972
21539	0	25478
17894	0	25836
18934	1	15362
22041	92	16730
20931	0	22806
26263	4	19930
21480	0	20509
19875	0	20360
23532	3	28416
24306	81	19435
19639	3	24603
24285	0	18308
20779	0	15233
19249	0	29034
15509	3	19030
17883	4	27479
20948	0	24130
17089	92	28310
21447	4	16097
15420	0	17496
17053	0	28819
16894	0	19275
21169	3	16503
22926	3	17540
21305	0	25816
15659	0	16378
26514	81	26447
24995	4	27039
17895	3	26912
15511	3	26344
29513	0	16719
17179	0	23620
21323	0	24412
22789	0	28304
28845	0	16463
18228	0	23027
16977	4	24331
19129	81	15534
22952	1	19273
15426	0	19998
24214	0	20706
23439	0	21619
26518	0	15553
20935	0	26702
26146	0	17337
24529	0	24329
24223	3	15984
23555	0	15206
20773	4	24369
21973	2	23953
19048	0	16209
15872	0	26821
18414	0	26769
21904	1	23923
19249	0	16525
25312	3	26926
21121	0	29162
24929	1	28033
20828	0	19283
16152	4	28069
19176	0	20425
26303	0	18892
19365	83	24282
24596	0	29583
18003	0	23132
17877	0	28388
25494	1	25846
25640	0	18768
17267	4	24751
23758	0	17616
29259	0	28776
24588	0	18420
24932	0	26741
20854	1	17237
16780	3	23347
29723	0	26801
28804	0	19565
24157	0	27367
17836	0	16392
25551	0	17787
29261	0	22893
15280	1	18144
17021	0	20371
24979	92	16924
23104	0	28316
28685	92	18029
18955	0	26375
25861	0	16984
19092	4	28366
20764	1	16141
22160	0	16347
18054	0	18366
16894	0	16104
22603	4	23507
22626	0	24655
17692	0	28187
16270	86	26433
24050	3	18307
23956	0	24675
19759	3	27816
20337	0	26647
24824	4	20375
15952	0	15163
22691	4	26947
22008	0	20551
18060	86	25513
22999	0	16197
18010	0	15285
19480	0	18860
22604	4	22158
26006	3	19918
19479	0	23132
21107	0	26738
18842	1	16211
23012	0	22440
24520	92	23770
25052	0	27465
29366	0	15942
21166	0	28237
17569	4	26597
17681	0	18101
17069	0	27832
22670	0	20362
15317	0	25562
19196	81	19830
24098	1	16527
20854	1	26714
24959	81	25392
18625	0	28472
15337	0	25226
17313	92	22385
19356	92	20545
19061	4	16700
22043	0	24893
24589	0	20307
26078	92	23624
25006	0	21894
22135	0	24511
18555	0	29931
21251	0	25117
21370	1	25439
21577	0	21580
17180	0	22505
29415	1	28602
18458	3	16099
16026	81	26507
25746	1	26221
21526	0	19700
25615	1	17576
25517	1	26978
25039	0	17382
18496	0	17082
17877	0	15982
26138	1	20264
18544	1	29240
24125	0	27178
16421	0	16909
22997	4	28516
19113	3	29431
26192	0	29090
28883	0	19302
21368	0	22198
24698	0	20511
18507	0	25509
25998	0	29229
19987	0	26886
19501	1	29856
17760	4	17913
24227	1	19667
16544	0	29265
17321	0	27024
23383	0	28720
16764	0	17036
17381	0	20399
19984	1	17175
15803	0	27276
22658	0	29230
20756	0	19934
17860	3	28273
16744	0	17906
23864	0	29920
22048	92	27289
19361	3	22325
22709	0	27357
21627	0	22197
22905	3	29521
17654	0	26670
22422	0	28102
24985	1	26464
21503	0	25534
23047	1	18880
24778	3	18274
17935	0	28004
26135	4	23578
21640	0	18048
29527	0	21877
19110	4	26463
24967	0	18990
25113	1	20597
22755	0	25135
17899	4	27546
28802	0	25119
22614	0	23569
18342	0	22199
24818	0	21551
26144	4	28976
26178	3	17043
21781	1	25985
21187	1	25454
17879	0	23036
18783	0	29867
22719	3	17030
20751	0	28321
23441	1	17685
23693	0	17201
25772	0	22295
21132	0	24470
21855	1	18343
26031	0	18266
25741	1	15225
15587	0	17563
19329	0	19966
29132	0	15563
21049	0	16391
15452	3	23613
17249	0	25849
19147	3	16106
15342	92	21936
17370	0	19424
22988	92	25545
25373	3	21776
26330	0	20443
19115	0	25481
21326	0	16589
29282	1	19542
24269	0	25623
18302	0	16312
21012	0	25584
29997	1	22386
20055	3	25133
17243	0	24744
25668	0	20641
20883	0	27322
25151	0	24668
23273	0	18037
22381	0	20049
20968	0	24461
20898	0	26857
22308	92	20593
17597	92	24353
20755	0	17005
21016	0	22197
29345	0	20517
16167	1	20389
18726	0	18562
26392	0	15583
29350	0	28269
18596	92	28542
21826	0	17578
18166	0	28560
19414	1	28269
25449	0	17505
19404	4	15787
23314	0	19447
21138	0	18157
16894	0	28600
20021	3	20118
21612	0	20396
29668	0	26279
24787	4	27884
21672	3	20956
21169	3	27909
26402	0	15691
15881	0	18351
18517	0	27245
21082	0	27314
22464	0	26605
20657	0	21454
17868	1	20157
25041	1	29003
19172	1	16212
19829	1	29578
21141	0	29421
29515	1	27592
28804	0	15194
25335	0	29788
22695	0	27198
16405	92	21999
17894	0	22751
26177	3	19668
21625	0	29819
19175	4	26871
24784	0	19677
16430	0	25506
21557	0	22353
20975	3	25452
18822	0	16029
20627	92	22527
24154	0	28092
17880	92	29626
15776	0	25214
24239	4	28045
18353	0	15003
18342	0	22585
19399	0	15554
25565	1	25327
22128	0	20595
19891	0	18158
18401	4	28106
16253	1	16075
21508	0	25592
22519	3	26362
23210	92	25828
21252	0	18124
25040	3	24145
19387	92	20011
17066	0	17940
24362	0	24715
22058	1	23639
19441	4	15124
21176	81	23874
21237	0	15898
25096	0	27095
23435	86	25034
21171	0	27032
18433	0	27307
23548	0	20570
18430	1	29101
19865	81	29732
15914	3	17520
26170	0	27313
19081	1	27979
24637	0	29827
21964	0	22545
22943	0	15195
19395	1	27814
24983	0	27634
22926	3	18586
24942	3	26758
24094	0	15355
24641	92	20688
21270	0	26307
26192	0	15055
24358	0	26904
21595	1	25809
15340	3	26976
24586	81	29994
21362	0	26462
29511	0	20148
22474	0	27387
19327	0	25898
17055	0	15847
22589	92	27333
19094	0	28428
17934	1	24771
18219	0	25430
22590	81	16961
18082	0	17248
19147	3	16471
19191	81	17196
17078	1	18012
18168	0	26241
23278	1	25805
17860	4	24477
24253	3	19963
17766	92	19212
15422	4	18002
17159	3	15225
21022	0	15682
20579	0	15912
21073	0	16707
25956	0	23119
23879	3	27628
19389	4	16499
18857	4	25452
17180	0	20240
24632	3	23393
23048	3	18221
22516	92	27520
17187	0	19561
20472	3	27389
25148	0	29983
26072	3	26317
19147	3	23123
17451	0	27472
29779	3	25305
20126	81	17757
29765	0	15376
25758	0	20115
25364	1	27262
20859	0	18125
24934	3	19701
24279	0	24435
29705	3	29928
18446	3	28095
26338	0	21586
24894	0	20283
24219	1	19574
18229	0	27432
17666	3	20001
21904	1	27187
15798	0	24679
19427	4	15735
25363	4	26217
22034	92	18391
17179	0	27545
18409	0	25717
23037	81	19751
20657	0	29862
19086	92	19713
24121	0	28271
18001	4	19641
17288	0	29890
19549	0	19923
24085	1	29590
24581	0	27633
20850	0	18268
25861	0	18892
21703	0	17950
16573	0	17720
19506	0	26430
18531	4	28207
18842	1	23228
22937	3	29882
24039	0	23156
18845	1	23927
24875	3	21774
18640	92	16919
18978	1	29643
18348	0	16534
21519	0	26592
29961	0	23058
23016	4	26928
29751	3	18886
15505	0	23112
25004	3	23999
23135	82	22522
29695	1	15357
22972	0	23673
22737	0	24162
18208	0	21067
24563	0	16113
18602	4	23964
15749	92	27082
16411	0	29617
23001	92	23899
18619	92	26945
17654	0	20382
17102	0	29641
15959	92	28029
22039	0	21922
17530	0	15264
19160	0	23857
25903	1	17749
16298	4	28144
17160	3	16435
20898	0	27836
21008	0	29507
16544	0	28182
29779	3	27605
21088	0	25410
29486	1	22454
16154	0	18584
24387	0	18748
26400	1	27717
29695	1	18706
17182	0	23036
16793	86	19442
26129	0	27890
23986	0	18793
20773	4	19528
24097	0	26958
24159	0	18492
17397	92	29199
25232	0	20274
15955	1	26312
29851	0	24338
18302	0	19938
17070	0	26437
19392	0	18657
16436	4	17908
15880	0	19303
25026	3	29578
19128	81	18463
18324	1	24617
29947	0	15170
21604	0	18592
22184	92	18140
22820	1	18248
17062	3	28352
23658	3	27126
28674	0	19178
17404	92	28647
18444	3	27699
29138	0	16236
19152	0	18344
23883	4	28592
17554	0	22505
22004	0	15172
29220	0	27136
29307	92	21756
26123	81	25436
24319	92	20191
25377	0	28652
23648	0	20937
15803	0	25175
17156	0	23260
19356	92	28008
16237	0	28540
16826	0	27041
18191	0	22439
21524	0	28439
19073	0	20496
22894	0	26037
15337	0	23834
19901	92	26581
19323	4	26572
17606	0	18110
18694	0	21553
25902	92	20174
15473	92	29171
23130	0	26317
26535	3	28530
20911	0	20353
19086	92	26698
22677	3	24245
16598	0	27677
24061	0	29254
23657	0	27993
19364	92	16860
16159	86	21508
25998	1	23707
18682	86	17654
22956	92	18088
24219	1	17461
22050	81	19744
26452	0	16059
24966	0	25996
26520	0	17031
24807	86	24042
19779	1	27819
19385	92	25612
24642	0	15550
20785	0	18389
16268	0	27123
21262	92	16859
24956	81	20767
15863	1	24912
21272	0	27312
25818	0	26234
15948	1	29663
17137	4	23350
19293	0	16513
25002	81	20732
20884	0	25500
25034	0	24338
25357	0	29546
21169	3	18350
19753	92	23791
19860	4	26277
19691	3	29118
21725	0	29931
23585	81	21707
17714	0	28158
23529	1	24062
26165	0	15628
19749	3	22457
21531	1	23620
19377	3	29098
16817	0	27296
29512	4	21746
21244	3	25870
17381	0	28009
19063	1	28069
23431	0	27699
24034	0	20430
20848	0	22248
21100	1	20331
17259	0	19674
21054	0	23516
18520	0	24240
25213	0	25138
18842	1	20343
24226	1	29609
15453	3	26239
23459	3	29064
16476	3	26565
23199	1	29982
18451	3	22001
25894	0	24368
15422	4	27942
24805	92	29548
26382	3	16552
29480	0	26207
23884	3	21723
18602	4	20436
22516	92	20387
21474	0	19947
17957	0	16557
17997	0	18939
29317	3	15035
15452	3	24419
29138	0	26599
24571	4	15854
21221	0	28453
21517	0	28422
28803	0	24378
17533	0	26408
24633	0	17546
20036	3	17678
19364	92	29631
19156	3	28145
17450	0	25401
21825	0	20995
17125	1	25502
20879	92	17922
16168	1	25286
20787	0	15188
28780	0	28967
15332	0	29091
18007	0	15323
15337	0	26687
17814	1	24100
15963	4	20102
20870	0	17636
20780	1	15250
22038	1	27342
20771	0	18137
17306	0	27618
16421	0	22528
22863	0	25638
20836	0	27223
22962	86	15834
24508	0	28359
25028	0	20114
19417	3	15836
16049	3	16519
23177	81	17600
18239	0	26509
18234	0	22347
21080	0	17015
26152	92	18932
18468	3	23525
22400	3	27992
17866	3	26580
28804	0	15169
20029	3	25590
17880	92	19220
20857	1	16493
25000	0	25075
21035	1	23450
18401	4	24013
22694	92	21547
21257	0	19962
22275	86	19665
15462	0	27081
19260	0	16871
25490	0	26438
19018	0	20212
21258	1	28736
16678	92	25889
23849	0	26857
16951	0	19302
21023	0	17980
21712	0	15099
20853	0	20339
18061	0	27267
22960	0	29301
15725	4	15683
24942	3	28917
21073	0	26996
22921	3	27772
21233	0	21528
15337	0	28346
24778	3	23269
22179	0	27573
17247	0	23401
20893	3	16622
22645	92	29176
18007	0	26805
19866	0	26112
19916	0	26526
22126	3	27224
25110	4	23780
29960	0	25876
20337	0	26024
19234	1	20454
21850	0	29837
26497	0	16917
19177	4	25504
20715	1	21767
17870	1	26428
22051	0	24417
29497	1	23687
16962	92	24315
20666	1	15693
23548	0	25876
20993	0	20683
26149	4	15397
17403	3	15553
18668	0	29532
24220	1	28280
22593	1	25479
24789	0	28029
20891	1	28043
24266	92	20669
29657	0	17363
22039	0	23195
26514	81	21151
25147	0	28222
21224	3	16442
26152	92	27392
23442	0	26266
21219	3	26462
15490	81	18293
20880	0	26021
19381	86	23885
28868	4	27262
22128	0	29679
25372	0	18365
26532	0	27331
16407	1	17487
26336	4	28331
17682	1	27192
22648	4	22200
21181	0	16802
29007	0	23726
24606	92	16081
24639	0	16147
21121	0	28915
22361	0	25181
17262	0	27674
22638	0	17635
29495	86	16018
19193	92	23800
18835	1	15080
25023	0	21979
18397	0	27562
18090	1	29141
17115	0	22285
17771	0	26943
19193	92	29792
29762	3	18129
16047	81	29703
19315	0	20537
25087	3	28633
22662	0	22845
24039	0	19119
28876	0	24870
20962	3	15268
25057	0	23252
21903	1	26239
24399	3	26285
19097	3	20481
20853	3	29437
21301	92	22888
25380	92	25058
15863	1	20332
16167	1	25990
17714	0	23609
26476	1	22359
15585	92	28009
19563	0	29621
26390	0	22703
21446	1	22329
15782	0	21790
19794	0	26688
29800	0	18464
23596	0	20449
20029	3	17486
19331	1	26605
20840	0	16709
19374	0	23322
18001	4	16823
20466	1	26229
18825	0	20702
29741	4	28274
17132	3	22000
19959	0	26808
25732	0	18647
19479	0	23577
17148	0	16377
25006	0	27080
23627	0	17638
24077	92	28556
19382	0	17484
15863	1	25967
18063	0	26248
24640	0	19306
29287	0	23603
19075	0	19002
24313	3	15201
19752	81	19483
22922	92	16703
29732	3	21733
18673	0	16597
15481	3	15810
24232	0	27581
22302	0	21528
25110	4	23224
17115	0	17518
24600	0	23449
20632	0	21852
19760	0	25469
17772	0	25064
24797	0	28806
17897	0	23201
18564	4	16210
25011	0	15939
24974	92	24916
26334	0	25872
20035	3	20535
25732	0	17006
21486	0	27672
22776	0	26198
21117	0	16998
16684	0	24671
21518	0	16041
18454	0	18378
22082	0	19602
24122	92	26053
19195	81	25246
21711	1	22527
18857	4	24346
21257	0	25789
17211	0	15361
18546	0	16707
15347	0	27502
20029	3	18272
22649	92	15493
22966	3	18310
18405	0	25466
29527	0	28061
16416	0	22283
28588	4	27583
15382	1	25700
17601	3	26311
24979	92	28421
24783	3	27585
21686	0	17008
24582	4	27894
22189	0	22384
20456	0	28917
24236	0	19812
16135	0	16997
20214	0	19677
23144	0	26250
24091	4	26115
29750	81	21399
15515	81	17456
24851	0	15206
15774	0	18887
26072	3	29121
26518	0	23233
19158	0	26358
25352	4	24136
25163	0	20005
16235	0	19337
21971	0	28221
19418	81	23077
20918	0	21895
23416	0	25603
16268	0	16172
17324	0	19958
23550	0	23221
18455	3	23611
18458	3	18549
22973	0	25399
23013	0	18070
26390	0	16506
21045	81	24565
26423	1	17015
20730	0	16139
22785	0	16517
17323	0	16030
21199	0	29889
18674	0	28170
24778	3	22458
19761	0	23756
17268	1	19575
21393	1	22507
16819	0	28288
18517	0	27585
17122	3	27602
15549	0	28896
23090	0	18521
19796	3	27427
19004	1	28212
16989	86	24111
20866	0	29206
16155	1	21537
23275	82	29324
23005	0	18182
22787	0	23951
17826	92	19578
17801	0	17729
21079	0	27634
26476	1	27927
24766	0	19826
15760	1	27696
23432	1	20365
20324	3	19877
18616	0	15070
17149	92	24665
22997	1	28201
20890	0	27880
19427	4	26921
17850	3	20582
24900	0	25860
21608	92	28541
22656	0	23330
29011	4	29563
23104	0	15575
15623	0	16182
20952	0	28583
20296	3	23151
21191	92	28139
19553	4	25637
21624	0	27930
18691	0	27546
26158	2	29575
29483	0	21818
20727	81	26397
19137	4	19710
16853	1	16755
19393	0	26703
29777	92	25502
25314	0	17085
22375	92	29029
24672	1	16877
19375	0	17568
28380	0	26092
25099	0	16616
21335	0	18545
18047	0	23211
25272	92	27726
23584	81	28880
19008	0	26628
19552	0	26461
19249	0	21555
22226	0	24422
20999	0	27930
22997	3	28201
15981	0	21130
26497	0	18655
16725	0	15101
23700	3	20278
19863	4	25958
20018	0	27620
25419	86	17893
25086	1	21995
15587	0	29333
19405	81	17874
24971	0	27185
24252	0	19612
20512	0	25284
17179	0	29071
20472	0	26617
21434	0	24512
20895	0	16575
25190	0	24361
22647	1	27543
24064	81	17874
18506	0	27769
21189	0	17676
25740	0	29827
16416	0	20487
21232	1	25557
17762	4	17438
20913	0	16983
19384	1	23021
23014	0	16068
17321	0	29291
16879	0	26495
19445	0	19488
16893	3	21041
26123	81	22050
21398	1	28322
25902	92	20391
17397	92	16386
20719	81	29398
18451	3	17616
17865	0	23279
20817	1	28338
18000	0	26340
22114	0	23743
29504	0	27807
16766	0	18125
21512	0	17619
29373	0	23255
18259	0	21766
22039	0	20484
26067	92	20118
24278	0	25946
23986	1	18791
19004	1	21772
22991	4	29401
17692	0	28429
22124	3	26606
26286	0	19914
29746	4	28321
18459	3	26109
17843	0	28566
29008	92	20101
15933	0	22236
29566	0	17913
21029	0	28005
23856	1	17061
15959	92	25981
22968	0	18916
25184	0	25803
15857	0	17101
17323	0	20743
15955	1	21761
19323	4	29433
19260	0	25588
25627	0	16741
15516	4	23614
16436	4	16341
18439	0	21339
17843	0	29279
21685	92	23868
15501	0	26062
19912	89	22831
15425	1	23784
16283	0	25649
21013	1	18380
19296	0	24676
21318	92	23752
17375	1	26117
23090	0	17331
17815	1	28563
29693	81	21609
19168	0	27821
18680	81	21426
21172	83	24282
19234	1	28950
23661	3	28118
21971	0	21716
22560	0	22816
15879	81	22624
21313	81	21274
28851	0	22186
16725	0	15993
19052	1	28924
28883	0	20208
23439	0	21822
20851	0	21842
16669	0	25882
24850	0	21491
18142	4	18388
20880	0	17479
25759	0	28209
24632	3	18964
16827	0	23388
24581	0	23734
24154	0	18947
26330	0	23893
24576	0	16383
21175	81	29130
20014	81	19433
28802	0	28313
20843	0	29910
22128	0	26692
29742	4	27427
17143	1	22766
16831	3	19518
24810	4	18287
29783	3	18711
21310	3	22585
20802	0	17741
21740	0	19333
25752	0	17037
26274	81	15410
21677	92	20011
17089	92	20574
17929	0	27791
25335	0	16608
15515	81	22795
23200	0	23697
17268	1	18710
16761	0	27693
25039	0	28178
15351	4	28093
22817	0	27916
15797	86	25030
19882	92	27387
17161	92	26915
19130	83	24283
19559	0	22549
21293	1	15271
18007	0	20592
20649	0	26228
20333	0	21714
21357	92	26084
18239	0	20916
21274	81	23186
16130	86	26513
19371	0	24543
25032	0	28651
19018	0	16875
29284	0	16350
15454	92	15147
24884	92	25597
24230	3	27862
20895	0	27305
28888	0	22146
26497	0	28253
25761	0	24063
17885	0	29216
21904	1	27558
17144	3	18015
24961	0	26720
20789	1	20335
19704	81	19373
16308	0	25898
24520	92	20572
19692	0	22480
29008	92	27803
29774	4	15249
23464	0	16083
19793	92	23619
25581	0	21842
20649	0	21766
15930	0	20157
22575	92	15198
22089	4	27477
22644	3	27806
19760	0	17543
17897	0	26697
20464	0	24349
22970	0	27430
17712	0	28075
24619	81	29266
22424	0	22181
24705	0	26046
25023	0	28203
16338	0	19789
20828	0	25851
28690	4	23243
21991	4	22511
18232	3	29853
29768	4	19222
19392	0	27032
18626	92	28197
22361	92	23802
24571	4	21811
20882	0	24394
18544	1	29544
25251	0	16145
21671	3	24486
21527	81	28688
24078	3	27376
24190	4	15019
19704	81	24257
20647	3	29491
29565	0	28066
22043	0	23645
24082	0	27781
18403	0	18331
15862	0	19807
21998	0	25983
17226	0	20812
24099	0	19539
15719	0	27454
18259	0	21553
25988	0	21765
17137	4	23570
25230	3	19591
16283	0	17015
25296	0	24169
21141	0	23984
21433	0	16512
20727	81	19907
19802	86	24765
24774	0	26203
21107	0	23887
20775	92	24751
17867	81	17758
15867	3	19946
19234	1	26296
22952	1	28040
16687	0	19818
22039	0	29865
15406	0	16034
21608	92	29830
25179	0	16465
19892	4	23567
25669	0	21764
15531	0	17475
25669	0	27716
22029	0	17515
18360	0	17531
19098	92	20288
22278	0	26370
17267	4	16342
23470	0	21771
22725	0	19178
25023	0	17372
22966	92	26949
18761	81	29775
21800	0	29640
22784	0	27198
21478	0	25822
22991	4	16342
28842	1	17579
16764	0	15022
17270	0	27257
24117	4	29431
19327	0	23916
19579	3	19485
23175	81	28686
17252	0	23946
28882	3	28141
21189	0	17792
24958	1	21811
22736	86	24108
17770	0	16182
25367	0	21899
21308	3	16352
22299	3	25283
17276	1	29446
21242	0	26718
29765	0	22132
21297	1	26981
21234	0	29525
22096	3	23918
18432	0	16567
15341	0	26616
15454	92	22530
26538	4	17624
25392	81	23931
21330	1	15126
25750	7	26383
19864	0	27081
17313	92	18285
18010	0	23321
19296	0	26946
15328	0	22853
26377	0	27315
19176	0	15854
22297	0	20542
24103	0	17508
17533	0	28451
26477	0	26419
19246	92	21647
24622	0	15168
19086	92	21788
22464	0	27711
15432	0	17418
21407	92	16242
25213	0	22214
15913	4	17532
17162	0	28328
28789	3	24481
24101	0	20308
16128	0	15073
18499	1	29542
19628	0	26221
22049	81	24840
22272	92	22336
24197	0	26816
19480	0	24485
18857	4	15245
21324	0	29196
15858	0	26289
22981	0	23224
21216	3	23897
25641	0	20395
17769	0	29807
17454	0	21749
18495	3	26663
25032	0	21347
26180	81	17813
18758	83	24281
25163	0	26206
22399	92	27075
26174	0	22019
19073	0	27025
23017	0	26896
23421	92	21041
18216	0	17350
17842	0	22855
24784	0	26829
18496	0	18041
21185	4	28824
17324	0	19189
29430	3	20132
21530	81	15467
29413	4	17433
18099	1	15805
17895	3	24329
17861	1	18642
19065	0	23319
19665	0	16595
18342	0	23248
19114	1	25505
20749	0	28822
22730	92	25959
23199	1	27983
20865	0	29593
24231	86	16725
29126	0	21558
15302	4	27294
20801	92	24879
29318	3	24767
17751	1	29659
29021	0	28981
15933	0	23577
19080	0	16098
23878	4	15522
17162	0	16351
16680	0	26738
15446	92	24011
15473	92	26689
21022	0	20744
22662	0	16141
21208	3	23797
26136	3	20086
19479	0	16490
18072	0	16874
15547	0	29619
29960	0	26085
19665	0	23744
18451	3	28518
25444	0	21580
22044	3	22320
24302	1	22254
29354	1	27834
21295	92	17346
24607	3	28085
18641	0	18984
20472	0	20411
17766	92	29013
16049	3	27596
19880	0	22538
21200	0	17547
17873	3	16927
17371	0	17502
24805	92	26357
19335	0	19599
19087	0	19572
23172	0	29826
26007	0	22262
29316	0	22511
20976	0	26410
28786	0	24183
19154	0	17088
22058	1	26232
22873	1	28207
18000	0	24342
21091	0	23322
16776	0	19539
24193	81	23177
23588	0	29896
22376	0	23107
23199	1	29637
19794	0	26682
25085	1	22846
16426	0	17186
22943	0	29454
29315	0	24384
22916	0	23837
22608	0	18277
23503	0	16442
22035	92	17342
17271	0	26688
17770	0	24471
29731	0	20160
21991	4	18373
18760	0	26322
17698	1	20425
16198	0	26016
18835	3	21859
16328	0	18183
22429	0	24022
20770	0	28035
21726	0	18818
24217	92	16844
19549	0	22136
29342	0	27891
22737	0	19031
17076	1	16916
24949	92	22751
25349	0	17721
18954	0	27784
24304	1	15072
17285	4	16092
25392	81	26483
19437	1	29419
24972	0	20525
19781	81	17839
15332	0	26675
20564	1	22513
18077	0	16702
22010	0	28401
26070	92	26735
29864	0	15334
16149	92	24426
18184	0	26350
20949	4	23577
20927	0	29177
17832	4	24245
18497	0	17970
26130	0	25239
25516	1	23936
26121	0	28359
25512	0	27771
21249	0	19953
29957	0	15386
25054	81	18066
19369	92	28436
29000	0	20302
29528	4	17536
17275	0	28033
22303	0	15700
23384	0	28914
21485	0	18385
18497	0	26610
18561	1	23563
24783	1	15001
20832	0	27571
16162	0	25456
21249	0	28923
21636	1	27445
21295	92	27975
16248	1	16489
20899	0	23193
21174	81	17561
29008	92	15909
21059	0	23677
17114	0	29255
18323	0	16477
22987	0	16713
17447	1	29032
22737	0	22529
19206	3	23087
19392	0	18980
19133	86	20015
20893	0	22350
22162	1	27001
15533	0	17108
24279	0	16934
21178	0	29834
22380	0	27214
21188	0	26436
16745	0	16548
21233	0	17108
18067	0	20370
18673	0	17423
26484	3	26655
15390	0	27861
22600	92	28418
24030	0	29226
15797	0	23354
17415	0	23266
18432	0	19833
25384	1	16363
18857	4	25586
22379	7	25279
24121	0	21745
18546	0	23294
21710	3	26957
21850	86	21696
20999	0	26553
22994	0	26961
19779	1	18343
22028	92	15565
26338	0	23734
15505	0	26952
16532	1	27166
19115	0	24499
17398	1	21549
23596	0	28993
29728	81	29775
21245	0	22891
15278	92	19615
23081	0	23153
23090	0	19703
22956	92	27556
29995	81	24308
17284	0	23133
17072	90	24853
20908	0	23642
22275	0	27791
17307	0	26523
21280	3	26732
26007	0	22132
22397	1	21883
22028	92	29606
22427	0	24866
25029	0	27972
23654	0	20117
25109	3	27006
22976	0	25708
16773	1	28954
15798	0	25136
16682	4	19703
25778	0	27281
28899	0	26693
22951	0	28347
21338	3	28743
21125	7	26383
22930	1	29015
17021	0	21791
21330	92	19785
20748	92	15334
21576	0	24710
17114	0	26749
16736	1	19769
18170	81	18288
29961	0	23819
25015	0	22317
26121	0	26965
26324	0	16361
29733	81	18189
19991	0	17790
25077	0	20096
29514	0	29669
20977	81	25385
17826	92	28891
29470	1	26955
21403	0	18134
15761	0	29537
17380	0	28619
17027	1	18816
21496	81	29398
21209	81	24817
25960	1	24655
15469	92	16892
17877	0	16584
21508	0	16276
29745	4	16660
16737	0	29206
22010	0	19640
21103	0	18194
23669	3	24916
21687	92	15008
17381	0	22103
16321	0	18708
15454	92	16177
18127	0	24318
21009	0	26420
17867	0	20585
17027	1	28041
19563	0	17940
23447	92	25895
22812	81	23050
23541	1	25647
24312	0	18986
20027	81	19780
18439	0	22498
24768	0	23028
19497	0	20664
29566	0	15123
22822	0	24749
17801	0	22019
24759	0	25478
21648	0	18129
24783	1	16447
22705	0	26118
19008	0	16461
17268	1	29215
16634	0	22855
22516	92	23605
22089	4	28665
16256	0	18271
19694	0	18828
18952	0	23290
23700	1	28831
29509	0	27962
22008	0	24344
18293	81	15605
23165	0	20052
16415	0	25844
17752	0	16010
15856	3	27459
17322	0	21956
19901	92	27369
15874	1	20819
26442	1	17044
24079	1	18474
23013	0	20483
29124	3	18988
24629	0	28507
20895	0	23792
17282	0	15647
16416	0	20566
15511	3	26056
24304	1	16369
16852	0	24242
20867	0	18221
22822	0	19304
21032	0	21119
15461	81	17303
24084	0	18329
24600	0	28254
17569	4	25603
24097	0	15024
29475	0	26872
26129	2	23681
24314	4	20799
16826	0	29325
16538	4	27513
21091	0	27706
17206	0	28537
22765	0	16228
24506	83	24281
25492	3	28124
19167	0	19701
17879	0	27622
26269	0	21361
24581	3	20192
26134	0	18594
25185	0	29609
17997	0	27366
18074	0	26098
21669	0	17028
21386	0	27646
21603	0	25504
26473	3	18031
22310	4	15690
21515	0	19717
26330	0	16201
23101	0	18573
16298	4	29158
20904	0	16003
24307	0	15315
24624	92	24180
20949	4	27183
19886	4	25678
23658	1	27452
21484	0	22631
21709	0	27361
17150	0	22024
26533	0	19454
20057	0	25942
26476	1	17685
16257	1	26696
25040	3	20686
18698	0	19842
15325	0	15063
23693	0	27886
26178	3	23282
19404	4	28228
22116	0	18137
15459	0	16224
19055	0	23197
21308	3	23820
22956	92	27016
20980	0	19310
24705	0	25435
17753	1	28206
28884	7	24538
21071	3	20240
28774	0	23197
20805	1	27947
25077	86	29338
29513	0	26255
20925	0	28090
29374	0	28510
17268	1	19226
21610	81	22052
24257	0	21566
25006	0	23798
19291	0	22283
21882	1	23756
22093	1	17406
15444	0	21788
15715	3	25881
29745	4	20533
21075	0	22550
19563	0	26898
20337	0	26039
21524	0	26590
28875	1	18836
19259	0	23358
21637	5	29872
22128	0	23901
15278	92	26739
15784	0	21776
29511	0	23457
21323	0	28055
16673	0	19430
16977	4	15259
24985	1	22195
18463	81	17303
25236	3	27912
21038	92	15359
24596	0	27597
16281	0	16997
22152	0	27881
21199	1	27430
17381	0	25537
29467	4	28312
24578	3	17468
23986	0	18789
22637	0	19038
19552	0	22360
21298	1	18437
20666	1	20679
25666	4	20355
19320	0	29386
15509	3	24864
25000	0	28471
25233	0	16100
20885	0	19662
19112	1	15190
21637	0	28653
29957	0	27684
16761	0	27165
26512	3	19120
25012	0	24003
25019	0	27872
17330	86	16408
22739	0	18145
22994	0	16937
22275	0	27551
25954	0	23346
19411	92	16033
17835	3	27647
29480	0	28476
19371	86	17463
29329	0	28050
19544	86	22055
15948	1	18895
23520	0	27700
21677	92	18876
15462	0	28828
19074	0	20070
22759	0	19785
25310	1	18786
28845	0	16073
21416	3	26706
21508	86	16159
24198	4	18889
20176	0	22220
24279	0	27058
20914	0	20009
24051	0	15993
26516	0	29931
22717	3	25473
22156	0	22218
24109	0	25484
22946	0	27392
18495	3	18383
16691	0	28702
17929	0	24429
26399	92	23454
19664	0	23195
20129	0	16398
22427	0	22530
16798	0	19573
22162	1	17913
15404	92	29848
26162	0	16970
16036	0	22829
22956	92	18193
21521	1	27809
24057	92	28254
25350	0	17745
21323	0	16164
17046	0	16053
21654	1	29050
26075	0	28499
29567	0	28154
25311	92	24604
15511	3	25528
19751	81	29775
18054	5	15640
15959	92	29836
18207	0	24430
16290	0	23835
16680	0	29330
18184	0	18262
15463	1	26870
16330	0	26711
21531	1	29501
25692	0	24163
24191	1	20691
24570	0	17791
21270	0	22837
24572	4	22214
26529	3	21805
15981	0	26858
22078	4	26805
22812	81	24944
16328	0	27063
28855	0	28356
18288	81	15502
16954	0	26041
22962	0	29598
21233	0	24499
20839	0	28472
18061	0	24531
20890	0	23559
21608	92	17333
25023	0	28053
23049	1	15221
20778	0	17497
29957	0	28461
21301	92	19839
26071	0	22260
24505	4	19618
23856	1	20497
20463	1	28824
17132	3	26742
22587	1	29113
29244	1	28722
21203	0	27074
18602	4	20491
16171	0	27126
15461	1	22454
29395	0	26208
17462	0	19675
23085	0	25480
18448	1	20117
17818	92	18887
24950	0	26961
24772	4	21937
20900	0	25259
24112	0	26567
21873	0	20110
21664	0	24329
15516	4	17923
25036	0	24753
23528	92	28388
25230	3	20163
23700	3	16467
20337	0	29245
29737	4	17508
21649	7	20836
25020	4	22439
24592	3	24490
16828	0	29434
25676	0	27044
21408	1	16765
29473	0	18737
19489	0	26479
24502	1	26435
24788	0	26454
18528	0	18742
16170	0	26615
29466	81	29482
20059	0	26788
20299	92	23632
21622	0	27649
24625	0	18700
16553	1	25949
17734	4	15020
24776	3	17105
25270	0	26050
15867	3	18968
19293	0	25426
29372	0	26195
15415	0	28146
22862	86	15883
24942	3	27613
15935	3	28066
26449	0	29231
24705	0	17095
29566	0	23952
29307	92	28455
24113	0	21788
18240	0	26290
16295	1	29993
17069	0	27428
15440	4	21347
19387	0	15570
21971	0	26574
19095	3	27359
28849	0	16661
25391	0	29831
15329	0	28607
28784	0	16464
23666	86	24290
22050	1	24685
17217	0	19592
19756	83	25896
18524	0	23719
22778	0	17610
28595	81	24619
23424	3	16017
21110	0	26773
29307	92	24891
29284	0	18967
25802	0	15367
19901	92	23453
24558	0	29303
29509	0	28963
18588	1	27693
16555	0	20528
17358	0	20556
29953	0	19623
21640	0	28493
15469	92	25327
20758	4	16424
20987	0	26365
22922	92	27376
22698	81	21330
24306	81	17146
15456	1	27951
18533	1	25825
17958	86	18404
19349	1	29168
23469	81	17874
22746	1	23218
20834	0	23742
18370	4	28285
28832	0	25509
19104	0	26365
29774	4	25473
19371	0	15014
23088	0	24318
18801	0	18577
29851	0	15375
21190	92	25935
20907	0	17197
25581	0	27887
20326	92	27684
16778	3	28306
20840	0	16098
17861	1	17722
17994	3	24438
21203	86	21649
20304	92	29494
22226	0	21339
20981	0	29582
17129	0	18828
18560	0	28002
19290	1	16603
19076	1	21852
22079	1	25969
15442	81	29450
22365	3	16556
25013	4	26714
18439	0	27972
24995	4	24317
17692	0	27840
15802	0	22154
22041	92	23961
29954	0	29616
21023	0	29327
20290	3	29426
28873	0	28929
22709	0	29949
29297	0	21814
24065	0	16863
22621	0	17432
24619	81	23469
15510	1	27701
21393	1	22486
22772	1	24658
15477	92	17513
22418	81	26447
22080	0	29795
24729	92	27831
20846	0	28703
17359	4	29454
15458	1	21870
24984	3	20693
18551	3	23835
28762	0	28200
29776	0	15291
16405	92	25073
18403	0	22142
25902	92	27426
24940	3	16623
21835	0	29681
15458	1	20502
17142	3	25893
18342	0	22446
21239	0	26212
22484	0	20218
18067	0	27401
22800	0	23388
15498	83	24284
25351	0	25845
22082	0	19562
19902	0	16883
15959	92	16385
20914	0	25455
29707	92	28255
17180	0	23500
15407	0	18928
18802	0	25545
18443	0	15226
18099	3	22346
16775	92	18795
26140	86	24324
21184	3	26508
24146	0	16226
15768	1	23028
28803	0	28968
17818	92	28567
24600	0	16845
24843	1	28442
29242	1	28073
21001	0	26000
23849	0	17183
16760	92	20578
24155	86	20462
19259	0	24723
19080	3	29924
18759	1	18959
28789	3	15313
21542	0	27097
26418	3	25943
17247	0	25725
20786	2	29576
21110	0	28534
29961	0	25603
18163	0	21451
22484	0	23698
23075	3	29380
15969	1	26730
19380	92	29904
21394	0	24353
28763	1	27422
28875	0	22640
19665	0	24536
24971	0	27026
16981	0	17719
18934	1	24912
29753	1	21501
22873	1	24873
20785	0	20072
26286	0	29555
17380	0	28513
22190	4	23194
29779	3	29157
15857	0	18343
21621	0	23227
25311	92	29878
18401	4	20206
21413	81	24080
24901	0	19280
23436	0	18949
29952	3	23509
22590	81	21527
19321	0	23083
28882	3	23886
20784	0	29223
17117	0	27054
17142	1	29525
19331	0	28560
26136	1	20107
23018	0	15203
19104	0	21659
18435	0	29909
17360	0	21789
21204	0	17341
25740	0	24161
16824	1	17029
25353	0	16119
21983	3	28483
19763	0	24615
22310	4	20078
28952	0	27604
17891	0	29535
24954	0	16834
25019	3	27401
16688	92	27087
24692	0	18269
21846	1	21802
25335	0	17969
28943	81	19476
20459	1	25866
25108	0	18975
28593	0	25545
22156	0	28047
22311	92	29165
29292	0	23904
23553	0	27498
19113	3	26366
23076	0	29627
29478	3	20593
21595	1	22475
26129	0	26738
16338	0	20210
20792	0	22232
18038	0	16117
21272	0	23122
19112	1	27162
19912	89	29324
21688	4	27170
17818	92	25705
25038	3	28203
25302	0	17104
19089	0	27825
15749	92	29434
29701	1	29197
18726	0	26209
21427	1	28396
24200	0	28982
19249	0	25506
24633	0	25970
29527	0	18939
21189	0	27111
22622	0	21776
15454	92	20696
20129	0	20398
17708	0	21921
20722	1	18906
15819	0	18297
21102	0	24436
17184	1	20896
18487	0	20604
18552	81	19313
26388	81	15882
20737	0	22556
22637	0	26946
18105	0	18150
21001	0	24345
29396	0	29109
29318	92	17436
21232	1	15175
21270	0	17460
23651	0	26603
21012	0	22409
18658	0	26664
21153	3	23311
20828	0	18997
22596	92	29451
26068	0	25826
15434	0	25562
29487	92	21429
17313	92	24411
20913	0	17099
24773	92	17745
29432	0	29016
17381	0	17811
18441	3	19221
17986	0	27926
16777	0	18305
17067	0	28224
20972	0	17237
21612	0	22906
22484	0	18128
24856	0	21760
20731	83	24282
19101	3	29686
29261	0	15033
25002	81	18220
21753	3	25718
17887	92	15581
22980	0	22384
22687	0	25069
25389	0	25607
20886	0	23272
17998	0	16732
25512	0	25635
21629	0	19505
21057	86	20330
17321	0	17417
23524	81	22049
15731	92	19624
16306	1	27488
16304	81	19102
20740	81	19407
23059	92	18339
19103	0	18728
25747	1	23465
25163	86	20909
21782	0	27468
22310	4	20278
23089	0	18151
19501	1	15021
17694	0	23712
15324	1	25854
22292	3	20480
20859	0	15300
29244	1	26240
26476	1	28605
15662	0	28639
24733	81	21530
17892	3	19619
18504	0	15239
29695	1	20532
26473	1	16094
24101	0	25458
15707	0	20309
21204	0	17596
23596	0	23793
21848	0	22447
22646	3	28950
18978	1	25177
21160	3	19835
18515	0	21857
22691	4	16400
24949	92	27515
19715	92	25907
22404	1	28508
16540	3	26083
22380	0	28363
21973	1	28328
21828	0	28429
24274	1	27864
23774	0	27302
24926	0	21803
23662	0	17786
21185	4	28112
18637	3	15743
23129	3	17947
19421	1	17349
23549	81	19477
18487	0	27760
16531	86	21208
20877	1	29916
17252	0	21596
21012	0	28053
21336	4	19970
25310	1	15792
21428	81	17111
20082	81	23051
21148	4	28389
28882	3	28641
23059	92	15003
23164	3	24402
20659	0	19464
23139	0	26831
15336	92	29059
21408	1	16009
21327	81	17824
26442	92	17044
21661	0	17459
20290	4	20088
16298	4	27627
23864	92	23306
24639	0	22444
23476	4	17652
19358	0	27809
23273	0	26352
21354	0	29452
24729	92	28230
20647	3	26581
26260	4	18595
15724	0	29883
21251	0	15850
15347	0	26291
22128	0	23558
29259	0	26448
24636	81	21334
15475	4	22563
17523	0	15650
23521	1	27019
29133	3	24472
21844	0	26367
22508	0	16113
16775	92	19040
16542	0	20539
20649	3	27998
24073	0	18904
21576	0	16343
16753	1	18704
18242	0	24770
23552	0	25939
22397	3	21854
24884	0	26936
15475	4	27746
23885	86	16170
24875	3	15642
18605	0	19233
22767	1	23407
24571	4	28315
21294	92	26605
15317	0	28018
18010	0	21130
20823	4	27193
24542	0	25703
23843	0	26977
25272	92	19784
19988	0	26872
15913	4	23812
24623	1	19592
22080	0	28425
17818	92	28714
21405	0	27936
16286	92	29649
24969	0	27406
23140	0	25467
22041	92	25734
25114	0	24348
15861	0	24487
23147	1	22244
22719	3	29294
28934	0	24390
17179	0	27491
17052	0	16749
23555	0	26429
22646	3	23461
22647	1	25700
17769	0	19522
21141	0	19740
19327	0	20199
23412	0	18248
20039	0	26647
22960	0	25994
29705	3	26214
17118	81	20767
29698	0	18593
21229	0	23633
15332	0	18745
18634	0	16074
24982	0	19522
28952	0	28433
16770	0	16663
29300	81	23635
25011	0	20043
21990	0	21763
24108	1	25121
25682	81	17118
19416	3	28377
23183	0	15975
22767	92	24156
17666	1	29990
16850	1	19030
15420	0	29867
21830	0	28809
22996	0	26436
17760	4	20366
25163	0	26647
21327	8	24467
17155	1	24426
19329	0	24354
15343	0	19461
20777	81	24994
22974	92	26650
24972	0	15393
21024	0	17729
24120	0	16183
19129	81	20733
17385	0	20473
25676	0	27373
21648	0	26220
21170	0	24746
19249	0	23781
25694	0	27100
17141	1	19257
22821	0	28619
18240	0	16885
15407	0	20486
18415	0	24459
26173	1	15060
22801	92	27168
21072	0	15754
18446	4	22320
21257	0	28811
17216	0	22896
23173	0	25975
23528	92	16968
25249	86	20900
15426	0	28084
29772	1	20306
22114	0	27271
22184	92	24617
21519	0	22544
18454	0	28518
19633	0	17736
24517	0	26105
15091	1	23402
21258	1	27902
29350	0	27705
16977	4	29090
23440	86	22131
22756	0	22700
21185	4	17181
21680	0	17000
19110	4	27429
22011	3	27700
26334	0	26770
19768	0	28342
18588	1	22254
17802	86	29974
17050	0	17956
22361	92	29016
24121	0	17399
20312	0	18746
19436	4	27195
16944	0	27078
16289	0	19486
19100	4	15308
29381	92	23957
25145	92	27008
21177	92	15138
25215	3	19596
22626	0	17092
16290	0	25343
20579	0	15322
25349	0	18957
29138	0	23227
17707	0	28599
28883	0	16009
16945	92	27196
21142	0	18905
22167	0	28484
21665	3	15178
15959	92	16094
24228	0	27725
18978	1	24738
28785	0	19188
15888	92	16424
21306	0	15895
29761	4	24423
21073	0	22256
21038	92	19669
29242	1	29538
22642	1	20621
22739	0	19660
22127	3	25977
21741	0	17642
21591	0	21812
25309	1	20229
23986	0	28737
29723	0	23736
25962	0	16556
22796	4	19118
28764	0	24897
21073	0	18576
24996	4	23782
25109	3	27968
25166	4	16011
23655	1	23704
26455	4	24755
16954	0	27926
17449	92	16904
20826	1	25559
20962	86	15795
16436	4	23289
21844	0	19711
20579	0	19304
24114	3	19847
21219	1	27456
20778	0	17552
25167	92	25608
17251	0	16741
21725	0	15133
18976	4	26899
21332	3	16739
28693	4	26281
24149	7	24611
17209	0	20040
17985	1	26220
23009	86	24210
28855	0	24258
26177	3	25905
19563	0	19190
24078	3	16703
20041	0	22447
22058	1	18792
21133	0	17538
22311	92	23825
17843	0	19225
26477	0	16092
19550	0	19974
18430	3	29536
17359	4	23590
17447	1	17172
22477	0	22465
15604	92	20052
15886	0	26394
22820	1	18960
15777	0	26059
25761	0	17553
21410	0	19010
18244	4	29254
23001	92	25298
21056	0	15235
18685	0	28508
21967	0	15222
24774	0	26004
17891	0	23326
22517	3	25116
15454	92	28216
20922	0	25867
22590	81	24083
25358	0	26668
20775	92	19852
22135	0	26420
19691	0	25790
16260	0	28961
16541	1	16084
22412	1	28557
16281	0	17010
16107	0	17107
26174	0	19279
20880	0	18110
22649	92	22147
22800	0	27387
22427	0	19531
15771	0	27080
21300	0	21768
22821	0	26619
20993	0	26843
20714	81	15606
21069	0	15984
23093	3	23509
18558	81	15816
23765	3	29129
19377	3	15264
19047	0	16741
16691	0	23579
17933	3	24663
24851	0	19280
22388	0	24338
22598	4	29092
21925	3	16576
18018	0	27098
20726	0	24177
20632	0	28411
20042	0	22827
28685	92	29196
18952	0	19611
24050	3	18282
26262	0	27395
19138	86	18500
19018	0	20216
20850	0	17481
25519	0	23623
23654	0	29462
20968	0	17735
25772	0	29229
15593	0	21988
22484	0	27820
15865	0	26657
19563	0	15849
19355	4	26802
25092	3	26702
20828	7	25488
19402	0	16568
17325	0	20600
24190	4	28019
16530	0	22446
26537	1	16339
15709	0	21944
24199	0	15232
17065	0	20604
17076	1	29829
21444	0	15180
22679	0	15016
19314	0	29676
20914	0	20130
18674	0	26207
22119	92	27740
22783	0	16446
15967	1	20071
17659	1	16700
16329	0	19843
19987	0	28276
24097	0	15065
24036	1	24882
19175	4	26765
20055	3	22349
17233	0	26851
19064	92	22629
22167	0	19450
17378	1	22332
21636	1	23463
21856	0	17969
19633	0	23072
17831	4	27006
19256	0	27974
19859	3	26768
18238	0	27918
19873	86	16879
22647	3	21853
29234	3	25399
29567	0	15395
16257	1	27792
23774	0	19609
15381	1	18725
20987	0	27149
22518	0	17980
21148	4	29263
29801	1	23331
16831	3	22880
24522	0	15388
18455	3	29365
17150	0	19645
18883	0	20720
15936	0	17504
24951	0	27877
19365	81	24586
17360	0	18498
29566	0	24459
29415	1	15177
19908	0	20566
20053	81	17561
20801	0	19237
19098	92	19788
25389	0	17387
25311	92	15272
16953	0	26700
20057	0	20382
17899	4	26945
21305	0	23545
17447	1	29128
22981	0	29153
18602	4	27693
24045	0	29609
18551	1	28295
22804	4	19738
18466	92	24025
20895	0	22206
22639	0	17372
25362	3	25819
16440	0	27544
16149	92	19848
29728	81	21458
15959	92	27337
24304	1	18279
21694	0	15377
15734	0	20110
21086	3	20555
17097	3	27383
22037	81	24193
28693	4	28253
22991	4	29047
16946	1	26027
29731	0	27124
23866	1	28753
16237	0	20662
24834	0	22443
24839	92	29875
18615	0	25915
29309	3	27277
24048	1	18601
17056	0	25735
17981	1	16671
15862	0	18027
21193	92	19804
21254	0	22902
18228	0	26584
19071	1	26298
22306	3	16805
19763	0	27445
15872	0	26718
29695	1	17292
19102	1	17728
16598	0	28358
24637	0	24322
24399	3	28240
22982	0	27009
21421	3	26927
15454	92	20617
22858	81	16949
15473	92	27660
19398	3	15177
20304	92	17942
16021	0	28609
21050	0	28828
29721	0	21342
17110	0	28420
15967	1	19541
15913	4	15437
19630	1	21670
16762	4	24355
22943	0	28976
16413	0	28070
21545	0	23925
16899	0	26635
17769	3	20157
24996	4	21554
28841	0	28957
19158	0	15281
20774	0	15972
24571	4	28729
23440	0	15994
22308	92	23346
25023	0	27496
23942	3	29363
22781	1	19452
17753	1	29214
21108	0	20107
28698	1	27886
15859	0	28011
24978	3	21988
26171	0	21456
21336	4	28374
18506	86	19406
28850	0	27900
26178	3	17416
24077	92	16385
19367	4	20275
26376	86	18527
17205	0	18733
15442	81	23004
21229	0	17038
16163	0	23998
29317	3	19676
25184	0	29165
21089	92	28964
20460	81	28681
21522	0	23704
26399	1	23454
16414	4	26810
21322	4	29224
19494	0	28047
22175	0	20700
16254	0	23812
26535	3	15297
26124	1	28953
17449	92	21790
24069	4	18701
25750	0	17232
17111	81	18636
19959	0	27072
21152	0	29434
21434	0	27528
23664	1	24170
23651	0	20475
20931	0	26610
26378	0	28992
17526	4	26603
22926	3	26911
29573	3	20619
18633	0	25999
29496	0	16144
15855	0	28392
19405	81	22941
16263	0	20550
16261	1	26211
22117	3	22540
25231	3	28573
21003	0	18485
19133	4	19821
20885	0	18864
24848	0	26056
19355	4	19281
24803	4	27500
19603	0	27158
23047	1	26223
22788	0	21890
19063	3	26954
26168	3	16372
25513	0	27442
24574	4	18343
19321	0	23097
18684	0	24554
23444	92	26319
29403	81	15327
24795	0	29191
17760	4	28615
26165	0	17438
24943	2	29576
28803	0	16671
18407	0	16588
19054	1	29963
25692	0	27854
21001	0	16042
16530	0	29437
20317	0	19271
16736	1	23288
21235	3	18647
19991	0	26362
16951	0	29112
21828	0	28571
25357	0	26946
25495	0	27966
17843	0	24746
17072	0	28647
22790	0	17438
18460	86	15784
19886	4	28087
23934	0	29979
19441	3	16484
22666	0	29826
21301	92	25722
19249	0	19996
18456	0	16603
28842	1	23323
18369	1	17174
19286	0	23791
26432	86	17887
16682	4	27841
24962	0	25242
21630	0	22321
19380	92	29644
20770	0	24250
19057	3	28415
18674	0	28156
29010	92	27340
24954	0	25285
21391	81	29757
21615	0	26085
24787	4	20386
19555	0	16174
23037	81	19378
15822	0	23530
22777	0	26271
15587	86	25663
20726	0	21553
18635	6	20082
15953	3	22700
29709	3	23303
24938	0	16654
23480	0	23452
22388	0	20246
26537	0	16294
19408	0	20698
24941	0	26723
29695	1	22507
29285	0	26023
23441	1	29599
20512	0	17091
24812	92	27278
22015	0	22158
24399	3	27958
17121	4	29426
15419	0	25585
19415	0	18537
22946	0	27925
15495	92	23248
24057	92	21060
19176	0	15006
26051	0	19669
21042	0	27851
21310	3	23951
25325	0	26443
26075	0	16968
21179	0	29387
23959	0	29226
15460	0	27326
19336	0	23157
23884	3	17073
21107	0	24490
16543	0	26560
23552	0	25680
22419	0	22558
20726	0	20509
17167	0	28831
25398	0	26736
21503	0	15638
23060	3	27835
29720	1	17439
22427	0	27651
19369	92	26597
17313	1	25576
15887	4	15072
25672	0	25474
16833	0	16106
24822	0	28521
20333	0	16103
23534	3	21302
19664	0	28183
22940	0	23134
24978	3	25476
24629	0	28775
18187	0	15375
17985	3	24020
17134	92	26530
18319	3	29984
29481	0	27490
20092	4	22141
19630	1	27427
16253	1	27343
22748	0	22612
20787	0	19238
16833	1	21766
22015	0	27620
21589	1	19731
22787	0	19924
20650	3	27221
16346	0	18743
17114	0	28749
18415	0	25460
18475	0	22107
19368	0	22222
15481	4	21785
15533	0	18530
22027	0	20662
28696	3	25889
23869	0	18395
21280	3	16922
17760	4	15224
24798	0	20791
23878	4	29541
15872	0	23740
29132	0	18182
19370	0	29532
16134	86	25032
22736	0	28484
17463	0	27016
24941	0	27731
24693	1	19135
24077	92	19733
15412	0	25484
29747	4	22879
26517	3	27537
23666	3	28436
22393	83	24281
19690	0	26749
28845	0	18805
17251	0	15647
29869	92	16928
21493	92	28529
20788	1	22264
24627	4	18493
21244	3	20617
29008	92	28640
29706	3	27626
19755	1	22543
21273	0	15113
15767	0	29523
18470	1	28822
16797	1	24492
15415	0	16399
19497	0	19306
16775	92	22471
23555	0	29654
20740	81	17758
18684	0	15149
18625	0	26233
15625	0	17939
19288	3	28034
17160	3	19620
19377	3	18097
19859	3	18167
21024	0	20519
16963	92	22354
29374	0	16088
21056	0	15568
21190	92	26720
17115	0	24662
21105	0	29093
26171	0	22554
18602	4	18092
29346	1	26847
29307	92	22001
21577	0	29272
17535	92	18708
20152	0	27047
25351	0	22285
18978	1	25928
18637	3	20480
21545	0	21364
24632	3	29798
16530	0	20592
29261	0	18277
16138	0	19232
20787	0	28373
19396	0	19025
15874	1	28790
15767	0	16078
19758	3	25315
25083	0	26950
20632	0	20611
22951	0	28278
20652	3	29408
17395	0	25242
23978	0	29268
24236	0	20251
24765	0	27531
15336	92	19567
25313	0	26045
24623	3	17727
28851	0	17458
21830	0	25985
16788	0	15583
16687	0	26726
16479	4	22192
24304	1	18186
21092	1	28984
18612	0	25242
29471	0	28573
26136	3	27021
15773	0	20995
17605	0	25915
24839	92	20569
18105	0	21574
22764	1	18930
21446	1	16457
16670	0	24433
16107	0	21717
19907	81	23137
21322	4	29045
18484	0	23715
22741	0	21732
20921	0	16480
26269	0	28703
17166	3	18885
28685	92	25733
18203	3	17627
22403	0	25904
19382	0	21658
22686	4	16503
19164	0	22192
20059	0	20120
24034	0	17532
21433	0	26783
20927	0	29263
20334	4	18583
18293	81	20714
29417	3	27952
24086	0	20525
19117	81	20667
23173	0	27822
21205	92	15527
19415	0	23624
25230	3	23366
18497	0	19011
28685	92	18622
17877	0	15903
15777	0	15234
18527	0	20467
18615	0	22877
21186	0	23311
16427	0	28590
24309	83	24284
22723	1	15121
20876	3	16585
18354	4	29018
24778	3	27827
21489	0	22791
21799	92	26490
20851	0	21841
21663	0	28628
25681	1	27034
19197	81	21176
25842	0	22581
22389	0	29884
17369	4	16101
26136	3	23245
16827	3	19307
23176	3	21658
20666	1	20701
29505	0	22558
20515	0	20355
17369	4	23114
16237	0	19339
21286	1	28457
16281	0	18969
23418	1	29045
19348	0	27664
26051	0	18649
16764	0	28492
15439	0	25103
16979	3	28302
29711	4	23235
21389	0	25175
23301	0	17025
21270	0	27397
18409	0	17791
24073	0	22014
19860	3	29795
22056	92	17546
16272	1	25797
24060	2	23967
16170	0	15792
22430	0	21895
16949	0	26667
22593	1	26095
29734	0	28630
24599	92	22920
23447	92	25825
19891	0	24618
17634	0	16160
16271	92	27902
19109	0	23717
15387	1	25718
29700	0	22888
24215	0	21913
19377	3	16896
26422	1	23683
21393	1	23212
25567	3	17497
22048	92	23345
24043	0	16355
21233	0	16878
19320	0	18318
22224	3	16842
20773	4	16185
21391	81	15633
18507	0	23227
17878	0	27438
24956	81	16690
18232	1	23752
21258	3	25789
29760	1	23138
25057	0	22884
19497	0	23371
20067	92	17948
22680	3	27192
19754	1	15150
18425	3	22534
19175	4	20382
22962	0	27788
23045	0	27397
17825	1	29883
24765	86	19802
21374	0	22229
25331	3	18136
22361	92	18903
16474	0	29327
19399	0	16909
26122	0	19717
29287	0	23318
17102	0	28267
24568	0	18031
19986	0	17103
21252	0	16802
17151	81	15519
18934	1	25967
18209	81	24840
15336	92	22214
24950	0	15256
25556	0	17033
21823	0	27502
16322	0	26582
17428	1	28721
17358	0	15844
24824	4	28116
21327	81	23486
22604	4	16314
15512	3	21723
21373	1	26229
19638	1	17943
16131	4	22611
20304	92	20139
17770	0	22111
26273	0	15701
15802	0	18518
22517	3	26735
25224	3	25938
15275	0	29943
16581	86	29723
22365	3	28535
17756	81	29378
29971	0	23235
20837	3	18729
21653	0	24325
25249	0	19843
18235	1	24163
25578	0	24531
22063	92	20095
21141	0	28891
29799	0	22565
20055	3	28798
24598	92	29094
15959	92	17656
25694	0	26115
19777	3	16245
18216	0	22910
16158	1	23357
23047	1	26082
15469	92	29665
25155	0	23737
22661	0	16624
15964	7	29962
29800	0	28351
21526	0	16032
26334	0	15893
20627	92	29151
19008	0	24287
24189	0	28153
17257	0	27085
19436	4	26189
15479	1	27659
18609	3	15571
15337	0	22549
20817	1	29970
29706	3	28750
17957	0	23353
25640	0	15893
25581	0	23163
26450	0	15645
25385	81	17871
25596	0	16832
16416	0	27090
24652	0	18227
18000	0	18289
19139	0	16939
21428	81	21530
22037	81	24903
15088	3	19928
19357	3	26096
18934	1	18998
17666	3	26658
25596	0	27688
24189	0	28211
16980	1	28393
15788	0	22459
19046	81	18293
21542	86	20025
22684	3	17780
20317	0	23789
21685	92	26701
24823	3	18933
23464	0	28558
25156	3	29001
25038	3	27426
21231	3	18299
25159	0	20132
21110	0	20723
19137	4	19994
25389	0	25965
18239	0	29803
21531	1	23259
21295	92	26688
23480	0	23682
18446	3	29613
28676	81	21428
18665	0	28800
18078	0	22343
16036	0	27532
21229	0	18341
20872	81	21413
18529	3	23361
22653	0	24145
24139	0	15555
24181	0	16332
15862	0	22843
16250	0	29097
22730	92	25416
25962	0	27520
20337	0	26025
16982	0	16565
24949	92	27360
17398	92	29301
18105	0	24486
25007	0	19570
24802	3	23249
15423	3	27962
18401	4	26240
17777	0	25632
20962	0	25171
29366	0	17742
20849	0	26302
17147	92	21905
15767	0	16556
25191	0	28663
18632	1	25862
25444	0	16117
20154	3	16103
19285	1	26761
15797	0	19244
21250	0	20196
29430	3	29860
22876	0	23789
16406	0	17421
18602	4	27951
20750	0	21839
19886	4	25050
16156	3	22888
24942	3	29137
19387	0	26936
19959	0	28798
21408	1	25497
29737	4	25509
25277	0	24245
19511	3	20621
22609	0	20369
26330	0	20434
29008	92	16477
19774	0	28846
23882	4	16755
21133	0	25936
22609	0	22445
17667	92	25870
22028	92	15187
15588	1	25836
19982	1	22155
23865	1	17919
20063	3	28205
16021	0	19231
22034	92	27369
18105	0	28174
25294	1	21007
19398	3	23419
25000	0	20089
16953	0	22287
24307	0	23397
29259	0	26059
21258	3	29806
25179	0	28572
21784	0	18309
21621	0	26314
16283	0	28496
21206	3	27318
26073	0	18951
21046	0	27996
24759	0	27193
24786	0	24871
16151	1	28806
29008	92	27607
22904	0	27349
29779	3	15358
26075	0	22844
17526	4	22830
16768	0	17458
15825	0	26561
19977	0	28724
18857	4	23497
29741	4	27525
26171	0	25638
18604	1	27712
15424	3	27954
22039	0	16493
21739	0	16400
21138	0	26055
17299	0	22107
21126	0	29278
17221	0	20103
22039	0	26845
15092	1	25348
21233	0	22285
25017	0	16201
28685	92	16936
19664	0	28300
17314	3	18181
24932	0	21472
17556	0	24150
23878	4	15575
18058	0	24038
29504	0	29491
29007	0	15128
15821	0	27255
20915	86	29009
18201	1	18048
24528	1	16166
22905	3	23069
24572	4	27201
21504	0	18424
21665	3	23219
21430	0	29411
16272	1	28396
18063	0	23313
19048	0	19030
22665	0	27706
18695	0	28238
24265	92	27453
29691	0	15590
25227	0	19918
18499	3	28559
22183	0	28194
22634	0	19342
18534	3	26797
15495	92	16444
21474	0	28155
19291	0	15229
24097	0	16838
20651	3	17593
18451	3	23779
29514	0	27153
22684	1	19708
16437	3	27682
22419	0	16609
23055	92	28411
17841	1	29326
18324	1	27353
25273	3	27993
22628	0	15050
16170	0	16177
24274	1	16742
22873	3	16202
19142	3	15911
25002	81	19655
16321	0	17366
18454	0	15152
21639	0	18464
26031	0	18291
20726	0	23195
18411	1	16203
26144	4	27471
29010	82	29893
21111	0	23386
24968	3	19741
21018	0	26305
24093	1	25945
18243	0	26782
26532	0	23894
20911	0	19264
25000	0	22246
29747	4	24391
29381	92	15706
19793	92	18823
19983	0	15399
16167	3	16866
25095	0	27128
25693	0	18128
21308	3	20136
19863	4	23855
19287	0	18004
19096	86	18697
17869	0	27809
22730	92	18133
21315	3	16059
17777	0	25634
15432	0	26857
16286	92	23386
25270	0	18339
21653	0	26639
24813	0	24347
25227	0	29332
17313	92	26952
18188	92	20266
15785	0	17317
29762	3	18173
20784	0	26689
24813	0	15537
23653	0	25698
22028	92	22534
16849	1	26498
28879	0	17497
20715	1	23027
17306	0	29084
21178	0	24752
18539	0	28406
20900	0	28625
23458	92	22269
22959	0	15041
19550	0	20223
18976	4	16891
16475	81	19240
16271	92	22345
29243	0	26803
29782	1	20088
29738	1	23624
24305	1	18217
24075	0	21789
20752	3	17644
25371	0	26972
15401	0	18124
26078	92	26655
28587	0	16442
16826	0	29089
18517	0	27816
16405	1	25071
22051	0	23838
20778	0	26758
19753	1	26813
19959	86	24573
24880	81	22779
22394	3	23793
21005	0	16023
15414	0	18720
23596	0	26232
22675	92	16092
17877	0	16214
19975	0	22142
21056	0	20279
19751	81	15882
19664	0	23308
29343	0	19784
17814	81	15274
17838	0	18912
21294	92	20105
24107	0	23892
29708	1	25811
23986	1	19041
18169	0	19826
21316	0	19199
17892	1	19619
19477	81	19435
25615	3	18580
24781	3	27219
16022	0	22540
16425	0	29678
21215	3	17439
18363	0	22557
23653	0	15251
15813	0	22599
17066	0	15138
21257	0	27388
19168	0	15896
28902	0	24160
15512	3	16397
23079	3	16110
25089	4	26001
28587	0	18816
29314	0	25332
15494	81	29466
28852	0	22845
24830	4	28635
22985	0	17399
17608	1	27705
24759	0	28233
18166	0	26856
15426	0	26784
15088	3	28159
16745	0	29195
20019	0	25529
24719	0	27951
16553	0	25949
15871	0	19623
16788	0	15200
18487	0	27864
21251	0	29655
25020	3	24920
15472	1	19568
21169	3	29004
25034	0	24414
19506	0	28387
23656	3	15005
15462	0	17508
15979	0	25920
25377	0	22215
24036	1	23247
21678	0	27988
29379	0	20285
19690	0	25705
18323	0	28562
21843	3	27785
18054	0	18893
20907	0	25857
18934	1	16877
20775	92	26249
16685	3	19457
25672	0	26195
25002	1	15355
20757	0	24656
19417	3	20428
18077	0	15301
28971	0	16809
22759	0	27052
22691	4	25072
22960	0	25620
20855	3	20271
28860	1	15766
20815	0	18584
22401	0	17515
18854	81	23722
22996	0	26672
25386	3	25701
20882	0	26278
24581	0	24481
20776	0	18957
22689	81	28670
29706	3	16201
20904	0	20173
23933	0	23826
29483	0	19708
21184	0	25220
18551	3	20407
18513	0	23893
17076	1	15757
18497	0	23670
22992	4	21349
21823	0	28508
25296	0	21451
23523	0	18050
26070	92	25965
28781	0	26631
25227	0	18025
20876	1	27325
18466	92	28248
22438	0	26234
16268	0	28454
15815	0	26235
29726	0	15212
15661	1	22334
22381	0	27765
29705	3	23853
19008	0	18719
23959	0	25382
22979	3	29644
18323	0	23019
23711	81	29266
15616	4	28136
25079	1	28066
25754	0	27082
19363	0	26237
18684	0	26314
21621	0	29785
17282	0	23515
20786	0	19806
24237	0	15520
22031	0	26050
29753	1	16077
20299	92	15684
22482	3	26699
23384	0	27035
29705	3	26881
25208	0	28339
24303	0	24711
17841	3	17565
22686	4	17081
15724	0	26053
15455	92	22216
22064	92	28025
22429	0	16216
22643	3	28557
15851	0	15080
22047	92	27212
21213	4	27885
17887	92	24747
16826	0	15400
17312	0	27016
15795	86	20962
24144	92	15029
26260	4	16514
23205	0	16664
20849	0	28622
22124	1	28174
20458	1	27374
20633	0	18267
24039	0	27395
25727	0	28509
26434	0	25766
21508	0	18796
25595	0	17914
21047	0	25726
18450	0	16441
18827	0	23293
24201	0	28096
26535	1	23178
15968	0	16146
16764	0	26567
18008	4	27148
18628	92	27384
21272	0	28456
17156	0	23823
21511	0	22751
15318	0	28131
19759	3	28110
16168	1	19918
17961	0	22699
18525	0	27183
15327	81	21613
19394	0	25620
22223	0	20103
18323	81	21044
22589	92	15642
20472	0	22138
26339	1	28912
19653	1	23178
20646	92	16939
20337	0	20528
24069	4	24005
17961	0	16460
15733	0	29108
24689	0	23979
19768	0	20638
19630	3	16890
26330	0	29649
15815	0	15212
18236	0	23187
20880	0	15890
22463	0	27223
18602	4	26916
26007	0	24876
25007	0	26630
28780	3	17619
22080	0	24670
25444	0	18218
17149	92	29605
23064	1	23497
22063	92	25476
21712	0	20338
19297	3	27441
28675	81	29877
21578	3	21836
21578	4	15273
17267	4	19606
18640	92	23220
17097	3	18909
15516	4	15117
21191	92	27816
19629	3	15084
15798	0	28501
26514	81	24944
22094	1	28026
16411	0	27514
19319	4	22284
19431	92	27890
25019	3	26935
19149	1	17612
21326	0	23705
18444	86	23795
23410	0	26193
22727	0	21774
21598	0	16109
25294	1	15223
19935	0	25638
29754	0	25342
23016	4	18705
21443	1	25562
26473	3	20051
24097	0	21737
29138	0	21729
22799	3	27923
22975	1	18094
21282	0	27533
16708	0	20266
19699	0	27007
23656	3	25117
18142	4	20051
20321	4	29676
29800	0	27448
18544	1	23600
17669	0	22774
15800	0	23264
18047	0	16366
17876	0	27445
17998	0	15918
24268	81	20969
20176	0	28799
18852	87	16675
21363	1	29985
17208	0	28743
19432	81	23004
23546	0	28530
24672	1	28581
16544	0	25637
15432	0	19261
21239	0	23992
22063	92	29680
15769	0	20405
20832	0	16447
23300	1	18389
21057	0	26818
25205	0	26009
26383	0	23625
20337	0	25871
16784	0	24869
22737	0	18373
24848	0	24930
26068	0	25699
17880	92	28798
24107	0	21809
16847	0	15848
21526	0	23451
29465	1	29500
19380	92	18874
18821	3	28993
28594	2	16889
18215	0	18150
22064	92	15160
18471	3	18716
16760	1	20203
20850	0	27118
26179	4	23203
18976	4	20006
21177	92	26641
16827	0	24293
17803	3	22475
15776	0	25674
22161	0	17492
19139	0	25240
16598	0	21772
25007	0	26614
23085	0	15603
15966	4	26850
22738	0	15364
20780	1	27955
19475	0	28426
18235	1	20679
29475	0	23419
25388	92	27395
22970	0	15571
16476	3	24753
29377	1	17586
19249	0	26647
18438	81	16599
21471	0	15050
21622	0	27689
24090	0	27710
23060	0	17943
23484	1	18792
20985	0	26850
19110	4	29835
18674	0	17367
26138	86	25727
20633	0	24495
24218	3	27434
17397	92	19938
24571	4	27005
15777	0	15247
24509	0	16113
21217	4	27255
29695	1	15150
23669	3	22203
22646	3	17047
15812	0	27398
22012	0	21097
21653	0	23851
24055	0	19662
17362	0	24028
22183	0	20118
22363	0	25880
16270	0	25872
25287	0	18679
19665	0	28777
24055	0	26438
23165	0	20096
22809	3	25762
28673	0	27209
16036	86	19109
22009	92	27789
29573	86	15925
24640	0	16662
19699	0	16006
28807	0	16065
20067	92	25220
20830	3	28820
21516	0	15917
22750	2	16675
18694	0	27235
24992	0	27988
20760	1	26011
21706	0	27111
15773	0	29272
22174	0	23249
18256	3	20402
25004	3	23158
21615	0	26086
23863	0	18305
20850	0	20686
24672	1	18246
17278	0	25274
24950	0	18775
25007	0	23732
20768	4	28739
22423	0	18013
21323	0	22446
19496	0	25451
19154	0	15702
24705	0	24591
18454	0	26440
18436	0	18714
24277	3	25354
21354	0	15126
25565	1	26298
23446	81	21327
15413	3	24452
29340	1	25286
18370	4	29637
22028	92	27215
19099	0	20363
19193	92	26586
18613	92	16995
24875	3	25921
17150	0	15651
28690	4	28209
22780	0	17532
19757	1	22449
24237	0	19811
17771	0	22631
29697	81	21199
20081	1	22288
21274	81	28686
22077	1	22844
20293	0	15261
22190	4	17916
19408	0	28417
19704	0	16002
25669	0	28826
20057	0	15993
19725	0	25435
18486	86	21753
17877	0	17658
19443	0	16622
15624	0	28049
20992	0	19696
22052	81	17561
29953	0	19661
22035	92	27501
16155	1	18080
20520	89	17426
21217	4	18995
19122	92	28200
17772	0	21915
29057	86	18323
18412	81	21458
22088	0	27862
24978	3	18133
17324	0	18069
19293	0	18995
24074	0	27243
19749	3	20957
24373	0	29677
20883	0	29641
20981	0	27608
22694	92	26039
21115	0	18002
21437	0	28249
17832	4	20676
24553	3	29651
21255	0	25539
20770	0	26565
22308	92	22266
29061	1	15563
21823	0	29036
24689	0	29982
23013	0	28449
22275	0	28423
25251	0	17439
19552	0	19808
22190	4	24411
19411	92	28926
20152	0	27918
21373	1	25866
26128	4	18818
21379	0	15523
20869	1	17491
22370	1	18789
26015	81	29300
25229	0	19600
29414	92	24158
16404	1	18490
25353	0	24920
15511	3	19007
20631	0	18382
21236	4	16614
29742	4	25176
15382	1	20492
18486	0	25797
21407	92	23568
20945	4	25548
25841	0	29206
19110	4	20683
25160	0	24540
16977	4	28140
24262	3	27480
21636	3	27445
18525	0	18128
24324	0	17592
24054	0	29867
18570	86	25127
23010	0	27575
24069	4	26195
20850	0	25521
21902	0	20308
16952	0	28968
29571	3	25501
21421	3	25801
19399	0	18993
17322	0	28226
20323	1	29938
23763	0	24646
29471	0	20277
22042	0	26039
17407	92	21947
19794	0	16917
22725	0	27016
22960	0	21730
23091	7	19870
26264	3	16521
17115	0	15258
29351	3	27215
21324	0	26759
21615	0	24411
24772	4	28393
20832	0	27398
25209	0	29112
23528	92	19179
20751	0	20682
24967	0	27981
20029	3	28081
24264	1	29873
16133	0	19877
24420	0	18341
15862	0	27475
26156	0	15101
17109	0	28311
22226	0	18300
29695	1	19547
19067	0	16371
25237	3	19119
17182	0	26361
20870	0	28495
16131	4	27719
16550	86	15808
16128	0	18015
17180	0	22885
24925	1	25624
15402	1	18747
19131	81	20038
23986	1	19040
18641	0	18646
16684	0	19019
22680	3	28135
15318	0	25549
16028	81	15436
22627	0	28559
20880	0	24874
21598	0	24367
26006	3	27775
25281	3	20124
17684	0	17595
19068	1	28393
25039	0	29144
16745	0	26002
22695	0	18193
20909	0	29900
24553	1	21646
21307	1	28272
26392	0	23600
15480	0	18912
15624	0	23723
19513	1	28433
18410	0	24382
15351	4	21786
24598	92	23330
29690	0	20541
29697	0	29786
19410	3	24172
21613	81	26421
24069	4	20122
23051	81	21499
19374	0	23365
24090	0	28279
15501	0	27099
22079	3	27126
19387	0	15571
19354	3	28919
25524	1	19645
24774	0	21881
28595	8	20322
25229	0	19273
23442	0	27634
25161	1	18315
22694	92	26025
24579	3	15006
20226	0	18332
18602	4	15197
22297	0	20166
15879	81	21436
24926	0	23160
26442	1	18927
24839	92	24173
26330	0	29810
24995	4	16904
24724	87	16675
15494	81	17124
21345	86	15630
29467	4	21751
15785	0	15158
25444	0	21616
16268	0	27205
22058	1	18789
21516	0	23640
25511	0	28966
21240	2	23967
29707	92	29964
28677	1	27881
18484	0	17779
19495	92	18547
22046	3	22288
17245	0	25239
29287	0	28723
18335	0	15199
18073	0	24862
23866	1	23798
24629	0	25824
18555	0	15847
16634	0	16821
19065	0	26838
19060	92	26721
23014	0	24359
22017	92	20381
22795	81	17158
15931	3	18738
23596	0	21995
16945	92	27077
22679	0	17458
16235	0	16466
26077	1	27766
20337	0	20115
15511	3	22144
15351	4	17974
19158	0	17081
28812	3	15561
16426	0	16504
19716	0	21947
25388	92	17177
21627	0	18879
17959	0	29809
15716	3	17081
15604	92	16934
22788	0	28620
20872	81	21327
16993	0	19930
18166	0	26733
21038	92	25552
21903	1	15840
24097	0	27536
22305	0	16904
19408	0	16090
23009	0	17320
17858	3	19466
25081	0	17319
18604	1	26985
29055	3	26703
21974	81	29130
21149	3	20099
17140	0	20155
26529	0	28404
19322	1	18848
17267	4	18601
15505	0	27345
22025	86	29088
22978	3	27087
23932	4	28354
16933	4	26735
23669	3	17562
23550	0	19651
21970	0	17794
16687	0	28477
19545	1	16075
20947	0	15652
21274	81	19823
25962	0	19708
23959	0	24464
17766	92	25401
21155	0	23916
22466	0	23195
28686	81	21426
26473	86	24060
24509	0	21616
15512	3	27578
22874	1	23891
19115	0	28096
21177	92	26784
29961	0	18918
20880	0	29326
25047	1	15124
24498	1	21729
17127	0	25625
21843	3	29876
17078	1	15938
29572	0	19957
16797	1	23376
24629	0	23981
21700	0	26053
18142	4	26509
17826	92	20566
29761	4	16842
16770	0	23632
19017	0	22566
19176	0	22572
22667	0	15047
23884	0	27390
22709	0	24871
24952	81	16407
20849	0	18128
24796	0	28425
16981	0	28023
21013	3	27078
22042	0	15002
26432	0	25070
15777	0	26913
23442	0	19450
20962	3	24908
24553	3	21646
22633	0	22221
18462	81	19781
16948	81	23302
15406	3	29688
26473	3	15115
19373	81	24565
22637	0	22187
24984	3	18815
20737	0	23957
18626	92	28405
26330	0	20265
25363	4	15129
20719	81	15882
22969	83	24283
19205	0	19227
22560	0	27425
21621	0	16359
17409	0	23025
21181	0	18097
22271	0	23280
23656	3	28146
26145	1	29043
20647	3	21561
16414	4	16955
19355	4	19588
22518	0	19805
19129	81	18288
18640	92	22551
16413	0	28214
21957	3	15305
24844	0	21348
26005	0	19198
18450	0	25254
29761	4	18183
17143	1	16525
19654	1	22250
20952	0	22577
24797	0	29325
15803	0	18878
17216	0	25116
17994	3	19707
29951	0	28016
23140	0	20383
23934	0	20580
19294	3	20517
23523	0	19990
28774	0	18146
19636	0	25585
19286	0	23138
21513	0	17639
25663	0	19594
18528	0	18655
19635	0	27084
29471	0	29826
16263	0	26998
16128	86	16418
21672	1	20956
21686	0	16995
21192	0	26018
17268	1	28167
29689	0	27872
21248	1	18800
22188	4	28104
28761	0	29077
16555	0	19996
21153	3	27489
26159	3	22249
21103	86	18076
19429	0	27704
29719	3	23122
16133	0	18919
19328	4	28557
21022	0	26891
20762	0	16718
22930	1	27512
29314	0	28790
19412	81	15515
21591	0	16038
24502	1	27928
25384	1	25725
15777	0	27674
21297	3	25836
29728	81	20912
22709	0	29950
22925	1	25266
17693	86	25233
16300	92	15763
25900	1	26795
17819	1	17441
16778	1	16323
26404	0	19670
18458	3	16782
26376	1	15139
20298	0	27008
22311	92	25883
20742	3	19595
17799	1	26407
17284	0	29932
20465	0	20238
19991	0	29069
21116	3	24516
17052	0	15218
19689	3	27218
22782	92	28290
20787	0	20112
25006	0	28245
15497	81	19432
24621	0	29901
17119	0	22565
19101	3	29161
17817	1	15564
21113	0	29873
25694	0	26906
19781	81	23540
17179	0	15892
25023	0	15437
20305	3	26592
17894	0	28728
18244	4	26058
29996	81	19767
22516	92	26870
15956	86	18229
21160	4	19835
17415	0	26861
23382	92	27447
17113	92	23905
17396	0	19198
16253	1	24896
22239	0	17784
21380	0	19233
25161	1	27652
20903	1	15787
19245	81	16848
23470	0	26412
29712	0	24361
17769	0	27919
21611	0	28372
21673	81	22624
22873	1	29614
21911	3	27555
15964	3	22194
17298	0	28379
16416	0	16723
18342	0	21842
29573	3	26834
19548	4	16646
18551	1	28233
17990	0	27374
26497	0	16815
21014	0	15610
22226	0	29916
19086	92	27613
19899	92	27353
26477	0	29788
15828	4	20418
25092	3	28640
17769	3	17956
29005	0	29078
17306	0	24537
17851	1	23381
18367	1	29848
17286	0	19587
20289	92	15184
24884	0	16907
20630	0	26191
17313	92	27473
21156	0	27455
18842	1	29917
22096	4	29582
24811	0	26459
29760	1	22242
22424	0	24701
18480	0	29579
18077	0	23925
24205	0	16226
25211	0	25689
17605	0	28046
18825	0	26622
22116	0	29150
28695	0	19467
21106	0	27253
21593	0	16696
15958	1	29204
21437	0	24523
24953	3	21821
21421	3	23310
17978	3	28731
26337	0	18809
20825	0	26796
15440	4	26708
21831	4	17939
17800	1	20158
18352	0	28640
23403	92	27393
20852	81	15534
21152	0	18424
29415	1	20135
20854	1	29591
17285	4	27876
26159	0	18024
18620	3	22903
20379	0	21770
17046	0	26991
17499	3	26571
15616	4	27294
22959	0	16834
16826	0	16005
20021	3	21940
21971	0	18886
17867	1	23276
17375	3	23216
19507	0	18017
18076	0	19590
19139	0	25042
19646	81	24203
15429	0	17903
15487	92	18970
20463	1	28475
15761	0	23488
19983	0	29325
26177	1	23582
25325	0	28361
16833	0	23285
15420	0	20791
20061	0	16069
25815	0	15934
19076	3	21852
21706	0	28001
18466	1	26957
29241	0	18357
16154	0	15036
19603	0	28963
16736	1	24481
17021	0	28825
21686	0	28199
22778	0	20522
19058	0	28445
24978	3	26896
17990	0	26985
22736	0	27015
15715	3	20665
15822	0	20217
24267	81	24794
29384	0	27573
17654	0	27792
24805	1	28970
24972	0	19645
22183	0	28039
24314	4	26756
19555	0	15042
22959	0	15657
21009	0	24134
18410	0	28571
25270	0	17315
25518	0	28050
19145	1	23375
25515	0	22341
23200	0	18687
15440	4	26508
15495	92	21509
25160	0	27598
24847	3	28363
20657	0	29645
22819	0	21482
15431	0	15355
29778	92	16184
15595	1	16463
17932	0	15056
24268	81	23460
23654	86	17381
24684	81	16417
26303	0	17440
24047	0	16495
21459	1	23757
15424	3	18080
28849	0	20439
17978	3	26526
19698	0	21344
21246	1	22199
25026	3	26974
15876	0	19224
17027	1	27922
17179	0	28436
29728	1	28348
29220	0	17029
21850	0	24644
16893	3	18519
23382	92	25638
20975	3	28710
15318	0	25501
18370	4	21552
21396	81	15488
20840	0	29540
21909	1	20535
26122	0	27257
25165	0	27892
29366	0	16333
15808	0	18875
22315	0	18897
17309	0	26245
22597	3	18182
17259	0	26395
17533	0	25788
17997	0	28666
22302	0	21955
21419	3	17029
19892	4	25535
20649	3	16219
17527	4	27228
23168	0	20158
21326	0	15140
22958	0	23951
15879	81	17559
21320	3	16096
15483	81	24213
24223	4	18858
24783	1	25788
24517	0	25642
17127	0	23672
17309	3	18719
24236	0	23726
18195	1	29013
21271	81	15283
19365	81	25385
24034	0	21467
18200	81	20300
24159	86	20941
28835	3	27046
17124	81	16047
21651	0	21940
16547	0	29253
21607	3	26958
29766	1	28341
21699	3	19604
24068	3	25817
24773	92	18800
19560	0	22827
26327	0	15637
19114	1	26275
24154	0	18274
23861	1	26830
21464	81	19250
24807	0	29194
21055	0	23118
20127	0	29897
21234	3	22319
19549	0	23114
18010	0	26108
22028	92	24429
29248	0	24722
18483	0	20560
26129	0	18788
21925	1	16576
23938	81	17864
20058	81	21575
18978	1	29599
18187	0	28449
24578	3	25659
19900	92	24891
19080	3	27837
15887	4	20489
17764	0	17343
25303	0	19678
19150	0	20640
18528	86	16138
19899	92	19026
19637	1	28564
18082	0	26667
19004	3	25821
23017	0	22232
22646	3	19228
19364	92	28020
17976	1	15762
21159	0	18775
24774	0	26629
23882	4	20356
17152	4	24749
29467	4	28750
28849	0	29106
24901	0	27030
16894	0	25724
21020	0	15016
24030	0	22557
29957	0	22509
29376	0	25687
18164	0	21439
19260	0	29439
17223	0	20229
25388	92	16073
20933	0	16112
24091	4	17577
20918	0	19832
19768	0	29328
21258	3	27538
21711	3	18156
26137	0	19642
23862	1	25194
22866	0	29067
17762	4	20522
22757	4	22283
24094	0	29811
21666	0	24910
17155	1	18818
22043	0	22552
21617	1	24464
29008	92	25508
20965	0	26853
17381	0	28185
28587	0	20277
25006	0	29603
24632	3	25821
21641	0	20384
21632	0	23832
28899	5	27883
26528	0	18870
19874	92	16711
21258	1	23297
23063	86	24115
26404	0	24364
15445	86	15851
17930	0	27402
15785	0	25859
23204	0	26299
25184	0	27342
29691	0	27216
22767	1	16176
22114	0	29205
25000	0	23970
17188	0	27432
22860	0	24605
23765	3	25438
15959	92	17023
22598	4	27616
19254	0	22254
15332	0	24027
18228	0	26206
21385	1	15131
16634	0	29038
15827	0	22850
21193	92	19473
20783	81	19407
16689	92	18337
29347	0	22208
24798	0	29502
18396	0	22548
19636	0	29635
25007	0	22503
25087	3	23591
16168	1	29798
18606	0	28056
23014	0	18732
25745	3	27590
24017	0	27112
20906	0	27188
29402	1	27676
15961	1	15677
24571	4	19029
25371	0	20184
20886	0	15811
19368	0	15004
25595	0	28508
19104	0	24295
21015	0	26812
21508	0	22490
19061	4	20599
21273	0	17399
16308	0	26526
28690	4	28747
20081	92	20694
15447	1	15102
23971	1	28032
17233	0	18891
23458	92	19857
17117	0	27787
25030	1	26860
29852	0	27036
17409	0	27896
15336	92	23633
20059	0	17593
22277	0	16918
17258	3	24330
18659	0	19922
19725	0	20995
21193	1	25919
18075	92	23198
19131	81	21974
19160	0	20003
21039	1	27848
21916	0	18727
20940	0	16216
22367	81	21176
20296	1	29388
22739	0	18250
25167	92	19530
26512	4	28515
24631	0	16379
19637	1	17727
18431	0	28323
21645	0	18292
25492	0	27145
21315	3	25206
17752	0	23888
15401	0	24864
21916	0	20181
18241	1	26348
25096	0	28082
22128	0	15735
15865	0	17496
22058	1	20712
29695	1	19226
25007	0	28703
29487	92	28747
29417	3	26989
16546	81	23649
19329	0	28078
16691	0	15248
17710	1	29120
20750	0	20107
25051	3	29440
18065	0	20640
15592	81	19313
18396	0	28104
26131	0	26118
23480	0	23508
16677	3	25274
29766	92	28805
25567	3	24935
22028	92	23492
19357	3	27014
20958	0	22570
19880	0	25402
25108	0	18578
18067	0	27675
18602	4	20503
17935	0	16840
23430	0	26918
18412	81	24794
16893	3	29263
17390	0	21886
18544	1	20115
15872	0	28313
25490	0	29217
25363	4	19127
18856	4	25479
19380	92	22877
15325	1	19841
19417	3	28343
21487	0	24143
24629	0	27458
17880	92	27970
29955	0	25427
22598	4	21807
22420	92	17482
29742	4	23498
25249	0	20288
21196	3	16399
28763	0	15580
20903	1	23886
22560	0	29891
26159	0	28635
24089	92	27243
19497	0	28549
19775	3	23954
24304	1	18789
19234	1	18249
29703	81	20745
20781	3	23624
28842	1	26925
16895	0	29386
21602	3	26356
24290	5	22280
23865	1	26941
18602	4	27269
23932	4	18984
15325	0	20383
20092	4	27995
26452	0	22470
17897	0	23255
19117	3	15027
18007	0	28196
21823	0	17548
18346	1	29533
25345	0	17627
15382	1	25128
21405	0	27531
17817	1	22255
16828	0	16339
18635	81	23931
29316	0	22316
25777	1	28650
21229	0	21465
15772	0	29024
21725	0	28094
19112	3	17329
19846	1	15028
22084	0	28749
17111	81	26274
17659	1	27489
22048	92	20509
22118	1	20159
18613	92	17001
16974	0	24670
21024	0	20194
28832	0	24868
15401	0	23512
29739	0	18107
26338	0	15107
16530	0	20364
23014	0	20187
15662	0	29891
25114	0	27736
17582	0	15045
25000	0	27889
15737	0	19237
20927	0	27940
22607	0	16734
26482	0	17585
17686	0	29386
19385	92	27273
23959	0	26555
19018	0	27878
17888	1	18721
16598	0	29895
25311	92	29336
29739	0	18424
24950	0	24408
29318	1	25933
21461	86	22715
28894	0	17100
15862	0	19181
17271	0	28378
24209	1	29043
21531	1	28093
17798	3	19844
26497	0	27517
22032	0	28776
16947	81	26514
17247	0	26046
22786	0	26288
24152	92	20812
17078	1	19538
17117	0	21466
29779	3	27576
20914	0	22219
18761	1	22138
18516	0	20335
20458	1	25973
22314	0	26989
16532	1	26367
21129	0	21874
17841	3	22583
18934	1	29189
22988	92	22585
22520	1	29002
15943	0	18897
29995	81	20014
21033	92	26877
17981	1	23131
19234	1	25210
26382	3	17036
15961	1	18092
25092	3	25994
20826	1	27960
24638	1	20528
17898	0	28147
20852	81	21458
17826	92	21950
25057	0	17656
17560	0	27136
25097	1	25990
23420	0	17105
17698	3	21350
24111	0	20017
20852	81	17303
16414	4	18849
25090	1	22345
25692	0	16358
23015	0	27637
17848	1	26245
20909	0	22489
19752	81	23722
24030	0	21580
22735	0	26966
20802	0	22109
18589	0	16907
24653	1	24447
20884	0	28720
15586	0	25715
29511	0	15156
24111	86	16989
25209	0	23237
22739	0	23296
19715	92	29193
16544	0	22920
25148	86	21058
19104	0	18096
21330	92	25124
21480	0	18124
15665	0	22545
29329	0	27469
19916	0	29391
16973	0	20046
17150	0	15249
22862	0	17063
18641	0	22154
21147	1	15214
15500	0	23625
22088	0	17353
24970	1	16402
25368	0	18171
19860	3	16568
20765	90	15990
23638	0	28199
16283	0	18178
21076	0	25610
17999	0	20171
22237	0	27461
21212	0	20113
21934	3	17253
21033	92	26612
16479	4	18866
22720	0	22220
17121	4	27226
22008	0	18034
15979	0	28926
15509	3	23750
26386	0	26444
20219	0	23280
24271	0	28342
24757	0	20639
24627	4	19468
23867	81	23396
19414	1	26926
16533	3	19186
18514	0	27061
29527	0	21914
22719	3	23604
24572	4	17665
19248	0	19464
17212	4	26866
17768	0	23198
16789	4	27758
15382	1	28535
17535	92	15937
16107	0	19474
24894	0	16905
18524	86	19248
24510	0	15333
18345	0	16191
21078	4	27292
15456	3	26970
24939	81	19347
17109	86	25159
18431	0	16586
24596	0	23336
25579	3	23698
17846	4	28155
21296	1	25120
22302	0	16469
19768	0	25583
21414	1	26101
20785	0	15379
17600	0	16654
28676	81	23175
25691	0	26501
21148	4	25923
21671	3	27663
15767	0	29964
17533	0	28937
21073	0	24415
16021	0	15617
18760	0	23625
18826	0	18193
23206	81	17199
25303	0	26897
18448	1	18709
29432	0	28137
21521	1	15482
19058	86	16132
17876	0	25618
22311	92	29826
29480	7	21258
21196	86	19314
16685	1	24247
25288	0	17192
19057	1	21868
24642	1	16840
19018	0	16718
29472	1	27212
29511	0	27247
26455	4	15544
18825	0	27838
25034	86	21070
21843	3	18805
20579	0	15266
28681	81	24846
25669	0	28402
25292	0	15287
25208	0	24183
17313	92	15167
18976	4	26586
19775	3	25646
17191	0	26749
16253	1	16435
17069	0	26344
21634	0	15113
16409	4	28580
24849	0	16396
21107	0	29577
16027	81	24306
16954	0	25393
16131	86	24968
25385	81	24064
20886	0	21847
20887	0	16401
20921	0	28418
19865	1	28407
23078	92	26443
22301	1	20435
28782	0	16086
22422	0	26634
17801	0	17618
21367	0	28486
16271	92	15621
17798	0	19217
22747	0	19843
21196	0	27207
29698	0	28019
22177	0	25771
16706	0	25974
18758	81	24506
20852	81	21707
22126	3	19803
26269	0	17778
21324	3	25130
24097	0	29841
16668	0	24366
21308	3	19660
17271	0	17331
17447	1	29648
19563	0	26876
19823	81	24704
16758	0	15231
15738	81	29286
17359	4	26511
25241	0	18811
28886	0	29401
17843	0	29054
21117	0	16995
19830	81	24704
19368	0	27629
19293	0	22544
29761	3	25539
22117	3	17737
22034	92	26368
24186	1	17975
22592	1	18714
21685	92	26828
24851	0	19806
21249	0	24532
19350	0	17044
21152	0	17498
21270	0	23832
24306	81	23004
17447	1	19547
15278	92	20402
24840	81	24817
20882	0	16382
25444	0	15915
16981	0	17781
24768	0	18935
24942	3	20347
15414	0	15703
17527	4	19905
22744	0	18157
29348	1	18949
24969	90	15990
25099	0	20366
18659	0	15613
28672	0	16085
29350	0	17345
22978	1	20407
22777	0	23739
18835	81	23128
19381	3	26694
18244	4	27751
21230	0	29073
21186	0	26626
20861	1	24905
19498	81	29692
29747	4	25793
20876	3	18964
28906	3	27655
25281	3	26426
18602	4	15805
23063	86	22364
25045	86	20579
23384	0	20416
21983	3	29499
18450	0	16655
21233	0	21529
17311	4	28473
24191	1	18359
22301	0	20384
29284	0	16202
19915	0	17016
25988	0	18048
24824	4	23911
17998	0	19523
17155	1	20260
18215	0	26789
22590	81	29469
23410	0	27536
22939	0	24523
23934	0	17019
16770	0	25255
15087	3	23945
21202	0	24556
17160	3	19567
16826	0	27498
22223	0	18116
21196	0	27054
19706	1	28476
24724	0	19181
21830	0	16348
25127	3	22074
21267	1	17018
21195	0	23753
22734	0	16196
19937	0	26290
29242	1	28502
15715	1	28169
20869	1	18780
23200	0	28022
21216	3	22112
17290	0	15559
21306	0	21467
21044	81	18406
15874	1	27101
29290	0	29805
21401	0	29608
18616	0	20575
19398	3	27363
16673	0	16481
24260	4	25899
20847	0	18393
29863	1	24536
23458	92	18325
26485	0	28420
25777	1	25647
19891	0	19455
24191	1	16449
22175	0	16468
23882	4	25680
16237	0	27490
21679	0	28117
24934	86	25676
26078	92	28536
26139	1	24700
24783	1	18860
24094	0	18332
15862	0	21490
26345	86	29134
19559	0	16497
15855	0	23320
22122	1	23399
16766	0	18938
16856	1	29226
23538	1	27754
20880	0	23801
20472	0	23827
16322	0	19450
21203	3	29323
20978	0	19183
19315	0	25978
26474	0	21569
29953	0	29956
17191	0	19809
18826	0	18143
24619	81	22929
21335	0	16091
25308	0	21813
24241	0	26106
24100	81	15274
24904	1	16462
18471	3	26283
25672	0	28717
17842	0	17083
19168	0	24038
21107	0	28939
23548	0	28991
19416	3	28086
28677	1	23607
15796	0	19835
19751	81	19405
22391	81	20623
22390	0	22810
29396	0	22881
24313	1	22287
22905	3	23961
17832	4	24748
15767	0	20182
25757	1	16730
19086	92	20347
21137	3	26596
24309	81	29703
19706	1	15287
17529	92	23794
23088	0	24138
21070	86	25034
29748	4	23623
29705	3	28709
15960	3	16453
16594	1	16103
17882	92	26922
22172	1	25712
21316	0	20663
18670	1	20503
25017	0	22532
21282	0	25434
29741	4	18786
22632	0	29058
24181	0	16653
19058	0	25542
22048	92	29578
21109	0	15937
22683	92	28566
22121	0	27361
21856	0	28969
20847	0	28654
16781	3	28454
17150	0	26322
20832	0	22524
29357	4	22540
16826	0	27347
20768	4	21658
17877	0	16906
17369	4	22512
24596	0	15025
24199	0	26903
18535	4	23996
24314	4	17227
24210	0	17615
17267	4	15928
24584	1	20045
24797	0	20588
21301	92	20386
21177	92	26227
18763	1	20257
21396	81	25044
29713	0	18931
25413	0	24156
18976	4	28925
25841	0	18263
19063	1	26948
16169	92	27442
15728	3	27571
29384	0	28912
22683	92	18110
19105	4	23544
21194	0	27743
24312	0	20509
18619	92	29494
20295	1	24500
25127	3	19127
29381	1	15686
15486	3	27633
21193	86	15349
17454	0	23360
15713	3	25722
22673	4	25442
19156	3	18864
17877	0	18577
15337	0	26559
20931	0	21350
20462	0	21582
18361	3	26752
25749	3	24386
16947	81	24267
21028	0	19642
17149	92	29028
18615	0	15042
15360	1	26675
25314	0	26047
21094	92	26546
15411	0	22579
29512	4	27143
19151	92	22358
21639	0	23591
19294	3	18179
23300	1	20072
20294	1	28477
16168	1	27680
18239	0	17476
24201	0	26540
15718	3	18070
20038	2	23953
19628	0	18006
18627	81	21458
24978	3	22232
29055	3	26909
29142	0	19926
16954	86	25524
21265	0	29279
15784	0	29836
23528	92	21955
22644	1	26295
20913	0	26542
15733	0	25948
20848	0	23560
17200	0	25242
16329	0	18331
20997	92	29688
26156	0	29803
22182	0	25486
15808	0	27367
18440	4	23610
21374	0	23670
21157	0	20370
18561	0	27053
29351	3	25429
21262	92	15175
16021	0	19679
24824	4	25605
26386	0	18755
24509	0	26287
24239	4	27029
24600	0	24472
28680	0	29127
24573	0	29839
24850	3	27337
15512	3	29540
18010	0	29931
17371	0	28914
29476	1	20159
29249	0	23236
25490	0	27518
17885	0	20246
21244	3	19994
17287	0	27380
20777	81	16260
18433	0	18312
20958	0	15268
21848	0	23387
18487	0	28481
21117	0	17012
22859	0	25455
16827	0	27671
18237	0	17059
29958	0	16247
20857	1	15522
24819	0	28140
18954	0	15845
20515	0	24407
25211	0	16920
23774	0	20346
29316	0	23783
17428	1	26026
22675	92	16023
21251	0	22173
22272	92	26500
15813	0	20283
28865	0	24890
28843	0	16318
23085	0	25482
17290	0	25699
17368	3	28265
17134	92	17575
21089	92	27398
16636	3	15011
21326	0	24002
26532	0	20369
18406	0	23389
25007	0	15846
22398	0	17433
25363	4	17531
18441	1	23152
17535	92	19647
21640	0	15293
16412	0	26209
29704	0	29025
17608	1	17624
24987	0	28795
22628	0	17351
17880	92	27950
16412	0	29682
29039	0	15237
20833	0	23839
19897	0	23228
24758	0	28881
16817	0	26585
17569	4	28327
15635	0	26916
25184	0	27133
21503	0	20218
24193	81	21044
16129	0	21950
16205	0	24891
22299	4	28628
18408	0	28975
17147	92	19220
15863	1	25613
21252	0	28772
21614	1	23356
19368	0	17291
21626	0	26644
19706	1	27628
20842	1	26315
15517	3	26542
18544	1	26272
23700	1	27998
26182	92	22885
21713	4	16511
22781	1	17483
19411	92	15126
18430	1	18943
25026	3	17432
22776	0	28800
17313	92	28349
24048	1	23271
19286	0	18601
18439	0	26980
19477	81	21463
21405	0	26819
20877	3	27536
26078	92	17510
20975	3	27177
15442	81	23486
23700	1	27421
24385	1	25439
22391	81	22414
29691	0	29642
20326	92	28026
20294	1	29827
25024	0	16466
16267	0	15015
25023	0	23780
18658	86	23648
18467	3	27522
22789	0	26463
21437	0	29218
19288	1	27166
18528	0	16917
17285	4	28948
24507	3	23070
17127	0	25620
16306	1	24905
21189	0	15202
23175	81	18427
16293	4	25654
21404	81	19655
21005	0	17083
25772	0	29233
18517	0	18814
17769	0	20372
20515	0	19180
24273	1	17486
23598	1	27833
29370	0	23242
22812	81	21536
25233	0	23790
18001	4	26693
15749	92	17792
18233	0	15366
15774	0	20527
22647	1	28542
24596	0	15073
22120	3	27458
20463	1	26702
25380	92	24008
26131	0	16679
16760	1	26428
19335	0	29965
18214	0	18788
21644	0	15281
22046	1	21477
23080	1	28629
15828	4	26361
17152	4	29933
17968	0	17652
25894	0	29271
25582	1	19203
16950	81	15497
22124	3	18858
21705	0	19700
23661	3	27114
20464	0	15520
17362	0	20124
15547	0	18285
19819	0	18678
18169	0	19338
17526	4	27153
24929	0	16845
19656	0	29615
24231	3	26804
20887	0	16447
23444	92	25794
17378	1	21992
24104	0	15300
20975	3	22417
24421	4	15037
22018	0	15075
22027	0	25431
15739	1	18084
18461	0	21774
22188	4	27061
29314	0	15363
21290	0	15920
24508	0	25966
21284	0	20068
26128	4	19968
26124	3	28443
24607	3	19562
15336	92	28626
29728	81	25665
24798	0	29079
26146	0	19721
23444	92	23744
17798	0	20582
29574	0	28497
17268	1	17292
17064	92	27057
22775	4	24485
23474	1	27914
19099	0	20193
20649	0	29587
19099	0	25643
18360	0	20598
29488	81	15600
24094	0	28184
16827	0	23545
20890	0	16756
26554	0	21007
15815	0	17495
24502	1	17909
20299	92	20107
15406	0	27479
21496	81	22941
16278	0	20683
16964	0	29552
21301	92	16191
29138	0	23374
24954	0	29333
17140	0	25737
24096	4	27462
21829	0	22435
22120	3	28448
17798	0	16433
21909	1	23324
19193	92	29251
15959	92	26558
21330	3	27052
24194	0	29186
17064	92	28172
24999	4	18996
22048	92	26285
17798	0	16839
25779	0	16647
22183	0	27907
28882	3	17310
21957	3	18118
24586	81	25009
18538	0	23682
24733	81	29823
29241	0	23084
20876	3	24171
22764	1	28482
18561	0	19525
20739	92	26702
15711	0	16749
21512	0	17507
18568	0	28341
29367	2	16675
19263	0	19037
15616	4	24547
26529	1	18304
24595	3	16395
19051	0	21986
22717	1	16341
19316	0	28755
15867	3	28346
17312	0	27726
16307	0	29187
17147	92	16243
21320	3	23391
15635	0	23581
24279	0	20051
16542	0	27631
23778	0	27403
24637	0	25286
20914	0	22214
24270	1	27677
19357	3	26745
25741	1	15575
21630	0	27641
17125	81	21222
22476	0	28590
22010	0	22544
24636	81	20767
21219	1	27186
20029	3	27648
23878	3	16595
29728	81	16676
29396	0	26729
29864	0	21880
18105	0	28202
20770	0	23337
26175	8	24467
17662	3	21491
22783	0	25476
23172	0	15200
22905	3	18532
26124	3	16916
29374	0	25646
28789	1	27852
15413	86	25318
17566	3	26938
24569	92	16301
22058	1	16369
25668	0	27827
23441	1	19925
19506	0	18297
17404	92	19877
26473	3	25832
23063	0	21837
29381	92	23947
22997	3	19825
16964	0	15122
29000	0	28112
25093	92	19231
15733	0	18250
19907	81	17839
25388	92	15059
20987	0	22830
15352	3	17079
19154	0	22883
29697	3	27284
20057	0	15217
16893	1	25795
19056	0	15698
17128	92	27063
21405	0	26646
19371	0	27880
29289	1	22146
24204	3	22512
22057	1	28615
15447	1	19542
24978	3	23615
25190	0	19136
21013	3	17241
19016	1	27057
25163	0	21776
25406	1	28226
17247	92	29122
24039	0	20723
21275	0	25791
21219	3	16872
25773	0	20404
17312	0	27514
24263	3	20103
17375	1	15919
15772	0	20687
21526	0	27941
20299	92	26583
25039	0	26834
19753	92	20395
17841	3	18739
24116	0	23161
16237	0	23574
24274	1	20256
25250	81	18416
25313	0	16109
29493	0	23731
25270	0	27460
18425	0	21528
24581	0	25973
22305	0	26738
16817	0	22485
21538	0	28924
18056	0	15153
15336	92	23243
19603	0	23926
25000	0	16265
23275	89	22831
26260	4	28806
24693	1	17491
24304	1	21996
19399	0	16597
17115	0	15175
21030	0	20101
19112	1	23829
22044	3	22511
19206	3	29918
22755	0	27930
24035	3	17728
24813	0	27598
25596	0	27552
28789	1	19521
20850	0	26966
29373	0	16985
23874	81	19352
15871	0	26602
21005	0	29298
29473	0	20423
25595	0	24380
20627	92	16050
18603	1	29229
24693	1	18721
18047	0	25805
16415	0	19927
20983	1	23399
24263	3	15745
21186	0	29672
29765	0	18837
22644	3	29665
24782	0	19806
26264	3	26206
19061	4	24709
19443	0	15137
23774	0	16881
15616	4	27680
21078	3	22467
24651	0	18947
18063	0	17035
17841	1	18739
18417	1	28424
23142	81	21116
19312	0	17665
16649	1	22513
16633	0	15099
24191	1	26435
19048	0	23820
17121	4	17525
21252	0	27140
17276	1	29599
26476	1	16315
24942	3	16035
19104	0	16842
17783	92	20897
18531	4	17809
22118	1	16752
28687	4	27172
29483	0	27913
21102	0	22213
15739	0	17421
24956	1	15993
29385	1	29543
20719	81	15534
15516	4	29017
18570	0	19127
22235	86	20983
24830	4	15003
22302	0	23743
24768	3	20591
21427	1	27073
25566	3	23872
22018	0	28517
15784	0	23647
19751	81	23054
17360	0	16316
17150	0	15377
24854	0	20203
23934	0	22852
25243	4	15569
22081	1	27495
17818	92	23277
24960	4	22258
24629	0	18395
22854	0	28554
19335	0	23620
18401	4	21299
24634	0	21948
23531	1	24294
25581	1	28494
25211	0	22827
26152	92	24447
16819	0	25755
19888	3	17037
16134	0	27542
20656	0	16115
15462	0	26488
19897	0	18123
19504	0	16815
21040	0	18174
29320	81	17151
19986	0	17343
16152	4	28071
23646	3	22920
23011	0	18977
20647	3	20390
23480	0	26365
25235	0	17219
20012	0	16122
24818	0	19710
21753	2	29588
17312	0	28050
25110	4	25803
18442	0	24006
15832	0	16801
22821	0	16722
18466	92	15075
25556	0	17643
15509	3	15902
23655	1	16661
15445	0	17984
22598	4	26703
20910	0	28419
21110	0	26623
24181	0	18289
19771	81	29469
29319	0	26467
23765	1	29882
21357	92	23453
20773	4	17197
16778	1	25315
17877	0	16070
19553	4	28104
17167	0	27737
24092	0	21976
21823	0	29331
15531	0	16874
22817	0	21476
18001	4	16179
15639	0	28809
29315	0	28651
18184	0	19714
17287	0	16236
21387	3	29682
22091	3	17955
19491	0	18808
19327	0	17494
17247	0	26045
24061	0	22257
28845	0	19340
24776	0	27678
21291	0	16755
24050	4	29257
25672	0	26043
29459	1	22323
16685	1	18301
24230	3	19454
26482	0	21562
18691	0	25946
28680	0	29252
24189	0	21344
19978	81	19752
26521	0	15042
22712	0	29333
17271	0	16179
24190	4	25936
17124	81	24793
23155	0	20102
19320	0	20581
19649	0	18754
24894	0	22631
20776	0	28157
24946	0	20413
15514	0	28350
20225	1	27701
22478	0	27361
16258	1	16712
21253	1	25336
26015	0	19468
19389	4	16752
24774	0	28476
19780	81	15947
16634	0	23720
18369	1	17037
29124	0	22848
29973	86	21251
21338	3	29014
15421	0	22294
25179	0	25401
17526	4	20595
25211	0	17235
25357	0	16144
22868	0	27903
26384	1	21587
24068	3	21341
25019	0	15581
15433	3	17254
29352	3	26924
19143	0	16241
17605	0	20539
28839	3	26212
20908	0	27699
22727	0	27096
28687	4	15528
19870	0	20331
20042	0	27248
25024	0	26353
21422	3	26530
25303	0	25867
29220	0	15370
24838	92	26500
19882	92	23257
19322	1	19561
21743	0	25576
15337	0	27429
24307	0	23688
19193	92	17521
22427	0	25050
21258	3	21714
25463	0	20149
21373	1	23491
25096	0	19677
15289	0	23368
15330	0	21587
25778	0	26824
25386	3	18916
17463	7	16899
18369	1	17177
18001	4	16391
22308	92	16110
18169	0	25063
17167	0	15829
18401	4	23817
19414	1	28220
23300	3	24614
18448	92	29656
16895	0	26509
16726	0	24874
25151	0	23857
22775	4	19021
26541	0	18927
18429	92	17012
15760	1	22106
25277	0	29093
25083	0	25702
22058	1	26094
26474	0	16870
20752	3	29388
18187	0	23719
17066	0	20671
20029	3	20277
28952	0	19228
25022	92	15068
16753	1	17038
25513	0	23917
29319	0	20167
16151	3	27872
20986	86	19058
21265	3	26012
25163	0	21811
16134	0	18381
22427	0	27756
26400	1	15171
23168	0	28752
16421	0	24530
25374	0	16039
21148	4	22218
20917	0	27417
25568	0	20608
21102	0	20345
22086	0	15061
15546	4	28828
19256	0	25930
26124	1	20497
22114	0	17641
26400	1	18578
24152	92	21585
21291	0	27776
15486	3	26574
17891	0	15179
18427	81	28692
21259	0	25981
17827	0	18863
15490	81	29398
15421	0	24750
16284	1	23344
17558	81	29349
18531	4	24008
16428	92	18830
22119	92	25585
19246	92	23402
15784	0	17589
16893	1	25445
16737	0	22892
22175	0	18779
19358	0	27327
15783	1	28188
16788	0	28733
23447	92	26807
24967	0	26880
22744	0	26055
19293	0	17023
19482	1	28544
24938	0	28341
18976	4	24401
16411	0	19470
20913	0	27128
18606	0	17000
22993	0	23158
23932	4	22193
17701	81	20014
29725	3	28183
21620	0	17442
15781	0	26619
19892	4	18944
21784	0	23488
16770	0	17474
26134	0	18035
22419	0	26662
29248	0	28295
20337	0	23513
16270	0	15281
25089	4	16093
24629	0	28025
16258	1	24299
15887	4	20622
17287	0	15026
21193	1	18482
16989	0	25729
22224	3	15611
15337	0	19596
20865	0	24727
20507	0	24298
17681	0	19850
24507	3	16874
21612	0	27306
17990	0	29990
19328	4	20416
23538	92	18521
15777	0	23475
17849	0	16618
16825	3	18106
19008	0	24249
24114	3	24468
24522	0	26305
21576	0	16561
19411	92	16345
22695	3	23812
28865	0	21052
24236	0	17915
25493	0	15338
24903	1	20384
29758	81	21413
18003	0	18044
21133	0	27411
23469	81	16690
29357	4	25800
24654	0	25118
22647	3	16916
19245	83	24282
15865	0	19839
22157	0	17039
16953	86	15456
16672	0	29913
25023	0	28344
23458	92	21953
29402	1	26351
19440	0	26888
24776	0	17731
24108	1	19010
20823	4	19942
19829	1	27077
20579	0	29158
18367	1	17074
19988	0	15383
21147	92	25943
16599	81	15606
22365	3	25555
25373	3	15189
22059	0	28820
15586	0	27365
18522	0	25794
21669	0	15247
18076	0	24877
26401	0	19723
25367	0	19261
22628	0	29361
22115	0	26354
16131	4	26622
25641	0	20575
19415	0	15311
16135	0	17015
17887	92	18799
22644	3	29595
15479	1	24907
16543	0	23156
20023	81	19366
20507	0	19652
19819	0	19674
22864	4	20897
29799	0	19592
17832	4	26733
21414	1	26707
18454	8	15298
18505	81	17158
21316	0	17335
23542	0	22273
18334	0	18989
21910	0	17058
26116	86	17998
23934	0	27380
24733	81	23103
17818	92	18130
18417	1	17748
17845	0	26788
22775	4	18879
21725	0	18931
24774	0	25948
21134	0	23916
28687	4	27408
16855	86	24538
15953	3	28833
18099	1	20497
17161	92	27202
21831	4	25849
16773	1	20451
29471	0	25564
15930	0	29184
15472	1	17204
21292	81	18854
16965	7	26432
25563	92	22074
29571	3	25499
18345	0	25980
20773	4	17852
23656	3	16562
18508	0	25255
15431	0	27348
15871	3	24457
21324	0	17496
29697	3	23350
25372	0	25600
29039	0	19662
21345	0	18193
20763	1	20743
23548	0	15657
24034	0	18871
17860	4	15974
21016	0	23626
18451	3	20109
26534	3	27160
22124	3	26604
28785	1	23592
24049	1	20251
16155	1	25305
18544	1	24289
23425	4	20250
15585	92	20407
22292	3	24175
17503	81	17806
26130	3	27265
29697	0	26742
21275	0	20939
25253	1	25593
16414	4	28452
22429	0	23948
19104	0	27231
21380	0	27487
22794	1	27141
22738	0	27628
18073	0	19714
21652	0	17536
22395	1	28797
16168	1	24171
17844	0	23839
17763	3	15209
24118	3	22199
26404	0	17345
17145	0	20066
15387	1	22139
18620	0	26203
21001	0	22629
23063	0	28379
22642	1	29193
26330	0	27701
18615	0	28497
21520	3	27462
15276	0	26705
16787	0	28533
19373	81	25282
18638	81	29750
25145	92	23290
15802	0	20629
19381	3	15973
24106	4	17458
29396	0	23611
18640	92	28518
17853	0	26900
18444	3	18550
28897	1	21866
21102	0	28551
20873	3	29559
24802	3	18968
23664	1	19933
17069	0	16347
19874	92	25883
16753	1	26883
20907	0	19340
22596	92	23082
15959	92	22340
18673	0	23890
24977	1	23923
23759	0	27740
25777	1	16515
21081	2	23681
23382	92	27454
21825	0	21847
21013	1	17241
24946	0	16389
21220	0	24366
22788	0	27722
22039	0	28456
22225	0	22323
21901	0	29914
24818	0	20066
22683	92	18125
25222	81	24880
22694	92	26279
25740	0	21285
22361	92	26703
16411	0	25993
18324	1	15700
19362	0	29938
20630	0	22488
24856	0	16471
29270	3	16364
19322	1	23028
25962	0	15098
22593	1	15940
17673	0	20505
15815	0	16970
23538	92	19970
16715	0	27610
20730	0	24380
29280	81	15502
29315	0	26257
22733	0	20302
25829	1	25650
19888	3	16067
28675	81	16639
17845	0	27892
21136	1	23732
17258	3	23265
21964	0	15296
16167	3	29359
20802	0	27792
19368	0	27744
25841	0	25605
22126	3	18418
21107	0	17691
16760	92	28096
17499	3	23362
16151	1	22545
16307	0	20529
19315	0	29582
17132	4	28425
21371	1	17578
19646	81	22944
20079	1	22345
20849	0	23125
19403	0	16735
15963	4	17367
18835	3	23581
19152	0	23020
18685	0	21947
19318	0	24386
24373	0	27964
21260	3	23625
18000	0	15890
22393	6	18671
24191	1	25807
22782	81	29286
24832	1	22263
20462	0	27006
28686	81	29736
29777	92	22168
20751	0	23822
16256	0	28665
16825	3	29927
15389	0	23591
20898	0	21455
20764	1	15396
16771	1	15198
24600	0	20592
23550	0	23590
17707	0	29920
24842	1	23218
22997	3	23910
20841	0	19283
23001	92	26955
16021	0	24012
18436	1	19024
24509	0	16038
16553	0	27364
18643	0	21861
18396	0	19551
29270	3	24545
19482	3	20495
17163	1	27939
20973	0	27696
22526	0	23109
29746	4	15256
22314	0	28777
18603	1	29232
17561	81	23586
22619	1	19013
18352	0	29069
26268	3	16756
24974	92	18331
17217	0	17616
19823	81	15410
21541	0	23642
15779	0	27378
19880	0	25645
22034	92	15988
25694	0	15982
26007	0	16096
24108	86	22736
20783	8	20322
15337	0	28258
22610	0	28223
21175	81	21173
25761	0	19261
23435	0	28890
17179	0	24162
21194	0	28196
18853	0	21098
29008	1	17399
15664	0	16971
21909	1	20308
24073	0	24160
24826	3	28143
24573	0	16200
15415	0	27587
19095	3	28056
26517	3	23621
19398	3	27979
29483	0	19815
18556	1	17020
15731	92	20670
24980	3	16568
18409	0	18960
17698	1	27582
15275	0	23502
15965	81	15729
21133	0	25756
23665	3	28766
17898	0	23712
16156	3	22889
29458	0	25980
29375	0	28255
25758	0	26808
21239	0	18778
17398	92	27631
21196	0	26499
25513	0	23788
26130	0	27700
19314	0	26499
25000	0	24328
19870	0	15190
18842	1	24001
19497	0	27197
19886	4	18892
19684	0	15222
16781	3	26314
25374	0	25321
16790	0	18930
17899	4	27185
20226	0	24409
19197	81	17151
20915	0	15129
18630	1	18893
25350	0	16865
17211	0	23195
22438	0	23378
15542	0	18337
17148	0	18926
25161	1	18962
22184	92	25448
21417	3	23134
25784	81	21499
17607	4	23225
17191	0	28963
15092	1	29081
28897	1	16356
16271	92	22514
29691	0	27311
24640	0	17944
29737	4	17592
21382	1	18721
26268	3	28015
20811	3	18153
18007	0	19642
15864	1	20689
17360	0	17913
21001	0	22328
16298	4	15687
17282	0	28182
24631	0	28379
19988	0	28425
20326	92	25053
29485	0	18296
22089	4	28613
24598	92	16218
26147	3	28417
22995	0	26034
17707	0	20391
29314	0	17744
21162	81	18921
25463	0	27401
24606	92	27722
24837	92	15211
29460	81	18066
24084	0	29065
15966	4	27579
28832	0	17966
26167	81	18406
16278	1	16712
20296	3	17071
20325	81	24306
25841	0	26967
21256	1	23250
17205	0	29935
17844	0	25196
22126	3	19806
18100	1	20621
29470	3	29837
25115	92	25739
29055	3	23803
22730	92	23556
20464	0	28211
21252	0	16595
29261	0	23218
20647	3	20534
21652	0	24356
17148	0	18120
17078	1	18246
21225	1	16901
21971	0	15163
24598	92	29177
19383	1	25194
19154	0	26652
29353	1	20496
20059	0	15269
16298	4	23914
19325	0	21880
17223	0	19569
15859	86	25669
22649	92	21866
29398	81	17303
21520	3	15793
24057	92	26367
25227	0	15614
20997	1	16971
19263	0	19954
17858	1	19466
18228	0	27256
19373	81	25157
18234	0	16575
15718	1	28741
26381	0	27773
21081	0	23733
18587	1	19024
22690	0	28720
18207	0	27703
25749	3	27017
18757	3	15169
23435	0	24657
16632	92	26254
23442	0	29026
29764	0	28249
29739	0	23294
17257	0	23809
20016	81	20033
24215	0	27970
20055	3	21566
19260	0	26687
17401	1	24494
18187	0	26373
17026	0	28961
16281	0	16994
23774	0	28507
17381	0	18312
15659	0	29177
20299	92	28568
18511	0	24525
23064	3	17546
18452	0	21936
18213	1	25863
22126	3	23354
21113	0	20916
19859	3	22896
23424	3	15654
20774	0	24865
24642	0	15552
25960	1	28457
15533	0	19465
25515	0	22443
17182	0	29923
24847	3	26980
20807	0	26932
26519	0	27790
21478	0	24405
21332	1	16807
18438	81	15606
24968	86	16131
28860	0	29793
17569	4	27818
24204	3	17294
21225	1	20332
25114	0	15267
19164	0	21723
15439	0	17406
21143	1	23592
23531	1	20410
24200	0	20434
24934	3	27373
20029	3	21339
22177	0	29084
16419	0	18882
15960	3	26755
23539	3	16221
23398	86	26398
25353	0	15375
20797	0	25961
20894	0	18364
19881	1	22279
15439	0	26728
20884	0	16578
22033	0	25140
22311	92	22551
23522	0	24395
16632	92	17498
17825	1	27144
19989	0	17947
24967	0	24702
24502	1	17646
20773	4	23126
21324	0	22616
24048	92	28694
22056	92	26898
29142	0	18181
22167	0	15202
18454	0	26841
22775	4	26236
21142	0	21119
17666	1	23244
23956	0	22437
24972	0	15146
15476	1	16203
17069	0	19990
25551	0	18832
21005	0	24712
21912	0	21353
29126	0	17970
29742	4	16645
29696	0	16348
16550	0	19837
15863	1	25850
23665	3	18999
19113	3	29119
22466	0	28369
15485	0	25803
16788	0	20392
18978	1	29446
18212	0	26821
29822	3	29038
18669	0	16087
17149	92	24869
15501	0	26022
23865	1	25944
18517	86	24784
21422	3	25930
25752	0	28846
25563	1	17190
25444	0	26047
17210	0	28324
20972	0	18097
25353	0	25438
16248	1	15065
19259	0	17748
20833	0	22541
21521	1	19976
23869	0	23258
22017	92	28212
20472	0	26773
19124	1	19241
24804	0	20605
21823	0	15653
17121	4	26933
19443	0	28601
15729	81	21527
25115	92	21619
21990	0	27954
17686	0	18287
23884	3	25343
16764	0	16466
22096	3	24322
21401	0	18731
21284	0	25217
15855	0	22523
19137	4	20150
24507	3	23855
16764	0	26316
21207	92	15012
25403	0	26794
21962	0	22199
16598	0	27131
15518	91	27883
24996	4	28135
15533	0	16140
24309	81	28681
16770	0	16120
21485	0	26921
24596	0	25648
24198	4	23141
28857	4	17905
18047	0	22493
20456	0	21341
28586	4	27017
21036	0	20467
24125	0	20161
29755	4	25430
19109	0	23794
16977	4	26747
25086	1	20495
19506	0	15057
21053	0	22199
26330	0	27178
24231	0	23291
26383	0	23591
21058	0	16264
25163	0	25411
16259	1	23027
22797	4	27863
25096	0	27070
28852	0	24682
15943	0	20260
19684	0	27238
16412	0	28179
21281	0	15970
28910	0	19261
18333	1	19608
23879	3	27985
21706	0	24415
24969	0	17552
24972	0	23840
28591	81	20058
19146	1	16750
17714	0	22468
29851	0	23696
21016	0	26270
23884	3	26877
25208	0	29199
24705	0	21907
23474	1	23291
21214	7	21018
19159	0	15652
24894	0	21900
22064	92	20287
26007	0	15316
22095	0	23848
19124	3	21760
21228	3	19845
25311	92	17079
26339	1	24679
22656	0	25920
19099	0	22893
26075	0	22168
24624	92	17740
22177	0	18493
20952	0	21836
29851	0	26481
19155	3	26752
26377	0	26869
20826	3	25559
22609	0	27712
21512	0	19841
18488	0	25183
22402	0	16373
25040	3	20529
20824	92	28946
24243	81	22414
19477	81	18617
21908	0	15691
22272	92	18971
22087	0	19430
21384	92	16043
23421	92	15601
21282	0	24664
22607	0	25947
16022	0	22498
15822	0	24887
15465	81	24944
18347	0	28375
26347	1	23898
18826	0	18317
28910	0	28913
20823	4	28102
21686	0	17013
17269	86	25202
19715	92	15370
19317	1	16439
20774	0	15133
16135	0	17010
16992	0	20790
29357	4	24169
18411	1	15392
21404	1	17746
21912	0	15899
22925	1	16903
29062	0	27444
29381	92	18036
29258	1	22202
22089	4	19952
21262	92	19232
26031	0	18774
20774	0	24437
21973	1	25887
26418	4	21728
24110	0	26743
23521	1	18909
18496	0	17729
28899	0	23406
21443	0	18158
21957	0	18316
16422	0	22791
21687	0	18380
24223	4	15151
24041	0	29561
25998	1	29233
22483	0	23159
16155	1	27954
15832	0	26638
20784	0	15581
24797	0	15847
17804	0	28915
20771	0	25843
18003	0	28983
17883	4	19188
17369	4	20400
25114	0	29098
21108	0	20522
17870	92	19962
22625	0	24423
21117	0	18148
17887	92	24649
18442	0	23593
25385	81	22971
16168	1	16926
18346	1	26867
24932	0	15063
20775	1	26089
18495	3	16593
29574	0	23132
19115	0	28006
28687	4	24460
17268	1	29032
24607	3	27399
23474	1	26903
18520	0	16995
17209	0	25985
18674	0	19730
17881	1	19921
16583	0	16218
15868	92	15042
25750	0	25707
15461	81	16693
29352	3	16241
25761	0	17496
22042	0	20115
17145	0	23601
20968	0	23239
26538	4	29063
25080	0	20551
19194	81	23584
18191	0	27942
25092	3	27908
21056	0	21748
17307	0	20665
24946	0	23976
24776	86	25664
23052	81	26421
21188	0	15178
15623	0	28514
16168	1	25533
22914	0	24531
20804	3	28575
24611	0	20415
15360	1	16800
25191	0	25706
17378	1	17093
20060	3	15262
21137	3	27387
19058	0	26215
29511	0	26977
20904	0	25858
16649	1	15801
22647	1	22101
26013	86	25900
17838	0	16621
19363	0	25870
26286	0	21717
20832	0	19848
24542	0	16004
21414	1	19572
28898	3	17618
16531	0	23851
24795	0	17621
15959	92	26752
18370	4	20185
22814	81	21613
16427	0	15908
16535	0	29431
26330	0	26448
19367	4	19210
21608	92	22572
18142	4	24388
29728	81	25244
24953	1	23632
22815	0	18328
23275	89	29324
24773	92	17541
21966	0	28222
22677	3	24250
19318	0	23623
29657	0	28349
16825	1	25588
25372	0	22173
19129	81	21222
20034	0	28480
15748	0	18969
29742	4	15361
17313	92	25221
24045	0	26342
24812	92	17928
24847	3	15122
15950	1	27680
19981	0	18281
24814	0	27850
23873	4	28984
24305	1	15238
24729	92	23462
21110	0	29201
19908	0	15898
16716	0	25238
29695	1	15838
29317	3	18022
17286	0	29667
15475	4	23359
15862	0	20149
24847	3	18866
25235	0	24511
16237	0	25305
24498	3	21729
20012	0	25805
17957	0	19790
25108	0	29017
28903	0	24160
26379	1	29606
17765	0	24359
24934	1	19805
25672	0	25792
24765	0	26855
29352	3	22452
25083	0	27612
25353	0	28005
17694	0	26410
21682	0	20235
21169	3	26049
19603	7	21623
22017	92	24171
21003	0	29862
20650	3	28481
25694	0	29857
29668	0	28458
18074	0	20634
16965	92	27266
18625	0	27054
18857	4	18814
23940	3	23487
17300	4	17689
19682	0	28457
17871	81	15488
16129	0	27583
16895	0	18358
28807	0	22545
26520	0	23736
29287	0	23315
18569	0	25874
24965	0	29910
21713	4	17336
24473	0	24722
29957	0	29587
19444	4	17596
16546	81	18526
23416	0	18224
18589	0	26646
21648	0	21875
18244	4	16493
21375	1	19472
24571	4	23259
29779	3	16243
17140	0	27961
21016	0	24736
29527	0	28386
17211	0	23952
18370	4	16820
22226	0	28327
20333	86	21966
22926	3	19641
17062	3	28314
17990	0	22000
22430	3	21895
17394	0	26306
15933	0	28022
22422	0	23954
24144	92	21646
24053	0	20470
25247	3	26788
16150	0	16872
18168	0	16503
29705	3	24439
21245	0	23392
24806	86	29515
28786	0	18720
29236	3	17084
18479	0	28310
16949	1	28382
22119	92	21097
20333	0	17913
22966	92	26928
15815	0	26292
19145	1	23643
22675	92	28083
20968	0	27606
20780	1	27313
29297	0	24442
21081	0	23645
29781	1	16585
25356	92	26280
29799	0	19591
22190	4	15026
18447	1	24374
16327	0	15386
16305	0	25889
21330	1	24138
17026	0	26671
18450	0	16837
24946	0	19310
17148	0	24170
18431	0	22068
21631	0	19457
22953	0	22143
29316	0	19590
19876	3	18575
20834	0	17747
17274	81	17814
18003	0	24860
22376	0	18373
22042	0	24427
17216	0	24128
17605	0	29793
21075	0	15110
29467	4	27985
15747	0	19643
29371	0	16099
24577	0	27569
15543	0	20491
16725	0	15374
17934	1	18811
24851	0	28426
29373	0	28050
21351	92	18392
21254	0	26941
25147	3	15897
22784	0	28341
23046	1	29837
23092	0	23241
20079	1	18644
24629	0	22257
25243	4	24377
17838	0	27019
29477	1	15612
22609	0	23787
23665	3	22219
21195	0	26675
18883	0	24161
29220	0	16574
24637	0	27516
23009	0	29593
26067	92	27483
17958	0	16003
21204	0	15028
19861	92	16341
16253	1	24491
22656	0	15759
24122	92	19217
21267	3	17018
26518	0	20687
25730	0	26903
16268	0	25438
22668	1	29093
21488	0	19972
15868	92	27748
19324	3	21796
15741	3	16432
28863	0	15603
21021	0	22405
20991	0	28398
19685	3	24063
19355	4	20077
17404	92	29609
24606	92	27946
16672	0	27152
26497	0	27324
18487	0	23727
26334	0	28537
20759	0	26985
25012	0	25395
28676	81	22049
19392	0	15400
21036	0	26355
29961	0	24401
29569	92	23597
15501	0	25976
25101	3	15694
22302	0	26661
21843	3	21754
16685	1	18849
17827	0	25498
15885	81	24635
18432	0	26925
24940	3	16060
24069	4	28724
22859	0	16604
19055	0	29991
22689	81	20996
22789	86	21219
29851	0	23697
22753	86	24167
15530	0	29603
21234	0	29081
18433	0	24018
17264	0	17557
20952	0	21596
18563	0	27972
25581	0	26308
21144	1	16391
29483	0	19709
26339	1	18108
20804	3	29181
20987	0	23452
19099	0	26240
29695	1	17414
24786	0	23345
25032	0	21360
26121	0	23161
26274	81	18205
18372	0	19816
19169	4	26753
19129	81	16693
25524	1	21468
19368	0	25977
19828	92	23642
24208	4	20003
21078	4	22585
29373	86	17771
23104	0	28546
18370	4	28458
23420	0	16562
16770	0	19701
21640	0	29503
18883	0	19673
25626	0	22014
21486	0	24166
19552	0	27959
25331	0	19914
22923	0	29670
15507	4	19946
22276	0	29502
18759	1	18804
24782	0	22549
22960	0	24737
18076	0	21358
24563	0	15333
16198	0	27136
18450	0	27233
24210	3	26990
20849	0	18325
26334	0	18574
19293	0	17696
18105	0	25944
20032	0	29279
29704	0	15685
24254	3	21719
19378	81	17303
22615	0	15081
16945	92	27304
17428	1	16701
15414	1	16319
22956	92	20309
28803	0	28967
18633	0	23604
21408	1	21769
22815	0	29202
15445	0	15627
17179	0	27124
21288	0	18996
19058	0	28614
25998	0	23707
24260	4	29166
24508	0	23294
16280	0	15835
17062	3	28298
25235	0	27195
24221	0	29990
17895	1	29502
19193	92	29461
19018	0	28738
21194	0	20618
24795	0	26593
22121	81	22006
17527	4	20813
21050	0	24887
15595	1	19951
21256	81	17279
17662	3	25800
24833	1	29901
19150	0	23330
19791	3	16234
21405	0	24150
21674	1	25594
24847	3	28323
21652	0	19850
17958	0	20276
21696	0	26628
25007	0	20112
21294	92	16483
21496	1	29214
20773	4	24610
18444	1	15391
22518	0	16878
19751	81	21222
22812	81	23880
17569	4	16455
25088	0	26590
21199	0	18086
15342	92	20441
21294	92	27464
22960	0	18485
16977	4	16714
25228	92	25931
21309	4	25768
21984	1	26747
18452	0	19002
20319	0	19769
21268	0	17345
17021	0	24161
17312	0	22545
24209	1	29856
24568	0	18984
15413	3	29905
29487	92	22219
22623	0	17327
24146	0	19993
21990	0	21550
16532	1	22843
20323	1	16035
19067	0	20132
22135	0	24735
17180	0	17921
20835	0	16926
22755	0	24365
22809	1	17344
29952	86	17185
18242	0	23220
25224	3	16137
26143	0	29015
24154	0	27345
22061	0	28230
22744	0	25432
22239	86	25154
26391	0	18114
18609	0	18322
20784	0	29621
20754	0	15208
17149	92	25899
17894	0	28496
15731	1	20635
19148	3	16604
20472	3	23492
24807	0	20078
19871	0	18867
21150	0	23807
19328	4	18391
29471	0	15364
16434	3	16656
24057	92	26903
22914	0	25558
22856	81	29823
17065	0	20599
29783	3	27090
21035	1	16092
25144	0	21130
19314	0	26842
22694	92	27457
19506	0	26489
22820	3	27867
21622	0	24386
22478	0	28809
16706	0	28957
26179	4	26859
25288	0	19202
26068	0	26026
15689	3	16526
17138	0	16997
25750	0	15584
22275	0	20704
19154	0	16932
15737	0	18901
21261	4	15138
21124	0	29560
24829	1	15030
20305	3	24398
21622	86	26178
22996	0	26224
22689	81	25682
17267	4	24137
19250	81	19744
18076	3	29911
22755	0	18107
17817	1	28801
21928	92	24740
19081	1	29438
26014	1	19939
26529	3	27884
18568	0	24699
29468	0	19546
16954	0	20248
25192	0	22631
25325	0	16460
20647	3	18262
22082	0	15674
16817	0	20475
29700	0	22889
29514	0	27752
20837	3	29099
15936	0	17506
28903	0	27078
21126	0	18332
22094	1	26755
15826	0	17914
24231	0	20369
15352	3	22561
25188	0	15628
19764	3	25679
16328	0	18262
23763	0	19230
15443	1	22566
28692	81	23077
29746	4	20543
16413	2	20123
22651	3	16051
15543	0	28513
19328	4	28740
21618	3	26890
26518	0	15679
16170	0	27005
21091	0	28844
29010	92	24714
24845	92	26289
19362	0	26851
17381	86	23654
19715	92	20499
21244	3	23860
23644	92	19914
26513	0	17012
24214	0	19620
28902	0	27078
21053	0	22841
20999	0	21748
21828	0	26187
22975	1	19838
24994	0	23131
26404	0	26854
17835	3	29639
21404	81	21981
16293	4	29899
21168	92	26523
29055	1	23804
26269	0	15671
18410	0	23377
19004	1	27605
28586	4	20429
24190	4	28366
22798	1	29924
16410	4	18006
25419	3	17514
26485	0	22344
22988	92	15022
20029	3	28397
21471	0	15086
29416	1	29277
15509	3	16061
22663	0	19657
29261	0	27091
19725	0	15811
24527	0	28149
29527	0	15675
19206	3	22537
21799	92	24326
22792	0	15094
21142	0	20163
24572	4	29926
21496	81	15947
25731	0	16577
21923	0	17610
25003	0	24433
16012	92	28262
19445	0	18282
15479	92	20604
20333	0	28403
19893	0	20581
16134	0	17372
19166	0	19120
15435	1	28264
19066	0	29981
22694	92	17614
20958	0	27763
16778	1	17738
16293	4	28067
16772	81	22812
17208	0	23351
21355	0	28191
19889	0	23376
15784	0	16734
29698	0	27841
29761	4	20617
26006	3	25941
25746	1	27331
17199	81	17600
25243	4	28481
22788	0	28074
15513	1	27818
24079	1	15339
26528	0	27443
15473	92	15557
22310	4	21566
19108	3	18143
26048	0	20506
18512	0	21343
19767	81	25002
18667	0	19810
24112	0	15644
15725	4	18029
22636	0	16868
19861	92	17551
16760	92	20203
22379	0	23525
24833	1	27527
15914	3	29663
15856	3	27060
17861	1	15392
26554	0	25069
18396	0	18583
24212	92	15288
21393	1	23099
17804	0	29004
20318	0	28150
17257	0	19224
29132	0	20449
24586	81	21396
26381	0	25297
17149	92	27984
20826	3	27960
23384	86	19322
17862	81	24630
18517	0	17581
18396	0	24331
20458	4	27494
18336	0	27954
20823	4	29795
18401	4	25840
18454	0	28770
21249	0	23337
20463	1	27506
15497	81	20808
19154	0	16885
22011	1	27700
26390	0	18141
20472	0	26758
21215	3	18079
24266	92	29939
21695	0	27895
24198	4	20156
24951	0	24375
17245	0	22014
19443	0	22350
28852	0	20130
24191	1	23850
20797	0	25820
24517	0	16987
17274	0	28944
16851	0	22460
19545	1	19597
29287	0	24005
15925	0	26088
22592	3	17164
17877	0	16245
28901	0	16610
18934	1	29508
17247	0	16216
21291	0	18338
18857	4	20258
20928	0	23157
16545	4	19608
17390	0	24707
18302	0	17655
20655	1	28632
17309	0	25999
22052	81	17303
21199	1	23181
22672	3	16653
21682	0	25711
17932	0	29896
29479	3	16679
19682	0	27360
19704	0	15190
21330	3	23279
24776	0	17510
25303	0	28051
21969	0	22542
25666	4	20254
17360	0	26687
18934	1	23877
20023	81	18565
20845	3	25617
17734	4	24021
16582	0	26825
18409	0	26253
19482	1	20495
24084	0	19144
24625	0	24382
19065	0	16921
24966	0	29068
24978	3	15208
15490	81	23585
25818	0	16194
20861	1	29949
17526	4	24431
29739	0	25337
16151	3	16801
24307	0	17093
22009	92	28989
25024	0	15252
17853	0	16891
24304	1	18795
18416	81	24939
25663	0	18300
29514	0	15919
24971	0	17943
24824	4	27723
24201	0	21400
17930	0	16218
22874	3	28035
16158	1	17011
21655	3	29636
29415	1	16110
15088	3	26997
16411	0	28138
18531	4	25991
19380	92	23131
23669	3	26866
23176	3	22543
21012	0	16240
17184	81	28675
21784	0	25729
23045	1	27354
17318	0	26454
21932	0	17019
22042	0	23244
21014	0	22326
20028	0	23161
16330	0	18963
19489	0	15982
16759	3	23995
24627	4	27595
22981	0	28796
16438	0	27982
19052	1	26560
25782	0	26938
19109	0	27761
22682	3	20421
29571	3	25498
22272	92	17726
17447	1	28167
21404	81	29728
19124	1	18081
24312	0	28089
17827	86	17582
21620	0	28948
21810	81	19129
21027	0	23196
22646	3	27543
29690	0	27808
19704	0	26927
18440	4	22844
17978	3	24179
16677	3	15375
29732	3	17927
26263	4	26644
29697	1	29615
22308	92	18713
15479	92	25448
22738	0	23838
24148	0	23575
18454	0	28773
19285	1	27046
17266	0	15646
23094	0	27334
22677	3	18376
26334	0	21764
17880	92	21566
29739	0	25509
24226	1	20171
22593	1	17047
24084	0	27373
22679	0	17219
22876	0	15836
16322	0	26118
20650	3	23695
20843	0	23517
18189	81	21436
28905	0	16626
15725	4	24711
22131	0	26340
23434	0	22703
22078	4	16603
18759	1	22611
18353	0	26323
16544	0	22901
25520	0	15646
17322	0	20070
25842	0	28458
19417	3	29835
15953	3	24153
20737	3	26588
19576	0	28892
18458	3	20618
29321	0	18356
15462	0	24392
16760	92	26825
21107	0	27285
17846	4	25874
18453	0	16644
25224	3	23827
26528	0	16025
26516	0	26313
19087	0	16711
15336	92	19231
21188	0	15890
15332	2	23953
17817	1	19334
19791	4	28373
24625	0	23604
21330	1	17647
22728	0	20530
15775	0	23255
28900	1	15928
22084	0	20390
16768	0	24038
19791	3	15078
25006	0	16499
15630	86	21345
21973	1	15373
19159	0	15692
19259	0	28830
19656	0	17201
24072	0	19582
25318	0	23397
22682	3	25612
29459	1	28417
21317	81	21334
21225	92	26847
22955	4	25592
18535	4	25425
20922	0	27102
25494	1	18777
18003	0	27971
18625	86	21645
25109	3	29641
24802	3	18788
15426	0	15584
22978	1	27148
18302	0	24874
21115	0	18600
29474	0	20090
17070	0	22470
20842	1	20202
29374	0	15224
16759	3	25175
18001	4	20609
22980	0	23969
29739	0	21558
19262	86	16685
19515	1	19743
22008	0	26480
18187	0	29401
18956	0	15368
22863	0	27471
16428	92	25470
15586	0	15189
28587	0	15152
21136	1	27065
25444	0	22577
21513	0	18289
18952	0	18886
19173	4	28435
20959	1	17240
21117	0	17001
18619	92	18646
23763	0	16218
24373	0	15699
21078	1	27533
21520	1	22416
18439	0	21285
15091	1	16111
29287	0	25699
18484	0	27803
17818	92	19967
23762	3	21348
17857	0	16144
28973	0	29658
24090	3	15263
19552	0	22816
19177	4	27769
20734	0	25320
22959	0	26227
16260	0	18595
22776	0	17632
29381	92	23974
19154	0	27815
19392	0	18376
15734	0	20217
17999	0	22768
18514	0	15292
21622	0	20283
22397	1	26665
24048	92	16955
22050	81	20658
28858	0	28694
21816	1	19135
21242	0	15295
22015	0	18147
24140	0	18059
19138	0	27102
15800	0	21757
24880	81	17896
24122	92	15111
22429	0	24514
21314	0	26616
23536	0	27615
21648	0	29839
26259	0	29208
23016	4	16922
17932	0	26637
22297	0	24892
25080	0	27381
24797	0	17416
22397	3	28827
20976	0	22409
24505	4	17544
24077	92	20618
22041	92	27567
25234	3	29815
21233	0	25454
17052	0	27595
16260	0	28494
17318	0	23226
21740	0	27517
24048	92	20488
17380	0	28626
21444	0	23222
29783	3	18171
24117	4	26750
22620	0	28246
22778	0	25059
15593	0	25547
19397	0	27038
15403	82	29324
20297	3	20554
21179	0	18724
16421	0	15554
17275	0	25333
25291	2	23681
15855	0	25466
29413	4	26687
22590	81	25385
22638	0	22291
26122	0	17328
22978	3	28062
29292	0	25830
26519	0	27458
19689	3	16389
24943	3	27239
17157	3	15148
29487	92	17195
21207	92	26972
24501	92	16124
29396	0	29102
20579	0	20569
19421	1	24673
19356	92	27140
18461	0	17956
21409	1	28426
25179	0	15355
18071	1	26702
29720	1	20147
19112	1	27222
25672	0	18225
22966	1	27068
20759	0	26427
22381	0	25172
29745	4	16939
20959	1	26351
19371	0	19852
19321	0	16586
24758	86	17365
17971	1	23491
15415	0	19454
29714	0	26799
17819	1	15362
24997	4	15065
19362	0	26058
24980	3	26927
17151	81	29320
17755	0	15211
29718	3	27344
20769	0	20140
25099	0	28765
20715	1	29649
19364	92	22498
22602	0	20003
16767	1	28067
23651	0	24431
16298	4	15217
21068	0	25728
23520	0	20187
25045	3	18829
20219	0	28503
19155	3	20050
21201	1	19666
29955	0	28790
16168	1	27492
17963	0	23844
22063	92	28590
18854	81	19483
24774	0	15895
16788	0	25644
24552	81	20912
19097	3	28667
19959	0	16803
21186	0	17656
25080	0	26758
22393	81	23746
20295	1	15878
19196	81	22392
23771	0	28638
25040	3	28185
20296	1	28120
16726	0	27338
25294	1	26321
23278	1	22562
25747	1	24541
26529	1	21805
17196	81	15283
17769	0	24716
17115	0	19304
29568	92	15190
21177	92	28861
21614	1	24458
25389	0	26890
21673	81	20996
17560	0	23848
19866	3	23449
17273	0	15995
19112	3	27619
24806	1	27592
15808	0	29045
17754	0	20572
17868	1	28452
29396	0	22413
21742	0	27197
22650	1	29595
18976	4	24888
20722	1	29135
20176	0	17553
21243	3	20444
16554	0	25855
21504	0	18270
22725	0	15896
26346	0	20242
25381	92	26761
24140	0	27203
18527	0	16783
23764	0	28996
25311	92	16549
17818	92	20220
24787	4	26948
29347	0	23198
20060	3	27892
17286	0	29239
25669	0	25931
28781	0	18033
24196	0	27091
29339	0	26912
19376	0	15227
17529	92	18296
17142	86	19983
18952	0	29536
23018	0	28015
24672	1	23997
23661	3	28401
24198	4	22151
16476	3	27741
26161	1	15762
19427	4	27227
21668	0	22459
29132	0	23341
22669	0	26762
17138	0	17000
20152	0	16969
17769	0	20248
24993	1	15755
18921	81	24635
15623	0	28498
17714	0	17691
15741	3	27387
17978	3	20528
29483	0	22247
24273	1	23299
19386	0	28453
16762	4	16059
25083	0	15099
21053	0	23936
17415	0	28066
16416	0	22238
20921	0	23670
21696	0	23395
15434	0	16382
24824	4	20374
29350	0	28377
20630	0	22320
29739	0	29053
20852	81	29775
24858	81	24565
21005	0	22545
19263	0	21811
20652	1	22288
20861	1	29950
20472	0	18045
26532	0	28918
20855	3	26527
22076	0	17427
22956	92	19185
24034	0	17235
24592	1	23235
19008	0	27387
26171	0	26265
23013	0	24453
20991	0	15137
23648	86	18658
21653	0	27970
25025	0	18744
21612	0	15557
16142	0	22816
23213	1	18935
21321	92	18966
29668	0	20538
24039	0	28710
18099	3	20492
29443	1	27861
17289	0	21562
29719	3	23807
18187	0	20254
17191	0	17224
24841	0	25607
25403	0	15249
25491	1	27355
19880	0	27821
21229	0	28945
25200	0	20194
16775	92	18794
16426	0	28913
16761	0	25719
17454	0	27298
23484	3	18795
25057	0	29825
24055	0	24356
24765	0	25570
24639	0	27185
19386	0	15577
16848	81	15089
23476	4	17435
20472	0	28612
19438	1	24907
19822	0	22330
23005	0	17539
25495	0	27336
21107	0	24377
22683	92	23728
22729	92	26656
21165	0	21582
21486	0	27104
22393	81	20020
20325	81	19477
16787	0	21656
24047	0	23913
24954	0	26293
19063	3	19283
21518	0	28652
19908	0	16809
15484	0	15602
19086	92	20346
24040	0	20578
27656	1	15044
17873	3	16077
24254	3	15082
17708	0	23642
17867	0	23276
19248	0	20612
17304	86	18063
22789	0	25825
16770	0	20372
22011	0	19207
15406	0	23109
16168	1	18926
20972	0	27250
20290	3	25410
29709	3	21343
29505	0	28324
21272	0	21067
19774	0	22284
21346	0	25547
19382	0	20689
18553	92	19720
28878	0	27349
19436	4	16720
18239	0	29858
16760	92	25600
25672	0	23315
21040	0	25457
24358	0	16137
24568	0	26218
19854	0	27169
19004	3	27329
16674	4	19233
19894	92	26214
29000	0	27599
29456	3	28383
16543	0	23335
17534	0	17101
22656	0	29199
24775	1	25647
24178	0	25348
24187	92	16566
23042	1	18598
21219	1	21881
16817	0	21750
21492	92	22436
17967	0	23576
21487	0	16153
29733	81	17871
19754	1	23212
17249	0	15028
22275	0	22136
22862	0	29884
22306	3	16802
18215	0	26721
19882	92	24287
23932	4	17543
29481	0	18744
17884	3	22505
16404	1	17646
17867	0	25736
17411	0	29052
25204	0	25673
20878	0	26668
18596	92	20490
21311	92	29027
16253	1	23690
16977	4	29646
21701	0	23842
15476	1	25266
20849	0	20258
16761	0	16099
20776	0	15806
21018	0	29687
17056	0	27812
24148	0	15621
18324	1	26714
17034	1	25907
21112	0	23839
24303	0	26323
23978	0	21836
16764	0	29847
22905	3	26230
22373	0	27503
15933	0	15653
24691	0	23963
24071	92	23509
21275	0	28233
26390	0	21880
21320	3	16841
20993	0	16145
21474	0	16344
28589	0	20133
21208	0	23797
21405	0	15125
25192	0	29662
29357	4	16213
15797	0	20272
29357	4	20545
20036	1	18800
20786	0	19946
22162	1	27906
25272	92	27614
20091	92	29622
24580	92	29841
25666	4	22019
17369	4	22892
21738	0	24454
16028	81	21312
22730	92	22528
17963	0	24475
25373	3	29525
19086	92	16626
15791	0	23501
21208	0	25430
21800	0	23496
24191	1	25878
26048	0	16121
18201	3	27932
26522	4	21535
24856	0	21761
26176	4	22023
26392	0	15559
22003	81	26274
24880	81	25778
15943	0	16323
16296	0	25625
29248	0	24481
21614	1	25452
29480	0	27906
20798	0	26607
29480	0	28403
29423	92	21140
24980	3	27172
19289	0	28963
18219	0	26851
29751	3	26318
29782	1	23830
21019	0	17610
16436	4	28365
19080	3	20142
24640	0	28629
26336	4	18839
19765	0	28491
20736	1	27202
23382	92	23509
25158	0	25836
22312	1	26096
16008	3	15338
19506	0	28773
22156	0	24138
21962	0	19919
21904	1	20423
23548	0	21794
16674	4	19471
15439	0	28658
28594	0	20486
17148	0	18081
19706	1	26412
24271	0	23166
23075	3	23816
24778	3	22901
21666	0	19963
21967	0	18264
18787	0	22342
18423	0	27910
17994	3	29914
23437	0	21879
18955	0	29160
26482	0	17687
20058	83	25896
20770	0	27182
22988	92	17531
25184	0	24721
20930	3	22878
16687	0	28414
28903	0	20687
25009	81	18288
24972	0	26677
24304	1	23639
25373	3	20307
25013	4	23609
23550	0	25534
22115	0	20413
22935	0	28654
21117	0	16994
29123	92	15046
16684	0	28083
15785	0	29453
21113	0	29828
22981	0	23740
24583	3	17661
15431	0	16385
16828	0	16222
17302	1	27278
18855	0	17497
21380	0	19786
22873	3	23787
25373	3	28445
24302	3	16916
18244	4	22417
20016	81	20852
22868	0	27356
21157	0	22546
19443	0	20563
24925	3	25624
20758	4	22168
22673	4	29263
17179	0	28655
20978	0	28001
22237	86	20751
19142	3	23499
20029	3	23489
25006	0	25132
29487	92	16813
16716	0	24359
18843	0	28144
15415	0	22208
22743	0	25375
22310	4	20257
23774	0	26615
21244	3	23193
20877	3	27302
21243	3	26981
26339	1	20436
20462	0	22230
21108	0	23594
19880	0	25955
19536	1	20489
21639	0	26245
19355	4	20181
21631	0	25673
23136	82	22522
21416	1	23067
15406	0	17645
15337	0	28272
25018	0	28627
19763	0	18768
25357	0	20364
20319	0	27117
19419	0	27744
18446	3	29449
19419	0	24905
19704	0	25172
20999	0	26631
24127	0	28660
17667	92	23379
20773	4	19657
23758	0	19592
17889	0	20252
19936	0	26657
15455	92	16740
17997	0	22531
17555	0	24879
16640	0	28007
15623	0	22714
24777	0	27275
24811	0	23851
22128	0	15736
22899	0	26711
24978	3	26055
26157	0	15537
21493	3	27168
19142	3	20244
19377	3	26649
25772	0	23707
20966	0	25946
22301	81	29286
16425	0	22030
24517	0	18782
16794	92	27263
23659	0	21750
29709	3	20287
25672	0	17628
21581	3	26045
19161	1	16464
23503	0	27657
19370	0	15118
25388	92	27746
17769	0	25298
18561	3	27560
21416	3	15101
26162	0	26206
23009	0	20386
17528	0	27451
24780	4	19570
22814	81	26424
18515	0	25587
28906	3	21400
21354	0	22889
15777	0	22485
17078	1	16666
19779	1	27835
24152	92	16361
22010	0	22444
28589	0	18971
23934	0	15682
16828	0	25070
24606	92	29191
22038	1	26238
21143	1	24381
21844	0	26444
24192	0	16994
26517	3	28016
21089	92	20365
25556	0	25123
17359	4	26199
17827	0	27334
26541	0	26506
19880	0	23833
24581	0	20192
21458	1	16495
17124	81	20064
16271	92	17941
28787	1	25871
21192	0	23799
21005	0	20101
17360	0	20285
18855	0	17075
23470	0	28518
20895	0	24433
19116	0	15178
19690	0	20277
20919	0	16166
18567	0	19472
24564	0	15632
29061	1	28544
15666	0	20544
29565	0	28522
16972	0	20231
24823	3	24743
25230	3	20078
16309	1	21960
16308	0	15668
24824	4	21352
20838	3	25105
20945	4	16644
18616	0	19463
15630	0	27473
21282	0	16356
16962	92	28652
22654	3	22453
24824	4	28755
17569	4	23601
25052	0	23988
24962	0	16557
25144	0	16174
24635	81	24943
15511	3	27739
19191	81	17130
22607	0	19203
17997	0	24917
17065	0	23378
18187	0	20250
18239	0	15997
28873	0	27016
22494	0	28422
18667	0	22270
18047	0	16111
21128	0	27660
23384	0	25950
19049	0	15699
25241	0	17474
17276	1	15564
23536	0	21439
21196	3	15103
22933	4	29980
22995	0	26056
28762	0	15070
18487	0	18646
22652	0	27643
20753	1	27079
24181	0	17419
24998	1	20166
17371	86	16982
19445	0	22021
26518	0	27724
19129	81	23102
15863	1	23340
19129	81	22938
17360	0	27037
16295	1	15561
18956	2	23953
22442	92	28629
15430	1	23515
29771	0	18651
18236	0	24916
21508	0	16561
18629	1	29584
17268	1	29046
18256	3	23530
25775	92	15544
16271	92	22445
22819	0	19670
22115	0	18131
15351	4	15674
15497	81	22795
22651	0	27377
24152	92	22492
22056	92	24449
29749	0	22920
24810	4	18678
21572	0	19789
24769	0	27036
19320	0	20679
24759	0	23334
24652	0	28391
18399	4	24333
19129	81	17824
29055	1	23803
24513	0	15642
20823	4	19280
21110	0	29408
18426	1	15750
29765	0	20679
23129	3	18388
19628	0	23835
25515	0	23927
17869	0	17640
21019	0	18282
19915	0	17012
26143	0	19993
22420	92	18653
29458	0	24531
19422	3	27174
29351	3	16088
19754	1	16443
22056	92	24371
15530	0	19589
21665	0	16083
20063	3	22806
16134	0	20602
23168	0	19594
18674	0	20538
17111	81	29469
22994	0	20591
17849	0	29209
29244	1	25341
25581	0	20231
17255	0	24359
15508	0	18180
20835	0	29637
28909	3	18584
22167	0	26741
21194	0	27970
20319	0	26793
29783	3	16356
25777	1	22331
19205	0	16722
17462	0	28609
15913	4	17726
19373	0	16403
15481	4	27567
19151	92	17587
19044	0	28230
28864	0	27778
21909	1	29604
21991	4	18395
21652	0	23271
24218	3	22107
18524	0	29667
29511	0	17517
17115	0	26711
24050	4	23328
19725	0	29878
29466	81	18854
17132	1	26742
19560	0	28036
22804	4	20444
18342	0	20660
22904	0	28617
29318	3	27167
18567	0	26975
29287	0	25826
17527	4	15926
29476	1	16389
17396	0	19426
22975	1	15141
16828	0	25073
20864	0	27580
16419	0	15096
19991	0	17328
25767	0	27573
24997	4	15078
16020	0	26820
17078	1	25613
25325	0	15248
25224	3	28962
22516	92	29630
19098	92	23483
22960	0	27064
19507	0	27493
22274	0	29897
29998	81	20623
25291	0	24001
17958	0	29115
25077	0	18838
20769	0	26531
23669	3	28023
21219	3	17492
21433	0	26201
21152	0	15397
15337	0	27432
23550	86	28851
22466	0	16204
29505	0	17173
16476	1	15010
25694	0	18537
15955	1	27679
28856	0	17227
21036	0	15537
18495	3	29389
22041	92	25397
15913	4	27258
21289	1	18748
24978	3	18885
17957	0	26037
20991	0	28470
25403	0	17610
15950	81	21210
22033	0	15525
21189	0	26650
29824	1	25531
18184	0	15478
29566	0	17466
25776	0	27278
25368	0	17575
17899	4	29909
21014	0	22554
16474	0	19958
22647	1	18108
22991	4	20309
25751	3	26855
23010	0	24403
17121	4	26293
20183	0	25446
17991	81	29998
19058	0	27250
17298	0	27614
21652	0	24007
28691	86	17289
24837	92	27270
19754	1	18177
25956	0	19647
22862	0	24511
25782	0	27017
15524	0	20266
29706	1	15229
25421	0	28189
23076	81	21932
16412	0	24407
26078	92	18679
15514	0	24351
20881	0	25904
24259	0	26946
25963	0	27392
19399	0	29112
21625	0	20283
19759	3	16184
17313	92	27257
20872	81	21931
20642	3	25055
19768	0	25610
19910	0	23823
17893	0	28800
22050	81	15534
25007	0	29523
21296	1	23643
17398	1	24142
21542	86	23864
16780	0	23908
15868	92	28799
22930	1	22417
25671	1	29927
26476	1	29446
16640	0	19938
22876	0	17742
24939	81	19407
15783	0	27368
20793	0	26855
24600	0	20194
21686	0	17001
16668	0	22212
26068	0	16835
19101	3	23814
20299	92	27033
25367	0	17590
22017	92	23678
18847	1	23612
23932	4	17778
16634	0	23718
17526	4	20120
21274	81	21974
21503	0	23106
18407	0	15200
15950	81	29139
29464	0	27288
17286	0	22479
16769	3	18329
25418	0	15735
25740	0	27549
17930	0	27685
19298	0	26568
21028	0	24379
24077	92	26709
17682	81	15461
24985	1	27767
22013	0	27924
21048	1	23333
19353	81	22969
24837	92	24487
16598	0	16453
21404	81	20942
17308	0	23227
17872	0	27300
25669	0	20400
29754	0	20358
21323	0	15165
20999	0	26946
18000	0	18796
24847	3	28038
19901	92	23333
24141	81	21176
29261	0	20679
22516	92	29794
19348	0	24930
19399	0	22528
18432	0	29163
22310	4	15921
17249	0	20590
17842	0	21839
15499	3	15018
17449	92	18318
21282	0	18601
29285	0	20375
22876	0	16929
15955	1	21550
17166	0	25959
18465	3	25431
18672	3	24878
25667	0	17031
21398	3	18121
16134	0	17057
22817	0	27017
21376	0	17570
19263	0	17624
23550	0	29004
25361	0	20721
19901	92	23852
28851	86	23081
18142	4	28450
25020	1	23805
20989	0	15158
17078	1	26494
26539	4	29891
15887	4	20499
17867	3	18337
29299	0	16003
16530	0	22473
29954	86	26072
16014	1	23351
29719	3	21768
23412	0	19942
19123	0	27629
15947	81	15438
16706	0	28119
24073	0	25181
25345	0	24657
24629	3	23981
20840	0	25339
15462	0	27770
22987	0	23030
25094	1	17228
18370	4	19734
21398	1	18121
19139	0	19465
22306	3	20336
16536	3	16064
17818	92	28015
15785	0	29916
21421	3	16494
22634	0	16651
25490	0	25771
29485	0	28086
15871	0	28406
26181	3	15113
21273	0	23899
23009	0	20397
18612	0	26083
24774	0	28756
22307	0	23928
20946	1	20382
21508	0	28219
21192	0	29064
18162	0	27480
15336	92	27312
24502	1	18715
21478	0	20044
24829	1	22133
21177	92	19570
22804	4	23298
16475	81	23002
29505	0	27804
24810	4	27344
21481	0	22328
16717	0	25073
22602	0	22848
18423	0	25503
17733	81	21462
24949	92	18967
17051	0	15226
16427	0	23569
22310	4	15052
18553	92	29836
21782	0	18991
25110	4	28203
21165	0	28205
19634	0	23369
29398	81	28688
17471	0	23723
20962	1	16667
29726	0	28269
23541	1	28650
22476	0	29143
22412	1	15161
22814	81	17158
15451	3	28371
17766	92	16697
24782	0	24889
20952	0	21592
18544	1	15200
22174	0	29108
16327	0	22531
18232	3	20213
21179	7	25511
17276	1	16704
19693	0	17941
24639	0	23224
23878	4	29491
25318	0	23688
17288	0	27914
18244	4	28710
15595	1	22340
21513	0	19809
26476	1	17202
25387	81	20801
17274	0	22111
24048	92	19674
17767	0	27332
21704	0	17474
22953	0	22148
19630	3	21792
16198	0	29100
19559	0	15265
20918	0	26387
16778	86	23423
19441	4	15295
18497	0	25786
15814	4	28352
25113	1	18098
23765	3	29454
22365	1	16556
25231	1	25510
26497	0	21343
16894	0	28333
29473	0	21722
16289	0	23806
21047	0	22528
17122	3	20335
24520	92	28420
16555	0	26647
22226	0	18730
28807	0	27487
18345	0	28926
20931	0	22490
17882	92	28441
22427	0	29925
16253	1	20049
25032	0	29176
29259	0	18381
15336	92	17589
21324	0	23154
22722	0	16092
21207	92	19278
17312	0	28635
16271	92	27690
24553	4	18023
16989	0	28554
29566	0	20685
21844	0	16400
25114	0	22356
21240	1	22907
23076	81	18200
23763	0	15249
22997	3	21979
19106	1	23675
19095	3	18975
17048	0	29023
19348	0	23698
17141	1	29420
20726	0	21757
19163	3	28925
20847	0	20302
23147	1	22580
25045	1	22371
19697	3	29421
29822	3	15395
21177	92	21400
19534	0	23479
16894	0	17170
21110	0	15102
25420	0	18771
21433	0	16456
17470	0	26912
29432	0	19736
22932	4	20559
18354	4	17443
18352	0	26891
20773	4	25339
19163	3	21643
24606	92	26550
16154	0	25872
22125	1	27192
23140	0	23490
18430	3	29634
25746	3	27320
24252	0	29071
29761	4	27184
15874	1	27902
22905	3	18645
24991	7	16691
22392	81	19756
23464	0	23429
15930	0	26256
22914	0	15850
24030	0	29262
19380	92	23270
20932	0	25276
17115	8	15298
16170	0	26613
25370	3	20244
25040	3	28490
24653	0	17531
28803	0	22133
16274	81	23302
22876	0	28608
24159	0	29263
19477	81	29139
29490	3	28098
15327	81	19192
20980	0	18925
17464	0	25347
20315	0	24184
29695	1	18915
24952	81	16546
29357	4	23369
17141	1	27200
29487	92	20182
21357	92	15569
16726	0	25786
15416	0	18328
29467	4	27910
22462	0	28037
19047	0	22326
29242	1	27384
28849	0	20393
16237	0	23297
24971	0	16147
29800	0	20283
20948	0	24298
22671	4	24503
18616	0	28611
16135	0	17007
19440	0	28258
17178	92	26050
18142	4	15918
19414	3	15051
21109	0	20166
17217	0	18868
24501	92	15119
24977	1	19257
17901	3	16858
28877	92	27557
23778	0	19724
22960	0	16500
15689	3	19623
29317	3	20446
25829	1	25846
25370	3	23499
21127	0	26213
17734	4	16483
21162	81	18753
28681	81	20460
17764	0	17577
25379	0	27700
25200	0	20384
17277	1	28264
18073	0	25689
19143	0	24743
19477	81	18463
21706	0	20522
29747	4	26716
19154	0	18941
18440	4	27236
24224	0	16999
22292	3	20597
17160	3	18385
22058	1	22228
21843	3	28107
25000	0	17333
15469	92	17039
22859	3	29277
22182	0	16918
24841	0	18655
22438	0	25602
17265	1	23526
26130	0	27707
22234	0	27909
16694	92	22290
18555	1	29805
21243	3	19738
26398	0	22475
18234	0	23820
18469	1	16098
21916	0	28941
19046	81	18170
22931	92	16795
26334	0	24136
18397	0	27801
21244	3	17333
24553	3	22330
15946	3	23305
18603	1	29227
24788	0	16384
24200	0	21479
24228	0	16458
17470	0	28821
21258	1	21067
22300	1	25263
19760	0	29623
29741	4	16246
19433	81	19305
22130	0	23756
23867	81	22396
15730	0	23397
15289	0	23617
26262	0	22509
26497	0	26670
21415	92	27018
24050	1	26524
17187	0	27976
19355	4	17518
25754	0	29884
24268	81	19907
29754	0	27426
22182	0	23408
26068	0	18701
25953	0	26294
22397	3	25700
22795	81	23586
15407	0	19243
24216	1	29942
25019	0	15259
16253	1	28241
29717	81	19107
17383	0	17335
24819	0	18393
15813	0	28823
17369	4	19028
29312	92	26927
26122	0	28694
19684	0	29190
25027	0	27588
20064	81	20964
18254	92	16350
17682	81	21222
22055	0	16333
25675	0	20278
20898	0	24134
19057	1	22579
20970	0	25547
19894	92	24013
15596	0	16042
22820	1	15355
29745	4	25042
26539	4	25844
23700	1	17023
22649	92	19069
16540	1	15568
18825	0	26745
18856	4	27058
17893	0	18289
19176	0	15792
25018	0	18322
25406	1	18217
25667	0	25225
18471	3	23634
23466	0	17468
24594	0	28565
24506	81	22969
15487	92	25456
24924	3	18289
18458	3	17747
17835	3	21564
17842	0	25538
18058	0	16671
15589	1	16842
16273	3	19836
21379	8	19598
15470	0	20302
21381	1	28339
18430	3	28078
17448	0	19906
22717	3	19586
15779	0	28753
20028	0	16392
19320	0	26564
21245	0	24659
21398	3	28756
24269	0	18909
21048	1	20409
18553	92	16940
28905	0	18812
19250	81	19313
21136	3	27065
19987	0	15270
15091	3	21592
18539	0	22576
18628	92	25791
23314	0	22515
19141	3	18026
21421	3	28291
21503	0	23146
17670	0	26553
15862	0	24664
18074	86	24899
24904	1	17228
24606	92	28336
22129	3	29548
18612	0	27109
24493	0	16720
22663	0	25762
18691	0	21951
29957	0	25654
24373	0	15303
19684	0	19970
25519	0	29929
17881	1	27482
16346	0	28243
18401	4	20425
24302	3	27025
21225	1	16877
20739	1	26428
21663	0	29667
29959	4	22270
19363	0	22833
25113	1	27190
15963	4	15829
25146	92	26670
24880	81	23635
19429	0	25532
16269	0	23195
21017	0	25965
17606	0	28051
24581	0	26915
18223	3	28430
28875	0	27262
22734	0	25698
24094	0	25765
20515	0	19717
17582	0	28142
22643	1	21852
21356	92	27563
22596	92	25500
25292	0	25203
19768	0	27281
24967	0	26601
18525	0	24342
24211	3	15226
18370	4	21761
25404	0	15237
16737	0	16383
22895	1	18052
29486	1	26489
21511	0	25724
18628	92	27216
22914	0	17954
18099	3	20455
25180	0	16458
24785	4	27839
18077	0	22536
21373	1	16462
19137	4	22849
23468	0	27246
16547	0	24890
26262	0	18320
19176	0	29050
17833	92	28391
22087	0	24887
21305	0	28609
26385	0	29154
25311	1	18144
15381	1	16451
24924	3	25454
24717	1	17039
18624	3	22253
18602	4	27550
20756	0	28074
16668	0	28252
24204	3	16147
25627	87	29576
18835	3	16556
17147	92	26088
24695	2	24853
20314	0	26201
25672	0	26272
23435	0	18816
20726	0	27767
19004	3	18923
17662	2	23953
25084	1	29499
17634	0	22151
22698	81	15729
17200	0	27911
29717	81	24080
17888	1	21095
21345	0	17790
15624	0	21943
25524	3	21468
22989	1	17909
24631	0	28694
24773	92	27965
24586	81	26069
19689	3	18837
19874	92	16061
21664	0	20180
17877	0	25557
29367	86	19205
16415	0	27280
29751	3	23923
21783	0	15688
18512	5	15640
15859	0	24172
22377	81	15498
17961	0	27902
21085	1	16741
15781	0	16396
19081	1	20442
16957	3	22346
28897	1	26669
19384	1	25544
21422	3	23905
19115	0	29078
29695	1	16443
22431	0	23987
21301	92	22704
29357	4	22881
29871	3	29334
18091	0	26813
25089	4	26524
28697	1	26839
22995	0	28939
19139	0	26562
21092	3	18831
24236	3	19812
20878	0	16181
29317	3	20673
19335	0	29147
20035	3	29082
22683	92	22141
19629	1	21755
18000	0	22024
24035	3	26361
28762	0	24160
21149	3	28125
21903	1	18882
26378	0	15641
29864	0	20405
29138	0	23706
18535	4	16929
16761	0	25061
15454	92	19276
17097	3	18912
25695	0	21795
16479	4	19569
22789	0	26980
18695	0	29830
16819	0	25868
23432	1	18096
18625	0	27169
19886	4	20200
20214	0	22140
29483	0	15130
29480	0	27626
18229	86	15956
17124	81	20658
29779	3	27651
19176	0	21876
19320	1	20620
22875	92	26364
16322	0	18997
22921	3	24425
24599	1	15099
29219	81	23102
18242	0	26961
19260	0	23891
23700	3	28376
19080	3	20374
19113	3	27415
25311	92	16121
16850	1	25653
15881	0	23837
19104	0	18575
29398	81	22936
29236	3	29271
21176	81	19751
20784	0	19967
29971	0	27297
16678	92	17519
18615	0	24931
21633	86	26514
22034	92	16141
21016	86	24067
25001	0	27770
16828	0	25071
25308	0	22557
29315	0	23613
17179	0	27964
23412	0	18959
25818	0	28889
26274	81	19107
17888	1	18780
22188	4	23652
24272	0	16211
15490	81	23053
21322	4	18473
21969	0	21718
18563	0	25469
18627	81	19865
21163	4	28301
24940	1	17423
24875	3	25049
18660	0	18994
21134	0	18867
21001	0	24531
20063	3	27593
29703	81	18209
22618	0	15629
18446	4	24422
21176	81	23694
20754	0	25432
28899	0	22205
23046	1	27673
23433	0	18131
23435	0	21775
15954	4	16928
19384	1	23029
22788	0	27436
22128	0	22113
24940	1	23890
25752	0	27000
21572	0	19587
25463	0	19938
18240	0	17382
15360	1	27142
19408	0	16467
20999	0	15926
20909	0	19269
29513	0	15081
21604	0	18380
21257	0	22861
22223	0	29659
25551	0	18270
21018	0	27534
21274	81	23302
26538	4	27833
19510	92	28929
29509	0	21586
29392	0	26098
26135	4	23840
22428	0	24523
17709	0	26420
28845	0	18031
23878	4	28526
15320	1	17914
15875	0	27775
24501	92	20524
24759	0	28093
24809	92	26058
21527	81	17847
29714	0	27028
17400	6	26424
18934	0	28528
20512	0	21587
16260	0	28600
25495	0	20524
24830	4	15972
24967	0	25322
17932	0	16001
19386	0	15311
17359	4	24379
15865	0	23131
17066	0	28502
17313	92	16485
29468	0	16355
26476	1	15564
26181	1	15579
21345	0	17647
22028	92	25457
21990	0	18892
25010	1	19209
24084	0	25739
22392	81	22812
15412	0	29984
24574	4	25173
18544	1	20235
19168	0	21935
25367	0	28498
25019	0	26901
19500	0	17220
18502	0	27301
24795	0	15669
28594	0	27410
16736	1	16451
24621	0	17593
21382	1	21095
23405	0	23211
22401	0	24468
23043	0	26059
22404	0	28138
19379	1	28464
22310	4	18375
17672	0	23217
18520	0	27936
25270	0	18328
16152	4	26954
25389	0	15249
18408	0	25723
20867	1	26823
19166	0	15705
21630	0	16722
19959	0	15537
23849	0	28555
15406	0	25508
16170	0	16920
21176	81	25246
15962	0	15245
22739	0	25431
21726	0	25642
19081	1	20232
21508	0	25174
22033	86	21934
21270	0	21161
22118	1	17334
24774	0	26792
22914	86	15731
26418	0	25943
28591	83	25896
17127	0	17550
20922	0	21556
21648	0	20424
23000	0	17510
23398	3	22555
19983	0	16906
23774	0	20674
20919	0	22248
15958	1	20553
21323	0	29675
22117	3	25286
25962	0	28230
16436	4	19492
22940	0	26648
29458	1	15174
21356	92	29419
20323	86	20981
18757	3	25576
17711	0	27966
22239	0	23388
28774	0	16741
18844	0	28209
22740	0	29647
15439	0	27331
19239	0	27934
22778	0	28600
24098	0	15042
16573	0	18647
23867	1	27459
24035	86	22740
23937	86	15773
22227	3	17361
18342	0	21841
17303	81	24793
21433	0	24740
25962	0	27806
19113	3	26084
17162	0	22221
22118	1	18974
19422	3	26493
25783	81	17559
22046	3	25258
23441	1	15564
20898	0	26798
28685	92	27401
24821	0	23749
22943	0	18179
17887	92	25720
16538	4	17044
23541	1	19667
21001	0	27771
23046	3	23246
19867	1	22892
20320	3	16481
25684	0	25591
20987	0	27684
15828	4	19671
25024	0	19214
24629	0	23573
24718	0	24360
29385	1	19556
18516	0	27664
22394	1	19036
24811	0	15240
22183	0	16891
16327	0	15556
16947	81	20083
21640	0	15643
23930	81	24243
19350	0	21439
29747	4	28064
25006	0	26757
21471	0	28342
16131	4	28072
22307	0	28329
20968	0	27101
20929	0	23427
22017	92	18582
24034	0	15121
15415	0	23670
17999	0	15100
17288	0	17218
17301	3	26760
15769	0	16073
20774	3	28358
21169	1	16179
25746	3	23072
15443	1	23678
22075	86	29732
22395	1	20497
24198	4	17429
24159	0	29979
17767	0	15067
20873	3	21951
28697	1	23399
18487	0	27936
19126	0	23322
25962	0	29117
25487	0	16502
26006	3	19242
17379	81	20806
22820	1	15157
25740	0	20686
18219	0	29033
17376	92	16607
17880	92	29201
29745	4	28584
20810	1	21994
24777	0	21864
24521	0	18193
21057	0	25560
21538	0	27931
23017	0	25432
18072	0	25067
19756	81	20969
20881	0	21660
19873	0	19002
29496	0	18687
21665	3	29441
15349	0	25919
16289	0	16350
17122	4	28634
22442	92	23968
17137	4	27349
29707	92	20429
25902	92	21594
17375	1	21878
15589	1	20421
20659	0	29561
18589	0	21853
21508	0	27092
21655	0	23214
23047	1	18490
22951	0	23768
24629	0	26988
24086	0	18594
19746	3	23149
20909	0	23822
24507	3	24682
24208	4	24931
15930	0	21472
22042	0	20814
15933	0	15207
21603	0	26089
22403	0	17951
24925	3	23163
22647	3	29992
17125	81	17758
17371	0	28344
16271	92	27091
24781	3	17412
28855	0	16705
22041	92	28296
29954	0	22147
18479	0	28311
22575	92	28432
19361	3	22448
19408	0	15121
21206	1	21730
24998	1	20145
24033	0	18699
19402	0	24129
29287	0	23705
24978	3	16196
22639	0	23151
19315	0	19308
25365	1	25712
29139	81	21707
19882	92	26911
21366	1	23935
16775	92	16559
29657	0	16562
18674	0	27232
24607	3	15612
19698	0	26216
16825	3	28399
20796	0	20280
22924	0	20668
18401	4	21342
20874	0	18823
25101	1	15694
17998	0	27548
26386	3	25073
16583	0	21532
21925	3	20003
19549	0	17718
16405	92	16058
18477	0	26695
28886	0	15202
17823	0	16348
22934	3	24931
17111	81	25621
16131	4	29604
25761	0	17927
21186	0	27035
20029	3	24414
17268	1	29390
15784	86	19368
18214	0	26789
23081	0	18027
19318	0	15850
21219	3	29581
21083	3	27199
22088	0	29859
17409	0	15368
24978	1	25698
21205	92	27553
22597	3	17574
25147	3	24397
24899	0	15753
22017	92	27596
24196	0	15697
22720	1	17457
21040	0	29523
17997	0	17294
19481	92	24360
29893	1	16380
17274	3	20435
20627	92	29556
19318	0	29162
18689	0	27450
22598	4	28329
24607	3	28217
16981	0	16864
15347	0	21749
15962	0	15690
29779	3	22769
18202	3	27188
24654	0	28055
25414	0	29361
22407	0	20212
19008	0	26857
17879	0	29186
22953	0	19675
23763	0	16811
18360	0	17622
19312	86	21005
21502	0	15765
19543	0	28753
21249	0	16335
25227	0	29333
26554	0	18988
18062	86	19716
17180	0	15144
23549	81	24311
24654	0	29867
19129	81	29280
25227	0	26293
25669	0	18922
19915	0	22510
23047	1	28893
22713	0	15696
18555	0	23578
16631	0	29806
18258	4	17495
15091	1	23948
19357	3	27681
29471	0	16316
20850	0	23149
26263	4	28240
22725	7	18555
23441	1	22359
21123	0	17658
21513	0	24386
15480	0	24744
16263	0	25997
18231	0	22231
26152	92	16922
24759	0	26061
15548	0	23118
21543	0	20422
17667	92	19012
18585	0	28172
25250	1	29551
17276	1	16315
20911	0	20445
19860	4	29976
21816	1	18780
29772	1	17746
21039	0	27849
15406	0	19957
22077	1	24174
16685	3	24247
21628	0	25255
19295	0	28160
16338	0	15917
29007	0	23317
24734	0	17444
24108	3	29809
24568	0	23457
25011	0	23767
24199	0	19845
19892	4	19223
17714	0	18494
20751	0	21276
21145	0	25574
16168	1	28088
29711	4	21775
21107	0	26219
21829	0	24063
24034	0	29118
25404	0	26572
24638	1	29669
19109	0	23497
20333	0	25800
15471	86	21124
24623	3	19588
29706	3	21881
19122	1	17241
19074	0	20451
24358	0	15267
18698	0	17852
17686	0	27757
17990	0	26821
22815	0	17337
22958	0	23566
26176	4	24137
22598	3	17725
17078	1	17750
17262	0	26306
23932	4	15758
17770	0	15756
16251	0	29597
18058	0	26227
22169	86	18432
16668	0	25955
22619	1	25339
15858	0	26919
21521	1	21787
24974	92	19843
19004	3	27596
15542	0	29218
16564	0	28142
19514	0	28140
20968	0	29930
21712	0	17531
20327	0	17420
25125	1	23197
26398	0	15632
19121	0	16192
15280	1	29275
15773	0	20951
19176	0	15575
29496	0	23158
22178	0	17103
20837	3	28564
23550	0	16179
15587	0	25285
22943	0	25911
15889	92	22348
21782	0	15158
15458	1	22137
25406	1	20492
24061	0	27012
19425	1	15982
17148	0	18923
25224	3	21876
19552	0	23995
25578	0	28418
18407	0	25644
15712	1	25728
22013	0	27350
18425	0	23189
21923	0	28555
19898	0	16611
28693	4	26020
19534	0	19024
19691	3	25945
20742	3	24876
15856	1	27459
17869	0	21897
19129	81	29877
29749	0	28571
22277	0	20103
18038	0	25424
29318	3	28228
16162	0	29191
18236	0	21339
25385	1	16208
23018	0	18027
25100	3	26595
26137	0	24706
18099	3	28998
22076	0	16818
22508	0	15706
18398	1	22887
21040	0	25058
25245	81	20745
16404	1	26223
25188	0	25771
19105	4	25134
24766	0	24026
19360	1	16830
19792	4	19609
15459	0	28951
15336	92	28939
20717	3	21744
25083	0	23792
22905	3	23126
24323	0	17744
19912	82	29324
29370	86	29951
15415	0	21953
16826	0	27532
16694	92	26236
21653	0	24288
19153	0	24906
24527	0	23036
18342	0	26008
22634	0	27768
21969	0	21563
22311	92	24432
24795	0	18015
19075	0	18088
19109	0	16904
29697	1	29786
24995	4	19681
22967	0	27406
19260	0	28448
22277	0	25067
22308	92	26591
22962	0	28569
21234	0	22319
29706	3	19612
18422	86	20316
16425	0	16654
25682	81	24619
17377	3	28432
28859	3	22256
17447	1	15220
17990	0	28917
20631	0	25446
16633	0	16812
21671	3	23100
24291	0	15099
24782	0	26765
19694	86	29564
24824	4	18918
19879	0	26062
16413	0	17012
20465	0	28923
16678	92	27284
18426	1	25871
25086	1	15789
15336	92	18384
23884	3	15690
19394	0	22697
18624	3	21747
18443	1	25738
19137	4	27233
24830	4	26049
15959	92	24391
25494	1	27564
22499	81	20014
18155	4	19721
19322	1	22165
29284	0	20006
16952	0	25073
26007	0	20685
16990	0	16317
15870	0	15539
25514	0	15994
19419	0	28207
18244	4	19007
23657	0	28547
19355	3	21722
19125	1	19005
20878	0	15309
17456	81	22688
17554	0	25637
24228	0	28248
15439	0	26056
15889	92	22270
19871	0	17494
25164	4	22583
26517	3	18327
24090	0	19032
24097	0	20403
22854	0	23360
29398	81	21418
21404	81	29877
25081	0	18140
22864	4	15794
19508	1	22254
25083	0	25470
16959	92	20707
22034	92	18750
22034	1	29409
22656	0	21569
17356	0	22215
17880	92	27759
26512	4	16006
17395	0	27632
15284	1	21745
23314	0	25766
22028	1	29409
19436	4	16041
25524	3	29842
21608	92	18121
19404	4	28322
15302	4	28997
16328	0	20278
24542	0	19447
22394	3	16228
24191	1	17909
15616	4	24665
15936	0	26524
21133	0	26112
19912	89	29237
21201	1	23349
29492	0	19505
16411	0	25504
25373	3	20723
18412	81	29266
22667	0	24183
24568	0	28975
23037	81	25044
15773	0	16366
19134	0	25560
17360	0	26867
17069	0	16063
16962	92	24366
21170	0	21887
28803	0	28125
18219	0	27585
19293	0	28476
22516	92	26894
21354	0	27581
18408	0	15244
16759	3	26506
17877	0	23291
20928	1	26568
19234	1	28956
25020	3	27115
24995	4	17382
16554	0	24549
29475	0	25893
26156	0	27559
17398	92	23427
23595	0	23872
28901	3	15260
21615	0	19464
22127	3	19954
19357	3	28238
23384	0	24018
23055	92	29980
25732	0	21940
20885	0	27175
15422	4	15568
17659	1	26723
19369	92	25937
24630	0	27290
22429	0	25809
20880	0	17538
18529	1	23455
17167	0	25659
22296	1	23252
24048	92	29429
15470	86	18560
25551	0	15126
24116	0	25642
24313	1	18132
16419	0	18251
23659	1	15671
18835	1	16556
19861	92	18936
23382	92	22207
21909	1	22537
25378	0	28656
19384	3	23360
25114	0	26247
18466	92	29784
17287	0	16799
15449	0	16347
19297	3	24345
19509	3	27834
16778	1	26789
26174	0	24616
26006	3	16265
19051	0	27631
15730	0	22342
22422	0	27118
17052	0	20190
17021	0	28642
16855	0	25527
21170	0	22230
22374	0	27384
20222	1	28649
21193	3	18649
25084	1	15061
15406	0	16552
19514	0	26771
22096	4	16243
15966	4	17538
18010	0	21365
21975	0	17220
21683	86	21648
17583	0	26610
22978	3	19607
17873	3	16439
19855	1	26412
29485	0	19585
22590	81	29398
25184	0	25662
23763	0	17741
28909	3	27556
18551	3	26718
17381	0	20427
18425	0	18788
21050	0	28262
24798	0	19642
21633	0	29406
20762	0	27088
22953	0	27367
15802	0	26034
19380	92	29531
26330	0	17924
26149	4	28419
29739	0	28341
18524	0	16222
25776	0	15211
21971	0	24481
24572	4	20130
21695	0	24897
19239	0	17564
17381	0	22572
22789	0	16586
21273	0	25722
22689	81	24267
21510	0	17621
17527	4	27189
29719	3	23781
19122	92	27419
28689	81	17151
15784	0	25397
15780	0	26360
15725	4	18832
28808	0	27353
15710	0	18375
16008	3	18741
21326	0	28624
19072	3	22471
19868	4	16711
21708	0	26110
15666	0	22259
24967	0	21776
29737	4	15523
24119	3	27792
18496	0	26991
22381	86	18018
23382	92	24868
22660	0	29945
20864	0	22851
20794	0	25476
29357	4	25662
15733	0	18145
19780	81	21222
18409	0	28387
15770	0	29860
22587	0	25306
20032	4	18356
17978	3	24004
18513	0	22883
15883	0	29845
20931	0	26213
16036	0	27640
18202	3	21497
15406	0	27267
19513	1	19556
20458	4	28602
23548	0	16721
23206	81	21378
23414	1	18818
26517	3	17445
22731	3	26445
29290	0	20588
19420	4	28825
22756	0	23255
18599	81	23186
16132	0	17696
22997	3	20360
25669	0	26696
15404	92	25348
17409	0	19264
21215	4	28440
17560	0	26748
17987	0	29678
16286	92	15149
25405	0	16870
15426	0	27258
19635	0	18949
15777	0	26099
29764	0	26946
19372	83	24283
23700	1	15609
19795	1	15554
16271	92	23240
15822	0	16210
17759	1	25456
18528	0	29890
26145	1	29856
29007	0	28824
18090	1	26916
22972	0	29076
17838	0	26651
22647	3	16556
18857	4	28158
20808	81	25834
20753	1	20707
17405	0	18990
21417	3	26826
15328	0	15603
25002	81	15950
19371	0	23689
18244	4	19218
15456	3	21867
29715	86	17364
16028	81	23549
28594	0	29150
24231	0	28561
19123	0	28539
17880	92	28220
16945	92	17054
25842	0	15830
21538	0	28622
24995	4	23097
17369	4	26206
22012	0	21877
24108	3	28957
20844	81	22688
19124	1	29985
19858	4	23983
25191	0	15156
22085	3	22913
20033	81	19655
18561	0	28646
24954	0	25412
21313	81	19477
21016	0	23277
16421	0	19332
22777	0	23719
24783	3	28045
18169	0	21348
22040	4	29135
17694	0	19999
24854	0	16372
28762	0	26503
24157	3	28024
20061	0	27045
22516	92	15151
15749	92	15926
20065	3	22244
16650	0	15557
22426	0	20247
29345	0	16858
22661	0	26658
23879	3	19951
22271	0	25206
23713	0	27862
15778	81	26447
22899	0	15225
16267	0	15627
15452	3	26284
15421	0	19621
19387	88	15900
24848	0	15035
25029	7	28816
24600	0	27959
22051	0	25347
17464	0	25895
24902	0	24555
25751	1	18385
16026	81	19102
15481	3	20074
23552	0	27414
25960	1	16367
17818	92	16034
24577	0	17721
22189	0	15566
17130	81	29994
16642	0	19614
29353	1	27639
25386	3	20262
22401	0	29436
22156	0	20431
22094	1	15364
25236	3	15993
17888	1	16045
25019	0	27401
22407	0	22910
22167	0	21822
22637	0	26302
20060	3	18943
18077	0	21758
24187	92	23578
29893	1	25704
17530	0	18645
17999	0	27485
19893	0	19215
24094	0	19012
24520	92	19906
17878	0	26110
24901	0	28107
22190	4	20040
22376	0	25320
25080	0	20539
24580	92	23494
24106	4	29868
20867	0	26823
24260	4	26620
19365	81	18638
28872	0	23451
25783	81	15442
23089	0	28362
20649	3	27832
22474	86	19764
16546	81	22121
17149	92	16785
19476	81	18552
20908	0	26687
18401	4	20328
21234	0	29579
19378	81	22590
23589	0	20594
18398	86	21199
20792	0	26764
18239	0	25976
24953	3	27600
29414	92	22453
25368	0	16058
17411	0	18005
21573	1	19965
18662	0	26413
25096	86	29221
21903	1	28729
18535	4	28775
19409	0	22416
25020	3	23805
21327	81	15778
19137	4	20174
29705	3	22201
21484	0	29611
15966	4	28101
24951	0	29794
21178	0	20618
18466	92	16698
21607	3	20405
19987	0	18120
20630	0	23336
28761	0	24921
16259	1	29649
23206	81	17274
22189	0	27932
22671	4	15375
21127	0	21730
25463	0	29537
19536	3	20489
20337	0	22382
16582	0	24400
18696	0	27507
29746	4	24299
22164	1	22613
19351	1	15186
17182	0	23671
15331	0	16450
21107	0	28660
18342	0	22194
17535	92	22908
25491	1	27354
25775	92	19783
25189	0	21868
22481	0	15029
21061	0	23802
17448	0	23776
24974	92	28931
18184	0	20535
25732	0	17003
18446	3	19540
18159	0	26733
20950	1	29390
24943	3	21597
25313	0	26468
23446	81	26175
22224	3	26845
18074	86	21126
18239	0	24429
25829	1	17483
17380	0	28451
17375	1	24567
23661	1	28401
19298	0	27179
19819	0	17596
24058	0	29972
26143	0	26022
29657	0	15540
19057	3	22579
25310	1	17690
19359	3	26744
18604	1	18578
28845	0	15699
18071	3	15216
23585	81	23128
21428	81	21463
16831	3	17702
23183	0	27998
20465	0	29535
29568	92	27224
23654	0	26109
24117	4	29042
22418	81	17847
18842	1	25711
20065	3	29322
24220	81	23765
23464	0	18349
24121	0	24400
19355	3	19269
24067	0	24411
18257	3	22489
24672	1	23877
25752	0	21766
21294	92	21344
17526	4	27341
22717	3	23029
19502	0	21733
26066	0	16489
25125	3	15144
25047	1	24173
18432	0	29843
21088	0	24870
25287	0	27937
22956	92	22110
20326	92	18972
22056	92	24657
21078	4	23478
18517	0	28347
24266	92	22510
22078	4	23145
21211	1	29654
26140	1	27824
23763	0	18735
22315	0	15173
20059	0	15132
22690	0	28568
20982	0	16579
22272	92	26033
21273	0	23716
23587	92	25116
26127	0	25486
16957	3	17617
21250	0	23123
20949	4	15367
16290	0	26471
21330	3	17647
15336	92	28320
24498	0	18024
25386	3	19026
19080	0	15074
21319	3	20609
21581	3	19731
18683	0	20709
19892	4	26509
19064	92	15695
18442	0	18252
24827	1	17633
22756	0	16276
20923	0	25443
22726	4	27803
24210	0	27075
23795	0	27408
19513	1	28953
29514	0	22457
25626	0	25238
24625	0	28075
21605	0	18935
16895	0	22549
16760	92	25882
17274	0	23870
22123	3	27608
24031	86	25663
20714	81	26044
21106	86	15870
16946	1	27790
18432	0	22448
26116	0	20096
25732	0	16484
15406	0	17341
18613	92	27495
18462	81	24975
29743	0	28565
29241	86	21127
21398	3	27066
22815	0	16041
25244	81	28880
19008	0	17531
25582	1	27005
29869	86	15282
21272	0	16734
22948	0	24930
15423	86	20221
19363	0	15156
17226	0	16361
19879	0	28925
25302	0	16656
25007	0	22630
25383	1	28256
20879	92	27078
16427	0	18913
21608	92	28170
24045	0	28515
16847	0	17905
25162	3	18653
25751	1	16435
26537	0	24245
15782	0	23276
15864	3	16584
25154	3	20180
29329	0	15899
25230	3	16606
23431	0	25947
24624	92	19028
21013	1	21560
24804	0	28179
21916	0	28122
22676	92	16312
29705	3	23829
23777	0	16747
24106	4	27499
26476	1	29643
22685	0	28257
22364	86	15826
24303	0	28374
25579	3	17736
17306	0	15756
29259	0	16046
23382	92	15910
17910	1	17041
18185	3	15255
17976	1	23592
23595	0	27025
17963	0	15610
16273	3	18183
26513	0	17014
21159	0	18871
25154	1	26740
16778	3	21751
26135	4	16562
21262	92	21821
17147	92	16123
15456	3	16368
17674	3	28534
20036	1	28602
15589	1	18974
15616	4	27989
21232	1	22069
25666	4	18284
26334	0	29090
23398	0	17085
29248	0	28233
26007	0	29835
17407	92	23626
16322	0	17035
17860	4	22503
21998	0	24668
19747	0	18878
20752	3	27250
19427	4	25598
29415	1	25909
24828	3	27820
19497	0	28752
19775	3	20471
29510	0	28405
18200	81	21932
22662	0	28533
15421	0	15602
19389	4	25065
29313	81	20645
21674	3	18339
19104	0	25183
21414	1	28180
25237	3	26914
19097	3	17060
25245	81	29703
19174	3	18923
18401	4	27522
23653	0	25476
24819	0	26111
20882	86	16779
20724	1	20821
22131	0	19729
21715	0	18277
21844	0	18299
22095	86	15820
29690	0	26501
20898	0	24172
25692	0	16214
24292	0	16912
18008	4	27083
21022	0	23903
29800	0	23238
22175	0	23622
17110	0	26606
19072	1	20489
18189	81	21707
19901	92	25557
21314	0	27871
21925	3	23857
17695	0	28232
25031	4	20428
17145	0	28287
22981	0	27385
23522	0	26736
29467	4	28643
29088	0	29419
25184	0	25132
23046	3	20246
15417	0	17366
29142	0	16569
26519	0	19787
18825	0	27186
24848	0	27370
29061	1	16892
17409	0	19014
18524	0	22447
19750	0	18121
29357	4	18268
18637	3	23818
16638	0	17256
18441	3	26039
19991	0	26525
29318	3	19014
21233	0	28031
18613	92	17003
22152	0	23107
29734	0	19872
29249	0	19524
28971	0	24349
29957	0	27074
24148	0	28826
19296	0	15395
19441	3	16995
25008	3	27306
21706	0	15179
20036	3	18358
22812	81	18636
16407	81	15274
15516	4	17006
25012	0	26443
29755	4	27507
15327	81	23302
20319	0	27007
16256	0	19913
24985	1	29033
29955	0	26870
26485	0	22446
21623	0	19644
24607	3	16468
23426	0	16024
20828	0	17488
20319	1	27292
22164	1	19236
18454	0	29114
24306	81	20623
22961	3	26188
24017	0	26650
20888	0	15303
17138	0	17010
21540	86	26262
28586	4	19680
21957	3	18733
24832	1	27612
24800	0	17488
24574	4	29933
16636	3	22030
16571	3	18037
17769	0	19947
15439	0	17568
20997	1	26934
18557	0	28543
29350	0	27489
17712	0	25055
17381	0	28231
20057	0	27877
22737	0	23508
18534	0	20614
18342	0	22852
20976	0	16742
21310	3	17794
25754	0	20104
15740	0	20584
24570	0	16940
20312	0	24739
22626	0	17579
19560	0	24369
28873	0	21804
21845	81	19347
16414	4	26783
16770	0	23670
23016	4	20086
29958	0	27354
25627	0	27803
21076	0	16653
20885	0	22334
20030	0	28102
16407	81	25157
21346	0	19932
21271	1	22487
18934	1	20485
22063	92	24131
21672	1	24375
25080	0	28447
19061	4	28336
21077	0	29190
24652	0	29304
24607	3	18028
23093	3	15636
19317	1	16075
26162	0	26995
15823	3	20483
21605	0	26215
19169	4	20581
20909	0	16572
16686	0	22205
18253	0	20591
23199	1	17926
26264	3	26854
17453	0	18227
19122	92	26678
17290	0	28731
20860	4	27921
21444	0	28823
24789	0	27166
16150	0	15700
19894	92	24369
28672	0	16985
29692	81	17757
22858	3	28428
26263	4	23904
18757	3	27500
29317	3	27494
18450	0	27755
22003	81	24552
20867	0	28019
18235	1	18392
24084	0	28760
18596	92	29141
15731	92	21790
18461	0	15036
24824	4	19997
19312	0	26266
24960	4	28412
24350	81	17701
20903	1	18941
21503	0	26115
21259	0	26593
21176	81	19192
19876	3	29603
19355	4	15161
22390	0	17610
16131	4	28722
21264	1	27597
19381	3	15942
22989	1	25878
17274	0	23703
19094	0	27905
25018	0	25248
16133	0	24489
19394	0	16340
17602	4	23509
15741	3	16738
26534	1	23178
21540	0	20511
17299	0	15636
21220	0	27181
15776	0	21717
22739	0	20509
22305	0	27753
25230	3	27729
18544	1	28724
25686	1	21819
22275	0	28312
21106	0	26427
21623	0	24556
15665	0	18595
22713	0	18836
24773	92	22140
19897	0	19800
24837	92	26818
24520	92	16236
22899	0	26585
19322	1	22102
24630	0	23511
24279	0	29102
15962	0	27831
25696	0	16067
24943	3	28628
18431	0	28485
15924	86	22130
17846	4	28926
17069	0	28844
23764	0	16823
26051	0	18143
24994	0	27587
19166	0	25808
18760	0	25844
15663	0	16991
20215	81	29757
15420	1	26650
20296	3	19344
23418	1	20268
24924	3	28249
22939	0	24335
15814	4	22268
29469	81	20806
29754	0	22338
17774	0	27387
29744	0	23455
26070	92	20121
16404	1	18359
25109	3	20566
24624	92	20181
20521	81	15436
22404	0	20190
23470	0	24374
15585	92	15100
21345	0	15541
24239	4	27266
20478	0	15039
20828	0	25117
24044	0	21276
22096	3	25606
25086	1	17572
22948	0	29027
19129	81	20713
20900	0	29093
17893	0	27499
19441	3	17007
19630	3	27305
29725	3	25178
17050	0	28080
16960	3	26094
26146	0	26987
21224	3	16466
24995	4	25400
20726	0	25336
19859	3	25508
16763	0	26288
19866	3	15683
29414	92	28655
22182	0	18147
18847	1	15901
16414	4	29629
18407	0	23742
24724	0	29120
19248	0	19821
20854	1	29388
15941	0	15910
24057	92	28393
29657	0	19517
26263	4	21719
19984	1	19033
16761	0	28217
19078	1	19808
22131	0	26911
17669	0	18137
18544	1	22260
28853	0	28622
23763	0	19577
17111	81	23396
29739	1	27023
21817	3	15272
24117	4	24752
21270	0	27631
15280	1	15915
15832	0	28554
18439	0	16240
19351	1	25409
24851	0	24909
22785	0	22020
20843	0	28620
16365	0	16176
21006	4	15063
21694	0	18988
21235	3	26701
18855	0	29104
21408	1	27775
29728	81	20767
25513	0	17651
24050	4	23082
18686	0	25734
20059	0	28450
28898	3	25813
25224	3	28541
19504	0	28443
15813	0	23579
19083	92	21716
15505	0	23280
26724	81	25387
21357	92	16294
22223	0	20193
20952	0	15333
20968	0	28008
21630	0	23782
24599	92	27872
16960	0	26094
25517	0	28365
24238	3	27409
29485	0	28914
29509	0	15557
19796	1	20401
26007	0	16373
15862	0	28543
17449	92	15892
19092	4	22111
18212	0	28439
29504	0	16729
25251	0	19309
21291	0	29538
20063	3	29041
19664	0	20413
16573	0	15238
21072	0	25828
17662	3	19843
22311	92	23750
24619	81	16690
18698	0	19940
21850	0	23166
15425	86	23415
24034	0	26275
24118	3	16233
28835	3	28368
16965	2	23681
15968	0	23237
20646	92	28599
22313	0	26498
29313	81	15600
20974	0	18020
15517	3	17690
22308	92	19525
15275	0	22326
19124	3	19993
15777	0	23515
17849	0	22766
24244	0	22245
20776	0	27074
24501	92	15001
21217	4	20957
24178	0	27786
15959	92	15270
25364	3	27529
17407	92	27387
18615	0	22215
15771	0	26496
18639	92	18275
24692	0	20275
15439	0	19680
29690	0	23787
23878	4	20371
19155	86	18585
23006	3	21862
23424	90	16867
17391	1	15096
16989	0	17570
19193	92	20074
19152	0	20230
20910	0	23389
23531	1	15903
16108	0	25657
18603	3	29230
25403	0	20572
24093	1	28706
15991	86	24992
26398	86	23398
22956	92	18899
18625	0	17319
29485	0	29408
16632	92	26216
17312	0	26065
21225	1	25873
19314	0	25934
17755	0	28603
17766	92	26851
25730	0	18887
29259	0	28318
28685	92	22030
18665	0	15131
20064	81	28979
19315	0	24872
23441	1	16315
22017	92	28539
18426	1	26024
21155	0	29150
19362	0	29179
25043	0	21359
21393	1	19575
19774	0	22158
25311	92	23407
16262	0	27889
17290	0	25898
20906	0	19947
15874	1	24391
17281	1	27055
19352	83	24284
25089	4	26570
21648	0	27423
22177	0	28133
19288	3	29929
22114	0	15567
24041	0	21146
18544	1	25827
17169	1	16585
21133	0	16906
29481	0	28060
19980	0	29365
22596	92	27813
19070	81	19477
24088	0	23242
18458	3	23645
19065	0	24463
20057	0	23240
21437	86	18062
18531	4	27303
25099	0	19269
21247	0	27977
16409	4	18178
19428	1	27651
21380	0	28654
23553	0	22732
20472	0	24429
24995	4	26559
22311	92	21051
22059	0	19275
15420	3	26650
29988	0	24297
26124	1	16114
21540	0	21787
25565	1	18829
25444	0	23407
17555	0	20087
20014	81	15515
29398	81	18189
24505	4	27735
21668	0	27425
21309	3	22170
23882	4	25322
23585	81	22050
15760	1	26976
15470	0	18041
21925	3	20668
17114	0	19030
23778	8	19598
16415	0	29127
22783	0	29680
20666	1	22337
25672	0	18989
16474	0	20544
17897	0	16557
15689	3	27665
25391	0	27294
19054	1	28531
22028	92	27389
20945	4	20613
18694	0	27704
21706	0	25771
15515	81	16848
24056	0	29177
29339	0	16432
25289	0	24176
23017	0	19484
20941	0	25822
16979	3	20703
29957	0	28663
25163	0	18028
24902	0	26666
25520	0	15645
17166	0	22434
24830	4	26527
22661	0	23779
22811	81	15442
19389	4	27073
29402	3	26351
19549	0	20117
24962	0	26762
24105	81	15428
15833	0	18891
23765	3	19964
15384	1	26296
26070	92	23984
22820	1	25456
24792	0	16074
21265	3	16342
21998	0	16085
25373	3	24602
15769	0	16702
19331	0	16483
17569	4	25937
21514	3	15566
21111	0	18530
25162	3	22906
21075	0	22835
23655	1	20118
23880	81	16947
25038	4	17717
18409	0	24419
17052	0	28558
24705	0	22562
15721	3	25446
18529	0	28245
26068	0	28721
22763	3	22378
29011	4	21470
22402	86	17402
29720	1	29253
21677	92	21490
26401	0	23892
29768	4	29524
19192	81	22392
20726	0	29834
22085	3	19339
24108	3	18351
26382	3	28253
21155	0	18946
24257	81	21926
26392	0	24004
20333	0	26369
25243	4	16334
22736	0	25812
17693	0	27272
17127	0	27144
19908	0	19279
18606	0	17014
24992	0	26575
22596	92	28366
21114	3	17234
25166	0	28700
20756	0	18106
26391	0	17736
18479	0	27616
18409	0	27226
17371	0	23561
19355	4	29146
15443	1	23070
19103	0	22827
25368	0	24472
22639	0	22104
24852	1	17625
24599	92	16041
22894	0	27855
28856	0	21978
19356	92	27512
15864	3	23240
16198	0	23905
21481	0	28548
17533	0	25065
22683	1	17232
24924	3	28075
25513	0	27607
19129	1	28407
29487	92	25058
19158	0	22554
21578	3	23965
16152	4	20744
22815	0	28065
22734	0	16623
20061	0	17060
24776	0	27169
17527	4	25904
25039	0	23683
16328	0	20159
19316	0	24015
16418	0	27946
17403	1	27210
24640	0	28621
25563	3	17190
18008	1	19677
17887	92	15976
21668	0	29804
15454	92	16455
16846	3	27156
24323	0	23876
25163	0	19532
17149	92	16732
25390	81	15438
22867	0	18196
19321	0	15287
15817	0	26793
24072	0	29183
28586	4	18581
18857	4	27260
17428	1	18946
20847	0	28638
22729	92	23475
22818	1	19005
28604	0	26217
18544	1	29892
25149	0	26951
21137	1	25867
21663	0	16089
16479	4	20209
16249	0	24009
19886	4	26155
22596	92	15744
29299	0	20004
19888	3	27688
26327	0	27801
25041	3	29593
15863	1	29508
24069	4	21537
22042	0	23781
21192	0	27711
24221	0	27636
28835	3	18281
24600	0	27666
26338	0	27332
20811	3	29526
25001	0	18900
20853	3	28301
25006	3	23798
22516	92	15450
21133	0	22803
19319	4	25570
19563	0	28284
19321	0	22849
22590	81	18413
17891	0	28179
17987	0	29805
24049	1	18800
20646	92	26927
17999	0	15199
19317	1	23419
24562	0	16549
19368	0	27264
26334	0	26001
22799	3	21995
24961	0	24353
25780	0	18901
18609	0	15571
21213	4	20604
21032	0	18382
19374	0	18173
25962	0	26884
25127	3	27905
15416	0	28732
26141	0	23731
26382	3	28163
18544	1	20122
25492	1	29256
22012	0	17613
18454	0	20424
19441	3	17014
22278	0	18699
21602	3	27208
18200	81	23649
19377	3	25922
18787	0	22073
21686	0	16998
29417	3	23766
26383	0	17946
24600	0	16863
18626	92	23753
21265	3	20611
17362	0	27901
24263	3	24601
20330	0	25122
21303	4	16039
16292	1	25892
26262	86	21540
17021	0	26389
22016	0	24863
22381	0	19929
26339	1	24440
16295	1	28977
21495	1	17237
15864	3	20689
22518	0	17082
22048	92	25824
19154	0	23284
15954	4	27532
25034	0	28818
24574	4	28127
25184	0	23563
26171	0	19810
19444	4	28148
17601	1	27355
21608	92	22357
15542	0	29113
21626	0	18889
19383	1	29521
20035	3	16246
15327	81	16027
20887	0	17703
17371	0	20475
20829	0	24299
25241	0	27565
21631	0	18222
24064	1	25865
21108	0	23325
24279	0	16743
29142	0	16062
19664	0	22551
23314	0	21717
22945	0	24443
15429	0	27436
29711	4	27657
21523	0	18310
19154	0	26834
24117	4	27053
19665	0	16930
17021	0	27292
22873	1	15187
17415	0	25989
18406	0	20488
20827	0	26481
22989	1	26223
24829	1	26692
19961	0	20680
15406	0	25473
22618	0	28616
17381	0	25824
16951	0	16909
16107	0	19447
20848	0	26320
24304	1	18793
21705	0	19707
20972	0	19992
18449	0	28101
29235	0	22433
22040	1	27543
24599	92	24007
29700	0	28944
17963	0	21060
17052	0	20188
19357	3	28739
21301	92	21839
26339	1	28126
21171	0	23717
24698	0	23363
24236	3	29302
24570	0	18081
16825	1	28399
24076	0	17372
15663	0	19583
29057	0	23801
20877	3	29817
29417	3	28037
24783	3	20524
21519	0	27240
21102	0	27734
18835	1	16452
29357	4	27003
19347	8	20322
20922	0	23248
16298	4	28098
23472	1	29943
29704	0	29685
21782	0	26769
22993	0	27823
21855	1	24670
20627	92	17469
17832	4	28398
24571	4	21776
21435	0	26358
23384	0	22324
22605	0	26616
24999	4	15181
22983	0	28077
17669	0	16087
19084	0	27551
19151	92	29212
17534	0	25589
19154	0	23783
24995	4	18980
20887	0	27787
24635	81	21697
24838	92	16054
25669	0	24288
18060	0	26604
17285	4	17193
15782	0	22354
26517	3	29433
29749	86	22736
22302	0	18040
17760	4	28030
26521	0	24740
23665	3	16813
17302	1	28182
26286	0	24482
17212	4	16912
29957	0	22448
20926	0	27092
25235	0	22585
19506	0	16939
29241	0	27064
20811	3	17040
29741	4	26410
17145	3	28260
17560	0	28999
19863	4	25972
26014	3	15036
21356	92	24403
20849	0	22802
28803	0	17393
16426	0	20615
20129	0	26226
24033	0	28464
22082	0	19230
20029	3	28830
22223	0	28624
24948	3	22510
22763	0	26992
22274	0	20386
18450	0	29903
23172	1	22774
15869	3	17444
17115	0	17524
25517	86	22474
26264	3	29277
28812	4	21869
17021	0	24917
23382	92	29265
25383	1	26578
20893	0	18192
20036	3	20708
22813	0	15614
19981	0	27567
15813	0	17980
22687	0	25679
19284	0	19722
15456	1	27763
22033	0	28449
19160	0	22838
21001	0	25926
16298	4	18053
24501	92	29445
22303	0	27752
21485	86	24111
25615	1	29897
29754	0	24871
16547	0	24389
24580	92	29853
22029	86	20992
17034	1	28737
17992	0	18541
20825	0	20956
26390	0	28397
29768	4	26905
20859	0	29327
23046	1	22134
19373	81	20141
24139	1	15555
22922	92	19233
26339	1	20344
19480	0	25798
21175	81	21176
19682	0	18022
22311	92	26786
29313	81	23050
25234	3	28128
16271	92	15153
25037	86	18054
17359	4	26102
19631	4	17941
19441	4	22445
29871	3	25958
17877	0	24347
25778	1	25639
18407	0	29917
19981	0	23220
28604	0	28079
21393	1	23231
16760	1	20637
18003	0	23271
25841	0	23236
21061	0	22111
22818	1	25887
16415	0	27100
29948	0	18290
19090	0	26569
21444	0	25688
19514	0	16164
25379	81	18421
23059	92	20567
18200	81	25282
15768	1	26704
19169	4	20137
20894	0	27737
26165	0	28018
21275	0	28180
17409	0	27658
19250	81	21436
15813	0	24357
29871	3	27048
26259	0	18980
21782	0	28318
20758	4	26974
24842	1	15984
22306	3	16073
15549	0	22455
17371	0	20699
28973	0	28267
15382	1	23462
21595	1	20506
21416	1	15536
21608	92	15575
22649	92	27363
21753	3	17671
24102	1	22335
21653	0	21342
22730	92	16909
19507	0	20494
25114	0	28936
24801	0	28283
17732	0	20177
19195	81	23973
25517	0	28404
20860	4	28534
17772	0	28654
23503	0	26569
18460	0	16099
29371	0	25539
24838	92	28274
19205	0	24446
17271	0	22810
18476	0	17427
22854	0	27023
24607	3	25339
25188	0	17609
15476	1	17722
26381	0	26586
17120	0	20475
22388	0	28809
29285	0	27163
25150	1	24258
22310	4	20553
22267	81	20719
25100	3	29162
25494	1	25577
20330	86	21057
25388	92	26088
15382	1	23710
21973	1	16002
19193	92	27309
21126	0	25753
23438	0	25995
17068	0	22325
18902	3	26065
21190	92	15647
19082	3	22284
24811	0	29857
28685	92	25997
21324	0	28985
24851	0	28401
16326	0	28889
23129	3	27242
26332	4	16698
18846	1	18224
24588	0	23272
29142	0	17690
24568	0	24722
15349	0	16083
25388	92	18437
19139	0	18385
29951	0	27663
20035	3	25142
20909	0	27524
19377	3	23334
18377	0	18592
25389	0	21794
19165	3	26427
22681	0	27938
23587	92	16516
22989	1	23850
29714	0	18194
25325	0	27070
15879	81	19907
22086	0	26649
16404	1	16449
19960	0	27919
26007	0	24354
25036	0	25304
20037	3	28557
29352	3	26921
21663	0	20093
22064	92	28572
15728	3	25924
24213	81	15442
24800	0	27872
19882	92	27096
16931	0	29449
15717	0	27662
24990	1	20279
19893	0	20277
16759	3	26947
22028	92	27161
26485	0	26371
24854	0	26248
15785	7	28816
23438	0	28514
21687	0	18903
17817	1	29446
24572	4	28579
25390	81	22990
15818	92	15169
22663	0	29059
23879	3	25460
21336	4	17972
22963	0	17168
29696	0	17655
16688	92	19607
24097	0	29853
24902	0	23131
25750	0	23622
28587	0	15187
22986	0	27887
16031	1	22139
29133	3	16561
16826	0	20438
29417	3	27133
18610	1	25939
16817	0	17384
15933	0	27570
19508	1	25555
29384	3	15374
17999	0	19611
22859	0	22155
21919	0	29093
24972	0	27239
16827	0	20347
23543	1	23501
19780	81	23745
29290	0	28392
22032	86	22034
18934	1	19538
15858	0	18274
19361	3	26964
15336	92	28736
24256	3	19015
24519	0	18711
17865	0	15127
22997	3	28308
20857	81	22807
18564	4	16517
24798	0	24454
16479	4	28538
22619	1	18645
26072	3	19231
19080	3	22222
15864	1	24494
16131	4	26961
21187	3	20588
22995	0	16968
25672	0	18861
24190	4	25618
29695	1	29362
18184	0	28975
23862	1	26099
15824	0	29359
20865	0	29640
21196	5	15640
24819	0	17939
29221	0	20411
19086	92	27054
19089	0	27995
17533	0	26933
29403	81	22698
19632	0	29638
17772	0	29210
21166	0	27958
23047	1	15385
21684	86	15748
17284	0	27609
29764	0	27519
16683	0	18924
19110	4	25888
21447	4	15555
18425	0	24384
22051	0	17562
17276	1	17202
21287	1	23489
21301	92	25538
18007	0	19809
15635	0	27865
21240	1	20166
20321	4	18700
15707	0	27090
29705	3	17092
25301	0	28360
29345	0	26568
21651	86	17860
24768	0	28272
17267	4	28929
20836	0	26445
17675	1	26465
23661	1	23891
22984	3	16751
21244	3	25306
22932	4	26042
19419	0	22512
21631	86	25357
22114	0	25571
19296	0	23294
21114	3	15205
24304	1	20450
19398	3	26084
21005	0	23594
17847	81	23460
20323	1	26611
19138	0	28047
18627	81	25300
19356	92	28574
20378	1	23151
22681	0	16705
17818	92	25454
25595	0	29640
16676	81	26447
18499	1	20493
24127	0	26557
21323	0	16739
16964	0	19681
19259	0	21285
18759	1	16066
24098	1	27996
21438	3	18590
19080	3	21989
21684	90	19448
15914	3	20674
19500	0	27803
18063	0	15235
15342	92	16210
17869	0	27301
22728	0	25828
16260	0	18950
29473	0	28293
17405	0	18297
24260	4	16785
21516	0	15174
19088	0	18958
24493	0	22220
19544	0	20146
21167	0	27471
15951	0	27784
18525	0	28517
24899	0	18268
24629	0	27682
20850	0	18183
18213	1	27898
29369	0	29854
29766	92	23337
20713	81	21327
25057	0	18712
29774	4	17028
23934	0	17018
21374	90	26466
17768	0	22546
26124	3	29154
22085	3	22909
17987	0	19019
29415	1	17412
21138	0	19484
21679	3	22754
25567	3	28953
15604	92	27171
19915	0	17014
21277	0	27979
21191	92	23571
21444	0	29626
21357	92	25048
15749	92	15058
22779	0	15992
17880	92	15309
29470	1	27425
20152	0	23766
23459	1	29064
24844	0	20386
21416	3	28064
24894	0	17342
29765	0	18804
24571	4	24867
17818	92	18997
21739	0	27234
25288	0	19528
17330	0	25242
24032	1	25607
21233	0	25523
29704	0	27583
19112	1	27624
18626	92	20684
20804	1	28206
22526	0	20248
20458	1	27274
23668	0	29211
17076	1	22346
17167	0	26552
17128	92	28067
18425	0	22540
21298	1	23252
21644	0	28131
18822	0	29494
21370	1	23349
25666	4	29094
16310	0	27451
15923	0	28328
18568	0	28654
17987	0	29531
20334	4	18693
21338	3	27085
24651	0	20473
24041	0	18492
18253	0	20697
22160	0	25528
16156	3	18992
18507	0	17480
21428	81	18552
28882	3	20096
25057	0	26575
24235	4	21915
22873	1	27308
19699	0	27190
15828	4	19000
21617	1	24561
29974	0	16665
16131	4	19264
16254	0	24668
19246	92	22475
21184	3	23119
15979	0	19957
15913	4	17735
18637	3	27967
25746	3	26100
19630	3	16195
29280	81	18288
19093	81	20020
24271	0	16915
16536	3	22263
22988	92	27962
25568	0	28342
21416	1	28159
24244	0	29302
17771	0	27909
23774	0	22147
25251	0	25330
18166	0	26903
25627	0	18910
25511	0	18541
20955	1	15339
29750	81	17456
21382	1	16045
16687	0	23891
21219	3	20202
19092	4	17506
29465	1	28523
26469	0	25983
18408	1	19856
17826	1	20637
17836	0	29927
25230	3	27625
23638	0	26800
24115	3	18703
29293	86	15337
26402	0	26555
24108	1	19852
22736	0	17234
29261	0	28776
26074	0	28611
26148	4	17019
16824	92	22285
23656	3	26913
21779	0	16882
28789	3	16030
19147	3	26593
24607	3	22640
17732	0	28467
24784	0	20469
28910	0	15113
21290	0	24864
29738	1	29880
21250	86	15815
22997	3	17948
19980	0	18868
19320	3	20670
17371	0	17724
19876	3	29144
15772	0	18591
29730	0	15075
19346	92	22770
24094	0	27143
22172	1	23343
20979	3	28657
21623	0	23590
29009	3	29079
28782	0	15835
29468	0	29545
22182	0	27384
16134	0	27206
23959	0	16216
24527	0	26185
24040	0	20186
22304	3	25840
21431	0	27293
19086	92	21361
21409	1	23370
15452	3	19971
25230	3	25734
18062	0	29038
22126	3	23609
19909	1	28357
24090	0	20174
16405	92	28169
21336	4	17633
26534	1	23179
16169	92	26801
15443	1	24870
29728	81	20996
16272	1	19833
19314	7	23534
19899	92	15245
24109	0	15765
24387	0	27146
21107	0	19020
20972	0	16569
16899	0	27013
18060	0	20434
15088	3	28157
15440	4	15191
15524	0	23739
25030	3	27685
25252	0	16485
20922	0	28333
19150	0	26825
29764	0	15014
26442	1	18897
18401	4	19013
29774	4	15134
21664	0	18863
15963	4	18882
18429	92	17014
19502	0	28957
28589	0	20229
29335	0	26468
17796	92	20398
20719	81	21404
21117	0	18149
18689	0	26942
29715	3	29102
17139	1	26247
17115	0	26924
17323	0	28630
18142	4	27898
16674	4	26038
29527	0	27417
25752	0	17175
17262	0	26244
19868	4	28041
28690	4	29634
17877	0	19838
17369	4	25976
16171	0	26787
15936	0	21744
25373	3	19714
17371	0	17237
29385	1	28950
28876	0	27983
17994	3	26731
19682	0	26230
17298	0	16378
26121	0	28232
26336	4	18041
26153	0	15052
24824	4	18172
28886	0	20547
15469	92	15098
24278	0	20233
15389	0	27105
15871	0	27781
19497	0	28748
22604	4	29941
29745	4	28545
22483	86	24228
19984	1	20075
24099	92	26012
19725	0	21907
29280	81	19686
24783	3	16469
24847	3	29865
26485	0	19957
24314	4	26635
21437	0	28148
22027	0	24162
22047	92	18388
29353	1	21359
16248	1	19540
15616	4	28165
15943	0	27319
23554	0	15655
18626	92	15103
20900	86	25249
21193	3	16557
21652	0	27238
26068	0	15183
22381	0	18907
19440	0	27654
21230	0	21564
16851	0	28102
20035	3	29435
22989	1	18491
29126	0	19466
29381	92	24133
16410	4	23726
16285	1	28364
19380	92	15297
21166	0	16123
20057	0	28576
21623	0	16698
29350	0	25572
18535	4	21659
19248	0	20544
22407	0	27835
23871	0	28163
21291	0	26929
28898	3	23769
29124	1	22848
29824	1	26042
16944	0	23035
25188	0	15078
21629	0	23195
21269	1	16592
24568	0	18961
29706	3	17778
26071	0	16398
24215	0	27773
15622	0	17807
21110	0	24650
15859	0	27865
15440	4	28939
23434	3	23509
16960	1	17653
16405	1	26428
21309	4	22170
25525	0	22879
21430	0	21871
28586	4	26653
17561	81	24840
18302	0	15063
16975	0	22847
21298	1	22065
24842	3	22514
15748	0	17001
21966	0	15137
24034	0	19281
17121	4	16145
16251	86	22868
17070	0	16387
15968	0	20148
25232	0	28580
21323	86	21669
18223	0	28767
22175	0	15158
19161	1	19707
23665	3	25820
19895	1	20133
21671	3	20596
15302	4	16882
17876	0	17642
18412	1	24248
15858	0	28929
24637	0	27804
25512	0	25628
22676	92	29597
22655	0	21299
15819	0	16600
15472	1	23602
20624	81	23039
24278	0	29191
28971	0	20397
25224	3	26838
22237	0	27722
18612	0	28281
18411	1	21533
25389	0	17969
22677	3	20193
23435	0	24153
19401	3	19839
24697	1	15014
22997	3	28516
22867	0	18938
22420	92	28825
21492	92	20682
20871	4	29826
16107	0	24466
21143	1	15929
26069	81	23586
29574	0	26249
21318	92	17060
25010	1	29623
24949	92	27963
15777	0	16495
23440	0	15184
18423	0	27710
21205	92	15032
20837	3	27073
17855	0	20004
19690	0	27924
28681	81	26069
22765	0	25555
20796	0	23236
25149	0	27698
25581	1	27328
16544	0	23270
18008	4	24764
29007	0	22576
15280	1	22561
23542	0	28365
19084	0	27368
20318	0	26239
19048	86	21166
17381	0	26834
16310	0	23504
20016	81	19102
20465	0	27593
25040	3	17724
25388	92	16082
24606	92	26225
24191	1	18880
24625	0	23427
20880	0	25465
24991	0	16180
17404	92	27472
24697	1	24339
22632	0	27969
22821	0	29908
20755	0	17003
21380	0	18687
18458	3	17943
23441	1	23095
19393	0	22341
17268	1	22486
20941	0	29304
20053	81	26514
15448	1	27865
26469	0	23411
24777	0	26508
21609	81	20808
22588	1	27945
29352	3	29114
24797	0	17431
18353	0	26115
17330	0	26948
15767	0	20608
17990	0	25558
22054	0	22599
18496	0	17609
15443	1	29580
26403	0	15971
18952	0	19190
24077	92	25701
19507	0	27865
22950	1	15271
16237	0	27288
24830	4	27586
17375	1	15277
21263	81	21426
28589	0	17434
18637	3	28822
24566	0	19043
17151	81	24760
28681	81	24309
18078	0	18724
22661	7	15812
16980	1	24690
16979	3	23031
26534	3	28791
23535	1	26825
22308	92	25909
24236	0	16199
28910	0	24126
24191	1	24533
19063	3	27948
24775	1	16515
26263	4	26941
18207	0	29625
18629	1	24339
29720	1	24548
19066	0	24129
25696	0	21561
16687	0	29438
28593	0	28103
23139	0	26499
23300	1	20171
21488	0	23603
22860	0	28113
23052	81	20719
24769	0	18654
18444	3	25950
19554	3	23839
24954	0	29182
18302	0	16056
18630	1	27782
21411	0	24394
29297	0	29233
18626	92	19244
17958	0	28353
21704	0	16905
20878	0	28092
18065	0	19957
24077	92	25598
16012	92	29018
22720	1	22358
25578	0	22704
19329	0	24885
18517	86	22995
15786	0	28796
17404	92	25341
25581	0	24063
21674	3	16386
18759	1	28490
25368	0	20526
21083	0	27848
16162	0	21546
25078	3	26946
20215	81	16676
22040	4	19228
19753	92	26813
22429	0	21580
22167	0	15703
18302	0	16629
21088	0	29253
20866	0	19739
19545	1	28664
25316	4	18870
18620	1	22903
22710	0	19789
17859	0	25738
20851	0	21839
25444	0	18144
19322	86	23384
16982	0	20533
21175	81	19978
20993	0	18266
15545	0	22136
20917	0	26879
16673	0	23269
25007	0	28070
25313	0	25317
22789	0	18332
21712	0	23913
17600	0	22021
20770	0	20635
21249	0	16041
21910	0	29905
26007	0	16742
17124	81	24213
24639	7	15799
20761	3	23977
26520	0	28927
19363	0	28727
20925	0	19210
25080	0	22703
17152	4	27190
18400	7	21653
17217	0	20010
16944	0	28129
20298	0	21786
22049	81	16950
15747	0	22243
19983	0	28265
15869	3	23262
15417	1	17366
24060	0	26679
28872	0	24674
20788	1	16079
22627	0	18108
24312	0	27330
28971	1	16809
19795	1	17423
25520	0	24911
15733	0	27220
25511	0	27698
20978	0	26743
16157	0	26508
17935	0	28611
28803	0	15643
18462	81	22964
19854	0	16186
18826	0	29434
25057	0	23260
25511	0	26063
15501	0	26114
17533	0	29098
17826	92	15159
29998	81	29308
22784	0	26859
29357	4	23836
16134	0	20510
24583	1	17165
16132	0	21792
25023	0	18734
16277	0	19302
17114	0	23557
17549	0	27444
24950	0	18283
29378	81	19250
20827	0	27443
17124	81	21610
18525	0	29411
22305	0	28330
15479	92	17903
18639	92	19976
17961	0	26894
16547	0	24870
24629	0	21797
21666	0	17697
19193	92	25323
18620	0	20447
22921	3	26994
17026	0	22249
15519	81	18209
23075	3	22550
23862	92	28776
19106	1	28344
17142	1	28933
24995	4	25970
19192	81	19197
22234	0	28379
23700	1	27734
22649	92	25173
21256	1	27316
16640	0	15525
24084	0	26212
29276	1	19452
26263	4	15634
29741	4	27321
16706	0	17341
18454	0	22196
21124	86	15471
21639	0	28633
20761	3	26246
29356	0	29846
22606	0	26944
19293	0	16524
15598	0	23842
19176	0	16213
17139	1	27980
20296	1	26979
17169	3	26807
22690	0	24335
23059	92	19229
21123	0	26885
20905	0	27955
29142	0	17388
22398	0	18972
24521	86	24233
19986	0	28195
17376	92	28824
16715	86	25101
21270	0	23221
17654	86	18682
21244	3	27163
22042	0	17408
17243	0	16621
22127	3	19505
26382	3	28567
18628	92	20689
17312	0	24351
29505	0	26782
20752	3	22324
21644	86	28851
17167	0	27457
15514	0	25994
19287	0	25502
24927	3	18966
24198	4	23157
18064	0	17500
19862	0	20401
17895	1	26523
15855	0	25501
18484	0	20476
22730	92	24131
23880	81	19129
20970	0	16060
15749	92	23406
21971	86	21115
26262	0	29853
17853	86	19311
17050	0	15300
22272	92	20426
21032	0	28061
17362	0	28133
21027	0	15106
16787	0	20166
20780	1	24916
19116	0	29855
25626	0	21755
26067	92	19838
20778	0	28045
18698	0	17947
15513	1	26826
29657	0	24612
24273	1	17944
25381	92	18981
20035	3	26961
23426	0	17459
19158	0	29155
20333	0	28435
26402	0	26556
17114	0	29163
15327	81	17124
17801	0	28015
20975	3	24288
29730	0	19804
15597	0	23998
21727	0	27863
20775	92	27469
29714	0	15115
17878	0	22062
20941	0	19648
26528	0	24406
21323	0	22920
24236	3	16424
24995	4	17246
20850	0	26354
22940	0	25415
20298	0	21790
29131	1	28559
19123	0	29077
25372	0	23118
25234	3	19728
22757	86	17867
19107	81	28880
18683	0	24011
22463	0	24342
20778	0	17194
17373	0	28704
16256	0	19992
23871	0	27385
17634	0	15995
21495	1	23836
25998	1	29228
19124	1	21052
24074	0	17590
26183	0	27572
25277	0	20113
20289	92	27440
24527	0	25708
24257	0	16815
19106	1	29108
16421	0	29112
16404	1	26082
22397	3	29832
24034	0	23729
23866	1	28181
28876	0	27986
22177	0	26818
19988	0	16616
18458	3	15369
29695	1	23212
29711	4	21238
24811	0	23317
19206	3	17520
17760	4	26652
19260	2	16675
26333	0	28815
17875	0	18005
29489	0	27122
22375	92	27891
21336	4	23839
29343	0	27649
18459	3	27142
17715	4	21556
15411	0	21859
19323	4	28621
24236	0	26184
23656	3	23198
24639	0	26283
29385	1	29992
22157	0	23355
24592	1	26580
22361	92	29092
29039	0	22524
29728	81	20942
15925	0	16073
21257	0	19217
19246	92	15971
15475	4	26971
23057	0	18295
18425	0	27588
21288	0	16104
18496	0	28050
16687	0	20117
16551	0	19844
20646	92	28111
20900	0	29106
23434	0	28504
23300	1	15143
29744	0	27244
17178	92	27460
23403	92	23167
19664	0	23319
18142	4	21570
20798	0	28137
21212	7	18302
25299	92	27666
24085	1	29558
16286	92	16186
23008	0	19021
22462	0	20446
19358	0	20139
19753	92	16053
21928	92	28177
18243	0	26691
19398	3	29672
18783	0	18678
29761	4	25320
22370	3	18789
17842	0	29879
19124	1	27651
21258	3	28403
24522	0	19583
25463	0	22386
15530	0	23083
21252	0	15810
24119	3	16188
21441	81	19045
19049	0	18957
18401	4	21757
19416	3	21790
19444	4	28010
17285	4	27123
17995	0	27824
20770	0	19551
26378	0	26862
25595	0	27352
16416	0	27096
18488	0	16733
23548	0	26975
19415	0	25283
25694	0	29103
17140	0	23712
17694	0	17349
19295	0	15843
22392	81	19378
29668	0	23929
19637	1	23853
24983	0	21999
23651	0	26710
17849	0	20115
20862	3	27124
15475	4	29627
26403	0	24465
29463	0	19339
22189	0	15684
21328	1	28481
20959	1	16444
24637	0	19949
24058	0	24475
15511	3	26591
18245	0	16091
16309	1	26622
17667	92	25320
28690	86	19549
24883	1	28329
18613	92	16994
25749	3	21952
15740	0	27391
24834	0	19463
21215	3	17781
23043	0	17904
19441	3	29517
19794	0	28622
15804	0	29541
23520	0	28767
29297	0	29231
22094	1	16506
24848	0	17678
22680	3	18997
21249	0	27022
19378	81	28682
24089	92	29067
24199	0	22441
24962	0	23851
22684	3	25774
25113	1	29933
20319	0	23835
22694	92	22260
20792	0	26896
21392	81	15738
19103	0	29205
21684	0	27332
24672	1	20485
22905	3	26695
23155	0	29144
25003	0	24866
19389	4	28396
19056	0	26093
20858	3	20473
17932	0	26546
26537	0	16465
24207	1	17713
18187	0	28075
24582	4	22252
28697	8	24467
19062	1	19118
22662	0	26851
15325	0	15397
15760	1	17087
21609	81	19823
24107	0	15692
18400	0	27263
20014	81	19435
16275	1	29520
17527	4	28983
22559	0	28034
20823	4	28488
21103	0	15254
26007	0	26104
15507	4	27151
21291	0	27230
18619	92	23727
16411	0	15144
16547	0	24548
21396	81	20969
16993	0	15132
29761	4	18940
18956	0	27720
20757	0	23685
29285	0	21905
20016	81	21810
23667	3	27799
29527	0	28735
25030	3	27829
18759	1	20484
22010	0	20277
20472	3	26773
24623	3	19923
22793	0	22411
24572	4	21734
22131	0	15203
15456	1	26970
21682	0	22264
25385	81	22938
25385	81	17824
17145	1	18165
18471	3	19595
26133	0	27323
21410	0	27318
22784	0	28940
15707	0	27853
17308	0	16590
21318	92	27141
23425	4	15173
21392	0	29387
18528	0	16534
21204	0	22714
25389	0	24740
18619	92	16334
25293	0	29834
23867	1	26866
15960	3	18366
15533	0	27646
16725	0	22441
24984	3	27664
15318	0	17551
19775	3	20007
15781	0	22211
19138	0	25434
17763	3	29676
21269	1	18494
22647	3	16376
22935	0	18747
25696	0	29551
18825	0	29388
23314	0	17090
24235	4	27853
17210	0	24289
15813	0	27525
17147	92	16888
21045	81	17806
16157	0	21341
22657	0	16357
21478	0	28891
25245	81	23481
22508	0	29268
29242	1	18540
16157	0	22147
15337	0	28417
22639	0	19344
23177	81	29300
20657	0	16390
29484	4	20414
19125	3	22185
20997	92	15899
23470	0	29596
22660	0	20212
19819	0	17219
23537	0	29185
15433	3	22459
16670	0	26457
24232	0	16093
20891	0	23652
29471	0	19612
17447	1	29215
21966	0	29858
15661	1	16218
22970	0	23180
29384	3	28482
24144	92	18023
24498	1	18138
21404	81	21241
22956	92	26608
20351	81	28681
29718	3	25570
23532	3	21808
20993	0	22349
16963	92	21792
24606	92	24861
20795	0	17790
20651	3	15565
25751	1	29896
29765	0	23126
25187	0	16143
28804	0	18298
18010	0	20283
20817	3	29970
17167	0	23838
26473	3	26784
19206	3	25462
28907	0	15180
16536	2	23953
16564	0	18424
18401	4	25940
19050	0	18395
23384	0	28641
20648	92	27807
23529	86	25051
24572	4	23249
19386	0	29616
25060	0	25553
17856	0	24555
19293	0	25968
24571	4	23830
29467	4	29445
19831	92	28302
26404	0	26576
29529	3	21941
18619	92	21776
19082	3	20699
17893	86	25419
24265	92	17418
22275	0	26282
22114	0	22581
22818	1	27341
22518	0	26302
21504	0	19643
21181	0	22630
19775	3	24006
17883	4	19906
21595	1	24559
20997	92	27023
16636	3	17348
21266	1	17917
25308	0	21596
25664	0	27893
22914	0	23510
15714	1	26257
18513	0	16355
15509	3	23261
29371	0	25831
22651	3	23984
23843	0	15902
24192	0	16484
21677	87	29575
18695	0	20597
28894	0	27580
25691	0	28728
17995	0	24703
24215	0	18913
25627	0	27853
17866	3	15400
20785	0	15450
17886	1	27924
24236	0	22273
18444	3	17229
17145	1	26197
19866	3	17425
18439	0	22163
25595	0	20513
19908	1	28940
16328	0	24316
18450	0	16524
28676	81	16950
19441	3	17012
22085	3	28620
20842	1	17739
29851	0	28484
15784	0	23822
18367	1	16752
19355	4	18147
18403	0	24551
17582	0	21482
24204	3	28550
23761	3	28837
21108	0	29105
21704	0	26115
23598	1	20535
26261	4	17030
17526	4	18043
16155	1	29985
18077	0	26869
20895	0	15363
22715	0	28201
21783	0	18070
16894	0	25723
17818	92	26810
25060	0	28348
18616	0	29818
18529	3	23494
22955	4	18810
17674	3	20671
20320	3	27158
22130	86	15924
16292	3	26510
18231	0	20405
24836	3	24012
24070	1	22882
19746	3	25526
18441	3	19594
25311	92	17225
20935	0	22839
17526	4	20426
22431	0	29303
21106	0	25507
20632	0	20114
18189	81	17874
29721	3	16645
21032	0	18737
26158	0	28305
19910	0	27852
26072	3	23794
22292	3	21875
22963	0	25503
29351	3	23259
21446	1	29808
16262	0	27034
29381	92	24242
19134	0	21349
22054	3	20186
22015	0	29906
15452	3	28387
17069	0	27489
20852	81	17871
16307	0	22356
21985	1	18992
23094	0	19178
15960	3	16785
20828	0	28568
16680	0	29591
22691	4	15281
15594	0	27241
22095	0	27856
26286	0	19447
15951	0	27993
15317	0	20800
21664	0	22885
18336	0	25533
23986	0	18182
16850	1	20142
24976	1	25570
22598	4	15070
16546	81	26180
17867	3	20570
15345	0	16451
21495	1	23316
19388	3	17028
17978	3	26026
17360	0	17593
21351	92	20213
25490	0	28104
24768	0	22536
29484	4	19460
24628	3	22105
23664	1	15358
26143	0	23622
18955	0	23241
20226	0	26510
26134	0	17063
15477	92	15692
20803	86	18239
25364	3	16719
16706	0	24357
20852	81	19865
19879	0	18905
20780	1	20267
19886	4	25285
24127	0	23359
23939	81	15457
16289	0	21940
21433	0	20395
24978	3	23828
21971	3	24815
19356	92	20261
29779	3	23754
25490	0	29411
18197	0	18741
16289	0	28058
16779	0	23629
22656	0	27631
19349	1	20937
25681	1	27141
29248	0	28982
29690	0	29017
23301	0	16756
21110	0	17793
29351	3	20469
21278	92	18265
22795	81	17561
21848	0	15378
15404	92	19591
24790	0	28564
24640	0	29559
21042	0	27850
24090	0	18045
15329	0	27779
15351	4	15554
18632	1	15269
18641	0	26615
29248	0	17239
20650	3	24761
19437	1	27188
21186	0	24686
18399	1	20448
28843	0	24644
16427	0	22886
18544	1	19462
20765	0	15132
21394	0	29991
22419	0	17737
29350	0	26931
22087	0	26897
25405	0	25739
19092	4	23033
22361	92	15105
19174	1	29540
15963	4	20247
18615	0	26858
21397	0	21915
15795	86	17993
16594	8	24467
21311	92	18148
24852	1	26092
28971	1	25856
26183	0	27640
29765	0	24660
21000	0	17587
16791	3	18130
25681	1	27983
23700	3	27751
29775	81	20912
19137	4	25133
24263	3	21976
18234	0	18043
22876	0	28218
19746	3	25726
17396	0	25870
22605	0	27043
26390	0	17913
29730	0	28123
29007	0	22906
21387	3	19675
16429	1	15839
24087	0	17613
29345	0	17638
23015	0	21992
20753	1	23673
24580	92	18388
24107	0	27643
19665	0	24913
20023	81	26069
22034	92	26252
19289	0	22321
15495	92	18711
23777	0	20121
22131	0	26596
29280	81	25244
19381	3	27591
24120	0	24247
22603	4	27795
26006	3	16009
22792	0	18786
15959	92	20536
17140	0	20708
29704	0	15367
29261	0	28128
26124	1	23710
20297	1	27953
19373	81	24903
23143	0	15253
23934	0	22199
24999	4	23670
15659	0	22317
25145	92	27104
15624	0	25882
20903	86	18208
22725	0	26674
28673	0	15745
16981	0	19928
24804	0	23227
20961	0	27947
18517	0	23571
21377	4	22851
15275	0	15890
16773	1	28434
29693	81	24506
21117	0	17004
20337	0	16496
21823	0	16501
15592	81	23102
15950	1	26617
20823	4	24909
26516	0	29252
17453	0	28811
18362	4	29791
24847	3	27245
20324	3	17964
16157	0	24490
22055	86	19544
18190	0	25975
24950	0	15590
16745	0	19182
18842	1	25644
18061	0	15698
21131	0	20331
28678	0	29164
24211	3	16917
23200	0	27726
16768	0	25267
19377	3	26898
19871	0	25257
19515	3	19743
24227	1	28650
22822	0	26344
29948	0	27724
24773	92	26742
24260	4	21656
29800	0	19517
16635	0	27473
21323	0	18167
15731	1	20670
23986	1	26309
17391	1	15792
17683	1	16363
24278	0	16398
17128	92	29899
20025	7	23646
18197	1	21946
15959	92	19033
16715	0	27890
17302	1	22752
15444	0	26343
24624	92	28243
21696	0	17631
24304	1	23991
28905	0	23894
15814	4	17392
19428	1	28346
25095	0	29672
24048	1	20044
25024	0	19002
25047	1	18314
24350	81	23533
22777	0	23718
15980	82	29237
24103	0	16343
15785	0	22502
22894	0	25955
17768	0	24531
23763	0	29879
25149	0	29239
29234	3	16500
24981	92	28991
17887	92	27181
21684	0	15903
29728	1	25400
26328	4	23510
22463	0	29546
20016	81	16026
17675	1	26463
24981	92	22229
18634	0	18157
19396	0	18332
21232	1	25906
29799	0	20163
24589	0	15310
28899	0	16194
15275	0	22243
17374	0	22552
19288	0	20377
22819	0	28080
18667	0	21161
24314	4	24342
29707	92	27717
22710	0	25269
15834	0	18782
19629	1	18904
18302	0	18897
24538	0	20101
29799	0	25656
21700	0	27064
21485	86	29352
23101	0	25980
28903	0	26785
24225	0	23448
21289	3	16401
21683	3	29462
20221	0	28416
22481	0	20243
19386	0	22343
24192	0	17004
15980	89	22522
15387	1	27969
15434	0	20376
26403	0	21580
21115	0	23263
17052	0	15372
16421	0	26683
21848	0	29093
19747	3	18878
24139	3	16740
18425	0	27352
19496	0	21769
20833	0	15188
20035	3	26097
23471	1	20116
18520	0	28335
21414	1	25447
19654	1	17204
19794	0	27175
19759	1	26929
20837	3	19276
17149	92	18893
18566	0	15977
18324	1	26986
17887	92	23749
15484	0	25895
15773	0	16363
28839	1	17787
18348	0	26643
19748	81	20084
26392	0	16211
20299	92	28419
19431	92	27602
24999	4	22143
24077	92	22408
22641	0	22236
29741	4	23515
25780	0	28767
23546	0	27431
19133	4	26884
15728	3	20006
19408	0	23628
26116	0	18951
19318	0	26776
25386	3	24015
29138	0	28044
20828	0	23021
23532	3	16604
18773	1	15839
19896	1	26835
29352	3	23784
16148	4	25657
20971	0	26668
19133	4	22446
17815	0	18070
24967	0	26835
22689	81	21693
16543	0	27497
24776	0	19738
25100	3	26740
17276	1	22359
24801	0	24171
29483	0	16861
21405	0	25560
15864	1	21657
21664	0	15928
19515	1	20417
18188	1	20266
17282	0	21805
19385	92	24761
29485	0	18736
17601	1	26311
25681	1	27605
24821	0	18337
19328	4	21894
19886	4	16883
24125	0	18331
20757	0	18971
18370	4	27492
20919	0	26371
16131	4	28269
19504	0	15805
21110	86	16680
19533	3	25326
19061	4	27791
20742	1	27991
17887	92	29107
17152	1	26471
20081	92	20704
18470	1	24685
16131	4	29790
25253	1	20111
21265	3	16344
28685	92	22092
22989	1	29072
17097	3	16621
16726	0	19517
19699	0	28515
17668	0	25530
17273	0	25274
18853	0	27245
22189	0	19837
19386	0	22147
15771	0	23558
19385	92	21884
21323	0	25645
21703	0	26311
29370	0	22563
26014	3	25657
17120	0	23921
20653	0	16356
25694	0	21238
22959	0	28119
19378	81	29378
28851	86	21644
21374	0	15045
20893	0	18725
23651	0	28490
17169	1	15396
29244	1	23097
25748	3	17721
25818	0	18916
19893	0	26316
24181	0	25630
15815	0	20196
25230	3	27412
26482	0	20198
20751	0	23058
25078	1	26946
16673	0	28169
19549	0	21892
28894	0	27957
28884	0	15372
17161	92	20094
16762	4	25206
25143	0	21863
24598	92	15682
22609	0	27459
20847	0	29944
24946	0	28387
17141	1	20049
22979	3	18537
17897	0	28791
16979	3	18922
26339	1	17788
24081	81	20460
19153	0	28471
21102	0	20174
24958	1	15206
23001	92	22506
15773	0	16109
18203	3	28222
23430	0	26325
28808	0	19573
20754	0	26055
29723	0	27962
17114	0	27125
24087	0	28165
28877	0	27454
19330	1	26881
19356	92	22511
24899	0	25557
19690	0	19341
21247	0	22360
19403	0	29899
25581	0	26415
17078	1	25850
24832	1	18349
22045	0	26641
19291	0	22110
20749	0	20690
22646	1	17047
29954	0	18051
24196	0	28459
18155	4	29881
17371	0	27080
17692	0	17664
21159	0	15291
21823	0	15229
19760	0	29848
19870	1	22327
25026	3	28795
17076	1	28544
24774	0	24682
21014	0	18005
22665	0	27395
21433	0	22383
25024	0	18052
25903	1	21770
26160	0	23922
22311	92	29663
21142	0	17024
21401	0	18995
22438	0	22514
26418	1	16747
19357	3	26225
18459	3	26566
23410	0	18971
25202	86	25149
15969	1	28111
29997	92	16119
26005	0	18727
21186	0	23853
18208	0	15193
29756	4	15007
17453	0	29619
21234	0	24685
17021	0	29445
16737	0	28081
17818	92	26990
15822	0	19454
19649	0	25198
24236	0	26688
24626	3	19951
29381	92	22491
24200	0	24546
22682	3	25886
17247	0	26352
26507	1	24172
28698	3	27886
21355	0	23167
19312	0	26600
22426	0	27301
29486	1	26585
29952	0	23380
24265	92	23502
16254	0	16447
26122	0	17969
15863	1	15938
20770	0	23912
24501	92	16861
29959	4	17351
20864	0	17479
22374	86	22657
16281	0	17001
19665	86	22275
26144	4	23718
21345	0	29589
28876	0	26797
23164	3	29205
25314	0	25435
16673	0	20584
16328	0	26363
24625	0	20556
19495	92	28438
19368	0	18020
29800	0	25781
21221	0	28413
24305	1	21854
17369	4	29669
16544	0	23145
26162	0	23848
25083	0	27998
20873	3	15921
20794	0	19265
19441	3	17009
19081	1	16585
16768	0	22218
29779	3	29985
19046	81	15606
26380	1	28422
15979	0	18128
16942	0	18864
20324	3	27767
21083	1	27850
18234	0	15069
15967	1	25899
29464	0	25769
25000	0	23860
15401	0	28095
23417	0	26195
20774	0	29819
17132	3	27717
26006	3	16765
16951	0	22890
22685	3	17649
26124	1	16452
29768	4	23296
18412	1	23298
24956	1	28946
25351	0	26817
25567	1	26232
24508	0	26371
25086	1	19526
17963	0	20179
22679	0	15579
20778	0	20400
17141	1	23151
19887	4	19602
19688	0	17927
25311	92	29273
24841	0	19430
23057	0	27704
19398	3	20277
24829	1	23621
18675	0	23728
29088	0	16557
20927	0	23280
17356	0	20487
25289	0	20538
21168	92	26676
15802	0	24294
17290	0	29240
15833	0	28213
18544	1	25898
25040	3	22465
29356	0	18796
28595	81	25390
24033	0	17469
24858	0	29250
23585	81	21448
28695	0	15560
29062	0	27047
28868	4	19465
22128	0	28740
20351	81	15498
25112	1	28930
19079	0	23709
21287	1	25557
21577	0	15353
16365	0	22556
29742	4	28000
23758	0	23741
18628	92	17547
29864	0	26872
16159	3	29054
18236	0	24915
25035	0	15369
23430	0	26523
24261	0	29178
19631	4	27060
21073	0	28182
16972	0	28418
19443	0	23429
19831	92	28515
26192	0	26108
25296	0	28719
15719	0	28262
16304	1	15409
16131	4	21051
20296	3	25458
19482	3	24019
25161	1	17782
29276	1	25577
19355	4	19589
23422	0	15183
16298	4	20192
29698	0	17553
24626	3	27219
19110	4	24461
18525	0	19820
18430	3	27164
19361	3	26462
26156	0	21352
16404	1	18715
25041	1	29653
15851	0	19601
15913	4	29578
29720	1	24322
29009	1	19974
17801	0	26115
19768	0	24379
21706	0	26942
18008	4	26591
21427	1	28490
17985	1	20177
15873	0	26205
29709	3	18891
29000	0	27043
22277	0	28013
16540	0	27642
17760	4	20635
18525	0	27674
16430	0	19301
24231	0	16234
23200	0	28326
24640	0	27301
23536	0	15658
25488	0	23719
20774	0	28358
15862	0	22023
25775	92	23721
21706	0	27447
25234	3	22578
19239	0	28830
19433	81	16027
25252	0	18114
17978	3	15583
17247	1	29122
29403	81	28686
17605	0	18889
17359	4	28963
25023	0	16316
18335	0	27194
29464	0	26060
25368	0	28012
29514	0	27843
19357	3	25796
21623	0	23215
20907	0	19505
19124	1	25941
15924	0	28725
15476	1	16900
17686	0	23672
15930	0	15642
29706	3	25226
20852	81	18205
17877	0	23601
25003	0	19301
22004	0	20261
16405	1	28374
19129	81	21458
17428	1	20343
17818	92	26511
21118	0	27076
24224	81	24858
26260	4	27872
18072	0	23742
15871	0	29803
19403	0	21721
19129	81	19865
17870	92	18128
19287	0	27755
25748	3	16728
16134	0	19596
24233	0	19787
15785	0	17739
20794	0	28291
25773	0	24868
25003	0	21546
21129	0	29129
22131	0	20116
21681	1	15683
24595	3	19662
22379	0	26966
16979	3	27520
18417	1	27190
18623	3	19211
23447	92	26753
28868	4	27398
15817	0	26243
22179	0	26372
19960	0	15544
22051	0	27249
22719	3	18419
15623	0	19723
25026	3	23345
21753	3	27969
23199	1	25305
17760	4	18154
19319	4	28520
15302	4	18784
29505	0	17177
16425	81	18406
19690	0	28058
19018	0	28522
25675	0	27624
24849	0	26004
16763	0	28409
22442	92	26214
20081	1	29409
23482	92	16178
21251	0	20184
18003	0	19939
19411	92	24646
25423	1	26625
29864	0	18549
19321	0	23893
15589	1	27191
15859	0	27660
25227	0	26660
17815	0	24380
24809	92	28215
18884	92	23127
17773	4	16605
25681	1	28539
24666	0	28453
21272	0	17623
24982	0	22243
25057	0	26202
23941	3	24393
25019	0	27321
15453	1	28630
17693	0	20150
15777	0	21400
23869	0	20428
21379	0	15682
26150	1	29260
22135	0	21619
18551	1	23835
21264	1	29323
22660	0	27226
19907	81	17874
24768	0	29848
18611	0	22136
19534	0	21864
16737	0	23565
25692	0	29108
17706	1	29600
28952	0	28953
23665	3	26619
21515	0	25402
24820	0	21716
17390	0	25652
25696	0	20354
17368	3	29608
18460	0	25719
21208	0	23580
23105	86	28789
28685	1	16705
16416	0	15650
17247	0	21907
29396	0	20381
19436	4	27821
26006	3	27988
19875	0	26900
22694	92	17024
29657	0	16393
19160	0	27565
25669	0	28163
29000	0	15162
20032	0	27575
16162	0	18313
15421	0	24686
22600	92	25756
22051	0	22913
20895	0	15160
17976	1	28895
21073	0	16713
21301	92	24612
19239	0	25819
29314	0	23342
24768	3	27097
16760	1	28813
22694	92	17408
16412	0	15949
16131	4	20535
17381	0	24436
16856	1	16038
29318	92	26228
29746	4	17071
18955	0	23996
19480	0	25441
17121	4	19309
25775	92	17584
29061	1	15654
15623	0	25923
20999	0	27555
19689	3	26622
25582	1	16808
19794	0	17622
15278	92	22461
15332	0	26888
24769	0	16514
19507	0	27550
19079	0	19310
15483	81	23052
21435	0	29850
24784	0	19812
26392	0	25843
16292	3	18343
18439	0	23743
24292	0	17625
18554	0	27243
25903	1	18315
22189	0	15683
19691	3	18982
29966	1	17724
16976	0	27361
20828	0	24515
18609	0	15297
17210	0	23020
24251	1	19969
22591	3	27236
22858	0	20253
20773	4	23419
18853	86	15924
19380	92	26288
17526	4	27451
22756	0	24537
24231	0	28039
15711	0	25242
18465	3	28014
29699	0	19814
21648	0	26237
16260	3	26859
21228	4	21999
24804	0	26954
20935	0	29670
26432	0	25072
15415	0	28125
29504	0	15057
24199	0	26696
29974	86	17802
17978	3	18137
18206	0	22580
26333	0	25469
29381	92	26287
24804	0	15703
17843	86	29126
21022	0	23158
15947	81	26132
22619	1	23685
19915	0	17000
22669	5	22280
25080	0	25260
19095	1	29538
15325	0	24468
15331	0	15277
21589	3	22492
24212	92	28840
15779	0	28323
26066	0	29359
21990	0	29159
26141	0	22567
22858	3	16483
15795	0	28420
21816	1	17688
26177	3	23720
16286	92	15067
17370	0	27223
26183	0	27553
21001	0	15909
26071	0	18872
25082	1	15839
20906	0	24499
25253	1	17572
21640	0	17320
24691	0	27397
16338	0	18900
21968	0	27208
21677	92	26304
21694	0	27015
29734	0	22536
24938	0	19210
18883	0	27083
21085	0	20558
29510	1	23680
25179	0	24743
23934	0	26772
28859	3	18510
21521	1	27327
29728	81	17558
19980	0	28067
19768	0	26650
24883	3	29306
21083	3	18571
19145	1	23343
25349	0	18252
29370	0	26299
21679	0	29503
20466	1	29607
29352	3	28776
18076	0	15057
25288	0	18154
18855	0	15252
19895	1	20229
18536	4	15024
18254	92	15993
20468	0	24860
29060	0	23825
20781	3	23033
19159	0	15181
19053	0	22870
29696	0	22855
22428	0	18196
17185	0	22861
22625	0	26228
23934	0	20432
19759	3	22576
18398	1	27465
25513	0	26456
24973	92	27538
24569	92	22036
19656	0	17544
18441	1	26043
24264	1	19037
29998	81	22499
15442	81	21222
22519	1	15204
22663	0	28735
23314	0	20994
29746	4	28180
16794	92	27818
19560	0	20366
17714	0	28831
29695	1	19575
20080	81	21693
16948	81	22393
21351	92	16843
24522	0	17081
21147	92	21728
21040	0	28147
24507	3	29159
15475	4	26088
17247	0	29262
17771	0	20282
22941	1	24897
21219	0	15939
21379	0	23450
19782	81	18416
18667	0	19674
20796	1	19493
17832	4	16859
23447	92	22153
25006	0	19020
28690	4	29839
16168	1	27775
20079	1	15842
19911	1	28373
21000	0	18968
21107	0	26836
17986	0	19606
16536	3	20362
18840	0	27156
20829	0	29015
25060	0	22489
28874	0	23791
20955	1	25409
21233	0	28221
29487	92	22907
19377	3	22213
29742	4	26683
18457	86	22278
23542	0	24771
19408	0	23634
21377	4	23388
21415	92	19271
15429	0	17524
19259	0	27709
19051	0	28301
17447	1	26003
22985	0	22527
19292	0	28392
28863	0	22853
21369	92	22490
19603	0	24426
19320	0	16455
21200	0	28234
24847	3	23785
22946	0	17728
26262	0	19940
25024	0	17663
19704	0	23254
25494	1	17483
25188	0	18029
20827	86	16138
19322	1	26715
18396	0	19605
22710	0	24138
17990	0	27820
26337	0	25559
21511	0	28034
18508	0	16812
24718	0	15072
21024	0	20116
21020	0	27487
22184	92	26737
22481	0	18732
21230	0	17174
20649	0	18079
20829	0	29796
20747	3	24752
24096	3	19999
22526	0	16857
20334	4	24000
17360	0	20209
21407	92	27233
25037	0	17340
23431	0	19222
16990	0	26785
16479	4	29101
29755	4	25843
17887	92	27519
21115	0	27095
29414	92	15322
21144	1	26495
17934	1	24008
17667	92	16145
21518	0	27635
20030	0	22769
22778	0	24128
24032	0	27519
26067	92	18647
20833	0	19333
17971	1	16462
25108	0	18268
28690	4	19590
23140	0	22631
26403	0	24133
21323	0	29217
15278	92	18651
24231	0	15538
18008	1	15752
21304	0	27211
20941	0	27346
18258	4	23580
15886	0	26807
20764	1	27427
21291	0	28965
24072	0	16865
26404	0	22410
22050	1	22319
29657	0	26930
16328	86	20793
22981	0	23614
19536	1	20499
24572	4	23851
19481	92	28951
21991	4	27549
24731	3	27165
17897	0	27924
21406	0	27072
15770	0	26703
19256	0	17595
18200	81	21641
25000	0	19277
24850	3	28776
19058	0	22533
17167	0	18582
15416	0	29980
18396	3	15899
22011	3	18949
17415	0	25307
21622	0	22344
25565	1	28715
25154	1	20180
24984	4	20821
19008	0	23980
21396	81	23137
18346	1	22253
16827	0	19700
19248	0	22215
16134	0	19026
19428	1	18374
15429	0	27214
26334	0	15129
19389	4	15054
21246	3	15610
23382	1	18158
17704	1	17204
29483	1	27182
29957	0	16732
29764	0	22567
25956	0	20421
25444	0	22561
24957	83	24282
25515	0	28224
21212	0	24489
19691	3	20255
19326	0	27972
15881	0	17984
18425	0	17678
21291	0	23734
21503	0	18894
15479	1	22288
16989	0	19279
21487	0	24343
24773	92	25973
15861	0	16236
22462	0	26976
19409	0	22539
21333	0	17253
22691	4	23154
18625	0	17548
23017	0	16074
29478	3	22266
29728	81	17871
22978	3	20204
22899	86	15486
26014	3	20590
24304	1	15408
24854	0	19470
21209	81	23699
29397	81	19771
20726	0	27559
17827	0	25500
23177	81	18406
23644	92	21587
21346	0	27151
29749	0	23502
19439	1	29866
29505	0	16219
23986	1	23991
15966	4	17430
20270	1	23678
22096	4	24861
23003	92	17332
19443	0	27816
21783	0	21532
22226	0	17335
19684	0	29904
15872	0	22444
22161	0	15261
22308	92	25990
26156	0	25879
17774	0	15764
20648	1	29409
16848	81	19352
23932	4	28403
15485	0	27216
16766	0	16915
15886	0	27802
24420	0	19037
15336	92	21491
25745	3	27277
28877	0	24496
25028	0	28032
20065	86	15802
22603	4	16569
16142	0	24543
16307	0	20148
22094	1	18972
19404	4	26997
22667	0	15764
26286	0	20994
23275	82	22831
18259	0	25608
19171	1	17467
19168	0	23304
17385	0	15685
15433	3	22344
22975	1	28918
21059	0	23216
15798	86	19579
23554	0	24816
25493	0	15685
25582	1	28173
17826	92	15043
21210	1	27759
17662	3	26730
20224	1	25787
19076	3	20449
16280	0	29442
21984	3	19658
25406	1	20501
24996	4	18304
29485	0	28433
22307	0	23927
19762	0	15040
29467	4	27960
17462	0	20519
15623	0	29053
17117	0	28662
23955	1	15975
15815	0	23712
25029	0	25219
21223	3	16880
22442	92	28722
22017	92	20746
22898	86	18234
21225	1	28581
22308	92	23738
29573	3	24922
22755	0	24258
21275	0	25319
24584	1	16066
25516	3	24555
17051	0	28668
21166	0	25065
24824	4	25407
24766	0	22209
15868	92	20246
22586	1	20425
22127	3	20075
17052	0	15181
24090	0	16334
24995	4	21791
22625	0	27703
22029	0	29296
21689	86	18422
24198	4	15075
21181	0	25991
19959	0	27858
23047	1	19965
19191	81	19756
19364	92	28919
24214	0	25240
24273	1	20662
25406	1	28955
23882	4	28772
25100	1	15060
24824	4	25794
21166	0	19529
24069	4	28723
18061	0	27158
25209	0	15911
17267	4	15541
19375	0	26614
25114	0	28578
17376	92	26681
19132	1	17902
22738	0	16754
15336	92	21920
29706	3	22165
15458	1	18676
17301	3	18996
16479	4	24662
24598	92	18048
24842	1	23234
19143	0	29986
23662	0	25402
20926	0	15285
17160	3	22155
15887	4	20500
23414	1	24426
25903	1	18917
18536	4	28472
17841	3	27173
25076	0	26820
16674	4	21809
17866	3	25542
24566	0	20371
16281	0	16995
29720	1	25410
20832	0	20002
17884	3	18264
20935	0	24016
24819	0	28341
25381	92	15904
22609	0	16029
15494	81	24586
28781	0	16386
25436	81	21418
22959	0	26426
19165	3	26429
29957	0	27798
24077	92	17649
22126	3	23717
23047	1	26435
19103	0	22165
15954	4	28478
23382	92	22248
18455	3	20206
24837	92	21993
15454	92	29167
25666	4	21857
29486	1	18644
17313	1	18285
22729	92	15234
20975	3	20284
22039	0	18951
15812	0	16561
26485	0	15642
17428	1	24179
22767	92	16176
24838	92	20426
18430	3	27005
20807	1	28992
24807	0	18963
17708	0	25462
19435	81	28682
21471	0	26038
23459	1	15652
15542	0	19345
15516	4	18149
28865	0	16265
16950	81	20806
22311	92	26350
20936	0	18597
20014	81	20809
24091	4	29857
29000	0	20179
17958	0	28244
16281	0	17009
17662	3	20120
17451	0	27062
26076	3	28197
15088	3	16351
16853	1	18366
22183	0	29787
24904	1	29607
22986	0	24755
17398	92	26186
26177	3	28976
22694	92	24707
15454	92	17743
24094	0	23359
22602	0	26930
17681	0	26186
22620	0	29855
24507	3	20131
22131	0	15182
19476	81	23973
21545	0	18738
24094	0	27255
15387	1	20050
25006	0	19222
29514	0	18280
18003	0	24714
18061	0	17629
19081	1	26807
15876	0	28430
18531	4	21570
21281	0	16318
22679	0	23697
25387	0	28040
24622	3	24456
19164	0	15846
15423	3	27971
29755	4	18123
21577	0	21585
28832	0	21871
19177	4	26612
29776	0	19265
29350	0	22467
24505	4	15503
26260	4	16801
22799	3	25593
24594	0	20106
18471	3	17477
26075	0	23788
17706	3	16823
15087	4	24022
21179	0	19457
26143	0	29360
23382	1	16610
16049	3	23223
24884	0	15027
23055	92	28171
19095	1	26800
24191	1	26082
20311	0	25630
24581	0	29833
24237	0	24424
20459	1	23491
20294	1	15096
16300	1	20229
24268	81	15438
19408	0	23025
23664	1	28759
21019	86	16640
17208	0	24923
20895	0	19659
16530	7	20818
25101	86	16715
20993	0	27289
23432	1	21721
25313	0	23527
