10239	73	10626
11018	31	2762
12580	73	6376
649	73	10155
10082	14	3773
1374	73	6103
13728	73	2894
14817	73	14514
7405	73	659
10203	27	10127
6722	73	5909
13319	78	7365
4674	73	3667
835	47	9569
14728	40	5215
11903	73	3166
7457	65	5854
3720	47	3075
10583	31	9803
5088	31	5290
11027	73	1237
3731	73	5728
12973	73	13899
14195	73	1745
7504	47	2766
367	73	5832
9224	39	2896
10305	78	10161
3876	73	2898
10704	78	6366
2703	27	5781
8027	27	2873
7335	48	6735
13290	78	7782
8609	73	7160
14518	78	2805
11258	73	14485
6552	73	1975
11357	73	3514
991	72	9992
4343	78	9842
3594	73	6967
12810	78	4366
12359	78	6211
3115	73	5784
8726	73	1289
12688	78	14242
11187	27	9806
1604	31	4169
12546	73	5909
13370	73	933
12166	78	1532
13747	47	14487
12253	73	6106
6533	78	3411
14921	73	4139
1572	73	13885
8316	31	7603
3332	47	9077
7350	27	5810
6392	39	738
12747	73	3219
13891	73	8014
8704	47	3613
11747	78	6984
3428	72	4983
3502	25	6777
8496	78	3071
5532	78	6393
5255	78	2797
13347	78	11339
13297	73	8668
3312	73	3433
14946	73	9625
7968	72	14374
12580	73	13781
7333	73	4544
1721	27	7724
5128	78	9262
4037	73	6916
2649	31	3535
13394	27	9847
6045	40	9994
11872	31	4323
2731	73	9776
2946	21	9498
539	73	870
1	47	9501
11754	73	8773
4120	47	5824
9411	47	2313
8225	31	2607
13043	73	14851
7769	73	2117
11598	27	5830
4426	73	4691
5358	73	14754
12601	73	877
673	73	11390
11246	73	2360
5628	73	4391
7479	73	2286
9659	73	3233
757	27	4535
1588	78	3842
10168	73	5978
2253	47	9520
13389	73	6345
12044	27	9934
3088	73	1582
12556	31	7671
4770	65	7905
9514	73	8959
322	65	9977
14388	78	5854
14788	73	7786
10912	73	14955
14078	73	6079
1058	73	4866
5278	18	4855
65	73	6259
183	73	10672
4767	40	14996
5503	47	7649
12677	65	7898
14332	78	9852
3532	47	7041
896	73	7725
12006	47	4846
6547	73	7042
11197	78	2145
11115	73	6503
764	65	2774
14095	73	11066
4230	73	7007
3389	73	7904
252	73	11121
6952	31	422
2329	31	963
3741	73	1766
13825	73	2021
3209	40	14703
1667	18	2377
12572	27	9783
1342	31	1436
9461	73	5968
13310	31	2773
11697	73	5931
8929	31	2121
12359	73	7609
1480	47	8059
14653	27	10041
9871	65	5718
13485	78	7164
600	40	7267
6720	27	4162
11693	31	9772
997	73	4154
1320	72	6602
3364	31	13690
12762	73	6379
12321	65	4410
12706	73	7665
14910	73	3563
2670	58	9188
1512	73	9517
1613	73	7865
3366	78	8663
10967	74	14508
11468	73	14335
1219	73	3321
5667	40	4117
3590	73	6929
2570	73	6376
8931	40	1854
7595	78	382
4241	27	4141
13601	73	10088
10590	73	6106
10834	40	14397
8635	40	8177
3116	23	4438
5064	39	2124
6210	40	496
10455	73	7859
12370	73	9848
2822	73	11192
3027	78	6985
7548	73	10374
5114	73	10028
5072	78	8300
6838	73	6824
6586	73	11338
12188	47	599
2505	50	8200
2781	73	8060
9526	78	10903
669	31	2832
8719	78	2863
7112	27	6216
5386	31	9787
5044	73	6679
3908	73	799
6482	73	7819
2389	73	3685
1611	73	7734
14437	65	5853
118	73	4370
8451	73	9972
12416	73	4408
7562	73	9705
9749	78	760
12000	73	14511
9407	73	8956
2717	27	3232
2689	73	11171
170	73	3479
13053	47	7184
6299	78	6219
12459	78	856
5177	78	2985
12120	65	7794
13166	27	10111
13960	73	2115
8066	31	10243
4865	39	10368
1903	78	476
1557	73	2897
1879	72	4873
234	27	6216
12496	78	2535
13411	73	6630
5286	73	3487
7232	73	7744
5995	73	4725
10128	78	382
10616	47	11487
14837	73	7778
1808	73	3454
12277	27	4749
8328	73	11516
9384	27	10224
4202	27	14706
218	65	11167
13425	73	4988
10729	73	6784
5426	78	768
12197	47	14487
13833	73	4765
6470	47	342
3751	78	6193
10056	73	9894
11647	73	1430
7989	13	9502
5386	73	9844
3109	48	14276
8988	65	7860
2652	31	8476
1372	27	11168
11785	47	7361
12551	65	4097
13061	73	14527
12961	73	4690
12655	47	6177
7802	73	5765
2224	73	11541
2382	27	3430
1488	73	9796
9360	73	9718
12447	73	6706
13468	47	9580
8305	78	5753
2384	47	6823
12552	78	2401
6007	78	10294
9063	73	1530
10653	78	4330
12672	73	2968
13211	73	5464
14629	47	13685
656	73	11541
8401	73	11402
14829	73	10694
8895	73	6107
210	65	10019
10976	73	3255
254	73	7226
5089	73	10000
7181	73	3166
3118	73	4635
2240	65	14529
8293	78	9638
13602	78	14415
8792	78	7164
5525	73	9972
3993	27	4746
14651	31	9553
8145	27	8471
11559	73	5757
14865	78	5764
1137	78	6495
12518	73	10490
221	48	3773
11410	73	5976
10546	73	6024
10614	73	13898
13924	47	6351
2063	73	7986
1549	73	2247
8921	65	10741
3104	73	5762
12391	73	1267
11250	27	7084
3374	65	1299
7270	73	5462
1738	31	4444
12135	73	6268
14558	78	2428
12868	73	2999
1516	65	10154
10832	78	14728
4817	73	3219
1301	47	9569
11709	73	9689
7754	27	6679
10504	18	2125
11946	73	5999
2389	73	2772
332	72	10231
12977	73	6247
12018	47	4122
8100	73	4563
1563	64	8375
11021	65	11484
8757	73	3063
5164	73	2849
2498	73	6481
2781	78	10161
4592	78	948
7453	27	7654
13202	78	4865
5493	78	9302
9587	73	10894
13818	73	13587
13508	73	3685
10348	78	92
9330	73	325
3600	47	9839
13810	73	7478
8822	73	5751
14263	47	8421
1490	73	4479
12016	73	13873
5549	78	10383
12904	78	14763
11011	73	10731
7440	73	8012
12693	31	3602
1576	73	6461
12240	78	4112
3601	31	10089
1177	73	3662
9728	40	7812
3305	47	2398
8224	73	7981
11604	78	14289
9897	73	6695
5210	73	5330
2498	73	11334
2953	27	3465
14337	47	5775
8456	31	10243
13311	73	10780
8997	78	863
9166	73	6486
2572	27	4509
4594	31	4137
13773	73	1691
3274	73	4008
5431	73	11134
12988	78	1168
11994	73	9848
11461	73	13901
4962	73	5999
12995	73	4089
246	73	7639
6977	73	2211
2008	73	6686
12524	47	336
11694	78	1943
4265	73	14776
8624	31	913
5269	31	6261
2718	73	594
14616	73	6084
10720	73	2932
10467	78	6071
569	47	336
1578	73	1726
5523	73	10378
9440	78	3821
13676	40	13745
12548	31	4137
3644	73	7402
10260	78	10386
13181	73	11164
1732	73	2998
8248	47	278
2761	72	350
12808	78	7689
1982	72	2371
9298	73	6014
10468	27	4746
12271	73	7114
1112	47	9598
4672	73	10027
5623	40	14403
10266	78	476
2498	73	9643
7812	39	442
5570	78	2867
1915	47	8382
12968	31	2831
7270	73	5919
230	73	3445
6785	31	481
8282	73	2754
6509	47	495
14838	48	2976
3778	73	3003
9446	65	13887
12670	47	9641
14231	27	3603
4660	78	6325
14278	31	2526
4492	31	1436
6770	73	14021
4352	45	9282
2682	39	461
5236	73	1346
11084	27	4398
3040	73	7302
12878	65	4885
685	73	9232
13386	47	1963
2914	78	320
9429	27	3203
14607	78	10094
1342	65	6035
7531	73	4321
8631	27	867
3344	78	3544
11003	48	2447
1689	13	2829
5423	78	6904
5559	78	4779
12468	73	14483
11357	73	6001
11836	73	1419
4621	73	8089
8610	78	10090
13744	73	4084
158	73	9076
10326	78	4533
4530	27	3458
2063	78	6330
10139	11	14258
13712	73	4058
8456	73	784
3802	58	10301
322	73	11330
2015	73	6686
11902	73	6832
10248	73	6371
9664	27	2933
9400	73	9643
4660	27	6308
6937	73	943
14807	47	5627
7491	73	10444
11656	73	2048
13840	73	3479
4826	73	9766
10531	78	14824
8427	47	2398
14802	78	1793
14671	73	1126
11568	73	11536
5229	78	1300
12414	65	4322
3089	65	8884
10859	73	785
3248	47	487
12002	27	14490
10898	73	1308
5275	73	14657
4609	73	8774
5674	73	8774
540	73	4331
8036	78	7898
2682	40	14466
13738	73	4018
13105	73	2528
5205	31	10243
4022	48	9672
9013	65	1272
7621	72	5966
6477	73	10371
9945	53	6716
11628	73	3554
3890	64	11229
7340	47	959
12472	27	6671
156	73	14511
13359	65	10091
13305	73	9987
10980	50	6573
14378	40	3558
12052	73	3127
13598	27	481
13813	23	8210
10701	47	9077
6451	73	6405
7170	73	7740
14806	27	6258
540	73	2306
8158	73	5898
6365	73	3010
2939	47	2962
8767	78	2860
13480	27	6235
912	78	7126
14594	73	2707
12008	73	6727
9289	73	1788
1046	73	1134
5594	73	8589
10347	73	7051
4197	39	10392
10697	49	2447
10708	73	7976
10719	73	14511
13794	47	10388
286	65	4691
497	39	7795
6172	39	4192
11628	73	1673
3264	73	1764
12165	73	3409
4947	73	14458
3420	73	8405
11012	73	11164
12715	78	14055
188	73	14483
13655	65	1272
2303	40	10182
6509	78	8646
14064	73	1331
4454	27	9230
9939	40	7689
8727	47	3619
10577	78	3330
8255	73	7756
12103	78	9827
7941	40	7689
12253	78	2116
1060	73	6138
11914	73	4694
14835	73	11007
1524	47	4193
13627	65	6035
8281	73	14287
140	73	6326
14906	27	512
9702	47	10902
4703	27	4359
6818	27	5770
12639	78	14353
11853	73	3348
11620	27	6843
1360	73	2284
7485	73	777
9748	73	1978
14263	73	5927
9549	73	8653
14226	47	4246
14917	78	3842
9478	73	7970
3143	27	4108
9002	73	3231
14491	31	8878
13038	27	9847
10320	47	2667
8833	73	6901
2836	69	7710
13354	78	8176
6399	40	2151
7761	73	9221
9340	73	14712
8396	40	8867
6465	27	14725
9203	45	9283
909	47	14008
13011	31	7310
13999	73	2560
10844	73	1415
10416	47	7063
2224	73	2191
8999	73	9797
10689	73	10211
12746	78	4984
5381	73	7735
515	40	6274
2019	73	3560
11447	40	778
8703	73	9734
9872	73	4315
9341	73	2262
9889	78	2355
10275	73	2278
9449	73	11432
12101	78	5842
12244	78	2142
9316	65	2800
110	78	10041
1518	73	1978
1089	73	6603
11571	73	5914
5105	78	1151
12389	27	5472
3248	73	2211
4969	78	9855
3114	65	7997
6747	73	3825
6956	78	1773
12072	47	454
9166	73	2990
9751	31	7991
5436	31	3602
12940	73	14851
13015	73	3612
1465	73	7175
3014	73	1826
2702	73	6103
10480	73	2813
4756	45	10896
10941	78	1168
11295	78	3099
9755	73	7986
5640	73	7967
6757	73	10752
13396	78	1272
5099	27	6149
11658	47	9606
11445	73	10692
3941	73	5059
5369	73	7609
14198	31	1131
8743	27	11473
9865	47	9973
4647	73	10956
8983	78	9833
14595	27	7644
13191	73	7128
8823	73	2156
1623	73	593
11278	73	5882
9876	73	11007
6899	73	10367
528	73	10191
13209	21	6607
4611	73	5973
14923	73	9058
3562	27	3256
13433	78	4513
6530	40	8874
3315	78	4124
8833	47	13877
14703	40	519
6939	73	10626
11865	73	13942
11606	65	7124
3280	73	6648
9603	73	289
610	27	6246
13277	73	886
7346	27	3835
5249	78	5959
1870	73	4960
7414	40	14364
2396	72	6480
13451	31	4173
4280	47	1286
5007	73	7422
5593	78	5736
6771	27	6215
220	74	14046
13777	73	4665
1442	73	6612
3939	27	7127
13800	73	6910
12401	27	10019
1622	73	5893
7288	73	7288
12575	47	6823
11749	31	10031
14990	73	6291
12438	73	5921
14265	73	6389
7900	73	5657
8201	27	6602
12906	31	2760
4171	25	14281
12224	27	7126
3833	78	10903
12327	47	7311
8102	40	6396
4842	31	913
2598	40	9832
8868	78	6099
5455	73	14132
11319	31	9824
13924	78	447
3266	47	10388
11816	65	1251
8380	73	11516
10305	27	14779
1511	73	9625
14537	31	7673
8337	47	14766
13018	73	317
10454	27	9924
8860	47	2667
10827	78	3544
8266	73	7748
13598	78	4545
11432	57	1965
13071	73	7743
8813	47	9111
11603	27	10745
14589	73	6345
14886	65	5065
5413	78	1850
8299	73	4259
7779	40	9224
6922	31	9096
8245	73	9880
12762	27	6383
601	65	1893
2331	73	2453
7409	31	1131
11453	47	7988
10926	27	6383
5172	73	6070
12952	73	9589
12451	73	1310
9183	73	10595
11768	73	7008
9412	31	966
9425	27	9236
10552	73	7293
13066	73	14565
13198	31	3370
77	73	3348
7221	73	7633
18	73	11159
8742	73	9801
8500	73	3555
14873	47	9624
300	47	6321
8533	40	6312
11315	65	1825
10327	73	4507
10319	31	2132
12868	78	7975
12166	78	4288
2101	47	7308
4001	73	819
7000	78	3604
13180	18	3369
12513	73	5933
14214	73	5965
10521	27	3623
7449	78	4757
1711	47	4874
1885	47	7694
3102	73	7007
12557	73	5848
13791	73	7970
4670	73	7819
225	73	7899
609	65	4293
10938	78	7753
10783	39	442
13135	73	4880
12811	73	14514
9700	65	11139
5684	73	9257
494	40	4197
8296	73	2179
10868	73	815
12963	27	2892
13948	73	1412
5530	78	7728
14411	73	6430
10622	73	7745
5690	73	4664
700	18	381
1930	78	9852
5099	73	8778
10148	72	6058
7406	78	3367
2658	73	6123
12685	27	10030
2079	73	11324
8452	31	1479
14210	65	5930
9438	73	7983
11615	73	1170
12565	73	4160
5406	73	7690
12511	78	9732
10849	73	7857
5386	73	7274
12678	65	4638
14173	73	2264
1312	73	734
1454	73	7960
11993	73	6576
12219	73	5716
5510	73	1134
13143	78	9826
9168	11	9502
309	73	9769
9597	78	969
8099	78	14695
7467	47	3254
10245	40	4646
4938	73	6014
1076	73	2115
13738	78	5842
5592	73	1530
1358	73	11497
13716	27	2160
746	73	14285
13472	73	485
6530	40	3636
5124	47	7956
1904	73	10694
9369	47	4894
13766	73	6510
3705	47	2783
1453	73	821
9871	73	9786
14181	73	2767
4304	73	6405
4996	31	2369
10830	73	7175
9912	49	9672
1522	73	9387
12217	73	14315
706	73	7508
3406	40	7037
10876	73	8548
2477	73	7223
12911	73	6079
3473	78	6309
9315	73	6220
6717	73	11434
361	73	2211
529	73	6640
10410	73	6088
8504	78	2364
9855	14	2976
12245	73	3517
13770	73	3454
2650	78	1253
8544	73	6345
12999	27	7873
14460	40	6263
13155	73	14567
5420	47	7645
11916	78	4057
1918	78	10161
2926	27	5876
1174	50	6962
11109	73	14957
14544	73	6326
8855	73	9954
5729	39	3189
6296	14	7172
8601	27	8666
3724	65	6034
11053	73	7651
13369	73	7822
9325	73	1638
4300	40	14717
1721	31	13588
14411	27	8765
2486	73	5472
10794	31	9824
5496	73	4073
13758	78	6226
7153	47	8447
13262	73	932
1558	78	1685
12910	73	3423
2248	27	6672
1318	78	6144
14985	73	6195
1063	73	2069
11982	27	6420
3957	27	9578
13939	73	4489
4667	48	13466
12128	78	3469
8957	65	87
11919	73	13886
2427	78	6265
5561	73	5802
4850	65	1695
14916	27	452
12408	73	1256
13968	73	13803
8781	73	7042
1546	39	9630
2006	73	9192
4825	73	7954
7563	73	6109
12195	31	4436
2594	78	93
1816	78	4513
12226	31	2121
2575	73	14689
4574	31	3976
8950	31	87
3735	73	6844
12391	73	2046
9663	27	2933
894	73	7226
3371	73	4879
10070	47	1405
12638	73	6070
17	73	6102
2006	73	6680
46	73	4445
5209	27	5752
4948	31	11128
7269	73	14057
8024	78	14695
8788	27	2674
6769	73	587
8375	78	10365
1505	78	9976
9975	39	7964
168	78	7057
14837	78	8046
9153	73	5456
12242	47	8482
11841	78	3430
2218	73	2288
7247	73	1993
5942	40	13671
10868	27	7306
993	73	1725
6107	72	4058
8098	73	9776
12410	78	3544
2320	73	6640
7393	39	8302
7199	78	6246
4562	47	9182
1398	47	2796
1452	78	7647
10611	47	9979
12983	47	7017
1075	78	3785
9922	73	14957
13602	78	14824
2613	73	9087
11109	73	8654
11728	78	10746
11216	47	1632
1342	65	3408
12465	78	715
6630	58	11007
1900	78	3411
5262	73	1895
2954	27	6243
14526	73	5316
7001	27	4148
1000	73	2560
10912	73	9301
8874	40	6176
13820	73	6640
11634	27	1292
8159	73	6635
5580	27	9114
11240	73	5944
5592	73	14007
4739	73	5866
5819	78	874
10205	72	6214
10	65	1476
13077	73	2769
12789	73	14000
14549	73	3439
5678	27	509
12633	73	9581
6720	73	10391
6350	27	2698
529	24	8543
5156	73	10420
13015	47	2818
6418	40	13688
12861	78	13835
14592	73	6828
2637	73	4348
7511	27	7044
14989	27	2666
3714	73	3436
14614	31	913
13477	78	4052
8680	73	6779
2531	73	9653
7222	27	4080
12671	73	5836
12834	78	10086
10636	73	14464
10750	20	11383
6448	40	3854
7208	73	14347
2585	73	14764
2646	48	9502
13662	73	10019
13240	27	9399
140	78	8172
12782	78	3630
12338	73	3204
1160	73	4555
12763	73	5958
14	73	5330
1046	65	3468
12911	73	9291
7406	27	2835
11641	73	14384
8753	73	6423
10798	73	4480
1043	73	6513
2657	73	6538
11408	73	6109
12684	73	5987
4816	78	7520
11578	27	3637
5372	27	2026
3597	73	6434
2432	65	4423
7337	73	5829
2339	27	5652
14988	69	3683
9891	73	1205
2782	27	6215
5553	73	7750
12650	78	4779
4710	31	4137
1625	27	5873
12948	73	3555
239	73	3504
11941	27	3076
12479	73	10278
6920	73	1737
3341	78	10021
13304	31	2212
846	73	8384
3036	27	14270
8631	47	14487
13150	78	7079
11243	73	817
5185	73	3695
12789	73	2844
8500	73	9186
10977	47	4193
8549	39	6428
12856	73	7095
8030	73	9519
13037	78	10747
10629	15	1282
3180	73	9042
2419	73	9181
7066	73	2048
2429	31	9198
11256	65	715
1903	49	14258
12040	73	9539
12080	73	2371
12318	73	7727
6786	73	779
12436	73	429
9444	78	14763
13489	73	1953
6769	27	14779
4407	40	10102
5186	73	11469
12385	73	8871
9915	78	4081
196	73	2162
9478	73	11535
13165	73	9087
7889	73	6354
11050	27	8762
7639	72	961
11237	78	4706
9722	73	9473
9454	27	9943
8195	73	7039
6212	20	3302
14611	78	2157
6791	27	11072
5528	73	7042
10104	78	2280
12748	73	6507
11570	73	2287
2987	72	981
3017	73	4507
1805	31	814
1402	73	7709
1522	47	5775
13153	73	14567
1396	73	9849
5440	78	1541
5550	27	10147
11503	73	9269
12324	73	7815
398	73	5770
13523	27	10364
4617	73	14132
14398	40	10002
9142	23	4411
3019	73	10184
9063	73	10778
1390	27	1899
13147	73	6040
14917	78	2428
10983	73	6622
4704	39	8076
4731	73	14335
13533	73	1787
8495	18	1248
11728	73	5085
9161	73	14489
11774	78	14354
14861	73	7899
5813	73	4552
8479	73	4534
8142	39	10422
2610	73	7976
1866	73	5839
12303	73	1326
7347	73	10006
9602	78	4081
2297	65	2258
3293	40	490
14042	73	4154
14050	27	4113
13983	31	2527
13535	73	13952
11615	78	8663
1693	39	11015
12472	73	8555
7581	73	6102
9371	27	4690
8491	78	9904
11620	31	9260
42	73	2768
12344	78	9976
3872	78	3544
5592	27	7731
7546	73	1744
816	40	13745
827	72	2141
14137	47	4086
1463	73	13845
13267	73	6644
11119	31	11264
11505	73	9562
14797	31	7598
13163	27	11382
12674	73	777
7317	73	659
12650	78	8060
11523	78	2895
14247	72	1151
6365	73	6055
13299	73	8092
9739	73	7854
8036	73	9201
13231	78	14443
3920	27	3203
12011	73	10371
8795	72	3444
2996	39	5948
5744	47	7956
1040	31	2602
14701	72	7663
14303	73	8405
8787	78	5780
14838	78	6143
14358	78	4077
11436	27	8765
6950	50	14689
8131	73	9994
12636	31	6185
2130	39	9213
11296	27	1778
13558	73	8464
7328	65	1791
13564	73	9790
10868	73	1761
8196	27	6049
13014	73	13589
9342	73	6378
11923	73	5754
13485	78	9219
8676	73	7462
11868	27	7644
12269	47	469
12457	78	14377
8216	31	4858
3199	27	9238
13816	57	785
14446	64	14643
11581	73	1964
8342	73	1981
4220	73	8412
9431	78	4829
7514	31	1298
6747	65	3624
1139	73	3689
5332	49	9672
1276	31	1977
11254	73	1770
10991	78	11422
12702	73	3527
5242	47	9057
14155	73	10027
5405	73	14864
13972	73	623
7214	65	7905
3873	73	784
3268	21	10247
1606	27	10230
13240	47	14569
2341	73	6204
14930	73	9097
2553	73	3010
2688	78	2888
2447	17	2268
13141	73	7634
6491	27	2662
13638	73	8771
4914	73	279
11965	73	11121
3218	73	11324
1534	78	9098
915	65	8941
10339	31	5773
14084	73	2885
13759	78	8664
8962	73	6107
10612	73	4139
5248	73	7526
2563	73	10227
8935	48	14893
1823	31	3001
12205	73	1268
11501	73	2999
3473	73	2681
9391	78	874
4903	72	3486
109	73	5902
12037	27	2159
13980	73	2877
10634	73	10512
3373	78	7376
13024	78	9977
3006	73	7995
12062	27	6260
5548	47	2818
4333	73	2855
10621	40	6458
5585	21	2867
4788	65	9399
7268	78	2608
8688	73	6910
4569	73	4704
4365	40	8549
10557	47	4901
5403	73	6648
590	73	14691
9752	78	7716
14646	65	4698
7528	47	7730
10674	73	8314
12124	31	913
9386	27	10749
14069	64	8960
8374	73	3406
2520	78	6100
8337	73	5770
10317	78	8940
12570	73	343
8874	39	4781
5003	27	6925
7444	73	3454
2559	40	9840
12212	47	4901
10804	73	2127
2572	78	7650
5121	73	8777
12504	78	7678
3739	47	5299
13998	78	3099
12876	73	10153
9163	73	10692
10070	73	1828
12761	31	3857
5454	78	4234
13148	73	9041
3186	47	469
10667	58	9111
6619	31	2831
14559	73	14731
14592	73	7996
13487	27	6320
4551	73	3396
10914	73	10007
2948	73	14347
1623	73	1554
652	27	8459
534	40	2184
2621	73	9786
3273	27	8164
2352	78	7778
12578	31	4319
13261	31	1131
654	73	14132
3970	73	8412
13599	73	3668
450	73	5785
14440	78	10051
1747	73	8777
2630	78	11177
5409	78	6531
556	27	3471
11701	73	870
976	73	8763
8030	31	546
2562	73	7051
12935	78	1297
10446	78	4172
11088	73	925
13555	73	8849
12772	15	9832
12003	73	8588
9750	78	4545
1303	73	14132
4751	39	5719
1344	78	11173
8828	73	8017
13384	73	332
4281	27	1831
11866	31	2212
12426	73	14243
13597	73	4154
12324	78	4417
9674	73	14241
164	31	8932
9675	73	10514
12397	73	3615
6729	73	10389
14431	78	14476
2914	73	14241
14434	73	6152
4128	39	2196
4302	73	1277
8479	27	9717
12634	73	2200
4963	47	4380
8706	73	11122
5353	73	13845
12166	73	9789
6865	47	1956
13474	73	6782
5966	72	7621
7576	78	4759
10617	73	7275
5075	73	925
1888	31	2526
7186	73	7976
14709	72	3512
4648	73	11122
13335	27	5747
6820	73	10345
14089	73	1826
5335	73	3516
7532	73	1763
8578	31	11135
3740	73	9581
7521	73	3003
10674	73	11434
6646	47	9144
12135	27	9231
6880	73	14864
2094	73	9972
3145	73	733
11368	73	5834
10375	73	5350
3592	73	2765
13320	73	6538
2729	73	2801
3339	31	6377
2688	11	6816
2190	73	2185
14271	73	9562
10836	27	6297
9501	13	2932
1332	73	6800
11737	73	10675
4736	73	3543
5808	40	6609
703	27	10100
5574	73	13902
13646	73	6200
10872	73	1270
11193	73	7302
12657	73	2374
7810	73	7690
1630	78	4796
1985	47	7683
12375	73	8008
14972	73	9058
4954	27	7127
915	27	8941
11700	73	1953
6939	73	6061
904	47	10381
13356	73	2216
1702	73	6403
5093	47	2113
906	78	5780
9019	47	7649
4314	72	6196
11776	78	3483
13559	73	7627
1265	73	10861
7489	78	14311
12244	65	10373
918	73	9629
4490	47	10082
9147	73	2187
10549	73	6661
7171	78	2675
1139	47	7974
9361	31	14768
221	64	8022
3981	47	4901
3565	40	9586
10065	31	4389
8050	40	6176
12616	27	14055
8988	73	13872
9385	37	5461
8607	31	5768
527	27	7091
2661	78	7975
4841	73	1952
4332	65	4796
12396	73	2929
8514	73	7422
12921	73	13867
11464	31	7804
3312	31	9995
4455	73	8871
1109	47	10311
1996	78	11423
12337	47	959
1199	73	10007
12667	47	6311
3987	47	8059
13534	27	2674
10259	78	3324
6842	73	7388
2105	73	7656
2874	40	4405
5272	73	3208
11262	72	6540
8736	73	4370
5089	27	14779
9686	73	421
14868	27	9924
14919	31	11149
8187	65	874
6051	65	8700
6870	27	7646
4477	39	10392
14828	31	4137
12045	47	6318
1344	73	6474
4659	73	5895
14322	73	880
10737	73	9759
9561	73	9564
259	27	6674
8896	78	6366
14552	73	6300
1274	39	9944
8366	73	1205
11352	47	2247
4626	73	6157
3784	73	6779
8914	78	6404
8927	73	10515
5192	27	9581
12328	31	7991
8708	40	6396
13963	73	4603
1063	27	3203
4182	73	624
5912	40	14775
12716	27	7895
8364	47	2147
4671	73	9221
1348	27	8646
9370	27	88
8475	73	14483
11026	31	9069
11580	78	9592
4714	73	3184
12287	65	517
5393	73	11158
13316	27	11147
3782	73	6156
12083	73	8523
11467	78	3544
7263	78	9832
13668	73	3261
8109	73	6504
4029	73	4263
5393	73	10280
8707	65	10998
5793	72	1328
11806	73	1237
7287	78	9313
13367	73	4822
13306	47	7988
11731	73	9932
1664	73	8205
13757	73	772
12824	73	7959
7752	73	7946
9525	73	8548
764	73	8018
9331	78	9953
2105	73	6706
3734	27	2873
7214	73	5914
10402	73	8662
8952	31	4892
7545	73	6005
9707	47	7694
3868	73	6245
11308	27	4685
5383	73	8140
14676	73	6964
12867	78	7820
14296	73	2764
12998	65	8700
11022	73	11143
9645	73	6166
10344	78	7961
9876	73	14142
12226	78	4637
10530	65	8199
62	47	8482
395	73	4296
13333	73	5922
4001	73	7088
11107	73	3076
5078	73	10114
5558	73	10595
8399	15	4449
7706	39	283
557	47	473
12585	47	2529
2192	47	14414
288	73	1990
938	49	9672
2414	74	4575
10216	73	2877
7330	73	9553
5137	31	4169
4931	73	14773
363	31	4355
10174	73	6508
852	73	866
11022	73	5888
8740	78	7978
13349	73	14657
7258	27	4791
10319	78	2112
12969	27	6753
5223	73	10372
11739	27	7949
13633	73	7776
14562	73	4443
11003	49	2447
1124	47	9501
9411	73	9067
3594	78	9253
11690	31	9421
8957	78	87
1782	73	9954
3982	73	1328
9330	73	6705
10	73	6511
9427	73	2849
13559	27	3499
10058	65	6040
10059	73	7404
9871	78	5718
3996	78	2301
5560	47	9057
12307	31	4389
5695	73	7016
12215	47	7028
608	78	9229
12513	27	11150
3247	73	5905
3728	27	9980
7768	73	817
14327	73	6698
11733	73	2127
4874	13	5646
11045	73	6598
5535	27	5035
2577	73	2764
7615	72	13684
1075	78	4317
11788	73	13899
11239	47	5748
13400	73	1642
14890	73	3528
3152	27	4413
3320	27	4113
2340	73	3253
1566	65	1531
8007	40	1947
9404	27	5292
14238	78	7764
5126	40	14750
669	73	2021
3325	31	4177
11667	73	1949
9328	73	14464
1995	65	9226
1754	73	7738
8730	73	10842
10545	73	4056
14740	40	7795
14252	73	11516
10638	47	8382
10458	73	6605
11555	73	7429
737	72	10379
11296	27	4331
14391	73	4126
13147	47	14487
5187	73	1973
2025	73	14483
6900	73	2049
6956	47	1959
7301	40	7037
13935	73	10007
13913	73	14749
10175	27	7651
1912	27	512
10865	73	11192
4477	40	2775
841	73	2987
7521	73	747
431	71	8953
10720	47	2887
13702	73	1650
4002	73	4075
11863	73	7275
7611	31	1131
3485	73	1717
13591	40	2111
1200	73	9573
13595	16	5322
11043	73	6132
5264	73	2765
3707	27	14317
14656	47	8403
13465	73	2189
9011	73	9125
14913	73	6239
3808	27	14430
566	73	321
5209	31	1479
11908	65	7943
5269	73	11167
12089	73	1827
12966	73	4875
5593	73	3445
1401	31	9996
3817	73	3517
1347	47	8528
9295	78	2116
7663	72	14701
11669	78	3499
12392	73	6478
3274	27	9778
5505	73	7657
8036	73	2879
13411	27	7933
3905	73	4879
8633	73	6229
10504	73	6603
14582	27	9585
13321	73	5829
6610	40	4191
789	73	10767
6926	39	10422
14122	47	2247
8976	73	4987
12898	73	10114
6940	73	14690
12065	78	6136
12685	47	4369
3874	73	6738
12217	73	1851
208	73	3634
13197	73	4854
12452	73	7982
5474	31	9235
14950	73	9272
14157	73	5899
6793	73	9851
357	74	5348
9227	13	13466
5033	40	490
3251	65	1797
12095	27	13906
5801	39	3377
9740	73	11521
9722	31	4892
1101	31	2369
5254	73	3566
4198	31	2121
1861	47	9501
927	80	928
11766	73	9589
3678	73	9630
7320	31	4389
14069	73	4991
7761	73	1126
847	73	9797
10354	73	7135
1629	73	5865
3485	50	9221
5957	47	4828
3755	73	7865
2568	73	6291
303	27	1437
10329	27	10013
5124	73	2304
12946	47	9606
11363	78	4174
7558	31	13687
8488	73	1708
1975	72	4088
10257	73	4390
12033	73	5774
12781	73	9082
96	73	6630
7261	73	6712
10673	73	6631
14905	31	5092
11214	27	14705
5411	73	5759
13203	73	4419
578	73	6259
4611	73	3952
4666	78	5461
7612	65	14960
1098	73	8089
949	73	1412
5134	27	956
11662	73	7419
9179	78	2428
12138	73	2997
11615	78	10582
2952	65	11076
14388	78	5296
14607	78	6373
627	27	7926
7703	73	7403
10422	40	6926
11997	78	956
9171	27	5876
4997	73	6113
9683	73	2249
9425	78	7921
3880	64	5691
12152	73	2844
14587	73	6971
103	27	6196
1392	27	9932
211	78	10294
12817	73	1138
1146	73	2162
74	73	5913
9013	73	5472
3286	73	3259
11491	73	1684
4808	73	9109
8670	73	6500
10678	73	3336
6475	73	1530
3512	57	10006
3765	65	6196
6527	39	2847
2366	78	7708
2653	78	4234
5612	27	8048
5429	65	4095
11700	78	456
14677	27	7306
14674	73	3236
12928	78	9191
10653	73	7226
3642	78	7925
13921	78	14377
5120	78	11379
1839	73	5841
10336	78	6253
609	78	427
12722	78	1792
13357	73	3450
4627	73	4665
1294	31	2832
8452	47	14312
6768	78	9976
5253	73	6705
2546	73	14350
9687	73	7376
7102	78	4322
2813	40	1407
1133	72	6012
11448	73	6519
10248	73	7156
4215	27	6184
8181	73	4653
14989	78	2666
11606	73	7026
6392	40	5872
12626	65	14706
5187	73	10626
14462	47	10388
11113	27	9924
4210	73	5462
10899	73	14492
3816	73	7788
12669	73	4316
11093	78	5855
7330	78	9553
13555	73	6923
4523	27	7117
7469	73	7115
6723	73	14504
8727	31	2369
8394	73	4549
2943	31	3458
4589	73	3076
6858	73	2189
9905	27	9623
14613	27	3446
2414	78	2268
113	31	14528
557	73	6612
391	73	9323
10733	31	11177
7014	73	2245
12400	73	11439
5172	27	5037
14406	47	888
12744	31	13687
4998	78	9829
3175	27	2160
9401	73	14961
4371	72	2463
568	31	422
628	73	6669
12780	65	9303
7631	73	5932
13211	31	9208
1460	65	3551
12716	73	415
13428	73	4094
8491	78	5466
606	40	5809
31	73	6621
8270	73	6478
5480	27	5837
11613	73	1170
2293	78	4535
3179	73	3783
9665	31	616
10588	73	9596
8945	78	87
6146	73	5462
3859	73	7817
12449	27	14947
7885	78	3555
4488	73	6829
13465	73	5784
13379	47	9089
3599	40	2988
7523	31	1933
8449	73	9600
2459	73	3461
3728	65	2800
2793	31	3401
947	40	8745
1243	78	10848
64	73	6237
11293	31	4886
4181	73	9724
14943	73	5929
4499	73	4396
10781	73	3689
6820	73	1691
4917	73	6620
2982	73	5787
4624	18	4360
12293	73	2605
7810	47	7596
13183	78	3759
3097	78	4054
3147	73	7015
13168	31	7991
8887	65	4876
11839	73	3760
12033	73	7777
4340	73	13845
6752	78	9584
3724	73	9031
8511	73	9994
10033	33	7280
14685	78	2867
202	73	14851
3490	64	1449
12441	73	3507
6647	73	8959
14664	73	6115
7134	47	8046
2232	73	3802
636	27	8093
1934	47	604
14591	65	448
14508	49	9672
11974	27	10026
2839	40	4655
9040	69	10188
10442	79	7751
3320	73	11262
11304	73	6304
1504	73	1426
8837	73	6257
1724	73	7632
12055	27	2281
125	27	13906
1848	40	515
8104	72	689
7255	78	2817
6716	47	4083
7577	73	5952
1210	73	5836
7344	31	7190
272	27	6817
9930	73	4348
61	47	8274
3205	39	6849
3491	78	9191
13738	27	10247
5144	31	4886
11256	73	10014
11764	73	8017
12238	73	4684
13234	73	6970
4848	73	5832
12721	73	9568
5403	78	6293
13259	27	8164
11104	65	4082
11899	73	8843
6568	78	3588
4907	40	9268
221	78	10082
7629	73	10802
4532	73	3501
13109	31	5458
1092	73	14700
1772	39	4191
8979	73	10076
9348	27	4113
12926	73	5935
10009	40	9586
6448	40	8585
13820	73	2897
5599	73	7086
12071	73	3479
4679	73	5041
8508	73	4429
3103	73	7666
10698	78	9978
4207	78	11130
13287	73	957
618	73	13902
124	47	2404
9326	65	6035
1569	73	4104
11705	73	7481
10891	73	4558
12096	73	3003
6650	72	9759
2969	73	10335
7852	73	1138
12293	27	6381
7880	78	8663
2063	73	11134
12492	31	3370
4933	78	1155
9424	73	1683
14525	78	2142
7487	15	9099
10991	65	448
7861	73	491
12534	73	3007
9479	73	7401
13287	73	2145
498	40	4305
13815	47	2766
3178	73	1283
5025	72	6542
2947	27	8129
2176	73	10752
6732	73	10202
13434	73	13952
12696	73	4628
7346	65	7597
3939	73	9568
10908	78	7619
2888	14	6816
12692	27	3637
13710	31	3244
11578	31	3244
8998	47	4459
13501	78	3835
10564	31	14746
5534	27	5647
6501	78	4503
8712	27	5296
845	73	2708
4000	73	11515
8496	73	1296
9656	78	6614
14555	47	14225
8820	73	3234
2726	31	913
7418	40	5080
12219	27	9781
5679	27	9847
4686	39	10244
10387	39	5801
5893	58	10563
6102	72	4322
12566	78	458
1194	73	10818
12145	47	10492
35	73	9848
3762	73	2395
1585	78	4081
9024	31	4173
12307	73	3954
12610	73	1715
13224	65	14430
646	73	622
4651	73	8550
2578	78	6371
13410	78	4779
13306	78	14738
12840	73	2692
14964	47	14707
66	27	9725
6907	73	11324
9688	65	4124
14542	78	14131
810	73	13845
12190	73	4699
89	45	9284
1508	73	7778
2520	73	6102
11016	65	10420
11545	47	1963
10468	78	5782
10771	65	6984
11984	73	1763
8983	73	5778
28	78	10109
5790	73	14988
1576	65	6925
7473	73	4116
12420	73	3615
3293	39	11044
4642	27	9943
14398	40	4129
11350	73	710
4721	73	10421
10589	78	4095
5956	27	6672
5702	31	8883
3066	40	10054
11721	73	10011
10893	65	1253
2000	73	10732
1565	47	9580
2181	73	9271
10697	78	2268
7092	47	13685
2516	65	721
3294	31	3440
12490	73	4096
7249	73	10595
9291	43	99
3337	73	11190
12635	73	6046
6955	27	7905
4834	73	10080
680	31	725
4809	73	6679
5272	73	14485
2871	40	14728
12469	78	10517
12004	73	14800
3911	47	8055
3749	73	1338
9975	40	4782
12596	73	5152
12666	73	11051
2485	65	9607
11351	27	14402
11531	73	11073
10324	73	4873
1093	73	14700
13188	73	783
11288	73	1686
5937	65	11380
10440	73	6990
9879	47	5801
12446	47	6691
13127	73	6070
9089	14	11442
2444	47	4253
4109	72	1036
7037	39	6044
4474	78	11384
11316	73	4893
4208	73	9196
1264	73	542
13084	78	4106
7229	73	13782
10466	73	4373
13901	69	10747
10560	73	6110
12117	78	9049
12203	31	5773
10911	27	2863
4719	47	5299
10645	73	4880
14550	73	4897
11910	73	11170
11371	65	4262
9711	73	7710
1462	48	2971
2380	72	5656
8527	47	14381
167	47	2313
8303	73	7368
1527	73	4415
4477	39	7706
12508	73	2987
13037	78	6264
4228	27	7646
6429	65	2800
3209	39	9840
14889	73	7464
6914	73	4902
2743	73	7427
3671	52	6424
7442	14	4901
4250	40	5852
294	78	2280
4843	78	8661
12757	73	3456
2418	65	10147
12330	47	2149
9355	47	11070
3392	47	6351
3308	73	9285
5514	27	2302
3311	73	7655
601	31	6148
11095	27	7646
11371	73	14729
10584	73	7982
8969	73	2251
190	73	2126
14595	78	7650
13289	73	1949
9815	65	486
8294	73	14739
1211	73	14287
5631	72	586
12786	65	7898
11997	31	4404
10178	73	2380
3933	73	14374
11705	27	6338
7248	73	10488
8065	31	4137
6140	78	2889
8270	27	11136
12104	73	8555
10869	73	9127
1244	65	8849
7341	73	6604
14533	78	5946
9512	73	6001
10576	47	2313
3527	25	8967
1228	73	4534
11244	73	6652
8630	65	4796
14944	47	11166
7435	73	10302
9548	31	2121
13831	73	2714
5292	72	6998
12228	27	10092
11842	73	591
14541	31	8878
14539	78	9302
4009	31	7310
11834	65	14573
12583	78	9108
207	73	7959
1991	73	663
12920	27	10091
6822	73	8439
12892	78	10113
8350	27	1167
3373	27	8669
8113	73	10335
13667	65	4097
4272	47	4346
8118	73	6273
12421	73	1598
11746	73	2179
10654	27	14762
7833	78	948
11726	73	5330
14196	78	9825
10212	40	3761
10617	78	4330
7248	47	8382
12805	73	7428
13212	27	4004
11117	27	2375
13396	65	2368
4468	73	11015
3547	27	9579
3985	73	6833
14227	73	11449
8609	73	7305
2541	73	14248
8811	78	5378
10375	73	3010
5580	73	8934
10981	78	4881
11978	47	5775
9776	72	10664
14896	27	8665
1387	73	2070
8690	73	4176
882	40	10436
13627	73	5828
9382	73	3410
1353	80	1354
11713	31	14747
9145	73	5728
5241	73	4327
1009	78	6408
13221	73	14384
14503	73	13781
78	27	4791
683	78	4866
2964	73	6110
6842	73	2709
6170	69	7131
14797	73	9859
11206	31	2369
12614	73	3139
1090	78	14416
12928	74	5691
10537	73	5059
4176	72	3954
9483	73	2528
4528	31	5773
6344	73	7790
5247	27	4357
13726	31	13857
120	73	14329
13948	73	6198
14260	27	11150
6936	73	10378
10702	73	1978
249	27	6169
6942	73	7960
299	47	6207
3035	73	8662
12486	47	5081
8107	31	11538
1602	73	2600
12222	47	14487
7702	73	4853
5253	73	7858
13311	78	2773
10397	47	7041
12898	31	3142
10888	31	4110
8371	78	7930
9489	78	427
12373	27	9934
10700	78	7058
3158	23	9933
2609	73	5870
13452	73	10513
14279	78	5032
13002	78	11167
3649	18	6193
1400	73	6844
5140	73	3450
775	58	5774
11623	73	6110
11222	78	2821
13099	73	14527
1456	27	9875
14411	73	10490
743	73	7876
6579	73	1365
12513	73	6199
870	72	6106
4365	39	3638
1881	73	8774
8180	73	4653
10065	78	5903
11928	31	8016
9369	31	5773
13211	73	9154
11040	47	4882
4752	40	8037
4856	73	3408
14811	27	4749
14640	73	10595
11728	78	4095
8889	73	1421
4034	27	2097
1883	73	11303
14554	73	11137
8228	73	4897
11054	47	4380
12346	73	7681
12846	73	1673
11848	73	4176
5530	27	7728
8860	73	9577
7358	73	11131
4013	73	9967
172	73	3449
2173	31	475
1373	73	11007
7055	80	7046
13626	31	13690
11941	31	11263
13567	31	4177
4030	78	1850
4210	73	6345
272	73	4725
11933	27	9095
14616	73	3162
12288	73	1237
6771	44	6215
6052	78	1168
70	73	7999
7487	15	6271
11701	78	9829
8354	78	6328
5448	65	1438
3021	65	3637
679	73	9642
13982	78	11400
10637	73	1544
11205	73	873
10470	73	10083
13381	73	2290
8110	78	7588
127	78	2865
1722	73	7821
2727	78	4637
10939	73	8552
3710	78	6393
1809	31	11328
10959	47	7063
2648	31	7078
9445	78	7777
10124	31	6330
8980	78	2858
729	39	7400
8477	73	14132
5263	47	4346
230	73	8668
9811	20	5918
14693	39	4353
6536	40	7812
12357	73	7709
2965	73	13786
5520	76	14237
3121	78	6398
10254	31	3232
1690	40	8469
565	73	1826
2735	31	913
14736	39	7753
2486	27	5029
4671	31	828
4197	39	2151
9545	73	2247
12874	78	6325
28	73	14851
9443	47	7589
12832	65	8700
10943	78	11418
14681	47	7361
12427	73	337
2790	73	5795
4840	73	2493
554	73	1421
2720	27	2122
428	40	4830
50	73	6471
2350	73	1847
8328	47	11486
14176	73	6630
8671	73	2182
12887	73	6411
582	65	9502
13643	73	6110
13165	73	14367
2230	73	4293
5068	73	4983
11551	27	11168
11768	73	1764
5	78	14247
8399	15	9123
8272	73	2247
5402	47	278
4523	78	7520
14623	27	9623
3810	73	812
14082	65	2800
3427	40	327
3578	73	4563
13391	47	2833
9147	27	4163
13970	27	7962
14703	39	2864
11569	73	2930
11968	73	11074
2241	27	6013
6051	31	1131
12116	73	9090
12775	27	11006
379	78	7975
676	78	14353
1206	73	4251
3383	73	9639
8923	78	6904
540	73	9236
10706	73	14731
6770	73	5835
2507	73	2523
12686	47	6608
6819	78	10686
5150	78	5782
4767	39	9635
8033	73	10034
4353	39	7814
13933	78	2142
7342	27	413
8719	73	7777
13539	73	4123
8566	27	10147
14935	73	2838
1098	73	10349
4620	31	440
5544	73	5219
12585	73	14485
8216	27	2375
13428	27	7858
12550	78	11339
8218	31	14741
9258	47	5299
4834	73	11338
2332	47	8003
1622	27	5893
14540	78	4174
9752	27	5747
7725	20	3555
8083	78	3226
6946	73	2841
8712	73	5989
13232	78	8866
11986	65	2062
12967	31	3637
14320	40	5014
10491	53	11897
10905	31	11177
13342	73	7777
12012	73	9061
11577	73	8774
2195	73	6483
12742	73	4358
2671	27	6753
12780	73	4684
10168	73	8437
8032	65	7898
12263	47	1794
3723	78	8042
1347	73	2069
3863	73	6664
11721	47	4060
10042	73	9596
13985	73	855
11901	73	5898
1141	78	5764
2236	65	1253
9645	73	3527
8113	65	8046
14886	27	5065
9443	73	2182
9685	78	3470
3885	27	9978
272	73	5952
4677	73	5214
7853	73	6975
6913	73	9215
12163	73	1737
12047	27	2062
12387	27	6332
9706	73	6511
10543	27	953
3128	65	1322
14323	27	6203
9295	27	10040
12976	73	2560
12199	73	6083
558	31	2883
10916	47	6356
4035	78	468
12638	73	6268
11638	65	9929
3724	73	5028
4717	73	2180
12268	27	2062
9143	73	542
1490	73	14241
4957	73	8383
13550	73	501
12072	73	6406
1822	27	88
3329	73	4768
1676	40	14728
14834	73	5726
11702	27	10092
3737	73	804
3305	73	8863
8632	31	6185
12231	78	9829
12555	27	6911
848	78	447
8824	73	4154
13590	47	7730
11084	27	88
6795	65	4855
14627	78	7296
14736	20	7753
7352	73	6239
8372	73	4983
8813	73	9894
13513	73	7223
5721	73	6505
13061	27	4775
6766	78	7809
747	10	14872
4241	27	14871
12031	73	13593
10297	31	4061
14828	73	6113
2379	40	14995
410	39	10834
670	73	3056
920	73	6290
14862	27	6984
3971	47	7272
6924	47	8059
8975	78	2861
4032	78	9945
10177	78	3978
6981	39	13688
8030	73	7652
14816	27	3529
12180	73	7708
8585	39	6448
1294	47	6357
2633	73	2127
12102	73	2133
1180	73	6653
5173	27	4416
12989	27	9632
13499	78	3604
14207	49	2447
4701	73	6430
5556	65	14234
267	47	8403
6570	73	5909
12443	73	3352
2058	73	1270
983	31	9505
3548	73	873
4010	73	6410
11747	27	6984
13185	27	10040
2976	37	11161
11566	73	2937
10106	47	2766
3081	78	10903
1342	73	6474
10467	78	9036
13572	73	9146
3713	31	9505
8072	73	9045
10882	27	13691
8396	40	3412
10622	47	14487
5427	31	8878
12580	47	10115
14612	27	13835
5387	31	2410
14341	78	10384
11038	73	6471
10238	73	8436
12073	65	5837
6283	40	14692
2920	27	2841
12097	27	9768
12815	73	4109
7807	40	10212
14965	73	2381
4769	73	5319
8002	40	461
4520	65	6244
3149	73	6117
218	73	11167
9587	73	7431
12899	47	11078
9385	37	6201
14053	73	8140
7908	73	7051
6339	78	9262
12008	73	7904
12505	73	8130
10483	73	8085
12041	73	6782
12486	73	14771
1081	73	4315
2627	73	10345
4820	78	11077
2004	73	6117
928	73	14698
8610	27	13669
6339	73	7226
8226	78	7044
10422	40	8142
5241	73	9272
11830	78	8861
8594	27	2258
13617	78	8667
1096	65	3226
13237	73	5630
839	78	10082
7902	78	8080
7703	73	5774
12629	73	13594
12447	31	13788
14933	27	10030
13986	73	9768
11972	31	9696
6553	73	10391
3877	73	7785
3225	73	11079
8960	73	1412
12963	73	4937
12619	78	4112
12595	73	2287
10735	73	5834
13204	73	5867
1595	73	4665
7529	73	7169
4229	73	2289
944	31	1674
1191	27	3757
6797	73	9629
1380	23	2277
11934	73	514
9414	27	5029
6610	39	14397
8185	78	8278
187	78	7873
9349	73	11190
14101	73	4403
8708	40	3552
7143	78	7588
10807	78	8047
11343	47	2766
2336	47	10115
2632	31	2267
13975	73	9568
14210	78	5930
400	73	2191
5916	27	14351
6466	78	2985
3926	73	2148
6350	73	13802
11302	73	1770
4921	73	9643
84	78	84
12351	27	14402
8670	73	6640
4646	45	9282
4952	78	5753
7574	73	8150
10120	78	14570
8475	27	5063
2595	73	855
9158	31	8883
7631	27	10900
5819	27	6203
1926	27	5876
2563	31	2121
9469	78	2886
5143	73	5313
5934	40	5727
69	73	6355
9723	78	9842
8837	78	6085
14080	47	10022
7911	73	7051
8612	78	3847
12487	73	6380
8217	73	14851
12308	27	481
5686	73	5850
5438	31	963
3550	27	3444
3343	27	1292
10852	73	3200
8495	73	3641
11064	27	10040
13989	47	7009
8487	73	14235
13241	73	7128
9559	73	11403
12995	27	10127
8186	40	327
1836	47	7028
14077	27	4101
2600	40	8177
11470	78	476
10788	78	14770
5574	47	2089
5217	73	4552
2486	47	9580
11317	73	8130
3052	78	7895
6556	31	2715
3167	65	4859
3290	73	14947
9322	27	7096
14120	73	930
1574	73	6478
2742	73	7876
2413	65	11014
5563	78	7749
5229	73	13589
14227	73	7658
5151	78	14348
2388	78	2985
4735	73	2021
9026	73	8018
12586	73	3214
11069	40	13681
12907	73	7183
7065	73	5803
14286	40	7301
13137	27	6338
11712	27	4082
3572	73	2959
10974	47	3347
3702	73	4552
3806	73	3667
14228	78	10998
10438	27	8765
5177	73	6113
13050	73	3496
937	78	9584
1483	73	4331
3724	73	6179
8592	48	2976
3943	27	5060
14825	31	507
14929	27	4288
11175	40	6396
12057	73	4774
12441	73	14851
6439	73	3164
12293	73	6664
10246	39	7718
11749	73	4690
8545	73	11121
2280	57	11331
8135	76	2424
13988	73	13680
11665	31	3602
11278	73	1954
4592	47	2064
1050	73	14012
13176	73	2877
6697	40	3627
2589	73	3076
7327	73	2223
7606	72	6970
14445	31	14467
13791	73	9581
8326	73	9522
1654	73	1425
4696	73	3302
1906	78	2892
12119	31	4323
7113	73	7128
8941	72	10413
5525	73	11146
4619	73	10143
9008	73	1543
8797	27	6208
14192	73	4987
12907	73	4139
1381	78	7164
14870	74	3721
8028	73	7275
14860	27	6338
2548	31	6336
5791	73	10187
8160	73	666
2224	23	7988
13543	73	1268
10613	78	2819
2080	78	7094
8675	31	4175
4199	31	10031
6721	78	8700
239	27	5752
3092	78	10565
3024	73	11159
5363	73	5850
12734	73	6102
13433	73	13952
10527	73	1855
5027	39	4780
11510	73	1262
5345	73	4408
5557	73	1787
14874	73	6118
7700	31	9960
815	72	6250
12056	73	3855
2795	27	1476
11763	73	7789
12193	31	5823
3964	27	5876
10973	73	9581
14647	73	7740
8601	73	2145
2909	78	9191
7455	78	7520
9867	78	1253
5800	73	858
5398	47	2796
2781	73	1981
12248	73	5042
6952	73	5832
1041	78	11181
10916	73	10204
14482	40	1304
12018	73	480
6064	27	2666
9483	27	10745
12592	27	14515
1812	73	3508
13066	73	819
12519	73	2127
13961	73	1260
12450	65	7059
5593	78	4095
6778	78	10746
10433	78	5988
12791	73	2929
1983	73	10696
4820	27	7895
10062	73	3612
3977	78	6013
9506	39	436
13917	47	4438
9914	78	4081
4941	27	7224
13649	31	14357
1279	73	2634
12368	73	4084
9346	27	8665
1663	78	433
2914	73	320
5114	73	10525
8244	65	2666
8950	78	87
7334	65	10091
4040	73	8986
7385	78	3614
14028	73	733
6858	73	10782
1072	27	5747
3179	73	7943
3720	31	11328
9475	27	3443
650	73	13934
8496	73	6800
13874	58	10754
10798	73	591
1562	31	11135
8485	78	10406
2342	27	9778
7254	78	9302
7885	73	3555
9682	73	6104
13966	47	9981
13979	40	5215
11681	31	11539
8340	78	3934
9165	47	1775
3278	65	4796
9525	73	10517
763	47	4895
1033	73	10578
12587	73	7914
13085	31	7310
68	78	589
1386	27	6674
6884	73	6195
4186	78	1533
14120	73	9724
1728	73	6103
7021	23	6301
10266	78	7925
10225	73	4159
8677	73	6059
1123	47	2147
2642	27	9119
12170	73	6239
12895	47	3688
6840	73	14310
65	27	4758
8736	73	11520
11270	73	6826
5585	27	2867
200	78	3544
14138	72	3667
5210	73	2764
3799	73	2189
11210	73	9637
12700	73	10727
4471	73	2123
4951	73	4048
11090	31	4328
26	73	5910
3996	73	9017
128	78	5016
14163	73	2114
1211	73	9272
3895	73	4760
10197	73	6687
12138	47	336
7286	73	6257
7823	58	9114
8375	74	1563
12630	73	1411
9177	73	4987
11024	73	5337
8958	73	9030
2485	78	11080
2921	73	9202
1804	73	6102
8506	31	302
9419	73	6036
8289	73	14574
5514	73	10241
12939	73	883
4518	78	3235
3289	73	2893
5445	73	1162
1316	73	2360
1723	73	10180
6821	47	6262
12090	47	10299
14087	27	1791
9877	47	2880
13123	65	6035
12714	27	6419
12959	31	2762
1067	73	421
8591	73	5176
7851	73	1530
10558	73	10372
7381	20	7373
7211	73	5728
5071	73	1787
3406	40	1407
1605	31	2773
7229	47	9981
13099	27	14351
14552	78	2797
11547	73	3662
7131	69	13906
3271	27	7123
7200	73	346
9620	40	410
13387	31	2121
13575	78	5804
8188	78	4414
14333	73	7712
12595	31	9627
11175	40	8446
5008	65	4108
2363	73	6634
1885	27	7874
7173	73	10372
1348	73	5932
9016	31	7691
12688	73	10596
344	40	13676
2610	73	7778
9412	73	6640
830	73	9039
14239	73	2286
2923	65	11380
13368	78	6427
3622	47	13685
12005	78	6293
8044	13	5564
13079	78	6187
11895	73	3826
6563	73	10513
7385	73	5984
1921	65	9829
12602	78	11400
12267	78	4063
3598	48	3773
13749	73	7084
11213	73	5870
1026	39	5038
2591	78	8761
8622	73	11143
3006	31	1410
8518	27	1008
3351	73	881
6358	27	10021
7241	27	10746
6450	73	7608
6657	65	5768
14548	73	6105
6768	65	14719
8794	65	10093
8238	73	325
2660	47	9812
13378	47	7956
378	73	2370
13418	73	6152
13462	27	9263
13644	73	5478
230	78	8668
13431	73	13903
13671	39	5942
14113	78	7588
14780	47	7081
10584	65	1131
11820	73	9774
4607	27	10215
13306	27	1778
3743	78	7164
10728	78	712
8250	73	7958
2021	16	298
11651	73	2838
4752	39	8722
11808	73	10758
12977	27	14822
307	47	9812
3046	65	8941
12047	78	5988
12202	78	5736
11047	27	8941
4992	27	3430
9345	78	4297
5566	73	7748
11961	73	10842
457	40	6176
8275	76	7522
928	73	7939
13988	73	1255
2031	73	4386
3151	73	8089
323	47	4253
6677	70	14575
2657	78	9955
12440	73	2395
13646	73	2534
14790	73	9666
579	31	14528
8362	73	431
13176	78	9697
12853	27	441
6619	27	5858
8889	27	4746
13387	47	959
14029	73	9765
14153	73	10205
13056	73	3606
6774	47	4882
9871	65	5056
3383	31	8932
7286	65	7854
58	73	6257
751	73	11122
9489	73	9039
11508	73	1022
4941	73	10752
7770	73	8934
8171	78	5753
4488	73	2600
11896	73	5792
2503	40	10730
13225	78	14444
6962	57	1764
14197	31	14768
9670	73	3206
2661	47	7516
2480	73	9518
10341	78	1853
1	78	9783
8305	27	946
636	73	5127
5115	47	7694
13512	31	11538
14622	73	5472
14390	65	1689
5527	73	859
2341	73	7721
4118	31	2369
10101	72	5898
1377	73	1162
1450	47	7017
13739	31	5768
12249	47	4900
6953	78	8474
10138	31	14742
11059	65	7723
9436	73	6166
4735	27	4417
13939	78	6287
108	73	9054
14736	39	8867
9701	73	10017
7408	73	5756
12459	78	8867
9334	73	6054
11044	39	1599
11809	73	7985
10553	27	8656
14181	78	5804
12181	73	14509
13328	31	5773
3462	39	14222
13179	31	6280
12289	73	6480
11041	73	6053
7316	73	1543
12278	47	9812
13465	27	10749
12497	73	1543
3115	50	8649
9561	73	11398
12322	73	6374
13326	73	416
14245	73	7082
7298	23	9057
2265	14	5564
10068	72	7380
2215	73	747
9385	37	6370
3021	47	4193
4923	78	3367
6561	27	5647
11723	73	9215
1466	73	1235
11861	73	6624
10427	73	14955
313	73	2409
13918	78	7975
14660	27	6672
12713	27	7117
10067	73	7277
14584	15	1253
12430	73	7970
7146	73	13888
9135	73	3237
1122	73	9588
9224	40	8177
9141	40	9243
11429	73	9581
1339	73	7725
14172	73	7995
12806	73	10962
7473	73	7121
1381	78	1258
1458	73	6345
7439	73	8012
7533	73	14485
8017	57	9792
14105	73	2768
1724	27	5752
2584	73	5315
9438	73	6305
2083	73	2842
4927	73	866
922	74	13605
9063	73	8537
9380	78	14234
8743	73	7114
4927	73	8858
3355	65	2062
10904	31	2527
5180	73	4873
5186	27	7054
7386	47	14997
3811	47	4861
11125	27	3672
13022	73	11134
14842	27	10524
13899	10	12883
12493	73	7765
10498	47	7596
7143	73	2672
5171	78	11380
12979	31	963
5435	65	2274
1510	65	7905
13036	78	8700
13956	27	7646
10929	78	9783
10885	27	11512
11735	73	10398
2595	73	4256
9427	73	5337
14866	73	14285
8791	73	6828
12633	73	7899
8684	78	5861
14855	73	7620
839	78	1429
2090	73	5512
4841	27	2994
1872	27	6219
1456	73	6433
13550	73	11381
5585	65	6962
5444	27	6243
13158	31	3857
3306	49	5564
26	73	2026
11410	73	8130
9881	78	7764
5180	73	7033
6394	69	1289
5279	47	9057
4305	39	4433
13791	65	11534
12708	31	11455
1998	73	6080
498	39	497
3793	73	8986
5151	73	10780
2646	64	11223
674	31	351
8231	78	14695
5912	40	3558
536	73	4293
13384	73	6593
14058	73	10039
11839	73	4443
12053	73	3561
14716	16	11498
7006	40	1407
14141	78	2076
12913	47	8458
2874	40	8469
10907	78	2034
4229	73	7756
10721	73	9969
4191	40	7812
2032	73	14961
12248	31	10243
9377	65	6048
1178	73	4090
6722	73	6300
3106	65	1825
14980	73	416
2165	78	9583
12903	73	5219
6861	73	2774
13540	27	4423
6884	73	3488
12383	78	8521
680	73	10019
2971	37	9904
13332	73	7995
14561	65	11177
14156	65	2062
12982	50	9053
14140	73	7431
4722	73	9564
9056	70	1889
12197	73	4497
13009	73	5759
12535	27	2062
6007	73	8413
9486	73	5214
12644	65	2800
13077	73	6708
3699	73	6652
3157	73	4862
3249	27	11124
2861	13	14258
11464	73	7043
5519	73	2462
4586	73	4370
303	31	963
11598	73	3396
11653	78	5868
14037	47	7047
1491	47	9773
3812	73	930
11929	27	4759
180	73	6516
14194	47	8528
2013	73	748
14326	31	10164
13318	73	6782
9326	47	6799
4313	40	8102
2905	73	4981
13644	73	7274
11491	73	6435
13447	73	1336
4463	27	2555
368	73	960
263	47	7064
7640	27	9607
12215	73	4475
4669	73	2836
2466	73	14731
4208	27	6699
3647	47	11067
12923	78	3587
11488	73	462
2333	73	3207
12827	47	8001
12400	27	2866
14033	73	2120
12128	31	4860
5479	73	1964
8889	73	3673
1718	73	6081
9616	73	2798
5131	73	4239
14238	27	7644
11667	78	1949
6867	78	3588
10919	73	6968
9869	27	9632
9715	73	6290
8207	73	10568
1374	47	9624
4571	73	470
8635	40	9880
8371	73	6182
14277	27	11264
9351	73	2312
7452	78	9945
2614	31	4427
3854	39	8722
9418	64	2172
949	73	6964
2531	73	4008
3938	78	6231
6900	73	819
2954	73	5893
10538	73	1976
12135	78	9231
12735	73	797
12147	73	2371
8291	73	3538
2497	73	4075
10905	78	11177
13612	78	6048
6869	65	4075
7449	73	10418
13241	31	13857
8893	73	3513
12608	73	14511
12762	31	1977
8855	73	587
11833	73	861
8842	73	6192
3594	27	9253
3905	73	6142
14448	27	10030
3578	31	516
14820	31	3401
1882	73	821
2536	73	9522
8593	73	5850
12787	47	6038
8387	73	4255
11248	31	5831
3727	73	5968
6774	65	9875
7553	73	9564
9748	73	10029
2758	40	13835
2646	78	1404
3839	78	1008
6574	27	6425
7416	78	1253
13651	47	959
2104	73	14574
13165	27	9632
11999	73	2135
12754	73	6027
13201	73	1817
10206	73	7271
7846	73	2330
12342	65	14377
6562	73	10372
757	78	4535
2852	73	11153
11988	31	3142
9415	73	6706
10768	78	6309
2542	73	851
8029	31	2267
13961	73	3408
937	47	2535
1052	73	545
8170	73	6968
14018	73	14851
14192	73	1784
5695	78	7300
3815	73	1289
1234	27	4791
10653	31	4319
14634	27	3430
11431	73	9215
10889	73	1305
6296	13	7172
14981	73	4390
5047	21	7643
2100	47	2826
3904	47	6415
11594	47	5031
11199	47	6301
7102	78	1641
7844	73	14726
6041	73	9734
7317	73	10374
14831	73	2929
438	40	5729
7564	27	14417
7255	64	13028
11201	73	5314
9911	65	10666
8743	78	14708
5610	78	2277
11982	78	2153
10845	73	10351
13103	23	7801
4274	73	9946
13532	73	7876
11774	27	7369
5073	47	4193
2989	31	11261
11927	73	2223
5937	78	4349
14884	73	9625
8083	73	7419
6941	73	6856
13329	27	9883
5662	73	2140
7141	31	5092
9678	27	4886
11084	78	8661
1527	73	6823
8592	78	9855
10474	73	6682
1403	73	6442
8819	73	501
13150	31	9574
8120	73	10027
5074	73	3450
1051	78	7651
3150	73	3215
14226	78	1856
3039	78	4881
14647	73	14704
4214	31	9223
11997	73	3243
14983	73	4386
619	47	14569
1380	78	14010
164	73	4104
2274	40	9684
13514	73	7939
8826	73	820
4352	45	9284
8577	78	6085
13212	31	14863
12065	27	6136
5953	47	13705
5535	78	8598
12929	73	3517
2888	13	6816
3160	78	13900
8848	73	6612
13227	73	6257
5352	73	485
521	78	9304
2647	78	6330
3490	49	9502
11365	78	418
1055	65	4796
3958	73	3631
9681	73	412
12446	73	9323
4905	31	2527
6561	31	14467
2781	27	6215
8717	73	4109
4196	40	4197
6641	40	9291
14803	31	2832
4216	21	722
127	27	6330
7337	31	9572
11446	78	13677
11244	78	5844
12216	21	10162
2662	25	8953
11848	73	401
11930	73	14657
12019	27	2097
9110	25	14576
2479	35	9875
6098	73	9765
3915	78	6393
1333	27	4361
3889	73	2605
12016	73	2312
14192	78	4706
5850	72	7379
6161	73	6270
8780	65	6251
11685	73	6239
5553	65	8884
148	73	10271
3368	47	6407
11838	73	401
8371	73	7708
9742	73	9786
9465	73	5737
1230	73	2958
5259	73	5885
14254	73	11330
13895	78	6143
12234	73	6739
11815	73	14249
8491	74	10866
14442	73	14005
10410	78	14720
14926	73	2140
10923	73	6652
3302	72	13854
5375	73	6252
5574	65	722
14674	73	10017
14112	73	3673
551	73	10229
23	78	4405
8033	73	5832
8645	73	6081
4581	73	6183
14735	40	2805
11563	73	782
4925	74	1315
1902	73	6641
9565	40	2274
9005	27	3441
3042	73	484
13770	78	5270
868	14	9501
4718	27	3623
11280	73	2179
2980	47	4346
1584	27	486
645	73	8439
219	78	3759
5543	73	8774
5706	47	4193
14963	27	4422
1118	73	3047
12709	78	1637
837	27	10109
14640	47	1169
11811	27	14134
2621	73	9795
11315	73	11346
8126	27	7905
5729	40	7706
101	65	6416
3584	73	6379
12483	73	9848
14692	39	9957
11814	73	11174
5287	78	14709
7021	73	2308
1804	73	10160
12091	73	14261
9791	40	4771
12036	73	9789
7458	78	5175
2511	73	1289
1086	73	6628
2001	73	6080
4227	31	9117
53	73	2669
7199	27	9118
12660	73	859
13636	31	475
5493	78	13897
13844	78	4330
2504	73	936
14155	73	9055
9163	31	14357
6553	73	3694
14598	31	546
8896	78	2277
14989	65	2666
11788	73	1133
6749	73	13680
2198	73	873
5228	73	5883
12621	78	7764
5551	73	10080
14174	78	5225
4848	73	11259
14325	73	9797
1500	73	7973
3474	74	186
7768	73	13878
5195	31	9627
3738	65	931
6896	31	3535
12601	73	14483
2578	73	6371
2006	78	11423
2301	72	5885
7826	73	6102
3119	31	11260
8639	47	7649
11287	73	9509
3107	73	7755
12693	73	3056
3392	27	3465
9440	27	9717
11700	73	798
13557	73	459
7148	73	5928
10703	73	1107
13590	73	7476
2728	78	4102
1556	73	10962
7436	27	6398
11840	73	5839
6574	78	6981
1915	73	2050
6291	20	6522
7577	73	5012
8259	65	6531
11300	78	8862
13613	78	3008
14945	73	421
27	73	9884
372	73	2200
8519	47	5775
2082	73	3496
4542	31	351
12250	73	5972
9475	73	10551
8823	73	11116
6771	78	8664
7298	23	8059
10809	73	10314
7535	47	6928
9014	78	1288
9428	73	9307
11247	78	2139
2619	73	13780
13332	73	5802
8304	78	6144
3365	31	7078
10948	78	1850
13768	27	10362
8322	73	5907
4732	73	6782
10342	73	10695
848	73	1847
8927	47	2089
5681	73	2937
10706	27	14573
3315	78	10161
13919	73	9786
12024	73	10374
13069	73	10693
2474	73	10241
12734	73	10160
128	31	9694
8201	47	6207
13851	72	6644
2966	73	9778
7100	73	7670
4561	78	9219
5409	78	6048
5150	47	14487
10688	73	14395
9361	73	9362
10793	47	2766
8348	27	9828
3054	72	10037
12592	73	2692
2627	78	9697
9027	73	11127
14686	73	1833
14219	40	5014
14112	27	4630
12716	65	7895
1858	65	2901
14535	73	2891
2340	73	3661
11712	78	6531
5308	27	5649
2406	27	1979
10624	73	9734
17	27	8129
8485	21	7643
8587	14	2829
2611	73	14319
13071	27	4063
928	65	4262
5178	73	3612
2918	73	6664
5498	78	8986
8829	27	14705
2461	21	1846
5480	73	2140
10132	73	10184
10497	78	1168
7406	47	9624
8948	73	7429
10876	47	2597
5595	73	7663
12117	73	2998
5254	73	3187
11851	73	5039
896	65	4063
6766	73	1833
8182	73	3609
10214	73	11286
6568	73	6742
3848	47	10381
6776	73	9967
295	73	3215
13936	73	1419
9410	73	10000
2915	73	5985
13541	47	6608
3900	73	6249
1871	27	6219
13216	73	4321
1705	47	13685
4852	73	4371
8277	73	14000
7838	73	10083
9147	31	9571
8453	31	13690
12110	73	4873
9681	27	11517
6754	31	9260
13382	47	4086
8557	27	9578
4486	73	9776
3957	73	10349
4799	73	10418
11935	47	2398
5090	78	11124
7097	48	6735
11888	73	4440
1815	73	4504
13322	27	7292
4180	47	9513
2248	78	6672
1222	73	8849
8726	73	802
12354	78	6375
7291	73	1787
1596	73	11303
14870	65	6816
9546	73	9200
1066	78	9584
4347	40	9939
11155	73	4544
10261	31	4553
4613	73	2992
1886	73	3631
6693	40	3627
10855	73	5970
5509	73	9312
2953	73	7466
5105	65	7858
12256	47	4086
13461	73	6355
7021	73	2600
628	73	10188
829	73	13845
13944	73	7474
8694	39	5083
6766	73	10752
12788	73	5730
111	50	5983
14015	73	11143
6449	47	10380
9700	74	10256
2310	27	3232
3765	21	4911
1121	47	10311
1483	31	2734
12683	65	5652
3125	73	1766
12997	73	3219
8203	47	2826
10217	73	10841
11947	73	6204
10913	27	14352
3296	78	513
11237	73	6648
10467	73	7088
11678	73	6835
2557	73	9199
13414	73	11519
6767	78	1259
9425	65	7921
14548	73	5865
6864	27	3835
13043	73	6962
13130	73	11074
10507	47	6685
14016	73	10186
6771	78	6408
13732	73	3007
12630	31	5949
14600	31	3001
365	65	931
7889	73	13910
5590	73	14704
670	73	3215
10510	27	512
3263	78	4439
12506	73	8764
5369	73	9231
13311	73	276
13702	73	14471
10506	73	5337
8923	27	14751
8146	73	6523
13817	27	3185
206	73	7494
1880	27	6223
5522	31	6261
14046	49	2447
8584	40	14280
1471	27	11006
14928	78	4285
12743	31	8878
14040	73	14367
10450	73	6257
14029	73	10163
5421	47	9974
12394	27	4775
203	31	9190
10049	73	14749
10245	39	14703
10832	73	6423
362	74	10613
2625	78	2608
1897	73	2453
12841	73	9804
4825	78	3071
13450	73	5059
9327	73	4327
5616	27	433
5524	31	9239
4520	73	9092
12849	65	6083
3013	73	14743
2476	73	14374
13773	73	4506
14917	73	6326
13351	65	9611
891	73	6525
6797	73	9125
3882	73	1761
9445	73	7777
2062	10	640
1524	78	1437
8217	73	4289
8780	31	10110
7909	73	7407
7485	73	2878
6041	65	1893
12694	27	5960
10874	73	2261
11194	73	9373
12210	73	5879
10170	73	419
14970	78	5817
4969	78	11161
840	73	3641
6949	73	10083
4967	47	2818
2193	73	3621
3875	73	9197
9840	45	9282
3865	73	881
4192	39	14308
1210	47	342
14063	73	10017
1619	78	11167
7573	78	14353
5618	47	9077
3298	73	8200
12946	73	6081
5306	27	8665
11240	73	1157
9913	31	9824
8678	73	3698
3292	47	9077
13373	27	8656
5705	65	6925
8833	73	8430
14664	47	1945
14302	73	6651
8974	73	9510
11997	27	88
14191	47	9606
3474	78	5955
1002	73	2223
7844	73	7609
13613	27	946
1953	72	456
2737	47	2796
396	47	8447
1442	27	6224
4266	73	2453
12791	73	7275
10497	47	2149
13103	73	6258
13469	65	9226
8584	40	3438
8004	40	442
9001	78	5788
12025	73	8595
10288	72	4368
9736	73	6129
6283	40	3209
1527	78	9098
14196	27	3061
12814	27	8669
13457	65	3468
4023	73	924
2908	31	2267
61	27	7978
5163	31	14746
12177	31	9780
1092	31	2285
4300	40	3753
6948	73	13850
8188	73	9967
2016	65	9226
2199	40	4373
7246	73	10251
132	27	14351
646	73	10520
3817	27	14352
9463	73	9640
6044	40	11167
10527	31	3001
6359	27	10043
1890	73	13883
12221	78	7038
10500	73	5884
4345	73	3934
12346	47	7596
7232	73	8017
10862	73	8651
2358	72	3261
10879	73	5909
14624	27	7127
4877	78	11379
6847	73	6825
5419	73	6437
14186	73	2307
2199	39	325
10365	13	7172
1876	73	14483
12656	40	11167
11747	73	6706
10995	73	8438
12364	73	7305
11787	73	6291
1401	73	5887
2228	78	6373
13546	73	7303
9404	73	724
12682	73	9629
2810	73	10575
8407	73	10313
10486	31	4137
13635	31	9830
14560	78	6970
13642	73	11390
778	40	3627
2794	73	6513
8277	73	2273
3205	40	5852
3416	40	6496
536	73	3450
9463	78	5782
11879	27	4802
3983	73	3067
550	73	11130
1729	31	4319
6942	73	2836
5467	73	9795
8298	73	5057
3720	73	8434
9441	78	2985
6987	78	5466
13760	73	8464
6458	40	3627
260	27	13901
1285	53	65
12442	47	1169
682	73	8934
10715	73	4916
4187	73	2278
13455	73	2154
4188	73	4286
1433	73	8649
7498	73	2708
3045	27	2662
12143	73	14565
1648	73	426
1489	31	9696
3861	73	14287
11091	73	2362
10688	78	284
8247	78	9036
7698	39	6330
1506	27	4097
14641	73	5880
13214	73	3214
1226	73	9146
10881	73	5784
11040	73	11133
9930	73	9848
14758	40	633
848	73	14371
8581	78	9302
11992	21	7060
12167	27	14318
6535	31	11522
2969	73	13678
4027	27	2455
374	78	8474
7826	47	3640
2201	21	10162
4378	39	7590
2505	73	11141
1408	20	6623
10172	73	2223
12340	47	14010
6366	13	14893
227	73	4376
1091	78	595
7553	27	14270
9424	73	9797
12052	27	6330
1372	73	13841
14211	73	8668
9712	73	4443
10947	73	2929
838	78	2268
1697	73	968
10911	73	2769
8804	31	7598
14558	78	9085
5934	40	10038
14640	27	9595
8242	73	14370
7545	73	7121
14099	27	5837
182	47	6168
8486	40	442
1630	73	5792
8149	27	4746
983	27	7591
8786	27	10230
4573	27	867
3997	73	5828
10937	47	4369
14521	73	7380
9027	73	6593
10521	73	5472
8591	73	6639
3134	27	4148
3131	73	7115
12441	31	11144
2811	47	10129
8303	73	833
8530	73	420
12582	27	9942
4014	73	7738
241	31	5092
6729	73	7388
8913	65	14822
5601	73	6543
12064	73	7854
831	73	5976
11669	78	7764
11081	27	10038
13163	73	10669
11196	73	14730
3395	27	5862
11841	31	14745
1166	78	9528
4222	78	4114
11744	27	4359
746	27	6244
11799	47	9974
12085	73	5801
4947	73	9854
10330	27	7096
5140	73	5769
13532	27	4162
244	73	2394
1208	27	1008
4929	78	3630
8343	49	7172
12393	73	7653
2966	73	662
5583	78	6393
4674	31	11179
13235	73	8470
438	40	947
12425	73	6001
13608	78	4503
5436	78	4508
1184	73	7981
11735	73	11528
9410	27	14455
1226	47	446
7561	73	9030
1710	73	9285
11325	27	6265
8816	73	7315
14554	73	1425
13162	73	6081
12417	31	4100
4510	13	4861
14165	73	14315
6795	73	5908
10893	65	2142
4378	40	8037
9008	47	6094
4025	73	4396
14173	27	7517
9587	73	2247
12080	27	5752
10980	73	14458
6718	73	9798
8271	73	6652
12810	31	860
14548	47	9805
8963	73	2216
14108	73	9851
4659	78	5651
8448	27	5032
7099	47	9974
6657	73	4382
6234	72	14366
10753	27	10247
11756	73	6901
5264	78	11138
2332	73	795
553	47	7674
5675	73	1763
8039	40	5215
2547	73	3445
13434	78	10406
12336	65	9942
1698	47	3466
3571	23	9120
11252	65	8661
16	73	6639
4042	73	3546
5132	78	14430
11670	73	3057
8156	73	1543
5483	15	823
3158	23	8382
9865	78	5774
11604	73	3060
13231	73	4176
13727	78	3241
14411	73	8627
3123	27	5788
13480	73	14248
1110	78	14415
13362	73	14765
13989	73	7983
11551	50	5832
8348	31	5334
4849	31	13690
9746	27	1583
8822	78	6531
1186	73	14951
9060	25	8967
11471	78	2152
11555	73	8398
7567	73	6101
7173	15	3629
5118	73	7183
7262	65	2800
8557	31	913
3222	73	7748
13891	73	11521
202	27	9114
5686	73	7653
373	73	2533
4681	78	14472
2521	73	5333
6350	78	2698
11481	73	1976
4906	73	11528
235	73	3063
8703	73	2274
2248	73	5866
5695	27	10091
14634	78	7038
408	27	1960
11637	73	2932
8391	78	11379
6821	27	9953
7322	49	2976
11236	73	14696
13422	78	8300
6477	78	7046
14681	65	9883
5505	78	7978
1317	73	1990
9669	27	8006
4466	78	2858
1228	73	7765
3124	73	6252
7111	73	2274
3937	47	278
934	73	7778
3	73	10420
11846	78	2841
2972	31	6336
3311	65	2985
5365	47	6089
13620	27	5761
13143	73	11015
14687	73	6489
7561	73	9564
4025	73	9042
5655	43	13189
14674	27	11473
13831	78	8700
8379	73	7379
9444	73	9967
8355	73	3480
3900	73	1338
4840	73	4819
3875	73	808
11293	27	9507
8469	40	3462
2776	73	776
10852	73	13855
6563	73	1474
6951	73	3691
3832	73	4158
10913	31	351
10117	73	5828
686	78	5940
2430	73	13886
11300	78	8881
12149	78	8881
10711	73	10672
638	27	6158
13562	73	8423
245	73	9782
4806	73	9851
14526	27	5811
3510	27	13859
7021	73	6829
1177	27	4416
12437	47	4431
2904	31	10166
10336	73	5726
5354	47	2766
14903	65	4322
11842	27	14732
51	73	3684
9381	74	5349
536	78	6416
5494	78	3434
11120	21	10247
13158	73	9777
2660	31	5321
10123	73	8596
10875	73	9272
8580	27	6208
1245	73	1680
12906	73	14480
12769	31	4177
5276	73	5849
11125	73	9992
1382	73	5882
13652	73	10377
10451	47	6608
529	27	8543
3962	73	4687
6583	73	5940
12387	73	7474
11828	73	824
3337	73	4166
2557	73	2273
1937	73	7994
12162	73	2148
7155	73	14988
1617	78	13787
1385	31	5773
3573	73	2282
13085	47	3640
10476	73	7734
5089	73	9637
7338	73	4087
12393	73	8651
11928	78	5838
13629	73	6109
10269	27	10749
12096	65	3003
4788	78	9399
10699	73	2669
3591	27	2555
13434	73	14384
1317	73	8520
11856	73	10730
12495	78	7081
13323	73	6254
12315	73	11377
2586	47	5626
10829	14	14276
8427	73	9625
12104	27	10371
10475	73	7131
8997	78	2078
4709	73	777
2972	31	1538
2036	27	11382
5223	27	10162
253	27	6421
12504	73	2769
14045	78	8418
12543	78	7593
1578	73	5884
5872	39	1546
5476	73	14394
9737	27	9498
10981	73	6259
11811	65	14134
12362	73	7223
9156	73	2247
13409	73	10361
4674	73	4819
2466	78	2116
12267	73	3061
13357	65	2800
6992	73	8015
691	73	6908
9747	73	9323
12738	78	2112
7260	73	2849
4015	73	5769
2791	73	9570
7261	65	406
7828	27	689
12083	31	3008
6546	73	10003
11577	73	9109
11032	73	6107
3101	73	4936
11373	73	5314
3266	78	4984
8388	73	7239
12008	78	1285
12228	73	5880
9352	73	2556
10197	47	7361
904	31	14711
12763	73	13952
12815	73	543
14271	73	10894
10637	31	4553
362	78	2819
11082	78	9191
14805	73	14290
14920	47	7184
10058	78	4112
14856	74	9700
490	40	6176
6821	31	4436
8149	73	4879
6815	73	7407
1462	78	5466
7068	73	10011
10290	72	9241
6787	73	14485
8455	78	5725
11544	31	14484
9959	39	10392
4556	73	4507
13152	73	2117
14848	73	3076
2651	73	5350
12816	73	6742
12566	27	4535
3097	73	6181
5521	45	9284
412	58	10143
12386	73	4371
2042	73	319
3741	65	1008
8799	73	10519
12239	78	9943
3752	73	8959
11649	73	8384
5048	73	1305
1721	73	13872
12779	27	9632
6491	73	9850
8034	31	11328
2861	14	14258
14596	73	14710
8854	73	2298
4189	73	7733
12333	47	7589
14848	73	6648
8851	31	6185
10983	73	6669
5306	78	14772
1079	73	14287
11271	73	7777
3518	73	5319
3518	47	9979
8729	27	5845
14534	78	1753
2725	73	876
758	73	9034
9009	73	401
7537	73	6102
1848	39	89
10899	31	9260
12554	27	4097
6763	78	443
14488	39	2125
13538	27	14309
13921	73	1431
14602	49	14258
12723	78	10681
5638	27	6371
1903	78	3411
751	73	933
14298	73	6005
223	78	10294
12054	78	8700
12996	27	9098
8585	39	14733
568	47	9569
801	48	5564
2379	40	3851
12913	18	8474
8290	78	381
9605	73	4298
11232	27	7395
385	78	1404
8847	27	7921
4680	31	13586
11217	31	10363
12393	47	8403
4921	65	11382
8601	73	2798
8335	73	9215
12802	31	8932
10628	73	9181
10470	73	10007
12528	73	6434
5502	78	384
3850	73	3520
11940	47	9580
6013	16	2241
12173	73	6005
11431	47	7064
2947	73	3698
4013	31	3401
202	73	13886
8802	73	6061
622	72	500
11676	73	10513
8343	74	10120
2218	73	6189
12184	73	9097
14891	31	11539
14501	78	9264
1906	47	10145
2028	73	6374
13199	47	14707
5438	73	14565
13613	31	7089
8186	40	515
353	47	8937
2639	73	6513
3886	65	486
12096	31	6303
3706	78	14695
4591	31	14746
4301	27	10362
397	73	663
6729	27	9498
6786	73	14299
14818	73	3616
12196	78	4865
1714	73	6481
11212	73	10551
12197	73	957
8495	78	5378
11969	78	6397
3969	31	516
12209	73	13673
5070	73	2322
7231	73	3407
9545	73	9588
13163	78	9852
7328	73	6281
11368	31	3535
14105	73	7862
3743	73	9039
9858	40	2301
5554	73	9768
13359	73	9508
8927	65	3009
7906	78	11077
1919	47	7311
14278	73	6259
44	78	402
10871	73	2849
1137	27	10224
1519	78	4439
11506	73	11541
7022	73	4635
12537	78	8064
4745	27	91
399	73	5802
198	47	7575
11414	47	1678
9330	27	2258
6571	73	8520
9306	40	5325
1663	73	1770
7504	78	10364
14035	27	5742
12756	78	6266
6896	78	1253
8821	73	14492
10916	73	3082
3442	25	8953
12498	73	8553
9001	78	3842
11207	73	1851
3030	73	4295
735	27	4361
1392	73	10495
7550	31	2311
14735	39	8460
8981	47	7064
11570	47	9805
14903	78	4322
10053	78	8199
8707	27	3603
8798	78	9963
9913	73	4665
6656	73	7297
9339	23	4157
3368	73	2998
12432	73	6403
3096	73	10696
7154	73	2845
7030	73	2052
12149	27	10040
5373	73	6155
2944	27	9256
11814	73	5880
14644	27	7979
2784	73	2804
12894	73	8668
9535	73	6539
3042	27	10370
4625	73	3526
13640	47	14008
2014	27	4441
7341	47	9212
2941	78	9226
7812	39	10246
11296	78	4068
12828	27	1825
629	73	14699
12343	47	7028
8760	73	10982
2687	73	11482
11072	58	3483
1586	73	2126
13492	31	6078
11395	73	7777
4289	39	6378
13402	73	10179
2922	47	5879
9863	73	5832
12557	73	2986
13267	73	2102
11654	65	2933
2610	73	7390
13944	73	5910
9480	73	2836
11983	73	14953
11800	78	7950
4201	27	3441
8787	47	7028
7523	73	10301
14579	31	4389
10401	73	10179
13322	65	1272
3312	78	6909
8337	73	6249
14073	73	14691
12032	73	10033
6533	78	7925
12995	31	5092
1667	73	5965
2956	73	2050
13203	31	10110
53	73	407
13467	73	2732
6331	73	5465
10705	73	4690
10736	65	6652
10065	27	4377
14506	78	2265
10645	73	10517
13407	47	1945
13270	73	2932
11891	73	14345
10044	40	9636
9646	73	2827
11244	73	4008
5003	31	9208
14408	73	10029
12879	73	2554
6151	40	13591
8345	73	9786
2427	73	7962
1347	73	449
245	73	7363
13526	73	2365
8902	65	11382
12705	78	2608
757	73	6997
13801	49	3978
5931	20	10366
1080	73	6103
4800	73	7116
13043	27	5891
11414	78	5763
11481	73	5827
4347	16	5322
8243	31	13690
8559	73	5456
8194	31	7190
6458	39	10621
11797	27	3534
10650	48	14276
7791	73	10271
11936	47	11724
7199	73	1530
12704	27	5862
13367	21	9553
13640	27	10092
11567	65	7895
691	73	8959
10709	73	11165
8964	78	510
3311	65	426
13350	73	3139
14563	73	7656
5098	73	3410
8175	39	3427
8841	73	7738
1041	73	7815
8620	73	4335
13507	27	10748
2158	40	7977
1615	73	5337
4644	73	6623
14894	73	8273
3581	27	10746
5557	47	2149
12113	78	5225
394	27	5296
10321	73	11528
7773	65	2769
13647	21	10162
8633	47	336
11807	78	4081
10674	73	330
1628	73	14800
3518	27	5065
1377	73	2148
14767	39	2841
9483	78	4829
6881	65	14706
2584	47	10775
3964	78	1168
12296	73	8464
11191	73	9796
10898	78	3544
8605	73	4563
8755	65	5717
982	73	4489
12974	65	9493
6	73	4176
10638	73	2251
12726	73	14739
10863	65	4080
3574	73	659
13270	78	4881
10997	73	8150
11524	31	10089
13304	73	9094
13099	73	6916
5556	73	7018
3358	73	7982
10654	73	14957
6120	73	9090
9331	27	9953
1480	73	6376
12569	73	9577
120	31	10164
14586	73	10251
490	39	5033
7886	73	1788
12267	73	406
12844	47	14707
4771	39	4756
10934	65	4603
10934	73	6850
2176	73	7750
3402	73	4094
13008	73	4293
4467	73	5507
4659	78	7820
5942	40	6396
4235	78	2828
3815	31	4631
2746	78	6404
4219	73	1162
11764	27	9978
8067	65	5079
12245	27	9847
11409	78	8664
7203	27	8669
7568	73	8959
10473	78	1532
7231	73	3231
1857	73	4167
8870	31	11148
2328	31	7726
3724	27	6043
13639	73	6324
3768	31	2715
4997	31	9824
10622	73	1427
10577	78	10494
10901	73	9558
14856	78	9209
12737	73	5894
13076	27	10008
8275	76	14324
10136	73	798
10055	78	14465
8890	73	1951
9557	73	7090
13243	73	1346
14037	73	5059
2014	73	6686
13063	73	880
7914	57	7789
10217	78	11379
2688	78	9693
12092	73	11146
14561	73	4256
12603	78	3090
13140	73	4514
10992	73	6828
5590	73	2249
6464	39	4250
4731	78	6581
212	78	6904
8573	73	6250
14078	73	4115
1884	27	6215
14188	78	3367
113	73	6273
3780	74	6095
13561	47	9839
12235	73	1237
7214	27	7905
12160	47	4380
7246	73	10000
3709	47	10388
12234	78	10127
11413	73	3662
1007	78	6393
10396	73	5762
4477	40	4070
6380	10	12883
13235	27	9623
995	73	2634
268	27	5962
753	27	1253
14964	27	11517
3182	73	411
14198	27	5035
3871	31	4169
5368	73	3824
7327	73	7639
8276	27	2867
1176	73	3038
13050	73	14373
14036	73	6823
13357	78	4909
255	65	3185
4620	73	6538
14540	78	1767
1153	73	2251
8829	65	14705
8236	73	5796
2421	73	8473
14797	78	6611
12304	23	1945
11097	73	7114
7890	73	3673
1092	65	6035
9931	73	3615
11631	73	6156
8976	47	959
1079	73	4897
13256	73	8104
7278	72	3457
1214	78	11080
12134	73	11143
12782	27	4082
14526	65	9262
4642	47	9048
14554	73	10222
5134	65	956
1755	27	14478
10459	73	4665
9687	73	771
9675	73	719
1260	57	825
8102	40	8038
14939	73	8555
4557	73	6028
9177	47	7048
5274	65	9826
1514	31	11260
7718	40	9586
13670	40	6391
8847	73	4406
14013	31	440
13534	80	13536
6707	40	8585
3864	73	7970
2319	65	10081
8725	47	6321
4184	78	5458
10470	73	13905
2347	73	784
11978	73	775
14903	73	3450
9975	40	3462
12067	78	10010
12097	73	6542
11555	73	8959
11426	73	10518
539	73	9666
10812	73	1763
14245	47	11067
14817	27	5877
7391	39	7414
7261	73	389
3344	73	4152
1996	27	4441
13638	73	6738
3040	78	4766
2098	73	7419
5362	47	9122
3376	73	4336
4031	31	814
8689	78	9185
5623	39	8038
647	73	6435
10638	73	4935
13169	73	3067
7572	47	6608
13376	73	6128
10499	78	3472
7325	73	6485
12666	65	5853
10952	78	7482
13394	73	7402
9156	73	10444
313	65	14317
13077	73	7983
5242	31	8476
8568	73	587
11685	73	6668
12982	73	9053
2511	73	7940
12245	78	14701
12481	31	10243
5353	73	4049
7437	73	7945
4424	73	2370
9665	27	4004
11413	27	1831
12353	73	13808
12593	73	5832
8734	73	6971
12842	27	9826
5521	40	9081
14250	47	4380
13335	73	3520
10453	73	6997
10456	78	2759
257	73	6220
14646	47	4380
13995	78	6253
8196	78	6049
12850	73	11170
6961	73	3822
14456	25	1889
273	47	14381
3724	73	3078
12081	78	2868
12063	27	5647
4701	65	10020
1232	73	11286
10661	73	1254
1140	73	533
2629	73	10802
10355	78	8765
177	73	6186
8610	47	4831
1389	73	9946
409	49	2829
9490	73	6259
1499	65	7653
14271	73	6598
10685	73	7943
13855	20	2454
9478	73	7782
7333	27	9847
8099	78	6393
12654	73	3607
2909	48	9502
12848	73	6042
4215	73	7685
13743	73	7307
8225	78	324
11993	73	5464
537	73	3400
1738	27	741
12074	31	4404
11653	73	8778
1282	40	1853
8196	73	6027
9301	19	1867
14276	37	10494
4372	40	6274
8639	78	7593
10244	40	6396
5687	27	2403
3574	50	6511
13163	73	8871
7294	73	11157
12675	27	6169
11687	73	780
11229	74	3890
4744	40	8037
9359	73	2765
12744	27	14351
6729	73	7960
13540	78	2659
8601	47	1794
12147	73	9698
11718	27	7978
12434	73	7560
14341	73	9562
11235	47	7056
9168	78	9191
4273	73	9859
11710	31	7603
12475	73	5657
8235	31	14711
1730	73	6103
8805	73	2200
1244	73	11554
1459	27	10237
1247	27	2895
13826	73	6242
12601	47	2131
8818	78	10383
2722	78	7925
11288	73	6054
174	27	6383
3941	73	10184
1041	31	4436
2971	17	5459
3690	27	6618
12254	78	9273
12882	27	2097
1807	47	5879
3494	73	2714
12940	73	6726
14181	47	8001
11704	31	13857
1961	40	11123
2822	47	2870
11577	27	11517
216	27	3071
4492	73	6022
9500	27	5295
294	78	9207
581	78	14738
10959	47	7730
2	78	4909
853	27	14236
14619	31	11336
13182	78	2302
12179	78	4437
7173	73	6251
12839	73	9790
8022	78	1429
4306	73	9640
8461	78	10406
850	73	7914
13601	47	9981
10410	73	13876
3424	73	7894
10259	73	9851
7847	73	1975
7147	73	8774
7700	27	953
4182	73	1726
13726	73	2373
3096	27	14705
3140	31	9995
8687	78	7586
751	73	3726
13459	73	4375
12583	73	1129
900	55	6271
12758	78	1949
10465	73	2261
3776	78	7989
11801	47	1169
11596	73	1640
10933	78	14318
11329	40	2151
8266	73	2251
5124	31	9208
12412	73	9060
10065	73	2533
11438	73	11141
2320	27	11136
13388	31	4328
1026	40	5016
5972	72	9066
11759	73	6324
13282	73	6487
1941	73	6102
7284	73	6252
14422	73	5905
2952	73	4176
12159	27	14751
10973	73	786
6838	73	9588
2508	73	462
9329	73	14339
12039	73	4109
10873	78	3934
10873	78	2078
6955	78	5666
4575	74	8212
14684	73	6679
12733	59	8040
159	73	5176
12599	27	1331
14189	48	9672
4789	73	7710
2577	65	8041
14784	27	9828
3786	78	6531
1038	73	6591
1037	73	3514
2292	78	2268
5173	78	5666
14044	31	14512
14916	73	785
9404	73	8139
8892	73	3507
13623	73	6166
7291	31	4389
8100	73	7609
13961	31	7671
9770	31	4404
9477	78	5458
8229	65	11072
4019	47	6384
10082	13	3773
3916	27	10386
13825	47	7420
11374	78	14055
2435	47	5739
8024	78	6393
12916	73	7623
3288	40	3170
13628	73	6663
8002	40	1027
13517	73	4047
1359	73	6621
13388	47	6351
6805	73	883
3697	72	10954
8749	31	14741
12181	31	11260
8705	73	3669
14219	39	8102
1294	47	7184
13945	73	4104
10102	39	4407
14196	73	707
929	64	5349
14986	73	6072
7849	27	3672
9869	73	7039
14103	73	6970
1043	27	10421
13931	73	1150
3048	47	9598
4343	47	9979
1078	65	6219
14827	73	9637
14597	73	3000
7357	78	3632
2487	73	13780
8699	40	2561
701	73	9776
7881	31	14357
188	31	4177
4724	73	7755
13455	27	7707
10728	65	7895
8198	73	8548
1611	73	1554
11415	73	10422
5148	27	1015
7902	73	2374
14795	73	7080
1934	78	10383
490	39	5719
5943	27	11178
11	73	6380
7196	65	2800
2516	73	14481
9004	31	5871
10624	27	9925
6790	47	731
8352	73	11477
12372	47	10167
14296	73	5992
8752	27	5837
5288	31	9572
83	73	2455
2413	73	2986
4808	27	4078
12949	73	9034
13805	78	10154
6	73	6074
10539	73	8060
5283	47	13685
8901	27	4361
12675	73	1142
5302	73	6001
8814	73	1237
12220	73	5899
6812	73	1852
14390	78	6393
4200	73	9819
8216	73	14754
4189	73	7756
4236	73	9205
9590	78	417
6802	73	2120
13340	73	9844
11248	73	3063
14359	73	9196
12705	73	3683
11119	78	4054
10923	31	6148
11197	73	6624
13145	73	6281
10255	73	6873
9896	27	3430
14964	73	14314
2103	73	4986
2336	73	1827
12176	65	1299
1830	73	7639
550	73	11518
257	73	6676
11454	31	2369
4607	27	7978
6907	73	6824
12106	78	10489
11365	78	3241
5535	73	530
12356	73	1640
12989	78	1168
3598	49	3773
13970	23	9805
14408	73	7924
2437	27	517
12011	73	13850
4843	73	3607
3175	78	4425
13792	73	9777
3725	73	9236
14336	73	6577
14296	27	9186
3786	73	2115
8928	73	2765
2204	74	11297
4334	78	11476
11818	73	8413
13700	73	1847
3915	48	2447
4179	27	856
2790	73	4991
11352	65	1571
4546	73	5797
12499	73	7695
679	65	9642
11708	73	4506
3278	27	4142
655	27	11178
5208	65	4796
7136	73	7275
831	73	5059
7832	27	9943
5621	78	3434
10285	73	9954
10958	31	4863
13258	73	7636
8207	73	7627
357	78	4754
13653	73	13807
14488	39	14313
5361	73	1788
131	27	8040
8309	73	6024
9880	39	9858
13066	73	2415
607	65	14234
6898	73	8413
258	73	10060
5087	18	1621
8252	18	8654
14333	73	587
8880	39	1947
12634	27	9927
4240	40	1475
12586	73	5774
11746	73	7737
14848	47	4901
12606	73	3825
5531	27	9118
1886	27	8636
3337	73	6444
5169	73	4975
12680	73	2068
2297	27	6158
4521	27	4142
14616	47	9182
13635	73	4255
1029	47	1271
1141	27	9847
11118	73	1322
4617	78	3099
12545	73	2179
14080	78	4285
8131	73	865
12035	18	8881
11696	73	7008
4958	47	13685
1580	31	7188
9860	31	9208
8838	27	3468
9668	47	1169
1624	78	448
1836	73	7160
13327	78	3610
829	73	10418
3329	31	4436
5277	78	5863
12150	73	3396
1703	78	6829
4035	73	4507
10606	27	7096
2028	73	1154
1882	78	5861
1878	73	6233
1343	31	2267
7629	73	8200
13279	78	5079
12170	31	6688
8686	27	5647
11057	47	9077
11832	73	1036
8577	31	5949
13728	78	14289
10244	40	2733
14670	73	5921
6994	27	5810
10827	73	3083
1119	73	10368
13072	78	6521
4967	73	6513
6	65	5856
8966	73	10444
1425	40	11180
14845	73	883
14028	47	2149
14274	73	8959
12948	73	13851
14636	31	6006
13822	65	3637
14681	73	6835
11290	73	1819
5276	73	9157
49	73	3508
2425	73	14088
3280	27	14725
9031	72	10663
11728	31	13586
8299	78	10582
12489	78	7094
13509	31	7598
8490	73	3302
2367	73	10191
7323	47	14307
2007	31	516
4745	73	8959
11931	47	7064
1969	73	4506
12985	73	4315
7139	73	7128
2040	73	6689
12844	27	5975
85	73	326
14294	78	9993
6473	78	5643
7328	47	1824
10704	23	14010
8628	78	8663
150	78	6393
1904	78	2141
921	73	5840
187	65	7873
2700	73	6524
9556	73	6623
8802	27	8803
5583	78	14695
1469	27	9783
149	31	3244
12088	73	4362
4484	65	4796
12020	78	9732
13649	78	5222
9489	73	6254
14580	78	14720
8983	27	3495
14445	27	2160
2790	73	6345
1313	73	2052
61	73	7086
1832	73	7080
3097	73	1419
11991	73	3496
8592	78	13785
13982	78	760
6820	65	9274
5234	73	7045
12852	78	4755
7356	27	10040
10704	23	2277
13030	73	11519
271	78	4114
12808	73	14690
23	73	5888
3384	73	6229
4957	73	14241
10663	72	587
14384	20	2283
5202	73	7043
13937	27	8669
6714	65	6048
11912	65	14339
10987	78	10094
8194	73	11334
14860	78	14430
6673	40	2125
8802	27	14055
1220	73	7687
4577	73	8763
7571	78	6048
1461	73	747
1707	73	2453
2950	73	7274
14873	73	5829
12429	27	5752
3030	73	10487
2636	73	6850
7037	39	10359
14941	27	4080
8918	73	10251
11980	73	4104
4022	49	9672
12002	78	14490
8142	39	1297
9910	73	10357
12698	27	4388
11611	78	14444
12369	47	4901
2571	73	5034
10782	72	14953
12312	78	1258
6582	73	6027
9311	40	5654
397	73	6152
6808	47	4356
11944	65	10746
907	31	3602
13737	78	2034
9170	78	10161
526	31	2121
8098	73	3353
1182	73	2262
400	27	5781
6995	27	7394
4731	73	5012
12404	50	8955
13526	73	4176
14826	73	14471
12561	73	2801
10133	73	7427
13416	27	8532
14825	78	1258
11055	27	9978
7754	73	4991
10259	73	9241
13053	73	14374
2682	40	6404
11310	73	7914
14224	73	6057
1343	73	1717
4271	73	4489
4247	73	5829
5951	73	10313
10734	78	948
8498	47	2882
1740	78	9139
2917	78	6266
6428	40	3427
13937	65	4796
1834	78	9211
4673	65	10162
2342	73	5890
2507	73	6512
11252	47	7034
11827	73	10668
9836	72	11333
6561	73	10696
11283	27	3471
5723	78	2112
7812	40	1772
12455	73	6156
8785	73	9769
20	73	4370
7702	31	7310
10062	73	6998
9740	73	6638
11613	21	10247
5347	73	1254
11776	73	3067
7113	73	7821
8602	78	4654
4145	14	7172
10305	27	424
11722	73	5972
7168	78	4779
1448	78	4772
7883	73	7466
8373	78	1536
9736	73	6016
8641	78	2659
12027	65	486
2100	73	13894
13010	27	9943
12678	73	2999
766	73	13860
7186	65	10019
34	73	8956
12567	73	6355
8371	31	4319
5474	73	623
3002	73	6115
8779	73	7661
4840	78	4401
2482	73	3162
1743	78	10383
1384	73	9788
8787	73	3056
5538	73	14668
13724	78	3544
5561	27	11517
10713	27	4876
7595	78	10253
6852	24	7643
1083	73	6665
12477	73	1440
13414	73	9629
10202	72	10149
7534	27	3425
13132	47	7035
3806	73	4684
3044	73	6015
5239	65	9036
735	73	7128
12120	27	6412
6515	58	7589
3548	31	2137
6362	72	7407
11375	73	6401
14540	47	2128
10819	73	4239
5641	65	8414
5692	73	4298
10049	73	8863
9267	40	13688
11747	73	4552
2519	73	5892
13056	31	13586
228	18	418
11898	47	7056
13171	47	8055
14583	73	9596
213	73	1981
2664	73	14373
8768	73	7951
12957	73	2885
4914	73	10331
8728	73	13905
4967	73	5784
4963	73	3612
2372	27	4206
14169	78	6225
26	73	2287
3269	78	2274
5349	49	2976
14258	17	2861
5486	73	4152
10660	27	4689
677	65	4413
11441	40	14397
11329	45	2151
9100	40	4373
4783	73	7278
13117	47	6301
8845	73	5902
7020	73	6017
301	73	10163
12727	73	10153
1938	47	2064
4806	73	9782
2578	73	7526
11606	73	3625
14941	73	14699
11427	73	6106
3011	73	1107
11996	78	9220
13889	31	814
1141	73	7662
11736	47	11070
4751	40	6176
13435	31	4173
3880	48	9502
8264	65	14762
7877	73	11469
12784	73	7169
8352	73	5653
3296	78	10751
2346	27	7934
1629	65	5063
2736	73	4633
13031	78	1736
377	47	7956
2479	73	5864
6707	40	1693
11918	73	8063
9511	73	5836
3381	27	7905
8947	78	87
12141	78	10681
5390	73	6186
1861	73	14483
14151	73	664
12795	27	3620
14670	73	5935
248	73	8971
12909	73	6075
1319	73	6171
14905	47	7683
3193	73	6345
5450	78	9304
13979	40	5964
5267	73	7709
3296	65	3226
9413	78	4689
3578	73	10108
12694	78	4772
98	47	469
6864	73	4534
5280	73	13808
2931	40	5857
2294	73	11381
50	73	862
13315	47	7041
11563	73	6538
919	65	14573
11209	73	11137
2567	72	11433
14086	27	4441
3903	73	10684
3930	47	4715
2083	73	11171
428	45	9283
10703	73	11286
1652	73	4392
13499	65	8667
14521	78	4383
13371	73	9092
14143	73	13589
14649	47	1286
3797	73	416
4737	78	5788
11287	27	1856
10481	73	7786
1475	40	1028
13769	73	14062
13536	73	775
14411	73	11554
14793	73	14241
3980	65	728
4211	73	10740
8240	73	5057
14638	78	760
2792	73	9181
13719	27	5651
4424	27	6224
14608	47	1963
3390	27	7397
3339	73	3826
3138	73	7059
9021	73	6257
5344	78	11339
4182	73	1745
11903	73	9199
8428	40	496
7381	72	3018
12880	31	9960
13035	65	7874
3676	78	5215
10317	27	1048
5051	27	11473
13226	73	4074
4453	65	2769
10858	73	5904
13376	73	7010
4932	31	8882
12429	73	3439
39	73	4864
10500	73	2582
9593	73	10372
13420	73	7690
13184	47	7017
8616	73	5630
5202	31	9571
7840	47	11399
5675	65	9595
5586	31	6688
12045	73	5061
13505	73	14957
358	78	10161
2644	65	3468
2431	73	6484
5189	73	2959
2946	73	10195
792	73	4176
6276	27	2835
7944	45	9282
11223	74	2646
9014	47	9266
6872	31	5768
10931	73	2451
1244	27	6383
636	47	4253
7601	73	7679
10002	39	5942
1968	73	10350
6732	73	7987
5277	27	5029
9501	13	3411
13092	21	9211
10504	73	7954
5130	73	3431
12993	27	3465
6976	27	9263
13341	73	6706
13466	17	10777
14616	73	9124
13976	73	7943
9700	78	11139
1735	27	10230
10632	73	10512
6533	48	14258
8342	73	9899
8138	27	14760
9466	73	1107
4843	73	3076
5599	31	4061
653	73	7637
12541	73	13952
7803	73	5849
8704	78	8655
11872	73	14475
7231	78	2428
4661	73	3684
3894	73	1988
4262	72	1685
7288	67	7289
14842	78	10524
11788	27	10247
5230	73	4152
1064	78	1536
9616	27	6260
1876	73	7484
6007	73	6910
7714	65	3302
13951	78	11124
2316	47	11151
7195	73	11377
13509	47	2089
5168	47	8403
7448	27	4361
13070	73	5214
1728	47	959
13262	73	6050
12938	31	1977
12945	73	4603
1536	25	8953
8019	73	662
4058	72	5986
10498	31	9050
14882	31	4133
13050	27	9050
4617	78	4772
5252	73	8140
8393	31	616
1225	73	4104
5015	72	4133
12086	31	10666
9379	78	8472
8640	47	10228
12959	65	2858
1722	73	6630
8615	73	3634
10812	73	7736
9336	31	4323
11823	73	13604
10212	40	9636
10997	73	8426
12290	73	2842
6181	20	3054
5367	78	7925
3934	13	6225
11691	73	8384
12258	73	426
4365	39	3427
9454	73	11520
13950	27	7646
6754	73	2211
5107	73	7156
13531	27	5035
3205	40	11274
5388	73	4988
927	27	4629
13033	73	9199
13497	73	14730
3705	73	5816
239	31	2526
14146	73	3641
14308	39	9306
6299	31	3401
1388	73	8522
11865	73	10023
10058	78	9399
10972	73	3659
1912	73	9777
3540	78	14242
1087	78	714
11863	27	14706
1925	78	14416
13694	73	9724
13377	73	6538
12670	27	6338
1920	65	4885
94	73	3450
12442	31	6336
901	78	3847
11728	47	7516
805	78	3099
4257	73	7082
3364	73	5894
5001	73	5057
4671	78	4366
2609	73	10188
11863	78	4317
8097	73	4321
14631	27	10312
12144	47	6311
13511	73	14480
6365	73	7993
3762	47	1405
12573	78	2076
12683	73	7982
102	73	10213
4235	31	3155
5135	65	7992
1644	31	5945
11607	27	9883
12368	73	3563
10375	47	6168
9276	58	7713
7631	73	6783
882	40	5083
13542	78	14354
5051	73	4987
7502	73	1847
13405	73	4687
1783	73	5749
7492	73	2226
5345	27	10748
12150	31	14774
5354	73	4506
12106	73	2470
8801	73	1828
13981	73	11157
11410	78	9264
14146	65	9958
1907	73	7695
9477	78	4366
8261	27	509
619	73	9987
1880	47	959
4484	78	4796
3936	78	715
14271	73	1163
1223	73	9271
13703	47	10145
11816	65	14696
1556	27	14384
13035	73	5770
4850	73	3063
11922	47	2882
1661	73	13849
12554	31	4868
7574	73	1960
3746	78	13900
13820	73	1438
13284	73	2323
7121	40	7167
13135	73	1322
12712	73	7623
5239	73	6832
11285	73	14292
13038	73	9965
11826	47	2535
3	47	8059
9001	73	4152
354	27	14309
6729	73	2836
14688	27	406
1065	73	665
2350	27	9768
10457	47	7028
14650	27	11261
1955	73	6270
1875	73	4018
3251	27	2835
11029	73	1421
8619	65	4793
12962	73	9124
13541	73	8410
12773	73	11381
6176	39	3635
12746	47	10388
7258	73	1828
4788	47	4098
13562	27	1778
10120	78	10365
10527	73	7026
2840	73	7128
1059	73	11452
159	47	2826
13795	65	10026
7524	73	4386
14829	73	350
11831	78	6256
10055	27	5642
2017	73	2138
6482	73	2582
1224	78	9305
4942	73	6166
7838	73	4160
1398	73	1951
2002	78	8655
12549	73	10740
13191	27	4422
4010	27	9108
553	73	9859
6129	69	2026
6798	73	2997
1208	73	6508
11737	47	7184
4642	73	6667
12701	78	510
5608	73	10568
364	73	7419
6370	14	9385
14854	73	14369
14909	47	336
1565	73	9629
11790	73	5379
10609	65	7921
4529	78	14987
2944	73	3955
13494	78	10581
4531	78	5270
10662	73	10184
6120	73	8015
3149	47	3429
4568	49	1529
1517	73	8012
5248	73	6698
2736	73	11391
9874	73	5880
5449	73	8596
8571	73	1422
12933	73	596
7700	73	1198
7907	73	1787
4926	27	2835
4571	73	791
12929	31	6329
13767	73	1973
12504	27	7129
10450	73	6127
2504	78	8765
2980	73	14241
13338	65	5817
7884	73	10057
1853	39	1282
5555	27	6086
13686	40	6274
11346	72	13867
12394	31	9995
11912	73	6615
10134	65	7943
5177	47	9624
11903	47	9057
14860	65	6338
3270	73	981
8760	73	9510
13498	73	13894
255	73	2415
3735	73	6270
3298	73	13804
5671	73	6291
1832	73	10596
9469	73	13855
14210	31	2715
5341	78	2268
8122	73	1262
12000	27	14705
12648	73	4293
1091	73	5840
14056	73	2069
7881	73	14396
11796	73	9776
14160	73	10418
3138	78	9498
7111	73	2770
3325	27	9579
13236	73	9301
11252	47	7645
10657	31	1148
4191	40	6176
10541	27	7079
10698	27	9940
10878	78	8047
10242	73	6516
13337	27	2244
3929	31	7648
12900	73	13850
13012	47	6799
12806	78	3588
3545	73	14492
9935	78	1773
3052	73	1129
12408	73	5183
2326	73	9796
11510	73	1761
3731	73	6401
10941	27	11006
6714	31	10243
12901	73	14739
2515	73	8205
14027	73	6107
8525	78	3468
11661	31	5761
8186	40	5014
14427	31	4137
10763	73	7131
10895	27	7707
2003	73	1135
6527	40	4129
5472	72	5293
1088	47	2766
2012	73	1413
13628	73	13873
6849	40	3205
13054	47	7420
12090	73	4248
9864	73	4050
9176	21	1846
1039	31	11135
3349	47	2131
3809	73	1908
11999	78	1325
11632	73	2360
10073	78	11386
3041	27	1008
11203	73	9774
5813	73	10001
4484	73	5792
8385	27	14779
9366	73	1668
7451	78	5988
12500	27	3757
7722	40	3408
12125	73	6405
5434	47	10145
7442	13	1138
853	73	6824
5688	73	11518
11843	27	4876
9840	39	9957
12875	50	14480
3854	40	7414
14635	73	4879
10543	78	4331
12144	78	2825
11223	78	1404
2728	73	7946
14196	73	6324
6600	73	10444
3744	73	6252
9287	27	6169
13132	31	6163
3041	73	6702
13658	73	439
12955	78	7873
11605	73	4331
2006	65	9226
9861	27	4101
14556	31	7691
9288	73	10669
7221	73	2162
12	73	6486
14584	27	10749
4233	31	1674
1911	73	2932
14507	31	9997
7232	73	6138
4928	27	88
12168	65	6493
6455	73	7237
1180	47	7034
8002	40	13682
266	73	10001
12465	27	718
1814	73	14851
13556	73	6316
10321	27	2828
11796	73	5825
8257	78	713
8277	31	10352
9343	73	4445
3490	78	1404
14360	73	14314
3020	73	4368
11989	73	6605
5546	73	3667
13138	78	8934
8592	49	13785
8952	73	14566
14153	73	7981
14363	65	8942
5719	40	8052
7774	73	2669
13658	78	1167
3149	31	516
8298	78	3412
12377	73	321
14370	72	14951
4647	31	10110
8242	73	11005
11272	27	3441
7362	31	13698
13478	73	14062
601	31	10316
8370	73	5914
8517	27	4290
2106	27	11072
2975	73	7690
8098	65	6256
3129	73	1761
1225	65	4174
6343	73	3512
1593	78	9833
11826	27	6417
3751	73	9730
9863	73	9596
9912	78	6225
7148	27	9108
5258	27	6320
4730	78	4706
14304	73	10463
13576	47	7308
12677	73	1598
10049	65	10278
13006	73	5350
523	78	3614
10823	73	14485
13855	72	9902
11822	78	5850
9750	73	10418
10830	73	14292
11460	73	5998
12663	65	6671
6551	47	3553
2442	73	6620
1193	73	4121
2005	73	6117
10621	40	816
11585	78	14486
13723	78	2428
2531	31	10363
3309	73	6784
2431	73	7817
1376	78	11339
12658	73	2409
5412	73	772
10918	78	9697
5180	73	3347
2022	27	6309
9170	73	7277
8152	73	2669
7465	78	6307
11763	78	3367
2473	73	6102
13577	47	3626
14213	31	9997
2637	47	4083
4144	73	14343
3300	73	10663
11288	73	1726
11563	73	5298
5677	47	14487
2003	78	11423
3556	40	4782
11239	27	453
3789	27	7370
13456	73	7039
11527	73	5774
7158	73	14468
8326	73	8434
3946	78	2428
4046	40	6176
629	27	10370
895	27	9507
14325	27	7731
2489	73	6036
3288	39	502
2331	73	8090
380	73	13803
4606	65	6035
1517	27	6319
5544	35	10087
7495	73	598
11362	73	10361
5372	73	2769
4042	73	1542
2400	40	11424
14449	73	5898
4599	73	3513
1741	73	7692
7742	31	2369
8626	73	3568
644	65	5642
14667	27	14479
11407	78	6370
4679	27	7859
793	73	14395
11930	27	11178
2144	25	14575
7565	78	5270
13247	73	8772
8332	27	4361
525	73	6020
2007	73	6686
9494	78	4638
1145	73	7745
5074	78	10741
7580	31	1298
5023	39	1047
14177	73	5927
12631	47	2398
11427	73	3214
620	73	6916
11117	78	2375
7700	73	11192
11958	73	9097
14096	65	6382
4468	73	9231
11030	73	9017
59	31	475
1589	73	6326
4857	73	9666
12004	73	2273
10450	73	1725
5578	73	9225
3043	31	2526
7049	40	3635
8004	40	4434
13828	73	4692
11437	73	2249
11629	73	733
9913	73	10003
10513	20	5924
12394	78	14497
5411	73	14221
231	73	2179
4450	73	8442
14250	73	9858
7828	73	1021
11036	73	9195
99	73	2815
12613	78	5323
13632	73	10595
3173	73	5840
13768	47	7017
11367	73	6844
255	47	9981
7192	73	6485
12162	65	4796
7640	78	6325
5592	73	3007
497	40	7049
10926	73	6001
11897	73	5922
14405	73	13849
5366	73	8843
12794	73	6027
2595	73	2684
12350	73	1826
3741	73	941
9006	73	3442
1741	31	5949
3251	78	1161
10718	65	7653
7055	72	4544
14355	78	4779
12903	47	477
8181	73	11534
8890	73	5019
2028	73	6669
12923	27	9276
8351	78	1014
13098	78	4776
10069	73	11554
13926	73	3345
7872	73	7737
2587	73	9982
13927	31	14774
1832	73	10006
10823	31	10031
11494	64	2750
13580	47	11078
12490	73	14481
12484	73	2385
14892	78	3544
13085	27	9607
6660	73	2801
113	65	10019
10853	73	10301
12342	31	14755
13421	31	13693
3177	65	2447
5243	73	10641
8834	73	337
10689	27	4080
8082	73	3760
4407	40	9975
13077	27	2769
9715	27	8539
14420	73	1328
834	72	7962
9428	27	413
13965	27	6243
9742	73	769
3424	73	6152
13830	73	10696
2045	27	1159
11045	73	10313
9019	73	709
2214	73	3454
2633	31	6336
3880	78	9191
2335	73	9899
9616	73	3397
14940	78	6328
14845	65	9139
11789	73	3214
1052	73	2357
2437	73	10251
799	57	345
10934	73	3000
11118	73	7705
5511	73	6540
9287	78	6925
15	73	2249
11756	65	6332
8302	40	5064
12309	47	4193
13549	73	8470
3771	47	10115
5348	78	6393
6400	27	13906
3309	73	659
3110	31	9239
13086	65	1943
1698	73	822
9288	78	8700
4803	27	7126
9437	31	10243
2691	73	6107
8744	73	10227
1233	73	6508
13012	65	727
5074	27	481
51	31	351
13822	73	10027
3583	73	6471
10198	78	2116
14202	73	14749
14910	73	9965
11957	73	7401
11543	78	5296
12363	73	9759
10337	73	6910
13704	73	2373
50	78	9220
3118	78	6957
206	73	9851
13302	73	3561
2208	72	6395
8927	78	3845
13810	73	6830
11657	73	4936
6299	73	10027
7891	27	4357
984	73	7924
10867	73	9625
9893	47	5091
12456	78	4776
11596	73	7131
10608	31	2134
10354	31	11261
2465	78	8598
8828	78	4796
11650	31	1977
1984	47	9606
11022	27	4148
4830	40	1028
13307	78	2934
3540	73	3206
7882	78	9070
5280	78	7957
6772	27	1049
12292	27	11072
1042	73	7823
6583	73	6577
14262	27	8941
10833	73	2275
9409	73	5226
1601	73	10057
11021	73	6603
2415	72	4379
14098	73	10292
9267	40	5038
11643	47	9501
567	78	4354
6365	73	2992
2741	73	2051
13119	73	6204
13513	73	8869
2837	72	9521
6933	73	1302
10336	65	4885
12686	31	8882
9151	65	14055
5051	78	5297
6858	47	3884
13045	73	5778
6534	73	6040
11126	73	337
10847	73	14713
11772	73	8934
12731	31	8932
5660	73	2133
13410	31	9574
13992	73	5807
11575	78	1258
13025	65	10091
3019	73	3439
8051	39	6499
674	47	4385
9482	73	11286
12987	47	9838
13201	73	1338
12359	27	4095
13279	73	14489
14268	73	14264
12070	73	10096
10980	73	1108
14809	65	4262
6876	27	10224
13576	73	5057
13321	78	9264
2631	73	11541
9864	73	6290
13017	73	7427
14355	31	9574
5967	20	14344
4976	65	2800
5086	73	3342
2431	23	1405
551	73	11130
12577	73	3056
230	78	5753
2440	73	13847
9736	73	8094
13360	73	8464
12284	27	14697
6750	27	5962
8160	73	1154
12804	78	14772
2646	78	8047
4144	73	8101
805	27	14384
1426	58	2356
1984	73	6544
133	73	5774
2793	47	4193
12266	47	1965
1201	78	9963
7198	73	6122
11569	73	10083
9347	73	11031
1245	78	6264
2750	49	9672
10725	78	10384
1666	78	863
4450	73	7167
2481	27	4630
8277	73	7862
4522	73	1954
13570	73	7981
9363	73	5918
1240	27	5037
6063	65	6495
9794	40	5740
8982	31	11538
10611	73	5759
12974	73	9493
7019	73	10019
1092	47	7675
1652	73	7815
13363	31	9572
6895	27	7430
5418	73	6115
7492	27	6589
8605	78	8865
3343	78	4779
9294	27	5065
12873	31	954
14626	27	8884
6429	73	10039
244	73	3408
47	73	7667
5440	27	10041
13160	21	4911
11210	27	7117
6365	47	4882
1808	73	1162
8732	78	6136
12960	31	14467
2641	73	421
590	73	9950
7458	27	9778
14038	73	1634
5790	73	6405
12812	73	14485
7159	47	6691
13822	73	1982
5033	40	5215
4179	18	4638
11564	27	4320
8453	47	4901
12530	27	1825
7053	78	4299
13776	73	6538
257	73	9195
8454	73	4725
12453	73	9084
3617	40	4830
8336	73	5630
3707	78	3561
7568	78	6595
9134	73	2050
1608	73	11452
14813	73	5778
8928	78	3845
5423	73	14473
5673	73	10039
5616	73	10052
4467	73	11159
9906	73	5018
1451	73	345
3891	73	2233
4041	78	7058
5413	73	9946
5513	73	6666
5209	73	4104
4272	73	7234
13159	73	5968
608	65	14234
12662	47	14487
5236	31	2369
262	73	10350
12598	27	6416
7439	27	10020
1221	27	8539
1189	73	6250
9699	78	466
14038	65	14822
13896	47	6608
8583	73	11477
11194	73	4325
7714	73	8763
14358	27	1771
3313	27	14716
3357	73	6077
1441	78	5224
12437	73	411
14380	27	964
3799	31	14467
14004	47	2833
12977	73	7740
1563	65	4145
2033	73	10556
9618	73	5883
4857	73	9539
6755	78	4629
2965	73	2273
7290	47	1694
1121	27	1571
8600	27	2978
6453	65	2116
3918	65	3459
7856	40	6312
11363	47	2128
10868	73	4154
12436	73	3425
4957	73	3065
9726	73	9796
12095	73	6971
2035	73	9797
3012	78	3934
3671	40	1948
9348	73	8089
11288	73	4158
13381	27	3441
6238	73	9236
14469	45	9281
10450	73	1706
14521	65	10745
1728	73	9768
7724	72	5657
9289	27	2978
391	31	9117
4014	31	4404
2647	47	9057
9488	47	5824
8705	73	14287
5533	31	14745
5075	73	9094
10959	65	4796
8495	27	5875
12524	73	6103
2474	73	7076
7842	73	10488
13551	73	2114
13914	78	6269
12013	73	1899
8149	31	14761
12175	27	6193
12325	27	5876
12931	50	784
8717	73	6171
10336	21	10247
9896	73	10006
4917	27	7124
12592	73	6706
4255	57	11455
13007	73	3685
6790	47	2449
975	27	4858
6532	27	6149
8874	40	6175
1927	73	4690
12233	73	3450
11748	73	5986
10995	73	7960
568	78	1540
301	27	14719
1733	73	4139
2040	27	5811
8602	48	1529
541	65	6158
10922	78	8700
12634	73	7784
646	73	2266
884	40	14397
14775	39	5912
5359	31	7310
14985	78	8199
12097	73	6593
7489	78	9955
13955	78	10406
9590	78	7619
7249	47	3688
12583	73	2829
843	73	4295
14656	78	14708
1592	31	1479
12830	27	10236
7245	65	14573
1114	27	11124
7896	27	4859
9702	78	9274
3315	73	5019
11096	65	5854
1221	73	1598
8358	73	14765
8084	73	2284
7236	78	9553
2175	73	10752
9549	78	9978
224	27	5296
7578	73	10032
2938	27	5036
10656	73	7419
7220	73	2769
4587	73	5936
9744	78	2255
13775	78	7038
194	73	13804
109	73	4443
8519	31	9208
14032	78	6393
2413	27	11014
9898	78	9070
7046	20	7974
6765	73	6603
7624	40	5727
3834	73	6545
12162	73	7476
11711	73	2115
3982	73	14314
1279	73	862
4933	78	10903
5132	73	2067
3854	39	4483
11645	73	6037
2484	73	4382
697	73	9051
5529	27	10040
7523	78	5884
9432	73	7275
5435	78	2274
1882	73	6779
12118	47	2535
6981	39	6527
4188	78	9186
12285	31	1479
9446	73	7633
10098	72	10098
10889	31	5823
4788	47	9974
13143	31	9826
10699	78	3544
8206	39	5947
14453	73	785
3208	72	5903
12292	73	2021
12672	73	10676
1488	47	8447
14555	73	330
4701	21	10020
626	73	10444
1580	73	2288
7442	13	4109
12310	27	6419
10576	73	1474
8578	73	6156
7230	73	5462
11280	73	1737
12008	78	9274
7814	36	7814
13912	78	3587
14085	78	6048
14454	27	8765
5116	27	8471
410	40	10385
1912	31	2212
14272	73	7432
10343	78	4366
355	73	9094
14378	40	4378
11132	40	947
8195	73	2211
1231	73	10023
9395	47	6799
3376	73	1036
5604	27	2662
5544	73	6431
13606	73	6106
4572	73	4087
3194	73	6103
980	76	14324
14104	73	3855
10462	78	3324
8545	73	1691
8825	27	14318
10131	78	3470
1084	78	1541
6807	78	11173
7141	27	413
6508	72	1159
11573	21	6607
8086	73	7958
4220	73	9596
10844	73	3760
12799	31	10369
13377	78	496
13533	73	7297
2496	27	3256
2503	40	9231
3636	40	8874
9339	27	4410
3727	27	14340
5532	49	2447
5188	73	6249
12112	73	6053
1080	31	2369
14887	73	1420
12239	73	3546
6143	13	2976
12819	73	8060
7213	73	6630
3510	32	7864
6162	39	10250
11191	78	4285
2164	73	1790
3026	65	4124
63	73	3302
14543	27	14385
333	73	9563
11089	78	2934
9658	31	7772
7493	73	8273
7243	73	7867
14219	40	5624
13822	73	3844
13277	73	9358
5366	73	10099
9753	27	1476
5670	73	4320
13018	73	1776
8618	73	10684
4623	73	6059
3650	47	6193
11500	73	1134
11509	27	2144
641	73	14393
8505	73	7481
11204	78	443
4430	73	13674
5492	27	3099
13250	47	8003
13110	18	3417
2516	73	5129
7317	27	7278
8612	78	689
6744	73	936
3225	78	3544
10319	21	1288
4207	73	772
10733	73	6471
11566	73	7876
10638	50	4935
5329	73	4047
681	73	416
11792	73	9774
11660	73	9757
9468	78	9114
2319	73	3625
5939	78	4638
13546	78	4114
1909	73	3673
4002	73	3452
11228	47	14318
12893	73	485
11315	73	6103
14938	78	3226
12501	73	6188
12346	73	9634
10212	39	14738
14881	73	9692
7367	40	3599
7527	73	6711
4877	27	5324
4651	73	13786
10469	73	4760
7360	73	9197
3332	73	4396
2336	73	6962
3834	73	1262
2042	73	6958
7238	78	14974
7335	49	6735
10796	73	9594
12713	73	4687
8575	47	2404
2657	73	859
9136	73	1416
12562	23	599
12930	73	7755
8216	73	3240
1199	47	9773
758	73	5829
14047	73	1634
6418	39	2847
5425	78	9731
8750	47	3640
7165	73	4368
5141	40	2814
408	78	7058
212	65	3637
1232	73	279
2639	73	7090
9656	73	5757
10923	27	8414
11311	73	7088
6918	78	11529
14991	73	4055
2185	57	10563
9647	11	9672
224	47	3553
1199	73	11183
12554	78	1641
6739	10	640
1569	73	4058
10105	50	3726
232	18	10079
8325	73	9854
362	49	9672
1740	65	9139
12958	78	9399
13330	65	3226
8516	73	13680
7228	78	9304
2214	73	9851
4472	78	6375
8785	31	3857
7655	72	5966
9770	73	4362
4542	73	2958
11388	40	3558
14015	27	10038
3697	72	4096
6536	40	6176
6609	40	8533
2328	47	9048
14185	73	14343
4280	73	1895
11558	73	780
14838	78	11161
11675	73	6195
13348	73	10060
3792	78	7058
2030	73	6478
3975	78	4095
11882	73	3216
3818	27	2155
13700	73	6485
7335	78	9102
2414	64	13167
2842	40	7297
12389	47	7028
14560	65	6970
2902	73	4132
40	27	5021
8818	65	3637
995	73	10517
4557	73	2055
8187	78	4114
10462	31	954
9663	73	1684
2940	73	4563
10171	50	14783
6746	73	14483
11748	73	9788
8124	73	10303
14420	73	14314
12914	78	8474
12095	73	2761
1755	21	1288
1503	73	3168
4955	73	7653
13187	65	14700
3220	16	9467
14280	40	4129
12922	31	4355
7138	73	2560
1836	65	4414
9605	73	9724
109	73	5921
12722	31	9785
2441	78	3934
8926	27	4288
3357	73	321
8087	27	4206
7510	27	9948
13410	31	5758
11299	27	5873
7910	27	7085
10795	73	1899
7159	73	6058
6952	73	7424
2003	31	516
4652	73	5507
60	78	10100
9321	73	8173
2789	73	14395
14204	78	447
3974	47	5646
1968	47	8528
14071	73	9252
10889	78	1261
11310	73	4986
5720	73	3843
7505	73	9724
13466	13	9775
8568	73	3563
1654	73	9938
2044	47	11442
2429	65	1695
4803	47	9838
12460	73	6478
1955	27	1685
7766	73	7042
12427	73	6102
4585	47	3640
11569	73	8503
1783	65	7682
10755	73	2929
13606	73	2958
4225	73	2050
8066	47	4193
14084	73	11159
12136	73	5465
4308	73	10861
3859	78	14321
976	78	3443
617	73	6239
10935	73	8859
12977	73	6189
1703	73	7868
13013	73	4665
6554	31	9996
5556	73	10152
5578	73	7784
2518	73	2115
8320	47	9805
14882	78	8765
9502	37	7989
13012	73	5774
5145	47	4894
12151	73	3135
14038	73	9221
2906	73	10368
12187	78	6904
11967	27	7680
11876	47	14707
285	73	10761
4607	27	3551
3521	73	5310
7571	73	3454
9474	73	8473
8179	73	2522
13800	73	9116
10974	73	9104
13967	73	13855
5604	78	14753
8051	40	3635
4872	47	2766
8811	78	1437
13367	47	9144
13202	47	6207
13741	47	13685
6501	78	969
1613	31	9960
12161	27	7873
10714	73	6423
12502	73	6666
8242	73	9088
4541	73	1430
9866	73	10003
4469	73	4327
8229	73	9666
9310	45	9280
14229	73	14297
12854	73	10692
1907	73	9784
13686	40	8175
2860	72	6651
14087	73	777
9668	73	6998
8019	73	3323
5481	65	4097
13200	73	2243
8266	73	2415
6276	78	5025
6804	73	13873
1180	73	5333
9331	73	3396
8492	65	5472
11314	73	6621
14791	47	6318
5701	27	9850
9858	40	4704
12575	73	8010
5220	27	4008
288	73	8520
12504	73	6635
1062	27	9607
9747	47	2887
11321	73	6508
1083	73	349
4930	31	11263
12072	78	3426
7231	73	6326
570	47	9884
7549	73	337
13881	78	3447
10736	73	2867
5172	73	1978
14956	73	5961
2983	73	3605
5686	31	7603
2509	73	7012
9436	78	7425
6351	14	6357
5139	27	5060
7576	73	14007
4571	78	3071
7351	73	2371
903	73	4563
7573	73	10568
14352	72	6485
13081	21	10247
10639	73	9155
377	73	8777
7902	73	717
13022	31	6228
2431	73	9797
12167	78	14476
435	13	14893
9723	73	9640
10621	40	5912
10105	27	5838
3394	21	6330
13273	73	9581
4464	73	5659
2031	73	11520
8178	15	7970
9118	43	645
7140	47	9773
7132	73	8384
2730	78	5946
2445	47	8003
12482	31	14774
2664	78	6623
3143	31	422
8501	73	9766
4230	31	7726
10934	73	6503
11903	73	3476
3978	17	11476
11892	73	2768
14880	31	9627
1570	73	10413
8833	27	4063
14072	78	9191
7528	73	6047
10140	73	4296
11342	78	6983
8530	31	7078
13204	73	7602
10002	40	8446
10177	74	14643
2434	73	1302
8560	73	10148
9306	39	1274
11612	73	13905
12753	73	5311
10201	73	9214
3338	73	1289
3262	78	9584
683	73	7189
14867	73	1763
3200	40	8076
3358	73	7695
534	40	7590
8844	73	5902
4608	65	1545
682	73	6379
12661	73	3018
5017	73	7373
3032	31	4319
2236	73	14315
13744	73	3216
1093	78	10154
5045	73	3439
6130	73	7787
7436	73	5905
5252	73	2889
11553	65	9188
3635	39	7049
13599	73	8130
8544	73	2312
10589	73	2534
8026	78	14444
9393	73	6591
10322	65	4097
8844	73	6371
5354	73	11031
4009	47	2880
12387	78	6137
915	73	10413
14758	39	6413
12469	47	5775
1252	40	6926
12051	21	14134
12383	73	6835
8515	47	430
13040	73	7952
12327	73	4358
12568	73	4761
11642	73	5457
8931	39	10436
13296	78	1641
6584	73	9563
8827	73	4065
353	73	773
13157	73	14293
3566	57	3612
7336	65	10215
9753	78	1476
9424	27	6675
12058	78	14486
8629	73	1779
2177	47	10388
10194	73	3853
680	73	6022
10453	78	3670
11305	73	2960
845	27	7947
12086	73	10019
13251	78	7091
12371	73	6024
12615	73	10252
6988	73	6138
13902	72	1944
9636	40	2805
1671	73	1745
5720	73	3561
1312	73	1631
10826	73	10672
14298	31	1977
83	73	7167
5473	73	6204
7243	73	8200
186	78	4351
3294	78	2401
8364	78	5782
10851	73	6557
13641	73	5630
9664	73	7005
3379	73	4358
4221	73	2290
898	73	2270
13748	78	4421
3806	73	9040
7889	73	14700
1303	27	7647
3885	65	4796
8171	47	10145
11069	40	9586
8479	47	10129
7920	73	1544
13639	73	415
3656	73	780
8307	48	1529
9887	73	6050
9714	73	14698
4209	78	9219
7172	17	6296
14349	40	5727
1037	73	6115
245	73	2117
14380	27	7494
14518	31	10243
11633	78	11376
10618	31	9190
4642	73	416
3031	73	13845
4591	73	14799
12468	73	3539
8614	73	7981
1962	14	7729
2353	78	5760
8396	40	2111
12795	31	7603
403	76	7522
13242	73	6076
973	73	3620
11558	78	2800
68	27	4689
148	73	6478
515	39	14823
11648	73	9301
10605	31	9824
7105	73	3450
12695	73	1990
8462	78	382
9608	73	5933
9936	47	9077
8855	73	7712
10553	73	3228
3307	73	630
12400	47	8210
11090	27	5811
7351	27	14417
7153	27	4097
10959	47	4395
8194	78	1636
8945	73	7508
14257	73	6121
7505	73	13843
13908	31	9995
10132	73	4544
13434	78	13952
9015	78	10386
4627	73	10295
3970	27	7117
6465	47	3619
1059	47	2826
6907	73	9588
677	31	10666
7530	73	6406
9342	73	858
5255	27	4691
4236	15	7164
9370	78	14443
5354	73	10696
3975	73	10108
6857	73	3515
550	73	9642
12683	78	5652
1399	73	415
8202	27	10236
3291	31	3244
5094	27	7591
3304	31	9996
5047	78	11124
1182	73	6572
14810	73	13587
11680	78	4054
8717	65	7126
6673	40	14728
9241	72	10290
211	73	2755
12508	73	630
2788	78	11339
2075	73	3855
8020	73	4977
12245	73	14765
11639	73	7876
7855	73	1634
32	73	6971
5533	73	6648
13086	73	14485
379	73	5785
1188	78	2751
1030	78	4755
7355	27	6114
6458	40	4781
5126	39	2757
7204	47	14472
14823	45	9284
11274	40	2775
2363	47	2818
5521	40	13681
11228	73	9695
6353	73	8018
13136	65	8199
4281	73	6337
13189	47	4793
1521	50	4139
14805	31	7955
11892	73	3525
6069	72	2872
2792	73	6189
10543	73	877
2105	73	9972
2956	73	3461
5629	31	3536
10979	47	10299
78	78	8765
7290	65	10900
8411	27	718
1174	73	4555
11306	47	6295
12006	65	10109
11612	78	7689
3152	73	3348
3136	73	10331
11968	73	8436
12616	73	3479
12975	73	1779
2613	47	454
7849	73	6543
2485	73	4504
3420	73	4725
743	78	10383
12757	73	13855
5546	73	6323
8023	73	6181
8352	73	2453
274	40	10282
11099	73	1551
6998	72	5292
5423	78	4706
423	72	5221
2456	40	14750
11349	73	2714
14921	73	9899
1212	78	7520
642	47	7589
8073	73	4363
2086	78	14753
14337	27	1299
3718	78	961
12202	47	2161
4805	78	9934
9174	73	4563
1502	73	3055
13084	73	426
8641	78	5736
13075	27	9924
5234	31	516
12639	47	3688
11197	73	1669
4770	27	7905
14812	73	9072
6631	72	10357
6549	78	863
316	78	4290
993	73	5057
11430	73	4506
7770	73	6829
8526	65	5564
1057	27	1831
2092	73	733
5179	47	2826
5625	47	7594
12130	73	5989
8372	78	7044
4783	73	7786
8877	49	9672
6862	78	8006
11083	73	3612
7321	73	14509
13447	73	13875
12708	73	8554
5248	73	1954
490	40	14403
3549	78	5270
8332	78	5079
10887	78	6973
14964	73	767
1351	73	7622
3575	73	6629
9690	78	1980
10142	73	14765
3961	65	7898
11213	73	9323
7833	78	2027
1344	73	5350
4575	65	2447
3113	65	6611
1074	73	593
6803	73	9844
1446	73	4399
12337	31	8882
13756	78	6495
14608	27	2368
4252	27	4689
65	78	1248
5526	73	6434
3150	73	6684
9920	32	10020
3300	73	7735
12306	73	962
8585	40	8037
8976	27	9578
14834	73	6178
3895	73	6142
13170	73	3674
4537	21	10162
11315	73	5849
8233	27	4629
12270	78	10294
8781	73	1430
9450	65	9827
4658	31	1977
13406	73	401
13982	78	1167
14530	73	8410
11954	73	4688
5008	73	2554
4275	73	7059
12302	65	7905
4809	27	6679
14167	31	7096
4812	27	9236
13403	31	8932
9663	73	1770
12854	73	9082
7333	73	4058
12842	78	7975
14355	78	10596
6719	65	2899
14900	31	4100
11782	78	3369
12204	73	6128
3719	73	14739
9610	73	10037
3189	40	5729
8603	73	2290
8830	73	6648
14604	78	6909
1890	73	1421
2000	73	6686
3106	78	6413
7554	47	8382
12423	73	4325
9381	78	11161
5557	78	967
1485	47	2313
9250	47	4193
204	78	7519
13328	65	7898
9081	39	5521
5164	73	4249
5583	78	4754
2457	73	7720
9677	73	6779
3422	72	5316
7538	31	14774
13372	73	6957
1234	73	9777
8027	78	5715
9862	73	821
14419	65	7859
344	40	14469
5452	27	4511
11104	65	874
2613	73	7012
12275	73	6970
2293	78	459
7360	73	7031
9001	73	4111
4302	27	3458
11857	73	2370
8697	73	7679
3982	73	6300
610	65	2769
296	73	4318
2727	47	404
14325	15	3629
14068	73	9966
949	73	7970
10834	40	5808
13383	78	10161
8780	27	8532
13122	73	6916
14609	73	9045
10760	73	11269
13522	73	14285
10427	78	4697
14228	73	7658
8461	73	13952
12253	78	14486
2862	39	6378
2296	27	8484
3904	73	9073
13255	73	14375
13418	73	5921
9447	31	8016
5990	73	4321
8321	73	10270
61	65	7978
13776	27	1831
8524	40	13745
5199	73	587
1109	73	10314
11859	27	1260
10099	72	785
645	73	11450
5095	27	4746
8660	40	4747
12915	73	6020
14330	65	4417
6834	73	6220
641	73	5807
4939	78	11014
2425	47	2870
5565	31	3001
6347	73	14259
14305	73	3105
578	65	10021
9561	78	6617
8621	78	9829
13639	73	2385
3917	73	9072
10618	73	2257
8509	47	7676
6956	73	2322
2460	27	716
14914	47	10272
10472	27	9065
885	39	4483
13160	27	1257
8118	27	6280
11940	73	9774
672	73	8468
10997	47	13685
2099	73	4506
8832	73	6270
12787	78	7125
5707	73	14384
975	31	9995
9676	73	14373
10526	47	7063
7538	73	1338
1644	73	4094
12711	73	5468
11948	78	4063
8084	73	6638
12964	73	2179
13323	73	779
11214	65	1797
1897	23	599
13454	27	1781
3048	31	1977
10634	15	2163
14940	73	4096
7208	73	3528
12629	78	14863
13336	73	4402
13730	78	4072
8894	73	11532
3287	73	2686
11011	31	5760
6342	31	3401
13735	27	1273
8224	73	10184
5245	27	9836
2079	73	10444
13387	78	3367
9546	73	2117
13636	73	10758
9763	73	10148
14665	78	4071
3582	73	2167
10781	65	726
8749	73	6663
13378	73	8763
1264	73	6019
6566	73	7665
9724	72	2710
10207	18	10292
3663	73	6783
11442	37	11442
11463	73	6362
5497	78	4509
10254	73	3450
7358	73	11334
6476	73	9851
12950	73	3414
10464	73	7088
10464	31	9235
7345	47	1271
13088	78	14340
11815	78	2848
11892	73	6901
13747	27	6421
757	78	4482
1201	65	14706
14993	47	7649
681	78	9098
3997	73	1322
8162	73	6024
11843	47	8403
9357	73	3010
5934	40	9636
3995	78	3324
1570	73	2247
11710	78	3632
8796	31	725
9029	73	14691
13678	72	9040
14878	73	10314
13495	31	9835
2743	73	10166
9872	27	7117
12902	78	874
7066	73	2767
4229	27	7054
2295	78	9399
12269	31	3602
5539	73	1542
7331	49	13466
9163	78	3235
1418	72	1128
11782	73	14505
14798	73	5834
14165	73	6194
6852	24	4076
8581	78	3835
13257	65	2800
8674	65	2304
6656	78	6240
11809	47	2597
13255	27	1167
1000	27	7120
4026	78	10386
11568	27	9112
8023	27	8129
1865	73	9072
4199	73	871
11717	65	7777
166	73	6655
3701	27	2978
12334	73	2827
7149	73	7653
5387	47	7516
3989	78	3441
8980	73	6133
13086	73	9214
5273	78	11124
12139	73	8165
1377	78	6973
1871	73	426
6609	40	7856
4807	73	862
5210	73	11520
8497	27	6320
14121	27	11072
2750	78	3934
12692	73	5987
7067	73	2069
5685	27	5647
14053	73	623
7554	73	14851
13432	78	3588
14189	49	9672
9726	31	4892
7439	65	10020
3873	73	5728
5141	40	738
3870	27	3126
13025	31	10166
13770	27	5296
7487	65	9099
12502	73	347
12966	73	2711
3160	27	11475
6574	73	795
9134	73	6009
12001	27	10745
1580	73	6101
13360	73	10301
12344	73	2997
2107	73	11286
11743	73	4698
8961	78	2985
14913	73	1672
4301	78	9638
6897	73	2869
10976	73	501
5052	73	5183
10869	73	6963
9478	73	3609
4542	78	14282
12270	73	5846
12792	73	414
3676	31	3602
14946	50	7935
1417	40	9684
9393	73	2247
1396	47	2796
5711	73	4139
8087	78	10582
4834	31	3244
9896	73	8651
11494	78	2078
5354	27	14725
2477	73	14961
3153	73	3460
151	73	11066
8296	31	14768
8491	64	3890
5376	31	14748
11113	73	5883
978	78	8042
12874	73	5908
695	73	5961
8122	73	14743
11693	31	3001
4130	45	9283
9548	78	14720
14360	73	11143
4199	73	6316
3741	73	3496
6861	73	9625
680	27	6934
9245	73	11537
11752	27	4155
12014	73	732
8672	73	11164
12386	47	2887
13122	78	10021
5601	78	7296
3878	73	10513
10610	27	6280
6864	78	3835
5530	73	7728
2185	58	14952
6646	27	9553
4595	27	8665
7529	27	8669
14592	73	2050
7196	78	2800
7908	27	7085
1464	78	4161
4568	48	1529
4967	27	14509
14936	31	11260
12327	78	6521
8609	73	5908
7049	40	497
10298	27	2900
744	73	6022
3549	73	14864
10206	27	6315
7541	65	953
9922	27	14573
10851	73	624
3290	78	4629
12331	73	4375
11774	78	4234
11163	40	1539
11828	27	4165
8053	40	7267
12591	73	6107
9454	73	7177
12496	73	9034
7343	73	3078
7181	73	7424
1446	65	4796
4453	47	6278
13429	47	495
2032	78	3213
10123	78	1957
9161	73	2021
2346	73	14730
3775	73	957
11321	73	6115
6347	65	7905
8961	27	7905
4719	78	6925
4946	73	5786
5994	73	11286
1796	18	4068
13583	28	1048
7414	39	3753
12846	73	9522
9288	65	8700
6874	47	14766
4840	73	7777
6947	73	4716
7265	27	3441
81	78	13684
1064	73	6635
14878	73	10313
10850	78	2078
14420	27	5036
13987	73	4049
6522	69	4937
3799	73	877
12848	73	6083
7344	73	812
7320	78	2985
10795	73	7778
1718	73	5762
4179	47	8528
10454	73	6233
4734	73	7419
5912	40	3412
10835	73	7735
2005	73	6680
7528	73	7783
3942	27	7921
5116	78	8471
13160	78	6425
7848	47	278
9559	78	6595
1315	74	2685
11271	73	2206
10654	73	3442
775	57	6258
1004	73	279
13281	73	11386
1639	40	6222
9308	40	4305
9903	40	943
12379	73	6708
9166	73	14350
4851	78	6414
11758	65	9942
6472	73	3063
10222	40	9231
896	78	6289
11603	31	2526
3147	73	3825
8645	73	7421
3174	27	8665
4347	40	6845
3281	27	13835
4040	78	8484
4847	78	9114
8802	65	8803
11718	65	7978
12809	78	6521
1178	73	1817
1595	73	9967
3937	78	7678
5597	27	7292
7826	27	14706
13996	73	6505
2346	31	6078
11747	73	13843
12189	31	11176
8931	40	10246
11313	73	11516
9183	65	499
10850	78	3934
10118	73	6856
2017	27	4441
12633	47	8274
6976	73	9092
694	73	5961
6432	70	1675
6815	73	14366
6151	40	6209
9354	73	11007
3053	31	1298
8244	78	2666
8984	73	7428
8719	21	11177
14077	73	13761
6963	72	14705
8190	73	770
4624	27	14352
11741	73	3621
11803	78	4772
754	73	5778
11185	73	6388
10916	78	4290
8783	73	14316
3030	73	10675
4971	73	9967
9132	73	2140
6131	72	9774
3951	73	14864
5553	31	7310
4144	73	9084
10324	78	2881
11050	73	10270
5417	78	7060
13743	73	276
6564	73	7666
12366	73	6113
525	73	10153
13376	73	2898
7599	73	3760
11351	78	5959
10885	47	1271
10765	73	9566
2218	73	2470
8290	73	3952
8720	27	11177
10814	73	4370
8985	40	2558
12114	27	8661
14155	73	4158
8267	78	513
5285	73	2360
1870	73	10405
12165	73	10114
7901	73	14800
2158	40	9105
12528	73	6508
62	78	9942
1971	35	2758
3903	65	6013
3650	78	8535
14886	73	449
14301	47	2398
11424	30	2400
5699	65	4082
10075	73	9637
1617	78	3426
13805	27	10154
8811	73	5829
1563	49	7172
10467	73	2261
5701	73	9214
6562	73	7758
2830	39	6045
10648	73	9596
9511	65	9875
13392	73	3456
14989	65	11066
12835	73	7407
9549	65	4796
1360	73	3760
1994	73	4915
13726	73	1307
12210	78	2403
10904	73	5881
5006	73	6084
14256	73	10492
13248	73	9228
3327	27	11517
12276	73	10357
1880	73	4497
12664	27	9984
5184	73	2897
1560	73	9789
8745	40	6496
2001	73	2138
5306	78	4706
7053	27	4299
13147	73	9292
5268	73	14345
12113	73	733
11602	78	10292
11223	49	9502
9603	73	13804
375	27	1677
10899	47	2149
189	73	586
9618	27	11475
8226	73	5849
7145	73	11334
12895	73	808
1671	21	4165
4250	40	14378
5232	73	14714
11735	73	8522
14944	78	2772
2663	73	10024
3599	39	9310
9670	73	1974
10343	73	3883
1795	47	7931
11883	47	7041
5496	78	14353
3950	73	14126
13479	47	10356
1366	47	10311
12205	73	5657
13208	73	13853
9129	73	7237
5280	73	5796
9532	73	317
4181	73	862
1061	73	4368
14549	27	9626
11095	78	7593
13387	27	452
13037	78	3213
13488	65	6909
8460	40	2847
8498	31	14742
4208	73	3056
12048	27	14871
4070	39	5325
4486	27	2499
4785	73	6330
11693	73	5795
6979	47	6038
12633	47	9773
14441	73	6016
1693	39	9944
8378	27	9842
5545	73	4559
8997	64	9912
17	73	4154
1009	73	13883
14178	31	13687
11348	27	4381
12546	73	9971
14608	73	9076
13995	27	14309
11540	73	9201
2700	73	5456
1565	73	14731
5164	73	5337
1909	27	4630
7418	40	4751
4608	78	3333
13034	73	6931
3947	65	9929
816	40	3558
12874	78	360
9343	73	6054
28	73	11554
9172	73	859
9338	47	477
13910	10	14872
8679	65	6269
11923	73	593
410	40	11274
23	27	7921
34	27	7998
2240	73	7481
8984	27	7651
7106	73	4382
9459	73	3415
2253	73	6524
14894	73	1163
13918	73	11532
11682	73	5906
12826	73	8468
13246	73	7756
2578	78	14343
9771	73	11326
73	65	9596
6585	73	6577
7475	73	11398
13776	73	14376
1621	73	2205
1051	73	2823
10332	27	11517
3770	73	2712
1239	78	6909
1939	78	3324
11844	73	3253
13805	73	9724
14887	78	1309
14116	73	7152
14156	73	9125
11888	73	4205
10218	73	13843
13385	47	8078
13022	27	6228
1504	73	2411
5698	65	2800
9173	73	1036
12979	27	4398
12831	27	10370
10715	78	8862
303	73	9373
14368	73	3641
3165	27	2145
1234	78	9960
12601	73	1764
577	73	11331
10965	73	1297
2437	73	1431
10116	47	8587
7843	73	862
8745	40	4780
9503	73	5999
615	78	448
3382	73	6103
11906	73	10694
6922	73	586
13494	73	6380
3094	27	6419
12821	73	7695
13100	31	4319
3288	40	10009
11413	78	4425
14364	39	6292
9865	31	8174
7354	78	4425
13256	78	10383
4252	73	4058
11838	65	10224
7504	73	6084
8706	73	14138
11651	73	13762
3762	73	1776
3262	78	6614
3313	73	1132
13011	73	777
1751	78	7984
13574	27	512
11430	78	3213
13477	78	5294
2531	73	6712
11729	73	7660
14186	47	2313
14206	73	5866
5408	73	7625
14401	73	3187
14912	73	6964
5103	73	9621
8549	39	4477
5293	72	5472
6467	73	6306
13949	78	10406
9135	31	5768
11686	47	4151
9608	31	9190
8506	78	7858
1499	73	1420
6343	73	6171
2635	73	9894
13324	47	6608
4473	78	6193
5625	73	5921
14678	73	1425
5100	27	14417
10260	27	10386
11479	27	4414
2443	73	10627
9476	27	3467
6527	40	3412
6747	27	7898
4929	73	4506
12062	73	13843
11315	78	5842
245	47	4899
45	73	6374
3366	73	3054
11944	78	10746
10736	73	10020
11810	73	8200
9630	40	1546
3962	73	4890
10286	73	6355
8568	73	6406
6954	47	2870
2338	78	7820
40	78	11380
4433	40	4305
8294	73	6696
8454	73	10444
5677	27	4112
10248	73	2150
8082	47	7596
12564	78	3330
11506	73	3524
6907	73	2247
3978	17	2817
12624	73	13853
6375	53	11897
12605	78	10681
266	73	5579
1617	73	7042
3332	65	14477
12999	78	7873
8586	40	2158
7001	47	14307
11375	73	10039
10857	47	7442
7490	73	9259
4990	78	6325
5777	39	3200
2842	40	7037
14850	73	6621
13438	27	9964
4589	73	337
4280	73	9851
6613	40	1948
11673	31	9694
14583	27	4206
12729	27	10230
2035	73	7724
11354	73	7115
7209	31	6006
12815	27	5649
10276	73	1411
5390	78	14722
541	73	6345
11640	73	10303
3972	78	8445
2461	73	5776
8840	47	9520
10602	27	511
10863	27	4080
5227	73	6510
7883	73	3513
5432	73	3408
5629	65	5065
249	73	979
11530	47	2134
14591	73	1680
8991	78	8484
5309	31	2267
7761	73	2897
6944	78	1771
5100	73	3439
2028	73	7800
7111	73	6061
12240	65	4112
4119	65	4423
13591	40	7590
8712	73	7639
5266	73	1708
11711	73	7899
5342	73	6525
13102	27	5055
5415	73	739
7571	27	9607
13342	73	9271
2192	73	3954
8602	78	472
9416	31	3008
14033	78	9985
9368	73	4725
9161	31	1131
14268	73	14235
9457	27	871
7444	73	6653
5897	73	7945
2658	73	2877
2724	31	7603
14174	73	10037
12713	73	9042
6717	73	8314
11734	73	7606
9184	73	11137
13118	73	1543
7443	73	9834
8362	27	2499
811	73	2226
8732	73	10007
5253	47	7676
10660	65	7311
12621	73	412
1435	73	3228
12409	73	14971
4844	73	9044
1463	47	10388
8566	73	10668
5440	47	11724
12821	73	4880
10547	65	4796
11572	47	1551
9744	27	2255
134	73	5828
8747	27	14351
3734	73	1826
10410	27	5290
8944	73	1852
436	40	1028
11674	73	8200
4773	47	2404
3999	78	3447
11932	73	5779
5009	73	5914
7352	50	11167
2195	73	6916
12141	73	4665
3388	47	7047
1915	73	2259
12516	78	1325
4640	27	4858
3897	73	943
7186	73	10019
1616	27	14761
11940	27	3467
12208	27	6602
14803	73	13879
13734	27	5761
2214	73	3163
14232	78	3603
13229	73	11516
2477	27	3471
11973	73	2534
7198	73	808
14626	78	1253
8792	47	2880
11664	73	3658
3217	78	10253
503	27	7591
14449	73	815
203	73	8018
9536	27	4004
13524	31	7096
8136	76	2424
4999	73	2694
1729	73	8384
1923	27	4796
7279	78	8866
5145	73	9039
14332	73	587
12177	73	2714
13544	78	5722
3103	47	3448
127	73	7759
4990	27	10038
11230	27	7905
11769	73	6782
10475	73	1255
569	78	7057
5515	72	6076
10267	73	6964
13170	73	3825
13202	27	6417
1809	73	4908
10453	73	14384
10913	73	4109
7919	47	6295
13686	39	14736
10199	73	9639
436	40	5521
5508	78	5863
3663	47	6369
13164	27	6320
11342	73	9045
169	73	13804
18	73	9232
4728	73	2233
13286	31	7955
12980	73	4335
14944	73	8434
5616	73	420
4418	39	13692
12698	73	9734
10879	78	6325
11890	27	6618
12318	73	5847
8114	78	2985
1352	78	5224
2655	73	4115
10863	73	4325
6939	73	8436
5267	78	1321
3823	73	9017
4641	73	5456
13355	47	2134
4264	65	2800
3964	73	9801
8996	73	4104
12889	73	9946
9063	78	10778
9363	73	10367
11025	73	11071
1878	27	13812
9437	47	473
2175	78	4503
14438	73	1687
5490	78	4071
3136	65	10331
4209	78	10010
13150	73	5318
1334	31	10243
14164	73	8150
8318	27	2166
8819	73	14269
7824	47	4459
7256	15	9220
8981	73	5971
11511	73	7860
11544	65	4063
11942	73	6706
10651	73	14799
2578	73	5922
7515	73	8314
1301	27	1949
13826	27	8300
4484	73	593
12982	73	6832
7574	27	4515
6731	78	6385
9150	73	2556
12689	73	1530
3464	73	6639
3923	73	2148
2389	15	6926
13496	73	1283
3273	73	6234
8175	39	4823
1013	31	4319
13342	47	4253
11780	73	1170
11994	73	7981
13379	73	8063
11592	65	5305
13820	73	14310
4809	73	5770
11775	73	2534
3650	27	6193
13420	73	11485
5936	58	8771
10528	73	7462
6464	40	6810
1342	31	2267
13775	31	3535
7284	73	4774
12194	73	7942
12155	73	10496
12129	27	6671
13828	73	462
5599	27	4691
10769	47	6407
5276	78	4288
3944	27	7117
8752	47	5326
7233	73	3802
14985	27	14779
4708	73	10962
7357	73	9358
10183	65	14708
12233	65	931
1029	27	864
2574	27	7597
4333	73	1949
12452	78	8658
3300	31	4137
3094	78	7975
12809	78	3369
11825	73	1582
4302	78	9976
5354	65	3226
10649	73	9196
11234	73	10818
627	65	11529
12309	78	9399
13191	78	4054
1738	31	3354
5185	78	1168
12022	73	2284
3989	73	10672
603	73	328
12879	47	7676
9690	27	6180
12769	73	9778
7812	39	1950
12015	73	6694
5360	73	8764
5455	78	4536
8903	65	2769
185	73	13843
13813	77	6628
11856	78	3210
4954	73	4263
2565	73	6702
4996	73	5337
2433	73	1420
13118	73	6106
5166	78	9998
1380	65	14893
14245	73	8010
7037	39	6183
11471	65	1290
11935	73	10019
10320	31	14761
12489	73	2069
8021	73	4251
14665	73	4507
13210	78	4779
6426	40	442
8753	73	3659
12879	65	8765
7443	73	10515
579	73	6627
13092	73	9154
6766	73	9950
1620	73	6194
3305	73	1777
12997	27	448
13535	78	1295
13469	47	11067
7827	73	5042
4940	31	7310
5885	57	5914
1104	27	5817
12154	47	585
8267	73	5734
6569	73	6850
11962	73	10213
3980	31	9995
4934	73	10841
7599	73	1826
6657	73	6651
2294	31	4100
2657	27	2706
6522	72	7819
4118	27	5877
10141	73	6061
5544	26	10087
13938	73	5931
9301	72	14299
13321	73	8774
11225	47	9606
7550	65	2769
14728	39	1676
8996	78	5636
14182	78	9940
5380	78	2034
2731	27	6297
3990	73	2405
9573	72	4959
12781	73	871
9394	73	7986
12265	73	14348
1985	73	13672
12049	73	5850
615	27	2314
6684	19	4448
1356	27	14783
12632	73	2395
2199	40	7037
158	27	6416
13639	31	11144
8296	78	9584
4590	73	14316
12123	31	2359
9565	40	9858
10951	73	6142
3714	78	7592
5595	27	2368
9415	73	6073
14096	49	6816
188	73	3483
8106	65	1677
14451	47	7596
14671	73	3452
11762	73	11273
14079	50	1255
3925	73	5980
14976	47	6318
7107	27	9218
12718	31	5056
5562	73	10672
5338	73	4289
13724	73	4977
1212	73	2179
12534	73	4763
11663	73	3826
2372	73	1134
11354	65	4885
8640	73	1972
3019	27	8665
5689	21	10162
8880	39	2682
1839	73	9387
13276	73	1305
2586	73	9899
8723	73	624
4198	73	11005
12386	65	10038
7554	73	4158
3861	73	10672
8608	65	7898
9024	78	3369
12277	78	11422
3048	73	10693
6555	78	1168
14889	73	7951
6954	73	9186
12969	65	7653
10647	64	574
3293	40	6176
2596	73	10241
6913	27	4691
1153	73	2454
1403	73	6652
12919	73	4960
193	27	4097
3278	73	4862
14786	73	4656
6173	40	6172
566	73	7189
205	73	3660
4621	65	6683
1528	73	10672
3811	73	14657
2469	27	7129
5383	73	13841
11790	27	11006
13671	40	6176
13123	47	8538
13726	78	1849
13454	73	6712
5408	78	6421
8366	27	10230
11771	73	547
13228	78	5270
9452	73	2897
12096	73	1416
12108	73	1631
8063	72	7364
1388	47	4411
9761	47	9624
183	73	14287
10652	73	2390
11348	73	4058
13100	65	10247
8156	73	9039
10528	73	7160
10728	27	712
11762	78	10386
2939	27	6934
14830	47	6608
12140	73	14285
192	27	5788
7925	14	14258
8973	40	5964
13198	73	5152
984	78	9842
10183	73	8480
7811	40	4353
9009	73	1249
2927	73	10761
12725	73	3667
9345	27	4297
679	27	9642
6893	65	1292
1497	31	4389
5692	73	2885
2280	43	645
6575	40	14693
13190	73	6523
1837	73	3450
5066	73	2145
5952	62	6617
4466	27	2858
9346	73	7685
882	40	5719
13274	65	10038
4992	73	1256
1803	78	4776
5507	33	640
8450	73	10512
11200	73	11160
481	72	6916
13766	27	8665
12214	73	1170
5417	73	7763
2620	65	4802
4267	78	5651
12216	73	14691
12133	27	14417
6987	78	6373
5999	57	7223
4019	73	6725
8114	73	6103
7265	73	5337
164	27	509
10430	27	2873
4701	73	1770
9975	40	3416
14867	73	5859
11195	73	4977
14028	73	1346
13840	73	2067
14408	27	5652
6763	27	4141
3339	27	6674
8170	73	4386
898	73	2150
201	78	7058
266	73	7054
1229	73	4318
3167	73	6323
12924	73	7013
14216	73	6379
10922	73	9257
12850	15	6039
14685	73	8548
8502	73	1726
3946	73	3083
4657	31	5773
9671	27	14571
14	73	4371
11546	47	10380
1057	47	4364
13517	73	7018
12190	73	5318
5526	27	5847
688	27	3185
11975	73	10303
5365	27	4163
4586	47	7988
8826	27	5024
1817	72	9125
12753	73	9053
8874	39	3636
3269	73	6017
7099	27	10748
7149	73	2528
12139	27	14779
4485	73	1958
8318	73	1788
6580	18	971
8746	40	9733
4000	31	828
2399	31	4092
12840	47	2854
11862	73	5779
2016	73	6117
6571	73	1780
7585	73	3342
14895	27	2835
11687	73	4260
140	78	3544
12495	27	4441
11632	27	689
12915	78	9207
13936	73	6103
8647	27	14351
4906	47	9520
8285	73	991
12321	73	10019
2578	31	9314
1948	40	327
12072	73	4335
3249	78	11124
11702	78	5463
5120	73	1022
5453	78	3499
251	73	5794
2984	27	8535
11446	31	913
5920	47	13685
3416	39	9939
5111	27	3499
267	31	2760
6563	73	6969
12017	31	13586
10346	27	8040
3382	73	1847
13088	73	4665
6497	18	6496
12544	78	4755
11436	31	6148
8924	47	4510
927	73	876
11410	78	6531
13581	78	2078
14069	27	2851
3944	31	4892
12146	73	9387
3503	73	10596
13322	31	4404
7112	47	9182
13946	47	5824
13582	47	4380
8604	73	7959
1058	47	1405
1061	47	4874
11234	78	1155
9561	73	8959
3128	73	5849
9405	73	6661
9817	40	14750
8695	27	5650
11257	78	7520
11655	73	9797
3910	47	477
10351	33	7280
1178	47	8458
11693	27	6184
11634	78	2608
4447	73	1107
46	73	10088
38	73	11159
14202	73	10361
13391	73	6372
12570	73	933
7282	73	6715
4564	73	5935
5674	27	914
6490	73	862
8540	40	4781
8984	47	11070
10872	47	889
9549	73	6138
9840	40	6209
14786	78	14697
11727	73	9831
12672	73	1763
8908	27	6013
1689	14	2704
14165	73	10184
9721	27	10373
5558	73	11159
5523	65	6086
13194	73	11121
3031	27	11473
11781	73	4415
1557	73	11051
14327	73	932
13720	73	8383
2730	27	5651
4912	76	14324
5481	73	1170
14328	31	2300
3647	73	10732
1647	27	2706
1813	73	3404
7585	78	14738
14229	27	3603
8785	78	3235
14603	73	10006
10050	73	4315
4944	27	6674
12915	27	9207
1883	73	4902
13752	31	6217
10806	73	6272
4462	31	954
14044	73	6000
3764	27	5642
11636	73	3612
6737	73	9097
11106	73	5456
2354	47	14318
14190	73	4684
13939	73	7995
9391	47	959
4215	78	2402
1865	73	10350
10653	27	11473
2029	31	1409
14660	73	5059
10728	73	7710
8706	73	2284
6879	73	8437
60	78	14479
3306	78	6446
3898	27	2159
12827	27	9778
8688	73	9307
12579	31	6078
13939	73	7663
12416	73	14485
7242	65	14760
4274	65	4004
3716	73	6485
13068	27	14055
14963	73	4975
9501	14	4109
2171	78	3934
10817	73	11327
314	73	5057
12808	65	10162
1180	27	9783
13446	73	7152
13636	27	8654
14735	40	2841
878	73	2358
4811	78	5054
12720	78	4903
1848	40	4245
5168	31	4110
12509	73	14951
5147	47	454
5707	47	1959
12107	27	14732
13299	27	11264
11505	73	8056
2581	73	3517
2339	65	5652
2201	73	8693
10300	40	5857
4964	31	10352
14398	39	2303
8276	47	749
12993	73	951
5107	31	8016
2814	40	2274
13269	31	1131
12345	73	14730
1742	73	11007
13290	47	7782
11102	73	10517
540	73	14657
7207	73	11160
4583	73	663
13293	73	14734
13579	73	6195
14130	40	6176
5250	73	3187
10261	31	5831
4969	49	2976
11596	31	10089
9644	73	2768
12182	27	1437
5721	15	14488
3297	78	2375
7812	39	5062
14439	27	3459
14268	73	7508
13773	27	9254
3227	73	2453
2645	78	14732
6392	39	2503
10037	72	3054
3194	47	2880
6456	31	4548
8516	73	6054
6468	73	432
12730	73	5892
10226	27	14706
5388	73	4549
9179	73	9801
12972	31	9572
14669	73	2533
11265	73	7953
3373	65	4855
12522	47	14414
4240	39	5014
2467	73	1328
9742	65	8080
11271	73	4684
13146	73	1691
14026	78	433
14233	73	10772
10881	27	715
14815	73	4295
876	16	1197
11763	73	3409
4243	78	3842
13009	27	6671
1201	73	10017
3601	47	9048
570	47	9099
4031	73	5059
7773	27	2769
9479	73	930
12048	73	4123
4194	39	13591
9613	73	1686
13492	78	2355
12612	73	4311
4559	72	11071
11859	73	6075
8786	27	14705
10753	73	9782
14387	73	6179
10466	73	2180
2631	27	7719
8736	73	14723
113	27	11181
5516	78	7989
3790	73	8986
10808	73	6070
6690	65	2800
2225	73	773
12189	31	2830
12306	73	4295
7317	73	9972
12448	73	14800
13089	73	10012
2541	73	2530
10790	73	337
2996	39	8649
4	73	9034
11222	47	2131
668	73	11392
12452	27	7079
13041	78	2027
12438	73	6706
6917	78	2868
3547	47	4495
4407	40	3761
8514	73	8092
14004	73	8548
7049	39	1950
11033	47	2064
12358	78	7430
2345	78	2112
5230	78	3842
7336	73	2119
5145	73	7297
10394	65	9958
8733	73	10076
11904	27	4381
9879	78	1158
11581	78	1309
13157	27	88
5111	78	10253
1217	47	9598
12971	73	5330
12298	73	6282
4013	78	7619
5062	40	4405
9339	23	1286
11099	27	6444
12268	65	2062
11003	78	2268
6806	48	9672
573	73	2894
8710	78	382
11476	13	3978
11949	73	13786
9344	73	14483
11436	73	7996
896	47	4063
2492	73	2069
251	73	8653
13613	73	3561
6584	47	14381
14526	73	4329
12178	47	4193
14603	78	6286
11816	73	7868
14226	65	1856
9975	40	8446
13736	73	9215
12726	73	2312
9299	31	14746
14682	73	3557
9487	47	9837
5602	73	7226
11755	31	9260
13220	47	2880
7485	73	862
8284	27	4398
41	73	2271
9173	47	9839
10978	73	4315
567	27	7126
13663	73	5972
9150	27	14725
7703	73	2769
939	73	2877
2990	72	14375
11460	73	8551
6527	40	879
4995	73	2114
13107	47	5091
2689	73	6873
14549	73	10025
11523	73	8430
12295	73	6300
8938	40	89
297	27	11535
10412	73	13865
10124	78	6330
9413	73	4506
5698	73	925
14825	73	10057
11985	27	2132
13414	27	10748
1841	27	6320
2367	73	5571
1748	73	9854
5635	65	1437
11642	31	13586
10632	73	290
13357	78	6414
11880	73	9967
1397	27	512
13920	73	5968
12761	65	4360
12092	47	7966
3598	78	8042
5078	73	9796
11206	78	9783
13062	73	2761
11871	73	7793
12069	73	2306
494	39	5023
9530	73	9954
14633	73	14142
14391	73	4916
13035	27	7874
12146	73	9517
13170	78	4354
6747	65	7898
6351	13	5749
8630	73	7415
9408	73	4123
2012	78	8655
13523	73	3425
7356	65	10040
7570	73	5958
2392	73	14514
14979	27	1260
4601	73	851
12225	27	7086
3583	73	3396
10583	73	8200
13993	73	14384
250	47	6191
7585	73	14724
14022	65	9875
11360	78	6048
8266	73	9259
1103	73	5333
8828	27	2166
12476	18	5033
3962	78	10161
5595	78	4322
6906	73	6694
13727	31	3446
9062	73	4051
8886	27	4377
60	78	11173
607	78	7984
11126	27	13789
8767	73	10011
1660	73	2115
13316	78	14728
3382	78	14722
11814	27	4859
4731	78	6589
2146	39	5809
11349	27	5979
3703	73	6170
4197	40	6176
10828	73	6072
2219	73	5874
1210	73	822
836	73	1134
3380	78	6013
366	73	3233
13675	40	2125
13258	47	4356
8255	78	6258
4670	73	8009
2013	73	6080
2874	40	879
5180	73	7721
7453	73	5649
13957	73	9844
6851	31	3602
4302	73	1951
5746	78	955
12759	73	1134
12773	47	336
14525	27	10373
1227	31	4137
3276	31	14512
690	73	4371
10805	73	8056
7485	27	9776
3332	73	6126
4865	40	5852
14619	73	547
11984	73	9237
5516	78	9191
7791	73	1422
149	47	1286
2	27	14455
13042	73	1543
2690	78	10960
691	73	6577
11514	39	9944
14524	27	4155
14112	65	4796
293	73	3010
5598	73	7736
4730	73	3674
7900	73	4991
13480	73	5866
12028	31	10110
3784	65	302
2922	73	1944
13412	73	4937
7551	47	7311
2326	31	14745
12200	78	2141
10589	27	453
8224	47	9809
8315	73	10291
8735	73	14511
1710	65	11382
4546	78	3759
5745	40	14397
792	73	7789
3177	78	14695
7846	47	8001
4484	73	8017
13435	73	5333
291	65	4796
10543	47	11182
13348	78	14728
14163	73	7663
10621	40	3921
12544	73	1440
12123	73	1268
8964	78	10565
652	65	6158
10892	73	819
7257	64	10203
9603	73	6345
2476	73	6166
10218	27	6289
14653	73	2306
10924	65	728
4611	73	2999
8672	78	11484
12754	31	14748
9025	73	2876
10989	73	14126
305	65	2935
13632	78	5655
1266	31	14741
3975	73	3445
10570	50	4147
13347	73	9784
22	73	1764
1999	65	9226
14033	78	5842
10343	78	4655
13820	78	5830
4642	73	3475
8944	31	6578
7803	73	7860
12975	47	6295
3189	40	8659
14201	73	9323
11108	73	3010
13230	47	9729
2568	73	7080
11703	73	4610
10718	73	14744
3419	78	14760
5581	65	11076
5302	73	7733
2592	73	7620
3498	73	5319
14793	73	2605
8962	65	10373
2680	78	2825
5733	40	4129
12650	31	5758
10629	73	1684
14494	78	4755
11110	73	9521
9371	78	5863
14609	47	2404
10580	40	8177
13123	73	3396
9615	47	2704
9489	73	2556
11688	73	4794
14280	40	3438
706	78	5940
1493	21	10247
13484	78	9108
13994	73	9269
3818	78	4052
6249	58	7867
3981	47	10381
13978	73	1953
13510	27	10230
13093	27	14352
561	47	9319
11632	65	689
13738	73	2191
10810	65	1856
4683	40	9636
5196	27	7905
8454	73	9705
12744	73	14366
11446	73	6539
8201	73	1281
6939	73	772
8309	73	6471
9351	73	514
8336	27	4290
521	27	9313
9445	73	4055
12195	73	3855
8748	31	9505
1890	27	4630
13093	73	6650
13406	73	871
14494	47	3619
12551	73	3439
13928	73	1973
291	73	14776
13423	73	2549
9170	78	8664
8096	73	4650
8696	73	7679
3627	16	9467
6041	47	8421
2793	78	5732
11407	74	4666
3120	73	2148
1885	73	4154
7465	27	10040
9296	47	7730
8923	78	463
10276	73	8772
4622	73	10515
1315	65	3978
9379	47	4253
2083	73	3497
756	47	9598
3287	73	4893
8348	73	2259
3144	47	10311
11248	47	10299
811	73	5886
12688	73	7614
2297	73	13780
14794	47	7516
492	40	14397
12890	73	3855
656	31	4092
13155	31	2846
9108	72	7736
3303	78	9842
2637	78	6672
13823	73	813
5308	73	4329
1311	65	8656
1056	73	3476
9891	47	14307
3786	78	10310
10341	78	14244
12514	73	1411
3828	73	2129
11049	73	598
14534	78	3759
12721	73	11262
11548	78	6408
14904	73	7854
9477	73	14691
8455	65	2368
10413	72	8941
3189	40	3753
86	27	11178
13281	73	10080
181	73	2052
12922	27	3430
3815	73	6111
12715	65	14055
1472	78	14753
2033	65	7873
12589	73	11331
9331	31	1977
9400	27	423
9138	73	3453
5822	47	6407
5383	73	2889
11721	73	3214
5125	31	516
4426	31	9117
1139	73	14000
4770	73	6612
9478	22	8177
14898	27	4361
12298	73	3557
1813	78	3847
3804	78	3759
12997	78	448
222	73	2307
11989	73	7314
2241	73	13902
11655	47	11078
5218	73	7484
5389	65	1167
14192	78	14772
2460	73	6270
12241	47	6351
9523	73	7428
13383	78	6408
8791	73	3500
12430	73	9303
3743	78	5975
1822	78	4706
1884	73	587
613	78	4439
3194	73	9257
841	73	3524
2015	78	11423
8582	73	9040
5062	40	9213
11895	73	4318
12410	27	3441
11886	73	8470
2724	78	14966
11062	73	501
6888	73	3377
15	65	1634
8388	73	10144
10726	31	7309
1898	47	8274
13714	31	4177
12806	78	7644
4680	65	4095
1276	73	7756
13074	73	1691
5765	19	990
10257	73	14287
10835	31	4137
2063	27	6330
10306	78	7820
2432	73	10325
551	73	9642
14682	27	6387
11703	73	1973
13035	73	813
11622	73	4104
5511	27	7292
7248	73	6962
14524	78	6427
58	73	11133
12291	73	6471
5260	78	2155
3666	27	6280
5400	27	11264
263	27	9090
7071	47	4064
12200	78	1161
5623	40	2775
12275	73	7606
11229	49	2971
2620	73	6406
2399	73	6273
5916	47	4193
8750	27	509
12696	78	760
12635	73	9983
13161	73	13762
2937	72	3847
12505	73	4109
11688	73	2271
10875	73	4890
7969	40	9506
6942	73	2684
11593	31	14755
11736	73	10398
12965	73	14007
12428	31	9117
5621	78	10253
2580	73	7777
8367	73	6319
14239	47	7676
14881	73	9228
14149	78	476
5525	27	8471
13056	73	6460
14278	73	6126
13294	73	13903
8265	73	4908
1120	65	1151
4964	31	2831
9892	78	4545
10550	65	7603
4701	27	9498
14191	73	14371
11613	73	4293
14830	78	1161
13351	73	9107
3894	73	4936
3668	72	3625
7384	65	8646
13022	73	6233
13367	78	9553
8313	73	3514
12711	73	7953
13601	78	10111
4605	73	8008
13365	73	1250
1147	73	9971
8148	78	6330
13706	47	7272
13107	73	9901
1216	73	8959
9142	34	7676
395	73	4873
5104	73	3500
2172	64	8994
7165	78	4322
1546	39	2503
5490	73	635
7460	31	14768
14199	47	2397
8611	78	5224
10710	73	3902
6140	47	14423
7259	27	441
7258	31	9960
14263	73	6844
11443	78	8172
10645	78	6196
11110	73	415
4625	73	9040
12669	73	2120
13568	73	7690
3275	31	3531
12153	27	9847
8928	73	7307
13146	73	3684
5371	27	14573
907	73	14379
12370	78	9592
4341	27	3495
3971	27	7224
1382	73	11401
11660	73	10227
14075	78	4865
13166	73	6115
13308	27	7997
10855	65	9978
7030	73	2070
7832	73	6513
4245	45	9282
10811	73	11007
7215	73	6783
5398	73	5129
6930	40	14767
9447	27	6280
12090	31	9222
8787	73	14690
12219	73	4335
11633	73	7876
12684	73	14957
12930	73	6573
5112	73	1683
13021	73	14712
3984	78	7094
11103	73	9720
3314	78	10047
1801	73	1255
12475	27	6310
11084	27	4113
2848	53	11815
2220	27	6322
3950	73	9040
4453	73	9724
6649	20	5836
7493	47	9152
5157	73	930
14644	73	2123
7457	73	4544
5236	73	10211
13633	47	3466
5957	73	6605
4676	73	3219
11751	73	9797
2061	47	3596
5259	73	6023
7718	40	14693
4237	73	5801
8850	64	3880
1664	73	4256
6476	73	6485
4493	73	5796
1983	73	5913
9465	73	3363
5117	78	3448
1054	31	4110
12050	73	822
10193	78	4052
1556	27	3835
4568	78	2820
9957	40	14692
4240	39	9105
1707	47	9048
8315	73	14372
11480	73	8542
12398	73	7235
8069	73	14314
6448	40	6396
12481	47	6351
14579	78	5854
11781	65	7299
14965	73	5059
8645	27	3458
2913	73	6166
13992	73	5779
13583	73	10308
5420	27	5037
9390	65	10020
157	73	6159
11633	73	6103
6599	73	10982
572	31	10369
13114	78	7650
1926	31	3370
14494	47	5304
12467	31	11148
12824	73	2995
12856	73	6275
1005	73	9989
8544	73	9233
5934	40	9943
13546	73	8104
399	73	4392
8346	47	7308
5438	73	1826
3748	73	8542
12423	73	6648
10921	73	13843
1655	73	14366
9433	27	2834
7241	65	4095
13401	27	8661
12750	73	7235
13540	73	1237
14596	27	88
6449	47	6094
7154	73	6633
5431	47	6190
6600	65	1048
6458	40	4129
391	27	3444
13148	73	13804
14659	65	14311
11298	27	7369
2335	78	1253
8106	73	6503
1105	78	11529
8903	73	6022
6347	78	6269
2197	27	4775
14653	31	966
10329	78	10079
2029	73	14220
3942	78	14444
9419	73	3409
126	78	6330
3297	73	819
5126	45	9282
10323	47	4193
12640	73	1036
632	47	4246
4537	78	14824
6789	73	5828
515	40	4412
8563	73	10184
9183	73	11159
14873	47	4395
12079	47	10145
10955	47	2407
11742	73	7981
14919	78	7722
10781	27	726
5002	73	1551
12675	73	3456
1991	31	1762
8513	73	7042
12387	73	13879
2434	73	13589
1722	31	4389
2422	73	6827
1183	73	6258
2498	27	4108
2562	73	5757
1744	72	13910
7509	73	6103
3366	78	1853
14880	73	13783
3575	73	5892
14848	31	4355
4683	40	6087
11488	73	14657
10440	27	2166
5483	15	5891
8477	78	7395
8899	73	9600
13518	47	3640
9740	73	414
13458	27	11006
5663	27	4113
944	73	6020
8841	27	4113
7832	78	9943
7037	39	7121
13046	73	5828
8527	73	9030
13439	31	14484
5523	27	6086
9462	73	7635
13495	73	7656
12078	73	7481
10399	73	3612
10839	74	13650
14117	27	14384
13131	73	318
11097	27	5035
10787	73	1170
5696	27	9256
10396	73	2371
9447	73	862
8926	73	4603
10315	27	4758
14687	73	6018
4273	47	6415
4217	78	1536
13939	73	6107
14121	73	1021
9559	73	1365
10306	73	3237
14594	78	5025
14300	39	8635
13960	27	689
11639	73	6511
5482	31	9571
6987	78	10094
7353	73	318
562	78	7038
14810	73	11330
6119	31	2121
1046	27	10040
12780	73	9259
499	72	6015
1722	27	5296
10729	73	1416
1612	73	4502
128	27	6417
7554	65	6014
13148	73	4552
6865	73	14132
11291	73	6270
11207	73	14480
5570	73	8548
105	27	6013
7732	73	9053
9257	40	4704
11838	78	5294
12454	47	8382
4468	78	11015
8167	78	4081
2675	43	12303
5679	73	4320
13610	31	1789
12909	31	7686
13161	27	2097
11387	73	4768
12807	73	14504
12489	73	14350
2439	27	6215
12618	78	5715
1994	65	9226
1482	73	5291
14538	73	6291
13196	73	3166
1580	73	13873
395	31	9803
11120	73	1134
11351	73	3787
919	27	14573
4837	27	3201
9676	73	4296
14378	40	879
1375	73	11159
14648	49	2447
4313	40	8103
10670	9	9404
11285	65	1797
11713	27	689
13244	27	5036
3156	73	2274
226	73	1255
882	40	13675
13956	78	7593
3289	27	9924
1189	73	4403
6461	72	2994
241	78	10127
12129	73	5866
13182	47	9265
3171	73	10368
12863	73	4134
11971	73	9992
11689	78	8955
12034	73	5379
8316	78	1943
11471	73	10185
8283	73	2816
1807	73	13902
13337	73	5801
14070	73	4491
9395	31	8476
9157	72	9929
1643	73	8413
5279	65	9990
5422	78	5224
10318	72	413
7883	27	9578
4608	31	9999
3869	78	4629
12928	48	9502
4790	73	8088
3311	73	1020
5624	40	14996
2739	73	3450
1556	78	7647
561	78	1295
8697	73	10398
3946	73	4977
11340	27	9238
7601	73	596
11062	73	4879
9183	73	10208
2643	27	10364
746	31	9824
4011	73	3497
2780	73	7939
12219	27	9626
12125	31	4892
1659	73	4018
1478	73	7948
1486	48	6816
9703	27	6224
11658	27	2666
11721	73	4563
6526	57	4350
7613	27	8884
13182	73	1544
743	65	3637
13356	73	2053
11611	27	9847
7219	73	5914
12223	73	2370
8682	31	4886
13811	73	1267
8836	27	5296
11277	73	4975
5093	73	4291
8832	47	2962
5276	78	6034
14452	78	1692
4530	73	9795
3705	73	6247
7256	73	10378
565	47	7028
9943	25	14576
8336	31	10038
4003	31	2607
8800	73	2021
10840	27	3468
12144	73	7725
2545	73	7867
5374	27	4080
5276	65	4288
236	47	6311
4310	73	9946
1647	73	5778
4043	27	4357
3366	73	8552
10072	31	7691
8100	73	4628
219	78	6427
13355	73	8871
9318	27	6330
10662	65	14377
11592	73	6519
4602	73	4883
2436	78	5854
13021	27	4860
8675	73	6966
7564	78	3213
4729	65	10403
11500	78	6100
11224	65	5830
13820	73	4560
5422	73	3502
3800	47	8274
13767	73	14498
12351	73	3826
11639	73	5832
9038	73	1768
12239	73	2801
5185	73	14021
8840	73	7656
7487	23	11724
5588	27	6187
2195	27	6421
2223	57	10360
8776	73	9529
4666	49	9385
11746	73	401
7688	40	5844
7480	73	14458
4042	31	2883
9405	47	2783
4527	73	10463
13598	31	14357
6361	47	4086
9003	73	14366
11808	73	10000
14693	39	6575
10957	73	6142
13930	27	4777
10637	27	14822
11881	78	4330
12479	73	9259
7099	73	14957
9937	27	9238
9750	73	6629
103	47	3626
1843	27	4416
1891	73	4075
14333	27	9507
3517	72	3404
7325	65	1943
4956	78	14738
1705	73	13855
2009	78	11423
13222	73	10147
10835	73	7422
9449	78	2886
5341	78	6393
12830	73	6194
836	31	5761
14626	73	9788
14854	31	913
12885	31	6213
12677	73	14315
11063	73	2284
10417	73	9562
14956	31	4133
13180	73	6275
14873	73	14480
1301	31	1789
12193	73	9813
6868	73	10189
3170	39	10244
5660	47	2818
13938	73	7715
9554	73	3517
11553	27	9188
12733	73	6850
14806	73	6258
150	78	4754
13987	73	4325
2347	65	689
3110	73	5880
8217	73	2957
8363	73	9851
119	73	13850
11664	73	4693
5363	31	8932
14563	73	14851
13751	73	7160
10688	73	10782
12285	27	2368
12826	73	7237
7196	78	10010
7501	27	4876
13440	73	6107
2075	73	6444
383	27	3459
891	27	3232
11291	73	865
2490	73	4496
2320	73	8009
14427	73	531
8600	73	1758
11884	73	8713
12841	73	2963
12527	47	9122
2315	73	10270
4311	72	2853
4655	40	10002
13711	27	9628
14794	73	14961
2647	73	9857
6788	27	9942
7611	78	3759
12220	73	10233
921	78	14722
998	73	1827
9533	78	9191
11189	73	6057
8921	31	8883
1577	73	10731
9669	78	8006
10103	73	4865
40	73	5034
12291	47	495
5282	47	2826
13306	73	8423
10441	31	13693
12121	47	14707
3418	27	7126
5388	78	1753
4505	73	14492
1810	27	7997
8924	78	11386
5253	78	325
3925	73	2148
9737	78	9498
1341	65	6035
6025	39	5083
13102	78	8080
12075	47	7399
6453	27	5037
14349	40	14466
6455	73	412
5629	73	9629
2015	47	3613
5381	73	4400
11991	73	13774
2461	31	11538
13759	27	6215
9874	65	5855
13127	73	14509
13758	27	7926
10446	65	721
11196	27	2603
14918	27	4206
9368	73	14335
6476	65	11076
11780	73	7027
11311	73	9989
14683	78	14863
2223	57	8091
3664	78	1850
5498	73	8986
11624	31	9574
8365	31	4892
12136	73	14220
11035	73	5899
13562	73	9193
10598	47	9077
12777	73	6129
4505	73	5907
13711	73	3513
9037	73	6968
4022	78	3934
14036	73	7276
11389	73	2021
12046	78	13835
12704	73	9946
9656	73	10696
1027	39	14995
4118	73	6186
12991	27	5742
4005	27	2979
5073	73	4363
14111	27	5761
1924	73	11515
67	73	7982
4525	31	9505
11743	73	10188
14320	40	2124
854	73	4176
9059	73	5841
14004	73	8550
3568	43	8377
12728	78	7749
6979	73	10023
837	47	4846
5392	73	332
3831	65	6092
3222	73	5816
4232	47	6262
8825	73	14060
13817	73	6270
7257	73	9629
9646	73	10195
3048	78	3201
673	73	4048
3803	73	337
12526	27	7044
8067	73	7415
14925	73	5895
6349	31	7992
2469	73	9033
14424	73	6233
3810	31	9198
2480	73	14572
8689	73	4371
5432	31	9235
173	73	2891
996	73	8442
3909	73	6835
11496	31	7603
3024	31	10020
8736	27	1949
13844	27	10030
13261	73	1036
2618	73	2801
3251	73	1419
1165	73	2875
14091	27	4101
853	73	9588
7320	21	10247
2614	78	5782
9249	78	4437
8837	73	7916
9430	73	4560
12025	78	9302
11488	73	6698
14946	73	7935
14925	27	7306
8115	73	11516
12816	73	3517
895	47	6089
6498	73	7817
6793	73	2450
7601	73	7784
12778	50	1817
9166	78	5463
2458	73	13851
12868	73	9231
14461	21	6607
9863	65	1792
138	31	6261
2989	73	10403
8708	40	4129
13846	73	4774
9188	58	2670
1896	78	14987
2440	78	443
4614	73	11390
6400	47	6177
8697	78	3398
12829	73	13885
12643	73	5999
12376	27	9078
2192	73	10288
11225	73	9594
11891	73	3352
13221	73	6971
12427	78	5764
1279	65	10041
9479	27	10749
10511	57	6179
4667	49	13466
1743	27	3637
7324	73	4259
14104	73	2322
2239	73	7084
12849	23	6039
4227	73	968
9394	78	2858
13105	73	7275
7524	73	6742
1955	73	406
4700	73	1827
12634	73	10222
272	73	8405
7892	78	9783
10739	73	14373
14924	73	11007
8877	64	938
12049	78	595
7513	49	5564
8135	76	2426
7073	73	3787
2319	73	6291
12014	27	4357
13051	73	10403
6906	47	8382
3156	47	5299
13005	73	6029
3888	73	9186
12768	78	9066
11558	47	959
12678	47	6205
8248	73	3342
12594	73	1686
9002	78	2428
1201	27	14706
14750	39	6209
13394	78	14987
14675	73	14739
5143	27	6244
8409	72	1685
7688	40	7964
9296	73	10209
10136	65	10045
14911	73	6538
7318	73	3507
14070	65	6338
8395	73	6696
5375	73	6195
671	78	8659
13915	73	9982
8650	47	2313
121	78	7723
6729	31	10352
300	73	5827
4955	65	4080
2015	65	9226
10816	73	6305
10703	73	9542
11619	27	8665
14447	73	2415
14405	47	2796
2106	31	6078
10547	73	5792
12438	73	2878
9410	73	10861
7585	47	7988
11990	47	2818
12917	73	1280
2906	27	11529
3981	47	404
5454	78	7647
5191	47	9319
13277	73	337
2292	78	14695
6587	73	11286
1066	78	3759
13358	47	7064
10070	73	11432
12126	78	7079
13293	73	14473
8545	78	9188
10939	73	3208
12991	73	769
12483	73	14248
6791	65	6048
4556	78	14385
1939	47	5646
4568	78	472
14367	72	4205
3552	40	4353
14034	73	2849
7919	73	5883
11809	73	7401
6860	73	14344
304	47	11487
9915	73	3236
1333	73	2396
3283	73	5039
2969	31	4092
5445	78	1258
14263	31	6148
11118	73	11131
4992	47	5326
4214	73	7293
13468	73	10068
3222	47	7922
14797	78	9642
13294	73	3543
1666	49	9672
9375	73	9951
7893	73	4099
14306	78	9883
8687	31	1479
12703	73	2119
1505	73	7709
1056	73	6652
14584	27	2866
11904	65	4381
14433	65	7859
10920	73	4684
177	78	14415
4188	31	2883
10942	78	1476
3541	73	6738
4238	73	14951
578	73	1737
4931	23	1760
1397	73	11005
14629	73	808
3711	73	9046
11617	47	10022
2784	73	10493
13029	31	9995
4826	73	3169
13499	27	1979
1698	65	6623
3574	31	11128
4135	49	6816
3988	73	7274
7830	31	2526
9707	73	2390
12209	27	5037
8726	65	802
10869	27	2368
9862	73	7297
13460	78	427
7424	57	7981
7885	73	2180
7284	31	4319
7020	73	7785
4744	40	5852
12075	73	7923
2478	27	7941
13937	73	10114
12647	73	5762
10644	78	3842
6568	73	7623
3402	31	9810
14875	73	14724
2346	73	4055
11249	47	5775
5534	31	7310
11032	27	3465
3382	65	2835
14655	73	3323
8816	31	10666
8112	73	10490
8061	73	9804
13727	73	7738
5129	19	990
3600	73	2451
12242	31	4892
13356	31	7955
10441	78	2884
12670	73	13902
8394	73	4103
12003	27	10247
3331	73	9125
1050	27	2900
209	27	2763
4966	65	3637
1741	73	2251
4337	27	6671
10521	73	9946
12103	73	7725
11489	27	3430
11316	73	5849
13826	31	516
11352	73	8273
9434	73	1681
9470	27	3441
5587	47	5627
14662	73	7786
9410	31	2121
297	73	3609
10069	73	5478
14014	73	10780
8134	27	6417
1662	73	1419
6300	72	4558
9656	47	4894
2655	65	10147
13840	73	13902
2158	39	8586
1463	31	475
10458	73	9101
4723	27	9925
9700	78	4501
8803	78	14055
8283	73	11170
179	78	7949
10050	73	332
7751	47	9949
12073	73	14744
10642	73	7786
11273	72	2377
13045	73	2383
12513	73	10361
9164	73	5643
4045	40	6441
10781	73	5948
795	72	5962
10555	73	7765
5072	73	5785
3053	73	6070
11558	73	3076
3758	40	6174
5569	73	5579
13635	73	5784
14549	73	6605
4567	27	2160
4997	73	6306
4033	73	7711
3250	65	1272
12900	27	689
14205	65	8164
5375	73	4321
11798	73	3517
619	73	2065
4347	40	14222
8591	27	10087
1518	73	1650
4816	73	3372
7355	73	1126
10898	73	4327
6920	78	10309
10994	73	514
12096	73	7727
1526	73	9850
14482	40	6292
8342	78	10582
831	78	948
10471	27	10234
11787	73	14697
9348	73	4335
9882	15	8459
7101	78	9304
1651	78	6521
14118	27	4691
8836	31	14357
2081	65	716
7543	27	8176
11639	73	5849
7888	73	2842
110	73	2453
9728	40	2111
9151	73	9073
7202	78	2861
12333	78	6137
13778	65	7653
9337	78	7798
8793	78	7647
3725	78	381
9080	40	6413
213	73	10759
12563	73	9600
2174	73	14505
11470	49	14258
1740	27	9139
1032	73	6526
11250	78	6753
4587	73	3302
8097	27	4414
1051	73	7651
137	73	3456
4773	27	7124
14212	73	3477
7295	73	14297
9494	27	8176
10967	78	863
14390	78	14695
2622	73	349
14927	27	1825
1446	27	9978
8363	73	6126
5235	78	3544
139	73	10060
9549	73	4898
8594	65	2258
11842	73	9189
2912	73	10361
12674	31	1152
11202	73	10057
14162	73	5961
6360	73	10032
5384	73	10422
3741	27	1008
14168	78	5763
13933	31	14745
3547	73	10083
2922	73	1716
7579	78	4057
10265	73	3612
9037	73	3506
9547	27	9632
11718	65	3551
3872	73	5337
11954	78	4063
12236	27	7591
4675	73	7953
2614	73	2849
3116	73	7223
11890	65	2769
10174	31	6322
12648	78	14443
2701	39	9311
3975	73	3504
4585	73	6142
13516	27	7997
14942	78	9216
12338	78	3443
10790	73	4691
62	73	2932
10728	47	11442
3186	78	7058
14255	73	14527
7569	65	5837
12367	47	945
12447	73	10761
271	31	2132
9463	27	6421
12636	73	862
7382	73	5337
14049	73	782
6875	78	5079
12279	73	6014
10817	47	2887
6599	73	2226
6241	40	7969
2203	73	8440
7897	78	6495
14326	73	5880
6772	47	7017
13829	47	9520
12945	73	11167
8128	40	5852
1984	73	10861
339	78	5955
10794	47	8444
3286	78	4881
7879	73	9759
10644	73	8172
4446	65	10045
1449	49	9502
6802	73	8480
5953	78	10384
3755	78	6144
12324	73	2191
211	73	2990
1873	73	7277
4730	73	9774
5565	47	2113
13918	73	10732
13212	78	14863
5563	73	6024
11344	31	14745
9761	47	4385
12205	73	2273
12456	78	6219
5333	25	14588
14188	65	7905
4461	73	2554
5691	78	1404
4648	78	8075
9342	73	3000
12882	73	2838
14398	40	879
12188	27	3202
4227	27	721
1971	73	2362
2392	27	2062
8783	73	3236
13517	78	8472
14425	31	5773
9936	73	9782
11654	27	2933
6580	73	10444
11761	47	10381
8974	73	10308
344	40	1950
8540	39	9760
3189	40	5962
10387	12	7952
13936	65	4796
14935	73	2205
2946	47	2826
3081	73	6047
3179	31	14774
12954	47	9606
1	73	4603
1095	73	6694
1145	27	4101
7409	73	5976
12289	78	8432
14642	73	14691
3594	73	6082
12849	73	6083
6044	40	7037
13124	65	10492
42	73	7705
9855	13	2976
4519	73	8439
1995	73	9192
8504	27	14715
11990	27	9210
2492	78	1853
12506	78	5463
13631	73	6152
14175	21	10492
12495	73	6002
2183	73	6640
1442	73	8503
1219	78	4285
5634	78	3367
3971	47	14288
14447	27	7874
3708	47	2535
11201	73	5848
7613	73	8884
14688	78	406
1244	73	8849
3712	73	8654
6876	73	4176
2331	73	2271
5543	73	2120
13921	31	3446
8126	73	5829
3416	40	4782
10573	78	6904
11974	73	1826
1596	73	14564
11093	73	2127
4027	73	3323
356	78	10741
214	78	11418
13994	73	4635
13982	73	14248
3981	73	6103
4869	73	5914
10536	78	9592
11562	73	3517
3137	27	2978
4951	73	14734
8493	73	10108
522	31	8878
10550	78	8474
13534	31	5860
9658	47	6799
2429	73	2102
9655	73	9568
5233	47	487
684	27	4866
6693	40	3761
6009	58	7733
11502	73	1672
9156	73	10413
12812	65	10745
5697	73	9640
1096	73	10023
2546	73	10080
7547	73	9529
33	78	9270
9326	73	5465
11003	65	2447
13472	31	3536
5288	78	2892
1916	27	11124
9506	40	3758
10216	73	1827
3350	73	6503
14991	73	6394
1352	27	6308
12231	73	4104
654	73	335
11888	73	3259
8630	73	10209
3359	48	9502
13009	31	516
3894	73	14704
7130	72	924
8608	73	3504
2201	78	588
14183	27	6203
8375	64	10120
4751	40	7267
6977	73	14468
8791	73	6783
5367	48	14258
11895	73	10018
13840	78	3845
2037	73	10752
14426	27	5290
10942	27	1476
13125	31	966
10798	65	6106
10822	73	2754
1196	73	593
6044	39	3406
1345	73	2274
13358	47	10167
3550	78	8432
14130	39	4476
6863	73	10143
13547	73	9358
13025	47	10167
6886	73	10099
12098	73	6112
6561	73	2129
175	31	9234
8642	73	4376
2864	40	14703
4197	39	1947
11560	78	447
1648	78	11379
8368	73	462
1868	73	4392
1927	73	1551
10699	73	10672
13592	73	5630
11593	50	4440
10466	73	9691
13616	27	4080
10307	73	2897
5336	78	5225
9784	72	3517
313	73	786
10042	78	8881
11660	27	9507
14897	73	7274
14171	73	445
11668	73	5971
3712	73	6346
14586	73	13876
12147	78	14416
12360	73	4682
371	73	1787
3200	39	6641
13603	31	3354
9895	73	1154
7141	73	730
12271	73	9900
9003	78	8432
12016	27	2841
14592	73	1770
7327	65	2873
5361	73	2669
5255	31	7310
7202	78	3411
10619	73	13762
267	73	1170
11478	31	11455
10831	47	2796
10172	73	7381
562	73	4987
3800	78	6248
1805	73	6252
3817	47	336
3746	73	10420
2344	65	3362
5612	73	3524
4992	73	5972
10244	40	3170
2545	47	9071
5052	73	8165
5616	73	6026
13995	73	5794
12867	47	3626
10430	73	10740
14927	78	1825
10200	20	10200
7467	73	350
8511	73	6664
5220	73	4314
8968	47	9580
1740	31	6447
12266	73	5828
11270	73	6016
5480	27	4775
11963	31	3976
13487	73	9596
9412	47	10299
13548	27	4331
6878	73	3450
3420	73	9588
7163	78	14708
5411	31	5758
3170	40	4046
11492	73	10000
4144	73	9522
2197	31	5773
9647	78	863
2364	72	14715
95	73	6128
9466	78	11384
10646	73	4324
11611	73	14475
5676	31	5831
7198	73	6431
14390	49	2447
13671	40	10385
11027	73	7042
12529	27	10364
2743	73	5993
12956	73	6442
4027	78	2455
14943	27	8472
12409	73	10148
13160	31	1257
3714	73	7715
1042	73	2052
13165	47	8078
3945	73	2556
809	73	14315
12591	27	3232
1047	40	14750
10141	47	11070
5672	73	6082
9322	73	10000
2726	78	4062
12381	73	10081
3934	14	9672
5459	14	2971
10537	65	4354
9355	65	6315
13118	78	8661
309	47	2880
12168	73	6305
6583	73	8943
8115	31	2267
7919	47	6799
14904	73	5985
1835	78	2978
9860	73	3003
3863	73	2827
12948	73	9926
51	27	4414
14616	78	4425
909	73	6239
13269	73	2114
5698	73	4408
14888	78	6909
9482	73	10331
11708	47	7034
13048	65	13864
5392	73	7116
12613	73	14243
3304	73	5032
5221	72	423
14602	78	476
14680	27	9978
13814	27	7306
5283	73	9894
1398	73	11071
10650	64	2483
8991	78	9304
9893	73	4088
10637	73	13843
493	73	7951
2080	27	11264
8574	73	14062
11861	73	2415
4450	73	10694
133	73	6696
12267	31	14484
669	78	2985
11909	65	9642
1143	73	10493
12886	27	13698
9000	73	8108
5006	27	728
12263	73	3400
8399	27	9068
12655	27	13906
13061	78	10016
9635	40	3921
11424	52	2400
13578	31	4792
4435	40	9306
10936	73	1416
1400	31	7691
5237	73	1205
8519	73	7131
8860	73	10000
4700	73	7980
5568	47	336
8323	73	6648
10969	73	3843
11524	47	1632
14983	27	9218
12825	78	14470
9378	73	13803
9919	73	6411
13968	73	13855
14885	49	2447
2339	73	11269
11872	73	13380
13038	73	5900
2729	73	10405
11563	73	2958
5957	21	4828
10923	65	8414
9648	27	8256
189	27	10373
1574	73	5906
5706	78	4290
12910	73	1021
1575	31	5773
7814	40	4353
14806	73	4880
12387	47	11166
3898	31	14357
13543	73	862
6749	73	2454
7105	27	9628
10895	47	8447
13551	27	5979
11635	31	9314
3681	65	10045
333	73	2252
276	40	7474
11874	78	1008
4352	40	2151
8496	73	10513
5094	31	9505
3281	27	6607
3224	31	5056
11854	73	2374
8194	65	1636
5381	27	10362
10173	21	4165
4606	73	2986
3666	73	9040
11610	47	1405
1189	65	3226
7414	39	5080
1343	73	6474
12886	78	13698
13213	73	833
9475	73	3443
14584	27	5823
13213	73	5971
10124	47	6330
12562	73	3397
9881	78	1295
6313	39	4477
2274	40	4373
12305	47	2535
3600	73	6115
1265	73	13865
12611	73	14005
10343	73	880
7222	73	14514
7143	73	2859
11638	73	7725
5023	39	3627
4856	27	3408
5382	73	4475
1215	73	13883
11094	78	1960
5623	40	13943
14115	73	2958
8564	73	1134
1907	73	5832
4967	73	3348
1090	78	3604
14043	78	4501
82	47	3553
7878	73	10202
9840	40	14703
13095	73	9769
13558	78	5796
7193	27	14705
8725	73	14704
8124	73	505
1448	27	10127
3666	73	7131
2733	40	6441
2224	73	9112
8970	78	8761
3999	73	3433
14859	27	9036
3964	27	9632
313	65	486
2576	47	7931
1517	47	9089
7696	73	1993
8757	73	2324
193	73	3208
13558	73	3200
2496	73	865
9460	73	9034
2348	73	7854
12230	78	4779
13201	47	4495
14187	73	4774
12197	73	6742
1815	73	11497
14291	73	2321
8189	78	9958
3833	73	6780
10264	73	4318
2334	78	9843
603	73	4115
12591	78	10383
147	78	4171
7333	65	4174
843	31	4631
12864	78	9592
3416	39	9619
520	73	2451
11265	78	7430
13597	31	14761
13590	27	2169
10320	73	5734
11057	73	6178
13159	73	2365
1345	47	4411
8288	73	6275
2043	73	2312
1376	73	9720
139	27	2979
14685	73	4880
12374	73	14007
13222	27	3203
9320	60	6530
2931	40	1854
8368	73	1894
3908	31	11261
10918	47	473
193	73	14505
8220	73	2869
7287	73	1953
14580	27	7096
1054	78	6286
3854	40	2146
11008	27	1151
10424	65	91
3131	27	10230
11118	31	1789
7752	73	6282
5139	73	4358
13893	64	2646
11323	73	8063
6859	73	851
4144	73	6288
13929	73	858
11613	31	4137
12786	73	3480
8385	78	10161
4837	73	7189
14154	78	10406
8032	73	1761
12258	73	14292
3963	47	5748
3325	73	5849
3715	48	9502
883	72	7862
12404	73	3057
2467	73	1543
11843	73	1310
11915	78	4114
7331	48	13466
13919	73	3403
10118	47	14997
575	27	5845
7850	73	827
11009	73	13832
14109	27	7905
9008	73	767
13799	73	2771
112	78	4889
10718	65	6753
4709	78	7684
6553	73	3259
13936	27	10230
11951	73	10149
5229	73	2223
2570	73	6152
7579	73	411
2389	73	6926
11240	73	4099
12579	73	5028
14943	73	2050
10865	47	9520
8973	40	2775
13349	73	6249
6176	39	5083
729	40	7698
5705	27	6925
9169	27	3455
2338	73	11143
2699	65	9498
7869	73	782
12452	47	7308
12615	73	8536
3097	73	3432
5418	27	6984
10430	73	6208
13928	65	6013
5347	73	9121
14072	64	8850
9416	73	3697
3250	73	7739
14106	73	5900
14993	78	11124
12112	47	7596
7886	78	3842
3874	73	14138
6877	73	7012
14558	27	2428
14818	27	7598
7418	40	5852
8835	65	3551
11807	27	2169
11236	47	1694
267	65	4885
5103	73	2221
13518	73	535
10540	27	14573
9427	78	3441
5395	73	6433
5212	73	7407
12187	78	9504
904	65	2899
4485	31	3602
12591	27	4381
13179	27	6280
12766	47	9839
3715	78	9191
2624	73	5337
9322	78	14720
11441	40	7052
3837	73	9774
12278	73	862
11802	73	5909
392	49	14258
4490	73	5890
9668	73	9387
11498	27	7126
5356	31	8882
11371	73	11485
12316	27	5292
11584	65	11080
4973	73	9231
2644	73	1170
9251	14	2976
1985	65	10091
4477	39	884
10919	78	6193
7534	47	7028
12912	73	6291
2239	73	14248
11021	73	1686
1734	73	784
5017	73	9804
12644	31	7310
6527	40	6496
14224	31	6322
3913	78	5652
4465	73	6251
12031	73	13899
4264	27	4689
3969	27	4441
3015	78	2144
12654	47	5648
8327	73	10292
8034	47	3075
12262	73	5828
4824	73	6259
10985	73	739
13634	31	2122
9742	73	4099
7457	78	6286
1996	73	10732
12479	73	3065
5340	73	5908
13028	64	8095
5433	27	6398
4770	78	7057
3977	73	8011
11909	47	7361
8105	72	13789
13920	65	14573
13435	27	9204
2438	73	5330
9175	73	8410
5690	78	7118
8296	73	7739
12428	47	9809
4836	27	1273
12583	31	13588
13547	31	3362
9250	73	5770
7318	73	9074
13190	73	9155
9737	73	7960
12613	27	9942
927	73	8011
3133	47	7730
223	73	6823
13544	78	3499
5661	27	14706
12804	73	4362
9003	73	7182
7291	78	6240
14501	78	874
7019	31	10666
13987	73	5030
3811	73	10241
7444	65	1946
2105	78	14738
4231	27	11072
14069	15	2851
6842	73	5750
10452	78	7057
10055	47	7056
11545	78	5225
2203	73	14138
359	73	14485
1445	31	9117
5070	47	4481
13056	78	10746
5398	73	8143
4337	31	9239
9815	78	6971
5746	73	9312
5265	47	2766
13090	73	3197
7470	73	2274
1464	73	13784
11047	65	8941
1274	39	14994
4604	27	6699
7458	73	14700
9876	78	4054
14019	47	9212
9404	73	5870
13432	27	2377
3707	47	9838
12626	73	5472
9922	78	5294
8065	65	4885
3265	47	6278
11047	73	2247
247	47	7009
13230	78	4044
3850	73	14474
13590	47	7063
51	73	5849
10172	27	14705
12240	31	5823
5619	73	4154
13530	73	1287
14255	73	4103
3167	27	4859
5280	73	7088
11765	27	7997
3889	47	5299
13554	73	3685
1939	47	14307
2502	78	2141
11925	27	9607
5799	47	868
8061	73	9154
218	78	11167
14946	73	14958
7003	40	5977
8734	73	9581
4369	80	4370
12075	73	933
5385	78	9078
9715	73	9362
2972	78	11150
3809	31	14467
12075	73	9210
6450	73	8552
10544	31	1933
9412	73	6323
7348	73	5350
1424	73	7876
3800	78	14824
8930	40	14364
11854	73	10818
3575	31	4389
14197	73	6107
840	65	4885
10656	73	9698
7554	47	9933
10265	27	712
14398	39	3189
3644	78	14486
7243	73	275
10075	73	10000
10643	73	11162
10946	73	14955
131	73	7817
9660	27	14309
11979	78	8598
3777	78	7781
13576	73	10007
5348	49	2447
1520	78	14242
2422	73	8473
14584	15	3195
13081	73	710
13317	27	14762
4279	73	1989
13326	73	1768
4244	73	4879
10282	40	3200
965	40	14313
11556	78	8940
14122	73	1163
5204	47	8055
9083	40	7590
9444	73	7082
1059	73	14125
13739	27	13882
9425	73	9236
8576	73	10398
5487	73	2356
11650	27	420
4625	27	10111
4464	65	10041
10927	27	7127
14876	73	4088
3349	78	9832
838	11	2447
5474	78	2601
1955	73	9154
370	78	7642
1572	78	2139
11577	73	4497
12805	73	8081
3950	73	4415
1667	73	5982
11997	78	1272
949	47	4882
13470	65	1946
7909	27	7085
10122	73	5330
9434	73	1270
3315	27	6215
14641	73	7483
10833	47	9837
3340	78	13900
13902	80	13903
9496	73	13877
12478	78	9842
1809	73	6204
6974	39	14378
7208	73	3230
14064	73	6192
13534	73	6651
0	73	11330
2565	27	2841
1939	78	589
9870	73	13876
11945	47	3619
14592	73	6324
12736	65	486
35	47	9266
13025	47	7064
1217	73	1583
2840	73	7789
13241	78	2142
7139	73	3824
12665	27	689
5149	73	2771
6334	40	8445
11995	27	14351
5477	78	3544
13183	27	14725
14929	73	10519
7295	27	3603
8625	73	5832
9477	78	14415
4717	73	3685
14622	73	6212
2586	31	14357
7511	47	4356
3269	73	2274
11085	73	6615
176	73	4871
12517	73	10033
12021	73	2875
8227	27	3507
14089	73	9851
9002	73	6326
89	45	9282
10500	73	2827
8893	73	1535
2733	39	13880
1710	31	6185
13489	27	5324
13302	73	7981
12724	73	6611
11891	47	5299
10545	73	13593
11595	73	13901
10536	31	3401
3813	73	14375
12579	73	10232
2168	73	10691
8282	65	11178
4261	73	13780
13657	73	7788
6737	78	4982
2965	73	3525
3963	73	1330
1844	73	6058
12838	27	5649
5421	78	589
7754	65	4063
5607	73	5847
2646	74	13893
358	78	8664
4648	73	5941
4059	25	5123
5431	73	7156
11988	73	9629
6344	73	2769
13195	31	9091
8802	31	7598
12778	78	13864
14404	27	9139
8639	78	14385
1567	73	3432
8449	73	6192
9482	73	5512
1103	78	9638
10540	73	3219
11312	27	11006
3288	40	5083
11644	73	952
12119	65	4630
2004	73	6680
9672	17	863
5619	73	2179
5376	73	1766
8428	40	5215
2033	73	7951
1522	73	6056
3103	78	6416
11871	78	1778
12625	78	2800
13201	73	7715
8992	73	1287
12187	78	969
12442	73	462
14386	73	1895
14830	73	3695
10833	73	320
7458	73	8522
5138	78	11339
9845	19	14575
9502	37	1404
4737	73	6155
8727	73	9090
6949	73	14321
2724	73	6107
4225	73	2843
7240	27	13835
2701	40	13676
7382	78	2143
12284	73	2138
1195	27	4630
12831	73	9719
7402	72	2402
10132	73	7789
14592	27	1151
10	78	1476
6596	73	5952
1589	27	2978
11731	73	6374
1194	47	959
4676	78	1943
4269	31	4173
13723	73	6155
4011	73	7860
2461	73	6103
8389	73	2358
5044	27	6679
10562	73	2249
6836	73	9563
13370	73	4695
7475	73	8959
12119	73	13849
2012	73	6680
7773	31	1674
12939	47	11152
3927	47	11442
9723	78	7746
3954	72	4176
7339	78	6614
10937	73	8415
10665	40	7590
8452	78	447
7504	78	8866
11479	73	2371
2697	73	10488
12321	73	7615
12822	73	8173
14681	27	9883
12399	73	501
14641	73	5883
8572	73	9092
12919	73	8108
9176	73	4079
12846	78	11150
14180	27	14479
986	73	4166
4821	27	2566
9003	73	10012
6705	43	1144
3068	73	2257
11457	73	3694
13491	27	4125
12000	73	11073
2718	78	2608
4842	73	3698
7696	73	5849
13268	78	9085
11616	73	341
12538	27	6258
12227	73	9622
14251	78	2375
13338	47	7922
7203	73	6648
10723	73	10270
1232	73	5512
5052	78	4016
8123	73	6250
6933	27	9578
4815	73	14483
11100	65	4095
3518	65	5065
12733	73	14241
605	40	4046
12856	73	3487
2333	73	6545
573	31	4175
5155	31	9234
13612	47	336
965	39	5038
14200	73	7720
11104	73	11007
4770	73	8435
8806	73	6633
14056	27	10030
12141	47	7017
2219	73	3352
5340	27	1292
7870	73	6036
5460	40	9081
12596	27	1049
11217	73	4291
21	78	1291
11668	78	6258
12877	73	5057
926	78	3472
12546	73	3691
13471	73	4153
5766	39	13688
12025	73	4073
3338	27	7089
2596	31	4444
12016	73	7725
12846	31	1538
7629	47	4064
8954	27	4775
12810	73	10962
999	73	13843
3591	73	6395
2176	27	8654
1950	40	6428
12177	73	7788
890	73	5883
4337	73	2191
10787	78	5224
5353	73	5911
1470	31	11135
178	73	6700
4727	73	3219
5101	73	6030
7870	73	4053
3180	27	6010
7506	47	8001
5069	73	10252
13286	78	6309
14074	78	6211
14127	31	14528
9401	73	1321
13890	73	2381
1109	73	773
3861	73	2669
8062	73	548
11623	31	3401
12198	78	715
2256	73	1638
12525	31	14741
1173	27	8424
5254	73	7189
11733	73	1827
12089	73	3166
8102	40	5852
3	73	6014
9433	73	1670
12569	73	3433
155	73	7815
9793	40	2124
13608	27	481
13037	73	7462
8347	73	1780
5927	80	5933
13827	78	459
5568	73	6300
3903	73	11130
3556	40	496
2478	73	7943
8341	78	14061
6564	73	6230
6811	31	9571
12482	78	11181
4025	31	4319
14819	78	3483
12807	78	4637
3106	73	5756
8186	40	13676
5264	27	11138
10464	27	6655
7439	73	6053
6788	73	444
274	40	2274
3865	73	3063
893	50	8434
80	27	3835
264	73	6107
11974	31	5758
13042	47	4899
11291	73	6019
13098	27	14490
11772	31	7673
13337	31	7598
2791	73	4429
8917	31	11261
117	27	13878
9537	73	7756
2198	31	4175
2002	73	6680
4788	47	9399
6898	47	1537
928	73	8934
12198	73	9154
9021	65	4068
4058	72	6107
9879	65	2555
13899	20	5885
241	73	4991
2009	73	6117
9138	78	6330
12248	73	3403
6859	27	3835
3612	69	6503
10769	73	14464
2648	73	3003
5541	73	4937
9388	73	2381
8285	31	3446
1230	27	11177
1354	47	2887
6151	40	14469
13618	73	1310
8853	78	1161
4701	47	14123
8984	65	7875
3854	39	6448
1577	73	9058
12943	73	12943
8042	14	6816
896	73	6969
8091	20	4704
13813	77	9928
9339	27	9579
2563	73	4066
11206	73	11162
14189	78	2078
6497	73	7183
12678	27	8300
8399	15	7818
13741	73	6431
5662	27	3623
12746	78	2834
13501	73	798
13977	27	7394
7240	78	14443
8388	73	10278
11305	80	11306
353	73	6577
7807	40	2805
116	27	4113
5445	31	4323
8295	73	9734
10058	47	4901
5449	78	10086
2036	78	2881
7092	73	5881
9668	78	6710
3092	27	7397
14384	20	7575
14206	78	11077
3650	73	349
4913	27	10748
308	27	6258
10608	73	11157
8533	39	6609
2648	27	9776
11721	27	8300
8835	31	2860
3776	48	9502
13258	73	4440
7014	73	8520
9240	73	6971
10225	73	2801
10945	73	9952
5264	73	11138
11279	73	13852
762	64	14838
4735	73	14315
8927	73	2765
4813	73	11418
10768	27	6309
8463	73	6912
14091	73	332
11266	73	6386
5638	73	11528
10889	73	10046
645	27	9118
12175	78	6193
10783	39	2559
5285	27	9836
2416	27	11178
12336	73	10495
1917	73	4794
14983	65	4386
7022	73	10626
12483	47	11067
5273	78	458
4520	78	9976
12877	47	1271
4597	47	7184
8913	73	9047
8351	65	14430
10315	73	9776
14300	40	11167
6767	78	5715
12479	31	9106
7613	31	7310
14238	78	7058
14228	27	3603
1174	73	3010
3867	73	4871
9135	78	9584
13278	73	2673
13545	27	14318
9289	31	9069
13699	73	332
96	78	2391
13558	73	2052
6064	73	5085
9870	27	5290
1096	47	731
798	72	4579
6490	27	9826
11978	73	5774
13986	73	6648
11057	73	1157
9245	27	7677
11963	27	8884
3730	31	9117
12438	73	13860
12416	73	6102
9771	73	3240
9481	27	13789
10914	73	6123
14139	40	6396
12010	73	6640
1570	73	5886
6480	25	8967
4926	73	14142
2650	73	10669
4029	73	6229
8175	40	6274
4921	31	14774
13752	73	8168
3246	74	14189
3050	73	8523
8613	65	4885
2238	73	3956
12913	73	6220
8116	73	6850
7345	73	2409
12364	27	9802
5783	39	14222
4967	78	3483
12200	31	14413
11461	73	6912
14598	73	6926
2242	73	795
11227	73	7315
11543	78	6269
9486	27	9583
6175	39	6176
6842	73	5851
9516	73	10083
2344	73	4293
8509	27	8434
2014	73	11513
13103	27	6493
14170	27	9717
13367	65	9553
12694	73	13903
12396	78	4425
14589	73	7059
1136	73	4084
9699	27	466
3183	73	1761
11703	21	722
5064	40	2124
2075	73	7305
2291	73	4408
3930	78	7764
10222	40	11015
7362	73	1170
5339	73	13802
9342	31	9314
14057	72	3323
7814	39	4353
2481	47	9624
11383	80	10750
10476	65	4796
180	73	7914
1073	27	7306
7659	72	1908
3739	73	6471
4645	73	2150
11584	73	3228
13920	47	4193
3820	73	3166
8712	31	1131
3798	47	2597
12878	73	9596
6862	78	3587
3874	73	3612
2587	47	4151
11705	73	5798
7832	73	9730
3722	27	8079
1529	17	4654
13075	73	14764
14904	73	13855
216	47	11078
12891	73	5765
12240	73	5954
10723	73	6511
13036	31	5773
14685	73	6962
996	73	14241
13797	78	382
5161	27	8129
14232	73	7658
5520	76	2424
6558	73	14126
8162	73	5832
14549	31	4389
6454	31	5945
10593	73	2383
10616	73	14947
5550	73	1263
1110	78	10030
14654	27	864
13756	73	9774
11652	73	4154
1606	47	2449
14499	27	6983
1965	20	11432
2507	73	2827
13985	73	6379
8900	27	3441
7500	73	785
2984	73	1899
14069	73	1412
6826	72	2901
13631	27	2868
3932	31	9190
10427	73	6194
13596	73	4104
13161	73	2205
8036	78	7678
12117	73	2450
10628	15	1282
8938	40	5731
12962	47	7988
6476	78	284
12127	78	14472
8276	65	7757
3382	73	9992
14084	73	1673
9601	73	9092
7067	31	1131
637	73	11327
13479	27	4377
10945	73	11333
1520	65	10746
2561	45	9284
4561	73	14471
12099	78	7412
14660	78	6672
14388	27	5752
11590	73	883
14091	73	1547
5150	27	6421
147	27	14309
5616	73	6515
4279	73	5291
9369	73	7994
12586	73	5991
13059	31	11328
7001	27	3451
9936	73	9205
55	73	8775
8723	73	3633
7293	72	6846
10333	73	5935
1352	78	5850
12151	73	4321
14041	73	9851
4642	73	6028
3498	73	8654
2014	78	8655
2181	73	8464
12926	73	6061
7103	27	9842
8799	73	6192
13799	73	7087
8695	78	2027
12383	73	13762
12071	73	6833
14208	73	2200
1968	78	9236
10458	78	10582
12957	73	1129
13072	73	7622
13919	73	3018
11973	73	14480
10142	27	5035
13938	73	5878
12137	73	7867
5332	78	6225
10285	27	9507
32	73	14395
13018	73	10287
14624	73	501
9915	73	1543
13722	73	14392
12324	78	5856
13229	27	7937
2993	72	795
12462	27	6520
7877	73	3615
7845	27	14352
4590	73	6103
3933	73	14961
1799	47	14346
8171	65	6671
11699	78	7482
14441	27	6665
6750	73	6515
7536	73	7618
9027	31	4886
6974	39	5852
6528	73	7695
2466	27	3529
12794	31	7366
11084	78	7874
10683	47	6164
5158	27	10230
4835	31	6160
12814	73	11390
9170	73	2148
12963	47	9949
9339	27	1817
7877	73	6273
12255	73	9094
14113	73	5312
5897	73	7916
7283	73	9040
11909	78	14055
10340	73	6040
5611	73	2829
1502	47	9606
4957	31	14737
8206	39	6378
735	78	1031
12638	73	10081
3701	73	14287
5546	78	13763
14767	40	2805
1813	78	9963
12738	73	8693
7032	14	1138
57	31	13687
3495	20	8529
13393	73	8464
7240	73	5018
11275	73	14527
5346	73	8774
3339	73	10270
12327	27	509
12980	78	2985
13322	73	3825
13754	73	7368
5581	31	4169
13530	73	6199
5125	73	7657
13326	73	5836
11026	78	2428
6732	73	13781
12727	73	7721
2361	73	7227
267	27	9095
13429	73	796
8880	40	7812
7249	27	11159
8171	78	6671
79	73	5848
13115	73	3372
1357	27	2499
8639	78	10406
805	73	4504
5113	47	446
5491	73	543
12764	73	13899
11967	73	2463
13189	73	10421
10460	73	10190
759	73	5774
12534	73	2453
2253	73	9232
12471	47	7729
14359	73	2872
7486	78	4754
12673	78	8046
209	31	9117
1093	73	6156
1215	65	4796
13146	31	4791
5668	73	717
11995	47	2766
12241	73	2179
5070	27	7646
8246	27	8046
5103	73	6000
462	69	14713
7097	78	4351
14673	73	730
4583	73	7076
6532	73	1583
12387	73	11122
13061	65	874
7290	73	10463
11639	47	6356
12193	73	9042
6871	47	10115
12938	47	9071
8292	78	9638
1727	65	5855
4679	78	3235
11729	27	7224
10120	64	8343
310	65	14762
891	78	14987
2538	73	747
12273	27	4398
9957	40	9840
11600	78	6984
2060	47	959
1937	73	4321
3756	73	2115
5676	31	2832
6445	40	7811
11559	73	337
6893	47	2667
11526	73	4916
4001	31	3857
1869	23	8210
13142	73	6239
13779	40	2301
766	78	4866
8961	65	7653
8890	47	7730
11688	27	4299
10690	31	9984
2524	73	2115
8766	73	5152
6274	40	13676
8864	72	6542
9941	20	414
7136	78	3367
10683	73	1581
11351	78	14402
13272	78	4016
3181	73	14142
12676	27	14402
12399	78	1016
9128	73	14345
12703	73	6181
3973	27	9948
12581	73	7401
14671	27	9223
8913	31	8476
10002	40	3412
12794	73	6410
14936	73	861
14954	72	11072
10801	47	14487
4950	73	4879
5698	73	421
3966	73	979
1303	47	8547
13619	73	6229
14240	78	3544
8757	73	813
12927	74	564
13779	40	8177
11429	27	4165
2108	73	533
9587	47	10311
8263	73	6108
9246	73	9757
11791	27	6216
8348	73	7484
9752	47	5081
3808	78	1014
2737	73	7419
5713	40	6396
14170	78	10565
3791	78	8986
13205	73	6165
2757	40	2124
908	78	7950
11033	47	7272
11414	73	5763
8260	73	2156
13769	73	8168
1495	73	9047
11248	78	14479
2989	73	11386
2592	78	6711
5685	78	4545
14262	73	9030
3104	78	6100
8148	73	2865
5233	73	5980
12713	73	6178
13367	27	9553
2769	72	9762
5783	39	7964
14184	18	9399
9332	65	8949
10655	73	3253
6857	47	8059
13654	73	2772
14885	78	2268
3738	47	454
12706	73	4409
1696	27	11006
2468	73	7426
5406	73	5932
3081	78	4124
4605	73	664
8501	73	1544
3266	73	5993
1805	73	4959
1311	73	6057
12371	73	3408
79	27	6169
4849	73	3076
11437	65	3187
8224	73	2390
1085	27	10041
3048	73	10988
13799	73	11122
14020	73	4249
8734	73	6291
11867	27	9968
13733	73	7116
14610	27	5876
4539	78	9099
1581	72	14723
8690	78	3241
5517	73	4298
5707	78	11339
1087	73	3669
3704	31	14746
8131	47	4380
5098	50	2250
823	58	3526
3681	78	1771
12619	73	7226
3283	73	5974
6451	27	8654
3062	58	6437
4761	72	4260
10473	27	7717
7355	73	1989
753	47	4356
7154	65	5065
4570	27	7992
13709	73	7275
973	65	4381
8571	73	6970
2531	73	3360
10958	73	7427
601	27	1893
6869	65	13812
11589	73	10208
2621	78	4881
11221	78	93
13760	73	11137
8137	40	3627
13437	73	4445
1224	73	709
7842	27	1695
12151	27	7127
13881	73	9758
2917	78	3369
1509	65	10091
11840	47	7516
8586	40	6575
5158	73	9060
2100	73	10389
1380	23	435
11252	27	8661
14146	31	4355
12932	73	2287
12891	47	7375
4873	72	1879
11611	78	5323
12667	27	2599
4845	73	2127
13946	73	1817
1164	73	6323
13206	27	5804
4107	40	965
6819	65	10686
13706	27	4416
6140	65	325
12224	73	4293
4615	73	4256
13950	73	13952
13591	39	6575
6062	73	14374
8514	73	10279
7518	72	7755
12736	73	9581
1318	47	1405
12801	31	4105
1350	73	1289
10298	27	6071
4032	73	7010
4679	73	7010
9424	65	9797
10424	73	8959
5208	47	7063
9708	31	7797
8987	73	10313
5272	31	5823
82	73	9146
13039	27	9836
6352	78	9274
7919	73	4610
5199	31	2121
14901	27	5029
9286	73	9041
11992	73	7060
2331	73	420
9905	78	1306
11545	27	4398
13001	73	5022
12534	73	4991
11574	27	486
4748	39	14750
12201	73	2127
6584	78	1856
3118	27	6957
3029	31	725
7531	78	768
2553	31	6078
13643	27	689
975	65	6909
13949	73	14132
5136	73	1761
14094	27	5717
12150	65	11382
246	73	14471
11454	73	2318
690	31	7310
5912	40	5023
3914	27	5055
5470	73	9053
620	31	4100
9401	73	3431
8530	27	3256
6999	73	8200
5151	73	4491
6915	73	14696
14650	73	6620
10239	73	2245
9350	39	5014
11187	73	6508
10475	78	11181
14978	73	8063
10074	47	11070
10935	47	6190
1647	78	9832
12505	27	2159
12300	65	6320
4453	73	4318
1096	73	2929
13634	27	14716
2013	47	3613
3011	47	14225
10735	31	2526
9706	73	14713
1723	78	3783
915	73	10444
10976	31	2369
13485	78	9985
12820	73	14007
11702	73	10335
8622	73	9851
10770	73	6068
14894	27	6581
13327	27	9847
4486	73	14007
4621	73	4975
11965	73	10692
12460	78	8762
10530	73	2668
12741	27	1476
7861	73	6257
8900	78	2428
11240	73	4893
10473	73	2271
14020	73	7042
8567	73	587
4435	45	9284
5235	73	6682
7202	49	14258
1888	78	958
10845	73	591
9155	72	5462
14859	47	1405
12069	73	7278
22	73	9972
12300	73	5832
14433	73	1021
5252	47	7676
14603	27	10040
10500	73	7135
11042	78	3551
6574	73	851
7062	73	9928
942	73	8431
748	72	6684
14765	72	1982
12420	73	4500
1497	73	9261
11501	73	14690
11884	31	4133
6813	73	3363
2443	73	6526
6994	78	11347
554	27	3458
7414	39	6396
5488	73	6199
6426	40	6263
12407	73	14373
12768	65	3637
14360	73	9799
10085	25	14588
10897	73	14485
14280	39	3288
81	73	1817
5106	73	3077
7906	27	10162
11090	73	3527
10407	73	6178
11280	47	10356
12316	73	6192
13196	27	3185
4484	73	3634
11064	73	1687
7406	73	3228
13880	40	3753
63	31	6006
13289	73	8773
12253	73	9629
13096	73	3683
8845	73	2634
701	73	3520
10915	65	6256
6776	73	2380
5414	73	8542
8071	73	7481
8606	47	3429
13654	73	6380
2931	40	2125
11682	23	4151
11819	31	2832
12005	73	1170
1810	73	10098
7487	15	4387
191	73	3321
9869	31	616
10500	27	14571
5391	31	9995
755	78	5175
8279	73	2865
5201	27	324
14815	47	5091
13390	27	6243
850	73	7710
5640	73	3065
373	65	10040
3869	73	11130
2467	27	9607
2830	39	5947
1461	73	14125
11221	78	10746
9326	73	6345
14887	73	2409
11677	78	6443
9372	73	6739
12309	73	401
10315	73	3682
2645	73	406
9775	13	2447
12593	73	3348
12850	73	6042
12032	73	6901
14530	47	6351
10764	27	1759
13151	27	10038
2911	27	6679
6202	58	1531
5252	73	11159
13568	47	5299
10915	73	2605
909	73	6001
10205	20	6018
8353	73	7679
13302	78	90
5810	43	8898
3576	73	8101
12401	78	9825
5623	40	14313
11700	78	14061
14608	78	9958
13794	73	2221
9354	73	4329
12303	31	3531
3958	73	4088
10803	73	2929
8416	38	10163
13359	73	11121
13596	27	3467
4558	72	6300
14855	47	2597
14789	47	7594
12779	65	8199
13069	73	5828
10836	73	449
11594	73	10149
13191	65	4422
2914	73	826
9427	47	7694
14601	73	1553
13179	73	9155
14946	73	11159
8182	73	6199
8467	73	624
11282	78	9262
242	73	10160
1578	73	7404
14792	73	784
6643	73	779
13448	31	3142
5147	78	14720
4667	78	8541
8133	73	7946
6528	65	6251
2981	69	8646
9823	72	9290
12217	73	14564
13948	73	1777
8963	31	1414
12985	27	1049
33	65	5025
8846	73	2179
10055	73	2712
7337	73	1895
12446	73	4371
372	65	4698
7925	13	14258
10869	73	14062
10416	78	4889
7558	73	9768
14550	73	3669
6352	73	11156
789	73	9539
3905	73	9094
13927	31	4177
4185	73	3000
13731	27	2978
13419	73	5883
10120	65	4145
12832	73	5042
10609	50	7982
4945	73	3504
13831	31	1131
12872	73	4552
8482	14	2932
344	40	5806
10965	47	11070
1481	73	10802
145	31	6078
2078	14	9672
4120	73	10779
8793	27	7394
10239	73	1716
12206	73	14565
145	73	6127
2038	27	689
8501	73	6661
5937	27	1288
7097	65	6735
11237	73	10752
10240	47	1829
5112	73	13871
9500	73	5931
14663	27	914
14051	32	7188
13209	31	13690
926	47	749
2788	27	7647
8875	73	5653
845	47	2766
2433	78	2141
5391	73	11330
5372	65	6129
2065	25	14576
8749	78	9108
4788	73	3522
2658	73	10034
4532	73	10163
13689	39	4245
14499	73	10108
9478	73	6199
13226	78	4513
4045	39	606
4955	78	2027
10931	47	10228
14454	73	2180
10876	73	14960
457	40	1693
13927	73	2686
198	27	14384
2691	65	8884
8623	31	8476
7546	73	6388
11898	73	10669
11992	27	7060
5160	73	14731
7072	73	5314
8544	73	2150
2016	73	6680
1658	65	7172
11277	73	1237
6757	31	3401
12596	47	7017
5580	73	6129
13449	73	7033
12138	73	5829
14422	73	5298
10635	64	10632
1994	31	516
11370	78	1476
10821	27	9632
12777	73	6962
3388	27	8129
3764	78	5981
4567	27	9592
2519	47	1678
3269	31	9421
7158	73	2129
4993	73	11143
701	18	381
11662	31	9117
2795	73	6511
2980	73	813
232	73	724
3572	73	3665
3642	11	14258
3296	47	2529
862	80	888
4614	73	1642
2573	73	14514
13791	73	5462
3378	73	3454
8171	73	14474
12689	73	13871
9248	73	6612
10811	73	10744
9060	72	6269
9128	73	1673
4742	31	3531
12503	73	7373
14650	31	11261
7325	73	7128
4302	73	13883
1356	73	5653
13647	27	2860
8576	73	10578
14187	78	4751
10323	73	1021
13633	73	1879
648	73	2266
13563	73	6024
8238	47	11486
12737	73	2167
13261	65	2800
11023	78	1767
9364	73	11404
12382	73	6782
374	73	14384
14158	73	5579
1051	73	11533
11224	73	14345
654	78	8424
8500	78	324
7353	73	1550
3653	73	14399
6770	73	5379
8249	27	9802
11182	14	13877
9525	47	2818
7732	73	14007
7141	78	413
1379	73	11485
5540	73	3476
14298	73	9199
10793	73	1036
7611	27	5035
5634	31	4858
13549	73	4497
10853	73	6314
9710	73	6576
4538	78	6225
11364	31	7875
467	40	8874
12175	73	5914
702	78	8661
9889	73	6074
13776	47	4755
13403	73	14480
12519	73	14764
13648	73	6273
1447	73	4318
11716	27	689
12436	31	14745
2924	73	11330
1495	73	6784
14426	73	14668
1996	73	2138
11065	73	6507
8450	73	6379
1679	73	6192
5992	72	7029
14642	27	5647
6891	78	6957
12580	73	9625
13298	73	3486
2571	31	4868
255	73	3166
13169	73	441
12226	73	2188
11641	73	7045
8032	73	1327
8309	73	6029
14104	27	4511
12197	78	7746
10283	78	11077
8957	73	5737
14591	73	4983
3124	65	4855
14968	73	530
9597	73	11333
14110	21	6607
5181	27	1831
3740	73	10345
2531	73	6706
10432	73	9792
58	73	9634
2202	74	7108
6331	73	14704
1264	73	6058
11098	73	3074
11725	23	11724
3882	73	4506
8507	73	337
6167	40	8177
6062	73	4408
2688	78	6382
7770	47	4346
8912	31	828
13004	73	13762
3283	73	9950
11231	73	3689
107	73	11338
8226	73	3228
6312	40	9455
3812	31	1789
11175	40	5033
8613	73	14315
100	78	3551
14398	40	7590
9130	31	2883
2023	73	4293
11275	73	4368
8820	73	4048
12960	73	13802
7488	78	14311
12322	73	6304
8211	73	7431
8910	65	7997
1057	73	6485
7612	47	8443
3182	78	7597
2017	73	6686
12181	47	2887
13913	73	13910
7222	78	6531
11032	78	9584
5828	20	10488
13638	73	5847
7751	73	3082
1890	73	3673
12208	73	9112
13670	40	4129
13329	31	7598
12478	73	2162
12903	73	3523
3800	65	486
10801	73	11330
1045	65	6816
12914	73	5770
12275	73	6259
1995	73	5755
7367	39	4476
14092	78	14055
8293	27	1049
1123	78	8700
1220	73	2453
1904	31	9995
12758	78	11167
2303	40	13679
4257	78	4052
4723	73	2272
152	27	4082
12558	78	6904
3645	65	7905
558	47	9933
4275	47	5299
5683	78	14701
8894	73	5057
14380	27	6310
2412	73	7275
7572	73	2381
11575	73	9992
14621	73	10403
8633	73	14471
3115	73	2307
256	78	3367
1971	73	349
13757	78	9269
13591	40	7814
5197	65	11386
11639	73	6460
8695	31	14512
6914	73	3073
12709	73	4065
5143	78	3759
13131	73	7526
10653	47	7311
8857	73	4160
763	78	4895
10283	27	7299
3622	27	11177
11097	73	14699
10554	73	7786
7023	73	389
13373	31	9572
11017	78	1295
1342	27	6265
14924	73	3229
762	48	2976
5068	73	6284
6222	40	13675
6697	40	6845
2743	73	4975
13334	65	4108
12910	73	9200
14933	73	4699
14211	27	6297
13148	31	4444
13824	27	3071
4309	73	10251
4565	31	11144
13982	73	5785
3148	73	6117
9591	73	4516
12814	78	4395
14806	78	3921
5513	73	3772
5912	40	14728
13893	78	1404
11802	73	6103
8231	78	4754
10049	73	7687
2239	73	1642
11586	73	11381
2228	78	5459
2730	73	1321
83	73	2686
1284	14	9385
12106	73	5022
13641	27	13882
5361	78	3842
1450	31	3370
11707	78	6414
5423	73	2115
13564	78	4637
9172	27	4410
13047	73	7156
11602	73	11007
9340	73	2211
14260	73	6620
13694	73	2263
10755	47	14487
2277	13	14893
10002	39	5732
4696	32	422
9665	73	1833
5070	78	14385
3021	73	14731
13479	73	14480
2000	73	10691
8341	78	9313
3220	40	5727
10613	74	2441
7105	31	3142
3831	73	6106
11329	40	14703
5583	64	14046
2539	78	5962
7213	73	4048
1679	27	14479
12350	78	6232
8792	73	11071
7544	73	962
5490	78	7644
2508	73	7404
1477	27	7672
13068	31	7598
2392	31	814
8799	73	2670
13333	73	13678
8530	73	6073
8224	27	3324
9636	39	10212
3030	47	9077
8807	73	4636
3249	31	887
2598	40	5857
13891	73	6141
8712	78	5715
519	40	2151
9766	58	10754
8720	73	1634
3590	73	1819
3247	27	5647
1841	31	3857
12972	73	4326
4487	73	4560
12393	78	6427
2947	78	7818
4872	73	4084
5003	78	6925
13648	73	7868
1101	73	2997
14680	78	4796
5499	78	4072
14949	73	7709
14602	78	7925
3094	73	6080
5117	73	8654
12372	31	10166
12443	73	9804
121	73	9034
1173	73	8596
12150	73	5176
12141	73	4390
11112	73	14759
10399	78	14234
6428	39	6463
10796	73	3190
11636	73	5841
13408	27	8669
9703	31	7955
2018	27	6267
3146	73	2249
14071	73	3489
11727	73	7725
14605	27	6279
12547	78	4360
12303	47	9974
3948	31	14746
80	78	1771
11822	27	9607
10614	65	14509
3730	65	1272
14233	73	11449
14070	27	14430
8279	27	6330
8999	73	630
5694	27	5747
14238	47	469
14654	78	6211
245	73	10841
8791	47	4753
10306	73	4363
14532	31	11264
668	73	1308
13327	73	5987
12553	47	6205
4059	39	13676
14837	73	6524
12005	78	10582
12294	27	7123
2551	31	6711
12947	73	10235
482	73	3321
7068	73	7982
4720	73	9094
12882	47	4122
1597	65	4796
14040	73	10290
9737	73	11159
13258	78	4878
8992	73	796
9339	15	3629
12835	73	8637
13203	47	2535
13689	39	2151
6872	78	5724
5241	73	10672
12067	73	7419
76	47	9933
2784	27	10154
2699	47	6321
7242	73	1250
2181	73	3557
693	31	351
13814	73	10191
5700	73	3076
11662	73	6182
8279	73	8088
13093	31	351
146	78	3126
12944	73	5770
10443	73	11171
13017	31	9824
7347	78	10423
3809	27	6258
6151	40	11514
4844	78	9964
9559	73	8959
5398	73	10003
9018	73	3433
10238	73	11130
11251	73	2145
4012	73	6543
14482	40	14466
11029	73	1951
3897	78	11077
11276	73	4335
13532	73	2381
5565	73	2395
12055	27	11517
12145	73	10492
12858	78	2125
12397	73	2070
9451	73	2765
6954	65	14412
5077	73	9034
12918	73	3238
12334	73	8094
13395	73	1547
11499	27	9098
4973	78	4091
12000	73	10752
8198	73	2206
9885	73	6902
1872	73	1134
12473	78	1676
131	31	9627
4589	73	530
1586	73	7789
11306	80	11305
6564	65	1797
7492	73	11048
3251	73	549
12175	73	349
4487	78	7296
10890	78	4829
7882	73	6056
7497	73	724
11873	73	2707
14914	65	325
8682	73	3538
14293	72	337
493	73	2767
12023	73	7854
14212	65	423
1209	27	10215
7879	65	486
8400	78	6296
1460	73	3952
4678	31	11261
5001	73	11066
7229	73	10389
6943	73	624
14848	73	4760
8230	78	8459
13233	78	10084
5069	73	3345
12291	73	3760
5401	78	4796
11903	73	11192
671	73	3487
8252	47	10388
12252	47	2880
1122	73	6824
1318	73	6281
7220	65	2769
13170	27	4354
736	27	4361
12605	31	14863
10285	73	587
10548	73	4763
10788	78	4439
11798	73	5898
7543	73	6963
8450	73	8548
12664	73	6291
5669	27	3202
14408	78	2112
14121	65	11072
12016	31	10164
11946	73	8041
2628	73	10672
12949	73	14471
1006	31	11512
3858	73	11391
9503	73	10303
2581	73	4104
13422	78	11380
7637	69	3627
8457	78	10960
6999	73	9983
1693	40	4129
10619	73	2205
12813	73	5910
13661	27	8300
12991	78	1161
14618	73	9857
4221	73	14287
5407	65	7978
2002	65	9226
7414	40	2775
972	31	9830
9745	73	6245
9557	73	5866
12074	73	4176
3647	27	6235
3198	27	2709
100	73	2999
13703	78	6671
251	47	7730
273	65	8943
5689	47	3628
6472	73	7815
1244	65	6383
11782	78	3324
8157	27	4108
22	73	6121
7342	73	10318
1578	73	542
14119	73	7737
308	65	6048
1090	27	9607
6580	47	4246
8149	47	2667
2479	73	9797
7447	73	3524
12579	31	966
2538	73	6133
11708	31	440
5302	73	14000
13328	73	2162
8594	78	2258
10416	65	4796
13895	65	2976
3851	39	7795
14820	73	7407
12419	73	2243
2041	73	834
10481	73	4115
6258	72	3696
6509	31	9830
6766	27	7809
11880	73	1992
11886	27	10273
9318	73	2865
9994	40	7037
14262	73	10444
556	73	4910
7206	73	5907
4810	31	6831
9715	78	4081
10174	73	2681
13470	73	10189
11781	31	7299
9565	40	7689
10980	73	3345
14561	73	14739
4310	73	781
12760	73	4109
11325	73	7928
3837	73	1205
14540	73	5840
3922	73	10669
3699	73	6257
13704	78	4095
12412	31	8932
521	78	9313
4952	27	9095
13532	47	6351
4786	73	10463
8633	65	9958
2633	27	6911
9930	21	4758
8694	40	6176
11785	73	10780
6814	73	10772
11114	73	3449
4209	73	3674
12248	27	9204
1371	73	10515
5956	47	6685
191	73	10740
13297	78	5753
6568	27	2853
11214	73	10696
4465	73	7876
705	73	1130
12954	78	1155
6841	73	5730
12595	73	2052
12640	73	2877
9756	73	7687
4830	39	6575
14255	73	2360
8344	78	1284
12661	47	336
10704	23	435
9404	78	6256
12852	78	13789
2738	47	4060
13747	47	7694
11266	27	9927
13553	78	768
5044	47	9048
13343	47	4193
3098	73	807
176	78	3842
8516	73	6508
6339	65	4885
1918	31	3370
1607	78	5805
1786	73	1787
2721	27	10748
10075	78	14720
5830	72	7176
6548	73	13866
2159	72	3696
10266	49	14258
6942	47	2684
4588	73	594
11036	73	6220
4471	27	9078
14135	21	7643
14647	27	10092
11781	65	4415
13500	31	11263
1123	65	2800
7263	78	1536
6842	23	5031
11928	27	5838
7255	78	8441
14447	73	2462
6582	73	13604
6764	31	9091
652	73	6305
4940	73	14392
5442	78	4081
11594	73	7620
2235	73	9034
11838	73	7422
3671	39	6424
8724	78	9642
11352	73	1365
8620	73	10184
12729	78	1753
7328	78	10150
11359	78	414
10336	73	7223
1220	47	3466
12706	27	512
11939	73	13781
9761	73	501
12225	31	2152
1929	27	14309
12580	73	13894
11733	73	3166
14796	78	14782
1481	65	9725
2054	31	828
3967	73	6844
645	73	2266
7826	78	6414
13945	73	11007
4241	78	1168
12635	73	2200
12265	73	6604
10932	65	4417
5602	27	517
12339	73	7031
3593	31	11539
7209	73	325
8058	73	6107
12627	65	6782
5115	73	7042
14816	73	7737
5599	73	2065
12792	27	9119
10533	78	6408
5247	31	963
1534	73	9966
6926	39	9858
1808	73	4103
11956	15	496
12932	73	7720
7766	73	4249
1624	73	1543
1906	73	4983
4523	73	4634
5472	72	7303
1473	73	10152
11093	73	7743
12138	78	2934
10183	73	4104
1333	73	14366
8778	16	4598
10812	73	11192
5213	47	6351
14048	78	5753
11631	73	5999
7339	73	9076
1732	65	4796
5610	65	14893
6430	72	3063
8082	31	9050
8704	65	9226
4322	72	8384
11988	78	14377
10864	47	7311
13373	73	5787
2628	78	3544
1355	73	3513
9906	73	7738
1863	47	5627
11650	73	4768
2641	73	3674
14874	73	2390
11986	78	3324
2164	47	4715
6064	31	8873
6580	73	6577
11622	31	1131
10130	73	11334
12467	73	5176
12265	18	5637
1600	73	819
7216	47	455
5559	47	14777
12568	73	813
12251	73	2869
11907	73	9529
11436	73	462
400	27	4414
14636	47	11486
261	27	9943
14517	73	3606
12942	47	278
6350	47	6038
4046	40	14364
14616	73	4386
3985	31	2773
12535	47	5326
13230	27	3099
11272	73	14287
13748	73	4497
537	73	6036
400	73	5770
11800	31	13586
8491	78	10094
12810	73	9231
8429	73	4443
5364	73	1530
5078	73	4544
105	78	6013
281	73	4158
8354	27	7126
12746	73	5980
4737	73	14287
5043	73	6971
14180	73	9199
5284	27	5975
12033	73	855
5519	73	6024
11298	78	4071
5165	27	4398
14551	73	6543
10343	73	3843
13462	73	8173
9242	73	8978
8719	73	3524
10457	78	14476
9011	47	446
9369	47	7442
2780	78	7684
7846	73	2878
7212	73	1668
4818	73	14471
3252	73	3442
12915	73	3067
7325	78	1031
1730	47	7041
5712	78	7394
14112	47	7063
11817	73	13899
14191	73	9795
7215	73	3615
12363	27	4398
7752	73	4375
6574	73	3105
9018	27	6279
14228	65	10998
3109	78	3330
1381	73	4760
10545	73	533
13814	73	5726
1312	73	3302
3823	27	4793
13923	73	5465
3312	73	6194
6571	27	6338
2538	73	13873
10723	78	713
11503	73	480
1117	73	5737
7624	40	5732
12280	73	2266
12110	73	936
14581	73	9768
12152	73	3826
7413	31	3401
13811	73	6257
12474	27	9064
6537	31	9069
11587	27	2499
6483	72	1535
2465	73	9034
8293	73	14261
4696	73	2752
13379	73	9631
7918	27	4147
1885	65	8661
11406	47	8059
13497	73	3615
13247	73	13894
1312	47	7676
11561	73	9972
36	73	1154
2564	73	733
2579	73	1238
3298	78	14738
6980	73	10367
7273	73	11334
14448	73	543
1944	72	13902
14157	73	10233
14841	73	4349
5283	73	14800
2946	73	7741
14454	73	7943
14857	31	9091
8126	73	14765
7870	73	1553
12218	27	4689
8632	78	9953
3343	73	5892
5062	40	7812
11610	73	2583
14140	27	2803
10157	40	10359
13429	73	10015
4658	73	6706
14819	31	10363
7316	78	1797
5449	78	7058
13628	27	9943
9400	78	423
3636	40	1950
6820	73	7817
1206	73	9324
11205	78	9504
4790	73	6046
12117	73	4762
10304	27	1476
11106	47	10146
10975	27	9263
8890	27	4630
2749	78	10903
8453	73	784
3732	73	8014
12658	27	5845
104	27	2244
101	73	3684
14295	47	11152
10528	27	511
2058	73	6910
11360	73	594
7264	73	10672
14331	27	4359
11163	40	14728
5638	73	4768
3906	78	5722
9007	73	13860
5508	73	8588
2729	78	7979
1664	73	5883
11813	73	2102
12699	73	7303
12977	31	9803
3836	27	1437
3581	47	1286
3040	47	2766
2170	65	3302
4562	73	7082
12238	73	6644
283	40	7706
1244	78	9825
2002	47	3254
7631	73	10192
6285	78	5079
5542	73	968
14084	73	2306
133	73	13851
6098	73	3853
10597	47	4387
8889	65	4796
12669	27	14317
12415	27	4113
12153	73	14514
3437	31	7310
13400	73	9577
9658	27	7772
12862	31	2300
8514	27	512
7773	78	8529
1475	39	9309
5259	73	6024
11044	40	5714
4857	47	8458
5767	40	9956
14047	27	13909
11614	73	4375
6537	73	10861
5812	27	6581
5385	73	6115
11860	78	10030
60	78	6927
5482	65	2800
12120	73	3442
13660	73	6107
1629	73	3660
6588	73	10894
13062	47	1688
4782	39	1947
12158	73	1322
5703	78	6258
5506	73	8959
10451	73	9698
9136	73	6435
12771	47	4882
13339	73	10208
12775	78	6408
2901	72	6826
3820	78	813
1984	73	4315
8102	40	4483
13249	73	14764
8292	73	10035
5429	73	2961
2645	73	6603
2054	73	2673
9871	73	14754
12751	31	3244
7440	73	14769
9602	73	9043
4046	39	4045
11506	73	14689
3758	45	9281
8128	40	14728
14045	73	10144
1211	73	11392
8610	73	6539
9707	73	9950
11998	31	7864
12943	73	2299
3979	73	4291
642	31	9314
117	78	1261
11712	50	14480
3386	73	7518
12251	27	481
1639	40	14733
14615	73	4656
6505	72	3475
926	31	2527
9840	39	6283
11853	73	5965
12592	78	14515
4059	39	13679
9335	73	13786
1388	31	9421
13706	47	5646
2439	78	1155
8117	31	14357
2294	47	4193
13809	73	6830
13753	73	9971
5577	73	9765
8141	31	9198
2722	78	2861
3395	78	1306
8280	31	1977
3328	73	7815
10600	73	11141
13468	73	9097
8212	65	2447
3788	73	11129
11100	73	4563
5121	73	6969
5239	73	14246
14263	31	7673
12657	31	14711
13961	73	414
14063	50	2233
9478	24	11535
6859	78	3587
744	73	6077
349	72	6193
8816	73	5774
14009	72	5915
7483	69	5816
5547	73	6239
12484	27	2385
8217	73	2672
9403	73	14057
12961	73	2140
3913	73	5059
12823	73	7993
17	31	3142
8289	73	2996
11626	78	14311
13118	27	8661
84	73	876
3959	78	3759
611	73	11262
2361	73	4635
11504	73	9596
8238	80	8239
4582	73	4496
5287	27	14709
4724	73	5846
172	73	827
7612	73	7748
12889	73	6545
4724	73	11482
4815	27	3061
11288	73	7786
7037	39	5300
6810	40	5016
12804	73	3243
3913	73	9215
9873	78	5780
8068	27	3446
1693	53	1693
4833	78	1272
7235	72	5983
13336	27	7794
5203	73	7223
2475	73	10227
975	78	6909
7228	27	14384
4708	78	7684
12691	31	11264
12249	73	7051
11815	78	14465
4711	73	4552
12803	31	7726
5594	73	14432
8789	73	7876
11927	73	4870
8478	73	7131
2466	47	4193
13029	27	4858
13630	65	486
4484	73	5754
5271	73	8934
12103	78	14752
244	73	6694
5107	47	5299
6759	73	10023
6490	73	10693
12060	73	439
2240	73	10241
10823	73	5827
3378	73	7407
3376	73	9841
172	31	5761
1561	27	14133
9330	73	8008
13110	78	7077
6806	78	863
5665	73	1322
14945	73	3450
13354	78	948
1919	73	6245
11616	27	13836
4813	28	11418
13699	47	6407
3026	73	5379
4825	27	7997
9143	73	6487
2425	73	9854
6764	73	1745
4260	72	4761
9882	73	14350
3765	78	6196
1075	78	1253
7103	78	5378
2427	73	13782
197	78	8006
10889	27	13696
3699	27	4747
13131	73	3497
9474	73	10669
3276	78	6258
4946	73	10487
5544	73	3067
13429	73	2692
8697	73	8200
13861	73	445
398	73	1672
6872	27	1979
7883	73	7426
6274	39	14403
10831	73	1687
12542	65	1797
8315	73	3055
12797	73	1634
4648	78	5959
13092	73	13872
1740	47	455
13160	78	1257
1813	47	14487
6924	73	9032
13439	73	2755
4282	65	9502
7903	78	3620
8469	40	1854
8305	27	13669
1877	78	6225
11672	73	8383
8573	78	7057
1483	73	7464
12299	73	1256
5617	31	14761
14806	73	1631
6760	73	9856
6893	78	4062
14582	73	5981
5111	78	3499
11703	73	4393
7785	72	7018
8475	65	5063
10452	31	3857
14148	27	4802
4827	73	3625
2089	16	13310
9352	73	10818
1395	78	9104
10925	73	2798
12722	73	7237
2519	78	1736
10886	73	2381
1002	73	3955
202	73	14373
1511	73	9159
1997	73	2138
1742	78	9833
8898	27	5810
5101	73	514
4271	73	2462
11115	73	10694
4241	73	3428
13962	73	1170
3595	73	9522
11986	73	14727
57	65	2800
6052	73	10227
12519	73	9032
10800	73	7010
157	47	2766
3051	73	545
12578	73	6208
852	73	1550
7812	40	327
11751	73	6273
897	31	2762
5555	73	9181
114	73	2211
1104	73	6573
13500	27	7306
11630	73	13905
11542	78	10960
12906	73	3620
13750	31	14467
13472	73	13899
11340	73	6281
11601	27	14725
12333	65	9875
7493	73	4725
8727	73	5917
13681	45	9284
12182	73	14483
10	27	1476
892	73	3668
3312	73	2381
1344	27	6265
11120	73	827
12365	27	721
5429	78	14824
3509	40	9619
11908	73	7943
1913	73	9045
8947	47	14381
1585	73	6543
10985	78	6781
2492	27	6219
5386	73	10517
14266	40	9586
766	27	6265
9207	53	2713
8156	27	4398
11495	73	1879
14546	73	7463
9676	65	7059
9478	73	3406
4815	73	7189
12789	47	7009
11566	78	1767
8202	73	6684
13411	31	7933
11838	73	4065
10642	78	7430
3765	73	10595
503	78	9583
1916	27	9302
5145	73	1787
4701	73	10195
7204	73	4403
8097	73	9373
13665	73	780
5121	65	6315
205	73	14739
3089	73	4854
8860	27	6244
2165	47	7308
13180	78	6414
7736	72	14749
11766	73	9039
2059	27	14705
5637	23	2826
5076	27	3465
4950	47	7694
4488	73	639
4378	40	7392
11428	23	5739
12628	78	14772
72	31	887
6893	78	14282
10972	73	10841
10807	48	9502
12709	47	6407
14533	27	3430
418	72	3241
7199	73	3342
177	78	4545
5164	73	7042
3949	73	1780
14160	73	2929
11627	73	8009
2605	58	4255
13348	73	3239
4340	47	10388
303	78	1437
8128	40	3835
2981	57	5025
683	31	725
11959	73	2312
9007	31	2762
13311	27	2773
13516	65	7895
14086	65	9226
12693	27	7397
13003	65	1476
8033	27	5781
6960	27	4876
10542	73	7088
10698	73	1554
5266	47	3188
12114	73	7381
12761	73	6970
1577	73	10519
10547	78	4796
8924	73	11386
5668	27	6925
14608	78	2153
11937	73	11326
12727	73	591
4676	31	4427
11813	73	14975
3395	73	8869
8673	78	5753
1749	73	711
12664	73	4348
418	25	14576
6420	25	8967
10508	73	3524
9331	73	6282
12468	31	9785
12101	73	14765
12645	73	4392
4922	73	1418
7631	78	10900
7703	73	10080
1201	73	1687
11407	78	6201
154	31	7598
2790	65	6345
1512	73	8440
13544	78	2076
3418	73	14480
8224	73	6782
8560	73	5462
1950	40	13676
14019	27	3009
2541	78	3551
2938	73	1715
14433	73	9789
3835	72	4534
8712	27	5035
702	27	4398
1502	73	3190
1530	20	5818
2338	27	7820
12870	73	6080
7374	72	7657
1934	47	14569
2384	31	2734
9025	73	3067
1122	27	1571
10366	57	6966
136	47	4193
5372	73	1770
9709	78	6904
2561	39	5969
10830	78	9833
5537	78	4439
11509	31	3142
11717	73	667
10657	27	11014
2987	72	1770
12675	47	13685
79	31	7686
1588	73	3407
12809	27	6227
10269	73	7710
13132	73	6919
4847	73	10389
13970	15	5463
985	73	8108
14508	48	9672
408	78	9304
13706	47	8403
11766	73	14714
8387	73	6848
10206	73	1768
12007	73	2961
3222	73	7483
2194	65	7997
1556	27	7365
3923	78	14863
13535	27	4076
11764	73	7744
12665	73	14350
6871	65	5930
7264	78	5788
12134	78	2141
13105	78	4062
10687	31	1479
2721	78	3469
7576	47	14707
7340	78	595
3387	27	4113
1909	47	7063
5513	73	2273
650	73	6050
12517	73	11497
8898	78	5810
13313	47	6972
13488	31	5823
12919	73	9017
5528	78	3426
5099	73	14329
307	73	10779
1652	73	10033
8741	73	2217
8690	47	8864
2218	73	2053
1709	78	3469
2696	73	9639
11412	73	8470
4767	39	4781
4009	27	8884
4275	78	6681
6373	13	2971
5537	73	4315
1404	13	9502
6865	78	7395
2088	47	8862
5108	47	3254
150	78	14695
5007	65	8080
13539	78	14863
12905	73	3570
2479	73	4312
1075	73	6186
2976	17	6143
7317	73	5847
1165	73	2189
12853	78	441
4523	73	2998
10603	73	8416
1024	73	6433
5355	31	10666
2610	73	10403
9037	73	1827
28	73	6204
13437	47	278
11897	73	415
7206	73	9577
13278	73	3105
13972	73	13843
13654	73	3568
190	78	6409
1579	73	2877
12952	27	14417
1191	73	6323
1896	73	10032
260	65	3342
14085	31	2369
4569	27	3444
11855	73	9215
14883	78	2825
1664	47	7600
2590	73	8771
890	73	1894
14181	27	5804
8279	47	6330
7273	73	9236
7490	78	9114
10553	65	4886
13401	73	9851
12089	47	9120
5413	78	2027
4744	40	4250
192	73	1788
11648	73	1289
14861	73	2877
1057	27	14352
12143	73	1134
10589	78	10746
12163	73	6195
10424	73	3038
1185	78	7296
14178	78	3470
5359	78	8080
14992	78	7593
6041	78	1893
10268	47	9641
5187	73	3085
13955	73	1958
10821	47	2149
11761	78	9399
13371	78	955
13798	27	5055
13211	27	10281
8488	73	660
13055	73	6323
145	73	3057
14981	27	11006
2904	27	10091
14978	27	1260
12044	73	10676
4663	73	4853
12955	73	1543
5406	73	3342
12838	31	913
11094	73	8859
11200	73	9116
10789	73	775
5488	73	8140
13829	73	9055
3679	73	10287
14890	73	2692
10597	73	4370
14626	65	8884
4046	39	3438
14899	78	7820
14857	73	10403
3676	78	7650
3571	73	2816
12433	73	862
13932	73	4099
14144	73	7128
11198	73	6389
11948	65	4063
10890	73	7169
3798	31	2359
3576	78	9185
11299	73	923
171	27	10162
4964	78	8765
5966	72	7655
10206	73	3187
12040	27	4758
3420	47	7767
3808	73	2208
5688	73	10159
13489	73	9236
9422	73	10695
11651	73	2243
5566	73	6469
9334	73	10520
14553	78	3099
8837	73	881
12298	73	2454
7359	48	3978
14438	78	14416
10657	73	1686
8306	27	4398
4654	14	1529
14928	73	925
10866	78	10094
2399	27	9725
13010	73	14657
9162	73	2929
5704	27	6420
14143	73	7476
3940	47	2667
4564	73	7779
852	73	7976
10682	39	6317
27	27	4117
5366	27	3465
10792	78	3842
10832	78	4545
10542	73	5908
10825	73	7789
1569	27	14309
14101	47	2880
3768	73	10754
5869	14	6816
12103	73	8464
5712	78	9304
5832	10	7280
11198	73	10152
12754	73	7059
8185	73	10444
14911	78	2375
11561	73	5833
12512	73	9113
14845	31	6447
6365	73	13604
13840	47	9212
4723	73	3557
11354	73	3409
6821	78	9953
849	73	10513
4844	73	2415
3108	73	7627
5542	78	6240
10530	27	7123
11020	73	4318
8774	69	6110
7348	73	7135
1002	73	4870
14809	47	749
2199	39	10282
5000	31	1479
11098	78	10960
1915	73	1766
1202	78	7873
11852	78	8668
7211	47	4364
13813	23	9845
11199	73	10302
3969	73	9192
11583	31	9787
13917	73	4875
5502	78	7646
12879	73	9046
13036	73	4066
14992	27	7647
11674	27	6216
12211	73	11536
1105	73	10802
1378	73	2771
7843	27	7717
11938	73	14953
1914	73	8542
1220	65	9875
11117	73	14314
10725	47	13705
10183	73	3488
9028	73	9084
6690	73	14471
12204	27	10749
5986	72	2560
3519	27	1893
8821	27	5035
3885	73	5792
10342	73	2221
11739	73	5859
5567	73	415
2474	73	1631
12242	31	3142
7294	47	959
2807	80	2808
3950	73	7167
557	65	6251
4918	73	10227
13520	31	4319
14618	73	6919
3002	65	6256
12190	27	14490
7231	73	11392
2621	27	5747
7568	73	8943
5569	47	9839
3014	78	10021
14879	65	4866
7839	65	4764
14286	40	7400
11992	78	4515
12971	27	423
4599	73	4335
12949	73	733
2733	40	11044
10799	73	9048
14030	78	967
10674	73	11286
9342	73	5948
5437	73	1328
8556	65	4796
8037	39	4655
7385	47	2313
2487	78	2274
7557	73	10308
8682	78	6903
11491	47	2833
12327	73	532
13607	73	9900
1557	73	7669
69	27	9578
4603	58	6844
12204	73	798
11318	27	14751
3027	47	2870
5405	73	769
5132	27	14430
8575	73	2714
14421	73	4392
8989	49	2976
4288	69	9157
13776	73	4109
8935	78	2277
225	73	8588
11611	73	14731
704	78	7925
10210	73	7721
5920	73	5883
13155	73	13780
2941	31	4631
8726	31	1410
11055	73	9792
10529	73	5019
5545	31	14357
5532	74	13167
1595	73	10191
3994	73	1138
10196	73	2844
3485	73	2836
5405	27	6607
4803	73	4104
8842	27	2258
10291	25	8681
10826	73	8422
11902	78	324
7270	73	3667
5996	40	3627
12211	47	14766
13115	78	1258
10798	73	13803
2941	78	11380
127	78	3127
843	73	873
13349	73	3528
10233	72	2693
895	73	4316
12092	65	8471
10635	73	290
4722	65	11402
9645	73	444
9160	73	9073
12147	31	6991
14803	73	871
6588	27	14236
10288	72	9573
10438	31	6148
9748	73	14057
12700	27	7011
2420	73	11334
12899	73	7695
12176	73	7659
11026	27	2978
8924	65	7895
1909	73	1951
13538	65	7905
1473	65	14574
11542	73	5913
7214	73	7608
2810	73	14505
9744	73	13762
5597	31	4404
12678	31	4631
13723	27	3441
11624	78	6258
305	78	9642
3861	73	9272
1179	73	13886
84	27	4629
12540	27	5024
5190	73	10667
5274	27	9826
9727	31	9997
13629	73	10953
5707	47	469
7316	73	14316
14591	78	5854
12718	65	5718
11317	27	11072
8495	73	3487
11501	78	381
9147	78	4421
4178	73	2180
13028	78	8441
11963	73	4293
11130	16	105
11166	14	14010
12235	73	2069
10860	31	4892
12644	73	769
13716	73	14261
11090	47	336
13374	31	6336
12110	73	7860
11784	73	9196
1523	78	14529
8357	73	9834
6744	31	10666
4838	78	5753
3655	73	3528
4946	27	867
9132	73	14293
7062	73	11451
14578	73	827
11974	73	3682
1888	73	7466
12893	27	7089
11864	48	14893
8312	78	7592
10644	78	2428
4601	78	10162
7761	73	872
5694	78	4881
10509	47	9599
6176	39	13682
11007	58	6630
563	73	14132
8342	73	14314
9716	31	4367
14115	73	7302
6453	78	2116
8511	50	5350
12954	78	8199
1180	73	6538
12387	27	6137
11869	73	7821
13927	65	11382
5429	65	10746
11440	47	2880
8169	47	14414
9671	73	2325
987	73	3168
7838	73	11269
10991	73	6181
847	27	6180
383	73	9573
5150	73	14731
3005	73	4479
12654	73	8417
8399	15	2402
11256	73	2987
7147	27	4758
12280	73	7692
12349	31	2137
14625	27	10237
12964	73	3527
13363	73	14765
5278	27	8700
3325	73	10750
12472	31	516
4823	40	14469
13606	73	10694
1005	73	11334
3986	78	14472
5128	47	2880
1181	73	460
9557	65	9226
12569	65	2800
13050	73	2312
537	73	4959
5351	39	4305
1085	73	2306
8258	73	14399
10874	50	7692
11914	78	6100
3133	27	9978
10807	78	7989
11764	73	6138
14679	78	4829
7704	73	10578
12819	78	4779
12392	73	13858
559	73	407
10183	78	14708
4619	47	4086
3128	73	10403
7063	13	2166
13974	78	418
12502	73	2754
9874	27	9157
8564	27	14706
13233	78	3551
2650	31	4858
4722	73	3363
13837	73	14727
8709	27	4101
13220	73	3074
12178	27	4398
7418	39	2847
5383	73	325
11010	27	2841
1328	72	5793
11761	47	1797
5377	73	3230
14502	27	11168
1653	78	7672
9004	27	2978
1224	73	459
11280	31	3531
311	65	3226
7030	50	6471
3384	31	13687
5610	74	8935
13484	73	14704
11896	73	7744
6537	73	2156
11870	73	2072
5161	78	2116
10613	49	9672
3121	27	6398
1880	78	3469
13117	73	6079
12813	47	7596
5374	73	3513
10484	73	4311
1074	73	9792
13999	27	2985
12153	73	10006
8146	73	6503
7138	78	3561
101	73	9231
10921	31	2359
6497	50	7793
3032	73	7617
10630	74	10631
1373	78	3226
5693	73	4628
10941	73	11079
12196	27	6602
8315	73	10672
7566	73	4017
5605	78	2881
9454	73	6503
8868	47	6685
11577	73	4134
13436	73	2930
5474	73	5922
894	78	7794
12438	47	430
13561	73	1283
10136	27	10045
14129	73	6022
5696	78	8445
7202	78	7925
7918	73	7010
273	27	6578
5597	73	3695
127	78	6330
13069	31	1152
1832	31	5823
10884	78	2428
3574	73	11334
14046	78	4754
7252	27	10749
2596	73	6108
1605	73	3479
5679	27	2159
4740	73	1296
14907	78	2375
4742	47	2880
4466	73	14126
11770	73	3061
5914	20	5885
8251	73	9215
8622	27	6416
2913	73	14566
13129	73	1944
13251	31	5758
14232	73	14297
6744	73	7177
10343	73	1290
571	27	3609
8137	40	14398
1236	47	9520
5506	47	4246
14279	73	5032
2624	73	4263
6558	73	10361
14071	31	3446
13349	47	2313
5745	40	515
2537	73	4166
12019	73	6835
1897	73	6233
11745	73	3825
13420	31	1977
2593	73	5059
4659	73	9373
186	78	9102
7830	27	10040
2551	73	13973
2780	31	3001
2903	65	9274
3050	47	2404
12250	73	4058
13402	73	10669
9616	73	936
3306	74	14808
11762	27	10386
614	73	10227
8907	73	5866
14626	73	6444
7703	31	2267
750	73	5337
1062	73	8431
10119	73	4415
4782	39	3416
11082	78	1404
11610	73	3497
13530	27	11535
13463	73	2450
11204	73	886
8605	47	7516
6364	27	9585
11872	73	4977
11587	78	2499
7195	73	4549
9647	78	6225
10599	73	4248
4737	78	3544
10843	73	3407
10136	47	9729
6733	73	6557
9707	78	14801
10225	27	4156
1497	73	4559
2983	47	2313
1711	31	4868
12329	73	2668
6018	57	6214
529	73	13782
2947	73	5042
2343	73	1774
8209	73	3726
606	40	2775
1029	73	10165
1994	47	3613
8448	31	5831
3530	23	6177
10765	78	3448
1364	27	14270
8634	73	6420
8284	73	7662
6847	27	6589
12720	27	4903
3270	73	10551
8234	31	4858
5150	47	7694
450	73	873
9436	73	2115
8574	31	954
1111	73	5012
10348	47	5646
11777	73	14290
13187	73	6021
5687	73	9642
6361	73	1986
4235	73	5926
12450	73	9271
9151	27	14055
1484	73	9192
13889	73	10818
5712	73	8596
10723	73	6199
1591	78	11507
11341	78	14962
10065	47	3448
2035	73	10019
14044	78	7619
12804	78	5079
14646	73	5870
841	73	4392
7186	73	9186
3999	27	8665
13443	78	11124
2015	73	1283
3034	73	3487
11023	73	3414
8427	78	6137
12647	73	6186
13374	65	9303
9339	27	4125
12504	78	6985
14642	73	4259
9896	78	2142
14201	65	2153
4668	73	10988
11749	65	4690
13530	73	8546
10812	31	9208
312	47	5067
11855	65	10751
2950	73	6703
11246	27	5761
6536	40	8867
11508	73	14721
371	73	10672
11408	27	10230
11683	31	14742
4927	73	14975
11606	73	1235
4790	73	2957
7447	73	9797
12145	78	10492
233	73	5779
6922	73	7039
14821	73	4688
10860	73	1761
1054	47	8403
2203	27	3667
7102	27	14318
5283	73	6625
10706	73	925
9878	31	7310
3149	73	7940
7454	73	14485
8214	73	9112
12714	31	6699
13001	73	11167
8811	73	8972
8229	27	11072
8229	73	4371
4618	31	516
6436	40	4129
11027	27	9256
5710	73	2935
8448	73	9966
8126	18	6438
12523	73	733
308	73	5333
11760	78	7962
6400	73	9201
12786	27	9626
2477	31	4100
4190	73	2845
3797	47	9839
13798	73	4959
2951	78	1533
11956	27	2850
10958	65	4124
2350	73	7422
9376	50	14852
6176	39	8874
3916	78	10386
314	27	11517
11462	73	6362
10343	73	9848
14788	73	10335
12236	78	6211
12037	73	9596
14263	65	13851
7134	78	8046
5994	47	14225
11861	73	5507
652	73	5947
624	57	11439
1558	27	1685
13512	73	886
11496	78	9638
6839	73	5750
10472	47	11078
9735	73	7135
14043	65	11139
5951	47	9152
8291	73	5833
6341	27	9068
2965	73	10188
7837	73	7404
9603	31	2607
13294	73	3421
11862	73	4904
12867	47	3553
253	73	6252
8215	73	6503
4825	65	7997
1994	27	4441
4037	73	2380
7460	73	10006
7827	65	4885
10420	72	7784
6840	73	2842
7215	73	11334
12884	73	2282
5445	73	5226
12919	73	9107
8642	73	5908
11628	73	6515
14545	73	14142
13078	73	5059
13026	31	9995
13150	78	14824
10705	31	913
829	73	827
3830	73	1993
14563	47	342
4839	73	8550
1401	73	4291
7475	27	2803
3582	27	5862
632	73	6577
11478	27	4078
11848	73	14471
9816	73	9972
10970	73	9633
9960	57	4858
8244	73	5337
5572	73	10761
5394	31	7671
11424	40	7814
10583	73	1634
5387	73	6970
12712	73	9951
170	27	722
14424	73	6971
11818	73	2309
13713	78	3842
10181	47	7361
1523	73	4479
13600	73	7778
10967	78	2078
12436	27	14725
12869	73	10513
9102	14	6735
6554	47	6038
10852	73	13803
3331	78	8661
7806	65	8474
4030	27	509
10755	73	1018
4811	73	14342
10446	73	5631
8801	78	7058
1606	31	1479
2624	27	7127
1486	78	6382
13243	47	9624
8193	73	2998
11306	73	8014
662	72	11178
11155	47	6407
12131	73	7664
4622	73	13903
868	13	9501
10286	78	1168
357	48	2447
10911	73	6050
12934	73	4239
8211	73	4725
929	78	9855
7	31	9835
13156	27	8879
4037	31	9571
13521	73	9822
12560	78	3561
6862	31	3602
3725	73	2451
14067	73	6432
232	73	9199
5735	40	1854
12041	73	1826
2791	73	3409
1950	39	4823
369	73	4400
3039	73	2694
13512	78	4016
11214	47	7442
285	27	6315
9170	27	14779
563	27	7647
1741	73	4047
5077	73	4560
3053	73	10513
12948	73	1855
7528	47	7063
305	47	10387
12576	47	8444
10065	47	8403
8735	73	9695
6453	47	1286
1505	73	2694
9471	73	2770
9763	73	9800
2033	27	7873
218	73	4248
2785	73	2360
515	39	14703
2029	73	6124
12620	73	8089
11238	78	1849
10066	49	2976
5455	27	7647
11999	73	3336
5195	78	8018
457	40	4704
9764	78	7079
1209	78	4062
6729	73	2801
7288	23	7028
10259	73	14007
13346	73	3076
12180	73	6233
12272	78	10848
3136	78	11384
1593	31	4858
7144	31	3244
12155	73	4399
8731	73	11134
6560	73	3616
14203	73	785
2745	78	10084
3024	73	10353
8190	47	5879
3595	73	2312
1433	73	1708
13450	73	6166
3618	72	9125
4493	78	4112
3962	73	5835
210	73	2605
4224	73	876
10505	27	1273
2165	31	9505
788	72	9894
3994	27	9238
10332	73	10108
3337	73	9054
7065	31	3857
8769	73	3497
3729	31	4389
8994	64	3710
1568	78	1016
376	78	4052
8	73	6687
2198	73	11066
13799	73	10353
10255	73	6628
12373	73	10676
1613	47	7056
6385	72	4262
13347	31	9234
4257	78	4383
10633	74	10634
4994	27	6244
1112	73	4394
7909	47	2535
8416	72	10163
14405	27	3458
809	27	512
3646	27	9204
9662	27	5752
3291	78	6416
5359	65	2800
11560	73	10695
4958	73	2891
28	65	4846
4954	73	3073
11798	73	1036
13694	73	8434
7147	78	6531
1075	27	6279
2806	40	1798
12524	73	14527
10646	73	14374
4240	39	7795
3983	27	5063
5503	31	3602
2293	21	7643
10328	78	4867
2590	65	10147
11240	78	14244
11125	31	4137
13146	73	6392
1596	73	10861
14614	27	10748
9679	73	798
10834	40	410
4454	73	5828
7929	40	9619
1077	27	2873
1462	78	9904
980	76	14237
12299	27	5297
200	73	6326
13791	73	9237
4929	31	14745
9682	47	6089
13268	73	8165
14137	73	9818
7170	78	6309
9455	39	7856
3849	73	883
2193	73	13843
4446	47	9729
12225	47	6205
10207	73	10184
12873	65	6240
2656	47	959
3870	73	7401
11158	25	14575
9344	27	953
11763	73	10190
9126	73	1763
3279	78	7058
4990	73	11066
7159	78	10021
12257	73	1764
11462	27	6219
11970	78	456
6766	73	5649
2303	40	8939
4278	47	6207
753	78	1253
6562	73	11482
6849	40	6396
11317	73	14951
5338	31	3354
3029	47	13685
7319	27	3430
11628	47	7594
14735	16	5322
12630	27	6085
12424	27	5029
4029	73	9420
9866	47	2880
5442	73	6103
3112	78	11080
2874	40	6396
3716	27	3471
13601	65	10111
8134	73	7940
10550	73	9983
6733	47	14123
1530	72	1769
2057	78	9955
13231	73	2381
6097	73	3253
12820	27	9828
8973	40	4195
3971	47	5646
11055	73	5754
12420	73	3511
10798	73	6968
11853	78	5015
10574	73	2821
7454	73	5042
4771	39	6613
13343	73	5968
4035	65	4535
3419	31	11261
1435	78	2142
12474	31	13788
9375	78	4758
11293	73	9954
13566	73	7721
1779	72	5882
3597	73	625
1492	78	2169
14553	78	3588
11679	27	10230
12139	44	6215
13486	73	8662
3086	73	6199
5166	73	9786
14387	73	6392
11948	31	9787
10410	31	2121
66	65	9725
5693	73	5785
1439	78	4317
9163	27	4416
12599	73	6640
14546	73	1154
13578	73	1419
7436	27	8532
9701	15	14752
5702	78	10386
3148	73	5866
4265	27	4361
7697	73	10357
6065	47	2161
11107	73	1819
8452	65	14417
8368	73	6108
581	27	423
3796	73	3000
7321	78	14509
13750	73	4329
6501	27	5752
1962	13	7729
12537	31	4323
5470	73	10060
183	73	11068
13605	74	1704
3044	73	3003
10839	48	13466
12682	65	2116
14213	73	1138
9644	73	11533
2638	73	14345
12015	73	7736
2115	16	298
12414	73	14566
8294	73	3546
12759	73	7082
7835	73	9982
12357	73	7972
11499	73	4314
5102	73	9967
95	73	2114
14452	73	6702
5934	40	511
4210	73	4960
1101	73	5909
2505	73	10449
3903	47	7361
2214	73	6612
7542	73	6969
2991	40	5654
1355	73	9795
8007	40	6402
14563	27	7998
8786	73	7462
13060	73	14481
11846	47	5299
14424	15	2163
371	73	6134
10639	31	2260
3838	27	2062
12862	65	2900
2969	27	9725
10987	78	6373
11808	73	4959
11480	73	7008
14411	47	9071
11210	73	4153
8572	73	9043
12859	27	9256
13534	73	6110
9869	27	4004
14016	73	2245
9418	74	14215
2346	73	5847
2192	47	6608
13549	73	9568
14327	73	5859
3990	73	6102
10916	27	4290
8033	73	4794
13652	78	8646
1147	27	9204
5957	78	4749
10135	27	953
12871	73	5908
3864	78	6199
12130	47	731
5417	73	7060
6796	27	4324
5077	78	1258
13382	27	8656
3181	73	4760
6787	73	3450
2543	73	337
693	73	4109
11930	73	9538
8025	78	10582
7900	73	6233
2756	39	6391
1212	73	783
13846	73	10842
2329	47	14487
6707	40	5852
322	78	7930
5159	78	13789
4372	40	4059
12676	31	9222
515	39	7795
11374	27	2244
8666	72	9290
8611	73	14396
186	64	3474
12163	73	10012
9164	73	5907
3492	73	9041
11883	73	14514
3140	27	4398
2354	21	5644
5254	31	10666
7855	73	2842
2476	31	8932
750	73	4249
8811	65	1437
3797	73	6513
3784	78	5861
12841	31	1682
9459	27	452
9937	65	11066
10825	73	771
7329	74	1457
5605	65	7680
8260	73	14699
11120	73	6186
3904	65	6061
11954	73	3063
8726	65	5065
11317	65	11072
8512	47	7048
5484	78	3759
2244	16	13337
3791	78	9304
3873	31	1293
12766	73	10080
14780	78	2886
1912	65	512
13656	27	7749
8110	73	10403
4709	73	5770
3795	78	8484
4963	27	9253
14611	73	10271
22	31	14756
12834	78	3670
4657	73	14973
13944	27	11013
7538	73	4880
12902	73	9784
13265	73	9577
2744	27	7306
7413	73	535
13727	73	14731
12322	73	10389
3137	73	1788
13388	73	2877
9153	27	953
361	78	7820
7257	73	1737
4002	73	4873
400	31	11263
4920	73	2415
14081	27	5752
8254	31	3142
1765	73	4017
2098	27	5873
10638	31	6011
14607	78	5459
742	65	2800
1731	73	4335
10657	65	11014
10825	78	1849
13628	73	7315
744	73	6030
8712	78	14472
1219	73	14505
14034	78	3426
7289	47	1760
3437	78	6298
12609	73	6665
10971	15	6438
14586	78	14720
12354	73	14958
13491	78	8064
11458	73	7789
3800	78	9049
6933	31	963
8307	78	2704
6869	31	13812
10053	31	14779
12041	47	9839
11234	27	14779
7615	72	9276
3463	39	2303
6659	31	3535
11116	72	6195
3068	65	14055
12264	27	1831
13791	73	10513
14438	78	4081
11319	73	6195
8642	73	6541
9523	73	14657
9275	40	14378
1274	40	5064
13427	73	7857
11110	73	6156
7435	73	9387
4372	40	13689
8855	73	3428
2345	73	6268
9554	31	6213
9890	73	1547
14878	73	4725
13045	78	9783
14938	27	8665
1241	73	4143
13064	27	6416
900	55	4387
10217	73	6284
11588	73	5737
137	27	2157
2520	78	10386
6772	78	14863
10037	72	3955
5453	73	14132
14638	18	3417
4280	65	2116
14042	47	4193
5466	13	2971
1505	47	731
12403	73	8778
126	73	6354
144	73	5932
2483	48	14276
5005	78	1285
3581	18	381
11571	73	3641
12579	27	7728
1727	47	1405
1109	27	6589
197	47	9729
1470	73	14356
11789	73	3215
7185	31	2832
4477	40	8524
297	73	7970
13778	78	387
1266	73	4497
13621	73	9640
3381	78	5666
1630	73	6138
5593	27	14478
14462	73	10349
14257	73	747
13626	78	10021
14411	73	3525
10441	73	4480
14658	65	10150
11493	27	4422
13249	73	2606
14868	47	9598
10632	15	1282
12619	27	4112
13025	73	4959
14093	73	6919
4303	78	93
9636	39	7936
4701	73	6844
11939	73	2411
9019	73	4254
1609	78	11376
5436	73	3435
7024	73	2150
13729	73	4103
9080	40	6263
859	72	10669
11056	31	3440
13092	27	9211
10274	27	1677
12935	73	1297
8381	73	8956
9759	72	6650
8925	73	6545
14254	73	7008
12402	27	8666
10832	78	6909
5540	73	711
8808	73	5778
5130	78	14753
3176	78	9940
10509	73	13832
4000	65	11380
3004	73	4287
13507	73	8774
1382	73	7823
11859	73	7784
12843	73	10744
12790	73	5786
12262	73	10556
6868	27	4057
13724	73	2210
8023	78	1437
4276	78	10386
11322	73	14759
9554	73	10081
4555	72	6282
5103	31	9824
2435	73	1776
3519	65	13851
4643	73	747
12362	73	10692
3420	73	10982
8643	49	7172
7563	31	475
5920	73	9228
13423	47	7041
7702	73	4363
14976	27	10224
3681	73	485
7104	47	7184
11016	73	8383
3114	27	7997
538	73	7045
1741	73	1411
12970	47	2880
291	27	6843
8916	73	4327
12985	31	14467
13624	73	14287
1096	73	3625
8670	31	9999
1003	73	2958
13825	73	6059
9424	73	8764
7168	73	6230
66	73	9527
9385	37	2799
3748	27	14479
3720	73	414
6952	65	10749
5136	31	14745
14855	73	4116
10904	73	5929
7471	47	1775
14933	21	10162
10225	73	7954
5182	73	2932
12240	73	3425
13154	73	13780
14843	73	4694
1995	73	6686
11630	27	4112
3294	27	946
11715	73	2179
144	73	2180
11433	72	2567
14334	47	6407
601	73	9271
7191	78	14783
207	47	9520
9488	73	1778
3701	73	11068
5076	73	5757
2231	27	4876
11830	73	13905
10882	73	1669
12950	73	2233
4979	73	4318
281	73	14977
2911	73	3007
13707	47	9580
11995	31	10243
5212	73	1758
3303	78	7746
14533	65	8700
1335	73	1774
10895	73	484
84	73	13903
2903	31	9997
7566	73	10227
12993	27	10273
13144	31	1298
10733	47	13685
11720	73	13774
5309	73	2768
13310	73	3479
13743	78	1014
5562	73	8422
12360	73	4543
8825	47	14318
12593	47	1428
3766	73	6242
5480	73	9779
2005	27	4441
12226	78	6409
6805	73	1686
11293	73	6678
228	47	9624
2616	78	9998
2592	73	6239
9337	73	7275
13192	73	780
1578	73	663
8631	73	1277
8203	31	11179
13948	73	6620
7440	73	883
754	78	4697
12054	47	4086
7371	78	10045
1705	73	414
8321	73	1894
10124	27	6330
4740	73	6141
168	73	10184
12776	73	6291
9555	27	10516
13057	78	1168
8020	78	3441
8469	40	7122
3756	73	2530
11748	27	6412
333	73	8978
14715	72	2364
8098	73	3514
13204	73	1438
11604	73	2066
5173	31	351
1898	73	11066
10664	68	5906
4011	31	6377
11308	73	2308
3949	73	8436
10451	73	7376
5432	73	8934
12633	78	340
3125	73	6644
11985	73	2990
6951	73	14727
10729	73	10357
6981	40	8867
12184	78	5903
840	27	14725
10986	73	5836
7143	47	430
4477	39	6428
12789	27	9218
11523	65	2895
1918	78	6408
9617	73	11330
12046	78	3620
9613	73	5910
8821	73	3073
11123	39	14996
9931	73	6056
158	73	785
13116	78	595
11999	78	8711
10709	27	6180
5244	27	4142
2558	40	5852
12071	31	7598
8709	73	4079
14203	31	2569
4627	73	10000
9161	73	3883
3880	74	8850
816	40	14378
12755	31	9574
8345	27	10026
12323	73	9201
13261	27	5035
6754	73	4987
6587	78	11384
10479	27	7646
1704	78	11476
7877	27	7934
12308	78	7873
13793	73	6916
13051	73	10303
13126	78	11339
5814	73	5337
11694	73	3432
3392	31	1479
5349	48	2976
8888	23	1537
5163	73	14799
6565	65	5065
8919	73	4373
12710	73	14951
6801	73	10235
3317	73	10988
6808	31	14357
12617	47	5824
4283	27	4063
14600	73	4350
12098	73	9643
789	78	10086
4678	73	9228
11056	65	511
60	31	7691
8228	31	14755
2739	27	8884
8320	73	855
1068	73	7687
7195	73	9946
4666	78	1284
4547	65	1689
4736	73	1990
13240	65	9399
668	73	1788
13765	73	14566
84	73	3421
5424	73	6648
5994	73	330
12155	27	4746
12313	27	6083
10532	73	6544
13418	73	10578
3816	73	13587
2442	73	10252
11504	73	9782
8816	65	7943
3747	78	6397
7825	78	6373
10322	31	8882
2413	73	6664
40	65	11380
14849	47	2313
4825	78	5463
4771	40	14397
3117	73	4259
5603	73	14314
11847	31	14346
552	73	7307
12388	27	11136
4662	27	9595
14137	27	9942
13701	73	5846
3755	78	11386
5428	73	8869
2609	47	5299
4446	78	10045
12532	78	6258
3537	27	7979
12644	47	2147
11871	73	6242
11050	65	8762
12545	78	4285
11826	65	3226
13369	73	3502
4532	73	5039
14058	27	7905
8591	73	4552
4332	73	1951
1451	27	7091
12356	73	4960
12419	47	4122
901	65	1767
12312	27	1273
2393	73	1438
7488	73	2119
13709	27	14705
1950	39	10834
10837	73	623
11989	27	14417
7159	73	5982
5235	73	10672
13010	47	13685
8132	73	3003
9470	73	3083
14065	73	8012
14158	73	2066
8253	47	10388
4000	73	13593
8393	73	3409
1443	78	4754
12169	73	4854
12196	73	6027
1375	47	11486
12672	27	9934
1820	73	6916
7249	73	2026
5094	73	14697
14093	24	7668
3731	27	4361
906	73	9088
6065	47	5748
14298	73	6506
7542	73	1044
11341	73	1255
14400	73	962
13088	78	1168
8958	31	87
8898	78	5215
2001	65	9226
10136	31	3602
5538	31	4137
1446	73	7783
8385	78	8664
14294	73	10052
3711	47	495
2198	47	3429
603	73	11520
13075	73	6152
13160	65	1257
13200	73	13762
13506	31	7190
12248	73	14374
10430	73	485
3137	73	5771
12265	27	7011
12325	78	3417
13424	18	3417
4001	78	2675
13408	73	10039
3995	73	4293
10483	73	4115
12242	73	5904
10039	25	14585
10387	16	13337
14146	73	9097
13162	73	7277
3581	78	10746
580	78	5889
4786	73	6430
5995	73	11048
1063	73	7043
5242	27	3166
9409	73	4634
2641	73	7114
9699	73	2893
6449	73	3668
3124	27	4080
6941	65	10041
8454	73	11324
12888	73	7422
3597	73	2272
2907	78	8664
3719	73	7560
6898	27	4108
1601	73	9992
11993	73	5978
9702	31	4137
1160	78	5080
3046	27	8941
11740	78	10154
2965	47	4882
14645	73	4688
12033	31	13588
10077	72	14338
11470	78	3411
9516	73	474
11866	27	8669
3814	78	4052
7812	39	9728
12723	73	7427
3046	73	10413
7580	73	3504
8212	48	2447
4619	78	2892
1395	73	14246
10942	73	5057
2329	78	4112
13270	27	5029
10478	47	585
12044	73	14730
11572	31	4323
8355	78	4829
13358	27	5760
4279	31	725
13463	47	7375
10064	73	2772
4476	40	13943
4220	78	14722
5679	27	14706
8158	73	6022
2022	73	7483
14924	27	4080
6276	73	9044
9706	73	11137
14135	31	7040
6570	78	9963
3655	73	2877
13795	47	2766
3	73	3353
605	40	2775
2782	73	14743
8981	73	9629
14325	73	1826
7113	73	6107
73	65	4885
7699	73	2932
10344	47	723
7766	73	5337
5591	78	6031
4261	73	432
2843	72	14126
8930	39	2775
8737	73	10155
10576	73	6188
52	73	4560
6944	78	3670
12967	27	3637
9007	73	7755
13291	27	6421
12818	47	1794
5536	78	4545
14071	78	7619
3947	73	389
9167	39	490
12606	73	4066
5615	47	7956
13657	31	4169
10140	73	6526
3662	10	7280
1920	73	1170
8115	73	6478
9526	27	4141
6549	78	3934
11605	78	4331
13945	78	1272
11985	78	3604
8857	73	9982
7456	27	6310
14929	73	2686
842	78	5079
7036	47	9569
14767	40	6404
12835	27	8060
3464	73	6345
13722	73	4402
8892	47	8443
1603	73	3191
12561	27	9216
11617	78	950
10690	73	7080
8977	78	7957
12128	73	733
4538	74	14169
65	73	9097
12930	73	6624
1444	73	8550
10137	78	10253
12193	78	3346
7487	65	6271
12571	73	2191
5712	78	7058
1204	27	9781
7252	47	731
12734	65	2800
9275	40	2472
13647	78	10162
11902	27	324
2327	73	815
1629	73	3302
12591	31	4110
9430	73	3563
12607	31	9106
2665	78	9993
14867	73	9654
10457	78	5054
3296	73	14485
13444	78	1257
5120	27	2662
602	73	421
11757	73	10006
3108	27	7647
10094	14	2971
14640	50	3667
1600	73	2714
14545	73	14468
12326	78	5856
13017	47	6407
5108	73	9629
6930	40	7050
1233	73	7156
10475	31	7955
4609	73	14395
13742	78	9085
8185	73	5886
7583	31	10164
5167	73	10672
11686	31	14467
13800	73	1425
7341	73	6395
10862	31	7603
8617	73	289
5271	78	5855
4972	73	10672
3157	73	7744
13551	47	4828
13343	65	4417
12179	31	9803
13286	73	6115
10659	73	10349
4905	78	2828
3509	40	10079
14670	73	823
11463	73	7789
5493	78	3499
1727	31	9830
8817	73	426
14002	73	3208
11588	27	5737
1645	31	14742
12387	28	12387
2671	73	10160
13560	27	4331
14173	73	2814
2781	78	10903
13409	73	2145
4488	73	11401
1897	73	2990
5118	27	5021
12718	78	2659
2382	73	3240
12348	78	9985
2317	31	6329
14812	73	3502
911	65	4796
8816	47	5775
11742	27	2132
14982	78	8199
8027	78	1259
8163	73	5315
13083	73	13856
33	73	2066
5167	73	6682
2001	78	11423
11036	50	2878
6936	65	2157
12672	65	9934
5668	47	1286
7566	27	14456
14147	73	9072
1068	73	2189
3291	73	6057
12032	73	4392
13501	78	10045
5374	31	9824
11950	73	10083
735	78	387
8508	73	5987
2592	31	14737
2010	73	6117
10910	47	7683
3700	47	2818
5189	73	7518
8969	73	14851
400	73	4392
12521	73	4690
231	73	2732
13830	27	5029
9378	27	11173
8308	73	7012
3574	73	5859
13080	73	1708
12194	27	6983
5368	73	9094
6428	39	3552
1105	73	7725
14639	73	2162
12176	73	5472
11911	47	2826
9669	73	9811
78	73	5999
13969	31	11260
9905	73	2997
14593	65	10041
9554	78	8064
13206	27	10101
14177	73	659
8227	47	14123
4668	27	11177
13330	78	6211
10050	73	11157
2623	47	7017
11041	27	10020
5641	78	8414
8600	78	3544
14491	73	14504
2544	73	14697
748	19	4448
10122	47	7988
13777	73	2210
8562	27	6219
1401	78	6289
10305	78	14801
12061	73	7560
8280	73	5219
14551	73	10696
1192	73	833
10632	73	2777
14301	73	7667
14796	73	7626
12820	73	7484
12032	73	9982
3692	73	4386
7433	27	8940
2183	50	10368
9602	73	4154
9000	73	6053
12726	47	10272
8356	73	10953
305	27	6957
11527	27	5855
1591	73	3517
5169	27	3455
1400	27	6193
8354	73	2162
8516	65	8548
12872	27	1151
30	73	815
10770	73	9053
10798	73	6106
13167	78	6393
7582	73	6848
119	65	867
6953	73	415
11808	73	10035
7193	78	7126
14797	73	6611
12474	73	5653
9329	73	6664
14135	73	6782
14849	73	9894
13043	78	5891
8318	73	2669
8386	47	1286
10628	74	10630
3971	73	14967
13603	73	2321
10590	65	11379
4730	73	7314
5060	68	6233
14147	73	4335
13935	73	9236
14646	73	5921
7760	72	14736
11055	73	3634
9338	73	14851
9042	72	9807
12432	73	3229
9879	73	10229
10561	73	6704
12762	31	2602
1444	73	6966
14739	72	3841
12898	73	9034
11742	73	6291
849	27	7120
8456	78	6048
14065	73	10303
10183	47	2449
2292	65	2447
13401	78	8661
5710	73	2207
8947	73	10444
3344	73	3407
14072	78	7989
12512	78	7930
7500	27	3471
12887	73	866
8325	47	5627
1572	73	4154
564	48	3978
8801	73	5880
601	73	5927
11782	73	3243
11311	73	2307
11652	73	10694
1576	78	6925
3368	73	3691
14116	47	6608
7324	73	5751
5086	73	4312
9025	73	9058
12107	73	7815
3320	73	2154
10844	31	11539
13153	73	9189
2612	73	4295
8407	47	10311
10347	27	509
1578	47	7676
2351	47	723
2341	73	2879
10774	31	2846
1485	73	10252
12574	73	7952
10613	78	863
12893	73	7981
13141	73	4349
10467	73	9691
8103	40	9733
13545	78	5294
6594	27	7126
13388	78	4425
5579	20	5657
13447	73	3056
1201	73	11330
13111	73	3952
9745	73	4103
8333	65	4355
5679	73	5878
8821	73	4664
7517	69	11014
7459	73	624
9908	73	14132
1087	73	14287
13194	73	10692
1503	27	6169
10862	78	3213
10415	73	1290
11526	27	2978
12326	73	6084
975	73	2898
3587	39	3835
2228	78	10094
10906	73	9233
8427	31	6236
3095	73	8010
3017	27	4579
10503	78	7081
11495	73	6389
10930	73	6850
13082	78	8585
14867	73	5314
13341	65	4297
13960	73	1170
11721	78	11380
6884	27	8669
8501	15	8543
10533	73	3336
3574	47	430
8527	73	5886
4250	40	3627
12497	73	6630
11768	73	7778
12552	73	10350
13667	78	4172
13178	31	14512
14728	40	5080
13205	73	10376
1079	73	5771
6729	73	4635
12222	27	4112
14226	73	9030
12671	73	1827
10685	73	7131
7567	73	14764
6125	20	11383
13396	78	14443
70	73	13762
9249	73	4008
14556	27	6256
6061	72	8589
1241	31	351
11483	40	11388
6312	40	1028
198	73	3826
3931	73	8763
3916	73	10818
12313	73	6042
4943	73	7472
9130	73	6712
13033	78	14738
7877	73	2681
3022	27	5752
2651	73	2990
2785	27	9607
1445	78	14476
1527	73	7705
1611	73	5794
11864	65	14010
13706	47	5626
10766	73	776
12990	73	4374
10603	73	14961
13350	73	1263
11123	39	10436
9644	73	6850
3036	47	14381
6457	73	8869
383	73	9097
13747	31	13690
7287	73	7765
12785	73	14714
5601	65	2800
3725	27	4759
12712	31	9780
219	73	7115
12692	47	14318
6352	73	6107
1859	31	2832
14897	73	3633
13912	78	11339
9537	47	6168
14792	73	2997
3879	73	6345
5179	73	14000
5660	73	5787
5076	78	2027
8790	27	14779
14073	73	6230
14	27	14732
14646	73	3476
6813	73	10308
5414	78	2155
1466	73	1764
9213	39	7050
13137	73	8520
10550	47	7729
13478	31	954
3948	73	9034
7561	73	10444
5171	73	5785
14389	78	6317
10530	78	2805
12257	73	7018
11325	73	9932
4314	20	8534
10908	78	7520
8148	31	6330
4972	73	11392
7504	73	5832
11825	27	8535
11952	47	2313
274	40	1407
6130	73	7403
1907	73	3539
1350	47	3254
11039	47	7694
11008	73	9194
1918	73	7277
3165	47	9520
14410	73	6515
10908	27	11473
14462	73	9577
13169	73	1673
14656	78	14722
492	40	2196
1069	73	5061
1590	47	2833
9655	78	10310
12907	65	9836
10481	64	10480
13651	73	10032
3940	73	9255
6140	78	4161
13520	78	5946
14341	73	6824
9249	73	6008
3719	73	14657
13236	27	14317
13438	73	14773
14425	73	6126
5713	40	3627
2387	73	9982
2733	39	10244
4278	73	7518
7133	73	9969
5193	73	7223
8789	73	7422
5766	40	5038
10737	31	9984
2942	31	7932
3209	40	519
14230	78	3603
3983	31	9091
2579	73	7626
1053	73	1634
11	31	7955
4275	27	7724
3805	73	5850
7250	78	4654
2458	73	1768
4713	73	10750
11428	23	2870
363	47	10356
13651	78	6909
3908	27	4162
12641	78	5903
2950	73	7722
9163	47	6351
13950	78	384
10920	27	13901
11697	73	2897
10428	47	446
9130	47	13685
4218	73	8384
14793	73	3511
2625	73	11156
338	78	1008
3123	73	407
14965	73	4989
1526	73	9420
10508	47	14008
11931	27	5811
11000	73	10403
3270	31	11128
5689	27	864
13514	73	1770
7496	73	3956
9456	27	9622
4673	78	10162
10170	47	2535
4027	73	4603
7102	73	7157
11038	73	596
12731	73	5472
11878	73	3214
7827	73	4560
11290	47	9949
13496	27	7183
10919	27	6193
8181	73	11535
3424	73	1564
2739	73	785
1247	73	7785
13791	78	7970
12309	27	9399
13920	78	2375
3277	73	7608
6472	50	5841
1898	31	4175
10786	27	9498
12415	78	7093
5390	47	10388
4590	31	13690
10254	73	14710
523	73	6379
3579	73	4248
3880	78	7989
5137	27	6219
7410	65	11404
13227	78	6049
13383	73	3336
10445	47	818
13596	73	1440
9357	73	1706
13032	73	10028
978	48	3773
7349	73	11031
10910	27	8040
6768	73	11073
9441	65	4862
1845	73	9600
2476	27	9607
11868	31	7644
8704	73	6522
9548	73	13876
11282	65	2800
8741	47	6135
10713	73	530
5064	39	8302
13234	73	7940
4708	73	777
7537	73	14485
12734	27	11147
7500	78	14781
12533	73	2606
190	73	2223
11640	73	9259
5248	73	9982
10678	73	7813
5684	73	10730
3097	73	5972
6060	73	6030
5551	47	9501
3037	47	2247
14095	27	2873
2615	73	9210
8065	78	2139
14122	78	10384
11164	69	2714
4865	40	3627
11368	78	14781
14803	73	11156
223	47	9837
3995	65	10373
5050	78	387
634	31	11263
2090	73	8314
12817	73	4415
12305	73	5895
11834	73	4154
9556	73	6108
1884	78	443
5496	73	8595
1722	73	2021
5147	73	9899
10402	73	6374
7000	73	2990
13617	47	6205
4951	65	7898
12336	73	6740
9483	78	5732
5358	47	7184
14419	31	4323
6755	27	4629
10800	47	4356
11637	47	5054
14660	73	924
9296	73	5757
1373	65	4080
2202	78	11476
5593	47	7308
13217	73	6684
1812	73	5998
12915	73	10202
12824	73	8777
2512	73	6648
14965	31	3446
1609	73	5039
4281	73	5656
7836	78	2861
11640	47	11166
11912	27	2895
11942	73	2771
8218	78	7746
10709	47	2887
1872	31	3401
5335	78	5789
10760	27	4379
10762	27	7304
7373	57	7381
8501	73	2123
2008	78	11423
1950	39	7049
12714	47	6677
12838	65	7898
8558	73	771
13223	65	3637
1755	73	6291
12396	73	9124
2874	40	14222
5223	73	5057
14973	72	6251
1449	74	3490
13712	73	10039
13540	73	14514
1054	73	6485
12971	73	6249
9764	47	5304
9646	27	1695
12863	78	10101
12659	23	479
8749	73	6183
5684	73	3668
7371	27	4579
6528	73	4682
8487	73	10308
1769	20	4768
40	73	4762
13624	31	9069
4464	73	10144
8178	15	6199
3390	31	3602
7912	73	3501
8226	27	7947
2037	27	4888
2703	31	4092
11760	78	2301
5413	73	4664
12459	73	7981
8690	78	1253
10837	73	5936
13216	73	6916
3693	73	9303
14276	37	10829
9376	73	1474
14683	27	4004
5690	73	14142
12620	73	4985
1546	39	8649
14437	27	5853
7099	73	3691
1534	27	9098
4858	20	9960
74	73	2129
8230	65	6158
10226	78	8700
8950	73	10313
9364	78	6330
14553	73	7061
10586	73	4176
2539	73	8005
9756	73	9625
13044	73	7784
13330	73	6059
2400	40	7814
9459	73	14731
7544	73	4293
574	49	13466
9136	31	10352
13342	73	10568
4642	31	13788
14758	40	3618
5058	39	6575
3864	73	5885
8216	73	6059
10992	73	2681
4732	31	14512
2433	31	14413
2595	73	13841
3224	78	2659
12470	73	3062
4212	73	3064
12370	73	10163
14645	47	8001
14076	31	6711
2301	68	5914
4807	78	13906
11703	27	506
2372	73	7639
5576	73	3616
11494	78	3934
12247	73	14511
11214	47	4894
1007	65	2447
14240	73	6682
10529	78	14863
4231	47	5626
11456	73	872
13494	73	14343
910	73	2110
3033	73	13781
12660	65	6048
14500	78	14465
11683	47	7063
4130	40	7718
6853	78	384
5451	73	2322
14097	73	1250
4013	47	4193
12832	31	7310
5205	73	784
10028	72	7484
1486	78	5869
13790	73	14314
14206	73	1737
7205	73	13899
12297	73	6742
13707	73	9774
11741	73	6998
7880	78	5224
9357	47	8538
11945	73	501
10915	78	6256
7512	27	9204
1350	73	14284
8027	73	9759
1184	73	6684
13194	65	721
4184	47	8528
9018	73	429
8848	78	5863
11255	73	1411
12793	73	4822
3238	72	7292
11430	73	3454
14160	73	3432
14303	73	7431
97	73	6405
14072	78	1404
9872	73	10861
13403	73	1758
11596	73	9058
220	78	6393
10174	73	9199
792	73	1170
13818	73	2405
1183	73	9120
6393	13	2447
11946	73	6638
3907	31	4892
1609	73	7419
1211	78	3842
10887	27	6753
12153	73	14366
14829	27	14384
7846	73	1827
8127	73	872
14240	27	3441
1057	47	1829
4645	73	9159
6563	31	14756
6345	72	630
7884	73	1162
2975	73	6623
2561	40	4823
11203	73	14285
14391	78	3630
12216	31	2152
2716	73	2371
11890	73	2470
4621	73	421
12110	73	6061
11018	73	13855
12298	65	9902
7752	31	7078
5004	27	9254
1844	73	4415
3817	73	11007
112	78	3842
5418	73	6706
8722	40	8446
7340	31	1131
2991	40	14403
3769	78	8762
1756	78	14412
6236	68	2710
12996	78	9098
12721	73	2115
13343	78	10741
12007	73	4699
4041	78	8484
7806	78	8474
2014	73	1413
12412	73	3450
4451	73	8018
12976	73	7422
3720	73	4603
5689	78	864
11444	73	11521
14064	27	8459
8031	47	3628
5607	47	3688
5668	78	6925
2750	74	11494
13713	73	10672
1144	31	1436
5693	78	9984
2690	78	10310
8961	73	3076
345	20	2761
14017	78	9504
7295	65	10998
6993	78	10294
7328	73	6001
9249	73	6850
8202	73	8555
11703	73	770
13811	73	2321
3904	27	4629
657	73	1631
13629	47	7119
2429	47	14010
8363	27	10013
1127	72	7924
7341	73	10379
13408	65	3468
4493	27	4320
11804	73	10213
7450	73	6957
5200	73	4665
8727	27	3430
140	73	407
13330	73	7305
11457	73	7130
1247	73	14958
14113	65	10403
2824	40	4865
5601	73	3163
11673	73	412
9443	65	14479
2093	73	9307
1968	73	7995
8353	73	2957
14523	73	3078
12107	73	5928
3221	27	8048
117	73	9575
14912	73	7784
3700	31	5321
2582	72	2827
2787	78	13839
2136	45	9283
5682	78	7873
1218	73	2133
13393	78	1980
12623	73	10187
750	73	7042
13096	73	6192
12659	23	8482
13230	73	7061
7548	73	866
12221	73	1134
9022	73	6577
8698	78	10579
3540	27	5763
13009	47	585
4998	27	7677
9612	73	14657
9817	40	14692
10504	73	1976
11797	73	6088
11255	73	6192
1528	73	4111
7413	78	4322
13767	73	10780
8833	73	11520
8592	78	9251
14325	73	6782
3246	49	9672
271	47	5304
5669	47	9266
8171	73	13899
10884	73	3407
14462	73	8654
1175	47	2313
12784	73	5850
3808	73	4491
12791	65	4691
6653	25	1675
9436	27	4689
13324	78	6416
8361	73	14495
14526	47	10902
5223	78	1778
5549	27	10040
4945	73	10046
12663	27	6671
12120	73	13849
13039	73	7183
9125	72	3618
2696	73	11162
10967	64	5485
9002	73	9801
5140	73	6916
12375	73	6046
12541	47	1956
14092	78	1158
3712	73	10057
5342	73	14396
1138	72	5827
1197	27	4629
161	73	5829
14068	73	2798
13748	73	2708
3269	27	2280
14631	47	4364
4812	73	3517
13422	73	6517
5560	73	8775
762	49	2976
2591	73	10000
2733	40	3438
3877	73	7018
6468	47	2313
900	55	11724
3687	73	6288
14991	65	4262
12191	78	589
3874	27	9253
5495	78	4482
12225	73	10185
2059	73	5931
3768	27	4388
658	78	6514
14812	78	2116
1666	78	3934
4696	23	9520
11564	31	2832
7257	27	10363
13300	73	14480
8690	78	10747
4739	73	2877
2342	73	7464
6728	73	11418
1089	73	1296
13215	73	14480
114	73	7423
4642	73	2123
8389	31	2527
1563	78	4145
3792	73	8986
5071	78	6240
3722	73	3260
13220	78	4414
12458	73	9629
3600	73	9784
11703	73	7952
9325	47	9319
8288	65	10237
3841	72	14739
1186	73	4075
14534	73	4549
10218	15	5320
482	73	3229
12727	73	4794
12680	78	1168
8994	78	6393
5011	73	9884
4642	73	3007
10933	73	14731
10830	31	9995
13514	73	8438
3180	31	4175
13519	73	14514
8126	27	6438
6885	73	7652
11991	73	11452
12064	31	6148
9177	73	9043
5273	78	14061
11882	73	2357
2008	73	2138
156	73	4363
4671	73	5759
14883	73	724
1236	73	14138
6527	40	965
2744	73	14314
11987	78	8471
8201	73	2897
3394	31	6330
9140	80	9140
14382	73	3063
12257	73	6639
14877	40	5733
11501	73	3763
2456	40	515
10533	27	11006
845	78	7162
8799	78	2155
20	73	13907
14547	27	6258
3053	31	6329
14891	78	1138
9290	72	9823
11	27	1636
3961	78	7312
14645	73	5657
8334	73	14690
11396	65	9776
8903	47	2854
13203	73	10023
8239	73	5968
10936	73	9804
8400	74	1658
4990	73	2069
7042	69	2849
1877	48	9672
3387	73	9796
12528	73	7916
14038	31	9208
14839	73	4664
11635	73	1899
12259	31	2899
5348	61	2447
11966	78	5782
14899	47	2128
14909	31	2899
11923	73	3634
13007	73	9625
12129	73	7090
1058	78	2155
12223	31	4548
11028	78	9209
4929	78	958
11503	78	2097
14098	78	10310
8583	47	14997
5240	73	10222
3981	73	5829
12571	27	728
13908	27	4630
7338	73	14754
8191	73	2855
11241	73	5880
8791	73	13874
10268	73	3479
11467	73	11392
8120	65	2116
11047	73	10444
6761	27	14456
184	27	9035
10297	73	14961
9248	78	5863
13079	73	2990
8167	73	6355
3969	73	6686
10663	72	9031
14188	73	3454
10986	73	7271
14757	40	2125
9005	31	9069
14219	39	3677
4570	73	10007
8576	73	6709
10651	47	6135
896	18	6404
3288	40	3438
3060	72	10513
2317	73	1022
11211	73	13878
12098	73	11520
6915	73	6397
13123	73	7928
14934	47	10381
6856	13	6022
11247	78	1753
5182	73	767
13280	73	3000
11314	73	9017
2907	31	4886
13348	73	10027
12895	73	5992
4454	73	11516
8270	31	7366
6789	47	9569
13630	27	453
7565	47	4895
1689	14	2829
12216	73	485
2936	73	10361
12174	65	4422
14980	65	7933
4578	73	5978
2372	73	9076
8030	73	8934
10172	73	4079
6069	72	2117
7112	73	6522
12383	27	2097
7903	27	10273
14976	73	7275
11602	73	871
7842	73	3408
2512	73	1170
7499	40	14998
26	73	6623
9659	27	6227
9601	73	3255
12354	73	1640
10946	73	3691
12469	73	14329
8209	65	6345
14536	27	3430
8170	73	6106
2904	73	8043
6986	73	9303
10523	65	7978
8326	73	6471
12833	73	4154
4932	47	4098
13031	78	7950
12799	78	4095
1384	27	9847
1456	73	10368
12487	73	9926
10242	73	3612
677	73	2127
5679	78	3226
3834	73	5226
3930	78	11124
7215	73	10377
8404	78	8940
11313	73	4318
2561	39	8586
12033	73	462
9012	65	9836
11676	47	6168
9975	40	4781
12381	73	10080
13722	47	7442
11652	27	1437
1714	47	7988
10550	73	4603
8456	78	967
8019	31	9572
112	73	9196
515	39	6399
2279	40	6711
7385	73	2963
835	73	445
1455	47	454
5566	73	10001
11302	27	1476
6719	73	4489
7989	14	9502
12306	73	6612
10881	31	422
8029	27	7717
8743	73	3439
9466	73	330
5072	73	9244
8223	27	1049
12822	73	10227
9551	27	9578
14409	23	7028
9532	50	13855
12949	73	3414
7069	47	599
478	73	5757
10343	27	8884
7047	13	6492
14678	73	10694
12186	27	7292
7318	47	1012
12420	73	6964
7811	39	6445
10448	27	4112
5746	47	7017
14185	47	477
1604	27	4148
5600	73	2325
12397	65	2070
14544	78	3544
11997	47	14288
7181	73	6641
12614	73	2298
4608	31	1545
7134	73	6695
11683	47	7730
14049	47	9974
13101	47	454
12180	47	1405
2082	65	1684
2079	73	1163
1918	73	4390
12435	47	2064
6503	69	3566
8084	73	14241
12913	73	5770
13275	78	14728
10255	73	3508
4751	39	879
5011	73	7045
13056	78	14242
13477	78	447
7502	78	14781
14536	73	3952
8541	14	13466
3524	72	4248
13797	47	469
14873	78	6531
12922	73	4368
6331	73	6270
12777	65	9114
2588	73	587
9591	47	9152
8359	73	9094
8120	31	3142
2953	73	10039
8712	73	3801
4222	27	9781
4948	78	2274
13080	73	2306
11872	73	549
1452	78	11124
8234	78	9842
5942	40	5033
11688	73	9734
3638	39	14750
14002	27	5296
1317	73	10379
5581	73	4176
1550	58	10192
12969	73	7632
9880	39	2896
10769	27	6215
13080	73	2050
5752	25	8953
5707	73	2371
373	73	2371
12603	27	6494
3642	78	3411
10870	65	6244
3817	78	4052
11735	73	4864
9476	31	4792
7250	78	2820
14322	65	5065
1166	73	5919
6974	39	2991
4586	27	7717
3385	27	2160
2219	73	8542
1671	78	2981
787	27	13882
14454	78	8765
10397	73	784
14047	73	2284
12544	31	8882
10849	73	1768
12975	73	10463
1506	73	11390
1525	78	2143
13371	73	7419
1104	47	7922
14034	78	13787
14537	73	13674
11493	78	9843
7318	73	6204
4732	27	6320
4663	73	4879
8279	65	6330
1517	73	6621
10927	73	1964
13440	73	10068
13135	27	7680
8175	39	13686
9443	73	4763
7808	39	14469
1139	73	5730
4823	45	9281
4742	27	4061
11915	78	3561
12404	27	953
12778	73	10151
12315	73	9034
4314	10	640
1516	78	10154
5808	40	497
14135	27	7643
7139	78	1031
13652	27	8646
12059	78	14966
13400	78	5782
11905	73	3238
8897	23	6294
10265	47	14008
11845	73	4363
14624	73	14961
1207	73	9784
9868	73	6389
4	73	4368
10557	73	9899
8620	78	6531
3357	31	2267
247	73	1855
8816	21	4911
5450	78	1960
3062	72	4716
11743	27	7364
13404	47	495
9141	40	4070
763	78	1300
14103	73	10694
3888	73	2605
7353	73	10627
9317	73	1328
12334	78	13781
7133	78	9829
1557	27	6193
4820	65	7895
10415	73	7940
142	73	7635
14302	73	9244
7446	47	13685
400	78	4414
2629	73	11541
4672	47	7028
11464	78	9985
1401	47	1169
5078	73	1670
13544	78	13897
2635	73	1543
7323	73	8165
9435	73	7115
4467	73	10463
14054	73	7483
2168	47	4060
7209	73	10085
123	73	594
10266	78	2861
3371	73	10279
9561	31	87
14775	40	14728
9617	47	10902
13592	27	9781
9600	68	3000
11901	31	4323
3754	73	14731
11580	47	2113
11250	73	14714
1386	31	1933
3725	73	3057
14908	78	3324
11367	73	3396
2495	73	815
5344	27	7394
11750	73	7709
10708	73	6624
5167	73	14319
14114	73	3454
13364	47	7516
8310	31	8883
12657	73	7016
11310	73	9193
899	73	9734
8462	78	3436
12633	27	340
3892	47	6407
9524	73	10842
12501	73	6204
5416	31	4328
10073	73	1828
1971	73	9046
14931	65	6226
5250	73	6129
11125	73	968
14703	39	2757
11002	73	1745
11086	73	10778
13602	78	5036
2025	78	1980
5479	73	14392
4102	40	3680
8597	27	3637
2107	73	5512
9240	73	14007
6776	73	7622
14330	78	90
1663	73	445
4952	78	10090
13582	73	2893
2652	47	2113
2658	73	1931
9288	27	5975
3800	47	9773
13801	78	8441
3987	27	5921
4021	73	3569
3906	73	14284
10276	73	5932
9246	73	10841
8804	78	14055
9128	73	7778
12830	47	3254
645	73	7894
9915	27	2835
9287	73	6644
13361	27	7978
3834	27	8539
2650	73	4143
12075	73	4936
7484	20	13834
11543	27	14309
14150	78	2428
11736	73	11474
5247	78	9399
2719	27	5649
4800	73	4897
5702	73	9796
14963	73	3559
488	40	2871
7037	39	1407
11265	73	8442
8181	73	6199
12889	47	2667
7829	27	11517
1876	73	3483
5404	73	10773
8482	13	2932
4732	73	6259
7196	47	3640
3869	73	10626
3834	73	2135
8961	47	7041
14933	73	797
4238	73	9609
8574	27	1273
5487	31	14756
5624	39	3677
9129	73	1418
14780	73	4331
14907	73	1134
10717	31	3142
12166	73	6058
10913	73	2932
13624	65	2978
12479	73	7178
13603	78	9114
4707	73	2889
3958	73	13905
3866	73	3662
14363	78	10384
1885	65	7874
9300	73	6644
14598	73	7962
5392	73	407
14116	73	5797
6729	78	9498
523	31	11135
2431	27	9098
6896	73	10032
14253	73	13876
10572	78	14282
12050	73	341
10061	73	4018
13995	73	7128
6790	47	10437
8	27	6687
11925	78	9607
9432	65	2800
8591	73	7743
234	47	7729
12447	73	3497
8120	73	6277
4463	78	1158
12521	73	3431
10432	73	593
12387	47	8382
11029	65	4796
12052	73	7759
9704	39	6575
10500	47	7596
1811	31	1436
1700	78	2659
11936	73	6271
13916	47	2880
12749	78	10423
152	73	6653
3737	78	3470
14190	73	6077
13045	73	9568
3788	73	3214
7326	31	2715
6717	73	776
8800	31	4319
4268	27	7809
6870	78	7593
11523	73	2307
4450	73	1322
8788	73	10513
3252	73	2396
8491	65	2971
8892	73	11401
13709	65	2800
1932	73	784
12263	47	9949
3015	73	9795
3745	47	3626
14491	31	3244
10981	73	6126
8525	78	4545
13221	78	6298
11954	31	1152
11832	73	10032
5133	78	4895
4661	73	14953
8509	31	7671
9449	73	930
1453	73	1598
179	73	3169
9869	73	2114
2936	73	6489
7742	78	9219
13058	31	2410
9169	73	9034
9876	27	5742
3462	39	947
1665	78	14974
5243	73	4635
2041	73	8430
8340	48	9672
3385	47	5646
1902	73	5910
5692	73	708
4572	73	6963
7920	73	6323
2073	73	5989
12284	78	760
11787	27	1167
2416	31	7955
5607	27	11159
14853	73	11262
12350	73	6084
896	78	4063
11793	31	4631
12587	73	9730
13575	73	8005
1597	73	10209
6110	72	1680
1379	73	3841
10305	78	4124
3303	73	2929
3625	72	3668
12518	73	6576
323	73	14704
632	73	9564
47	47	1694
13490	73	8651
12012	27	6493
14643	78	3978
1565	78	1943
13931	73	779
4939	65	11014
13279	78	360
12142	73	11330
2671	78	4054
1996	73	4915
2518	78	9958
13315	73	769
11696	73	10669
13577	73	1133
4937	69	6522
10522	31	14528
12087	27	3551
2572	78	4509
8506	78	7412
3858	27	7124
2459	73	7976
10564	73	6113
8870	73	1411
8718	31	11144
7920	73	5985
9937	73	6124
5531	73	3000
2696	78	6325
10923	73	3061
11759	73	5999
359	73	2140
10930	73	4256
5280	73	5909
10410	78	1325
6765	47	2398
10734	73	14799
2439	31	2121
7321	73	6630
4607	78	7978
12692	73	7792
1062	78	3468
5278	78	8700
7471	73	346
1173	78	8424
11895	73	2271
10006	20	3512
6793	27	5029
11366	73	14457
4185	73	6077
8908	78	6013
11081	47	7034
10497	78	6408
5181	47	6357
3964	78	10681
621	73	9148
1897	73	1255
6547	73	2849
2661	73	7609
7158	73	7015
3282	27	9050
5477	27	2978
3296	78	5054
3993	73	7783
13429	73	6828
12847	78	11150
5373	73	14372
13999	78	2985
9347	73	5917
9482	73	776
14023	73	2048
10258	27	7046
14570	14	7172
12678	73	7494
12350	31	3857
4452	78	10829
3178	27	6043
6556	73	7935
1355	31	3142
3590	27	6438
6906	73	10389
12751	73	4176
11088	31	475
3298	73	5927
2480	73	3507
5660	65	14509
8070	31	10005
3189	39	11447
14431	73	7711
12402	73	2930
11982	73	9765
3649	73	11051
5441	47	342
9668	73	14773
8180	78	8177
1448	73	9194
11208	73	14395
11664	27	13698
8837	73	13774
12243	73	9074
12258	73	1687
8096	15	4437
12424	50	9689
928	73	9232
11371	73	3000
10226	65	8700
12446	27	10021
9126	31	1762
8404	73	8943
2091	73	11286
7392	39	4191
6890	31	9117
1469	73	7302
14026	73	8542
9678	73	7421
13190	78	2851
1492	73	1427
12962	65	423
7877	73	10511
4730	78	14772
8910	27	7997
12677	78	4285
9513	14	6225
11442	37	9089
4843	73	3403
12720	73	8466
355	73	10179
1871	73	4260
14990	73	2990
5934	40	1437
3909	78	8521
12127	73	13587
8249	73	7174
12042	27	5037
10453	78	14354
8502	73	8542
13437	27	10004
1927	73	13899
13483	27	6983
2033	31	1298
2246	50	14721
4714	47	2766
9400	65	11382
12305	78	6521
1864	27	9628
13121	78	4317
7524	73	14039
10893	78	2142
977	73	10422
7490	73	9271
5020	39	8077
14431	73	1535
10883	18	3533
2441	78	2078
10206	73	7985
14017	73	10108
1831	25	8967
7103	47	7184
14545	73	2119
2459	73	6661
9668	73	1254
7540	65	14457
13627	47	11442
11871	73	9148
6547	73	5337
8880	39	4129
11986	73	5152
6801	65	423
5471	78	4984
13893	49	9502
3222	73	8627
14188	27	7905
8227	73	6627
3736	73	1134
2168	73	2999
3482	73	6156
10611	27	3446
10323	31	963
6792	73	5829
1007	48	2447
14780	47	870
3318	27	10230
12228	78	661
3144	73	10444
4949	78	6521
10967	78	3934
9388	27	8129
9944	40	465
5786	72	6519
14894	47	2247
13913	73	1416
14166	73	7039
8166	47	2397
13964	73	9034
3051	78	7619
2273	57	7046
13431	27	2555
5662	78	14443
746	73	1680
4659	73	4910
6647	73	8943
13734	73	3449
613	73	10233
5575	65	722
3316	73	6957
10812	73	4960
8368	27	8534
8268	78	10150
2198	78	10047
11617	65	2800
11818	73	14458
13406	73	10143
4652	65	7724
12118	78	9636
2016	73	7090
12003	78	7930
2083	73	6005
11692	73	14366
2544	73	4656
11937	27	2866
6842	73	3342
939	78	6219
838	78	6393
8796	73	2768
1998	73	6117
12652	73	3336
3765	27	6196
231	73	14471
9669	78	13897
13970	15	6034
2945	73	1952
12855	27	9211
12303	73	10669
8584	40	4194
2173	78	3369
1355	27	517
5623	40	9306
12846	73	6704
1093	73	4256
11896	73	8017
230	47	9266
36	27	11014
9922	73	3450
11237	73	4363
8039	40	14996
4622	73	2109
2912	73	8550
2637	27	6672
673	73	9279
584	73	426
10904	78	14465
5168	78	768
3911	73	10962
13724	73	1788
3728	73	8155
11228	31	14761
9612	73	6374
1356	73	6282
4538	78	3934
4676	27	14317
7774	65	2978
4040	27	8484
1869	23	4157
14846	73	7483
4188	73	13785
7105	73	5734
5573	47	1775
11947	73	533
6490	73	9811
9745	31	8932
11409	73	4665
9432	73	1170
13511	27	14309
14651	47	9144
5384	73	9291
1872	65	10582
11597	73	4154
3084	49	12656
7200	78	2034
2467	73	4370
164	73	1134
5191	65	1685
10927	73	7968
8325	78	8646
1204	78	14966
3308	47	9598
12905	73	4094
14398	40	490
173	31	8425
9105	45	9282
12116	23	9057
14184	73	8430
8675	73	5057
14211	47	9266
11097	78	10960
1433	31	6236
10499	47	7596
11755	73	14315
14052	73	2050
1471	73	6780
4581	73	5774
10561	73	7996
5498	31	887
339	48	6735
10332	78	874
2038	73	1817
7159	73	6741
7599	73	6251
6613	40	4771
2061	27	4579
12792	73	1638
2423	73	1421
5273	78	7058
3600	27	10749
11010	31	10164
7155	73	5966
8367	47	9187
10763	73	2321
132	73	5059
3348	72	2021
14847	73	7464
8132	73	6324
1969	73	5152
3764	73	8523
845	73	3425
12939	73	7131
1696	78	955
11017	73	11516
3709	78	3448
5733	40	7050
14535	73	6624
8852	47	4901
1838	78	4829
6106	72	870
46	47	14123
3573	73	8101
11468	73	773
3724	23	11267
4243	73	407
4809	73	3007
12811	73	594
3384	73	7663
13104	47	1405
5615	27	9035
7187	73	813
14597	73	10088
0	73	6142
14633	73	3439
11950	78	9990
7555	78	6617
155	73	5867
6938	27	10087
5723	47	2766
5943	73	8301
2425	27	4866
11636	73	9666
10790	73	7994
6946	73	10421
13357	73	7314
8730	78	4984
574	74	10647
10680	73	1170
8120	73	1150
2412	31	1131
13178	73	10039
8901	78	1031
7553	73	773
5255	73	785
5524	65	9783
654	27	8424
7808	39	5058
6768	27	14719
10404	19	1190
600	40	6974
3931	73	14713
5016	39	879
11616	73	6314
14047	31	2285
9369	73	5757
4498	39	89
14199	73	7656
13017	73	11127
10591	73	10684
10319	73	8869
1340	73	3457
9873	78	7873
14848	78	3367
1376	73	13952
13478	73	5725
11750	78	5294
8562	73	4260
14633	27	3529
13643	31	14467
8218	73	14261
2478	73	3506
14750	39	14995
12834	78	8856
2232	73	6122
12741	73	6738
169	47	818
3015	47	9606
482	73	4358
180	73	13907
11555	47	14381
4224	73	10780
13122	73	4544
8323	78	13842
2071	78	4114
13844	73	6091
1073	73	5018
3584	73	4318
9872	73	7745
1213	78	4414
9681	73	13947
4957	73	13872
1728	73	348
5437	27	4775
7332	73	5965
1085	73	13672
5713	39	14139
884	39	3463
8582	73	6430
13242	73	5515
14078	73	5998
12457	27	5647
3157	73	3634
8630	47	7730
13610	73	10750
11744	73	4298
5283	73	813
1595	27	8878
7630	78	3761
11970	73	14379
7321	73	4289
12411	73	9926
2042	73	480
304	27	3616
1998	73	6686
6499	40	5806
12785	73	925
5583	74	8099
13663	27	9095
10545	73	7403
12988	73	4390
3789	78	9304
194	73	11171
4666	78	2799
10734	73	3207
10715	73	5630
3160	73	2891
6569	73	11474
1486	49	6816
1823	73	3477
9349	73	6233
5510	27	914
11309	78	8986
6767	47	1286
11296	78	4331
1050	73	3625
11783	73	275
1392	73	2836
675	27	9623
12334	73	8439
10840	78	6416
13266	73	9072
14027	47	6311
8812	73	6612
2839	40	4781
8190	47	7674
3079	78	4124
1060	27	9940
13139	78	9185
2521	78	967
11415	27	10421
13030	27	10373
10105	47	9812
2328	73	2046
12426	73	14754
11239	78	10746
2087	73	11075
6906	65	14700
1592	73	2371
13830	73	9596
14932	73	6725
1985	73	7915
10431	27	3465
11208	27	14317
6462	40	2733
12643	73	9519
6980	73	8108
12278	73	6127
9130	73	6368
690	65	8884
2091	73	776
4954	73	594
13050	73	10518
10462	73	6102
13085	73	3163
8440	72	7131
7241	73	439
8024	64	7486
10822	47	13685
8976	78	4285
12515	47	6168
2516	47	7375
9289	73	14319
179	73	2282
13536	80	13534
14541	78	9399
7358	47	4151
9702	65	14716
13217	47	9979
3728	47	7041
9394	73	5882
778	40	3761
1033	31	6377
5256	78	9274
13063	78	490
5106	73	1157
12761	27	6224
10649	73	14220
11092	31	4319
364	27	9585
4434	40	7812
4486	47	2404
2095	73	10444
14641	65	10109
10477	65	11014
1562	65	8656
5415	73	5730
12216	27	14478
8281	27	3441
492	40	4128
12393	73	771
12469	73	2876
2181	31	6185
9817	40	4823
3878	73	803
2923	73	3520
9860	27	10281
2348	47	4253
11414	27	5060
4208	73	3214
11353	73	1198
4652	31	13588
13307	73	8764
12640	65	7677
3745	73	7277
6428	40	4477
12499	31	9106
13800	73	4445
4870	57	8091
13253	31	13693
8692	27	511
6176	39	4195
5356	73	14714
3486	72	4903
3293	39	605
12250	27	5752
1119	73	9159
4565	73	10421
8909	65	9875
1220	73	8550
1385	47	9077
14804	78	6214
1506	73	5829
12532	31	954
11811	73	11345
751	27	10147
7784	72	10420
9491	27	10215
8556	31	14742
5278	73	2120
8053	40	490
13201	73	6444
12296	31	9582
188	73	5787
6851	47	4512
12393	73	6107
4269	73	14527
5567	73	3063
8479	78	9717
5098	47	1539
9138	73	7710
3818	65	8414
13815	73	11333
8178	15	4653
12450	73	9084
1619	73	9972
12261	73	7615
11024	73	4249
5115	73	5337
11042	31	7932
1399	78	715
14519	73	1672
12096	73	7867
12854	73	1798
12513	31	1538
7563	73	10029
12602	73	11075
11926	73	4104
9750	31	5773
10858	73	782
6656	27	960
478	27	5035
8703	47	10115
3298	31	1977
11082	78	7989
9650	73	6110
12634	73	14657
5691	65	9502
1923	31	14742
3221	65	1151
3907	27	6219
1734	73	7607
11308	78	10581
12829	73	833
12879	73	10389
3728	73	4325
4332	27	4142
13939	47	336
12118	31	4892
4917	73	389
1928	73	8433
2609	73	2960
12097	78	4984
7160	72	9759
13731	73	10877
1961	40	7590
11546	73	412
2560	72	5986
6361	27	6244
1459	73	5762
916	47	495
10464	27	10467
9524	27	14340
6066	73	6648
9383	78	9852
4525	78	10746
12028	78	6325
9535	73	7152
6533	49	14258
7212	73	5901
3294	73	5892
256	73	535
14094	73	2769
5407	65	3551
5171	27	6671
6728	31	11418
7514	73	1440
14912	73	7679
12460	47	2178
2248	73	3082
6670	73	9178
11020	73	6003
8341	73	14132
12080	73	10006
13809	73	7388
753	31	4319
3519	73	8858
5075	78	4984
12744	78	14476
10244	40	4686
9180	73	5914
5157	31	9960
1383	73	1737
6497	73	1819
1927	78	5025
1101	27	9623
2542	73	9807
13023	73	827
6599	27	8941
406	58	1338
13543	31	14484
10447	73	405
7266	78	10746
5994	73	8314
13201	73	1036
11043	73	2290
608	27	7984
1359	31	14011
11704	73	8384
3638	39	9309
12691	78	3470
8020	73	2290
12192	73	10408
12247	78	3469
942	73	8183
4811	73	9237
12049	47	6608
7214	78	14311
10058	47	10380
8245	78	9880
2215	27	11014
4279	73	11174
8335	78	5780
4849	27	9623
7344	73	3514
10853	78	6459
11389	27	4377
9554	27	3446
14879	73	2308
1493	73	6245
673	27	6398
1936	73	14730
11278	73	6372
1634	72	6014
11573	73	10696
2840	73	7466
5211	73	10039
3093	73	1277
1105	27	11529
12088	27	5644
3147	47	7041
497	40	498
5232	73	9097
917	27	9943
8614	73	7940
13027	47	1760
6707	40	14139
12908	47	7596
12395	27	3672
3493	27	9238
5783	39	2931
12605	47	7017
1470	47	1012
698	65	9929
14990	73	10779
6992	73	5966
6530	40	7812
6473	78	6909
14541	73	4176
8524	39	4059
10629	73	10512
1733	27	8665
844	78	5655
10071	73	11432
13424	73	10007
3792	78	8484
118	73	4139
11510	27	1292
12662	27	2706
8370	78	9836
3980	27	728
13364	73	6727
10679	73	9972
7710	69	2836
14431	31	9117
998	27	9188
3282	73	8777
13128	31	9572
8131	73	9929
14914	27	2994
14154	27	11124
6584	27	1856
10417	47	13705
515	39	11424
11397	40	3627
9415	73	6273
12150	73	2891
3943	78	7077
11744	31	1152
7137	78	7646
1079	73	11068
11233	73	6572
14884	27	8534
14386	73	7659
11430	73	2115
386	73	2129
12875	27	4082
7414	40	9243
3146	73	1267
4940	78	1258
13902	16	29
13902	16	9160
10430	73	3219
376	78	2805
1011	78	1299
1526	31	8932
6746	73	1986
2562	73	6346
11658	73	7661
5344	78	10253
4839	73	3497
130	31	4323
1969	31	6217
2642	73	6249
4786	50	7946
13179	73	1412
153	27	1979
11689	73	3360
2001	73	748
3424	73	6504
10198	78	8432
11661	27	2159
7449	73	2452
12288	73	3460
1509	73	3064
5446	78	3431
1887	73	9261
3025	73	587
11885	73	6783
4430	31	6688
11678	73	13762
1035	73	6107
13908	73	4109
11276	65	7898
10765	78	7296
2047	73	543
5582	27	2850
2617	73	9189
7261	73	406
1203	48	14258
1689	13	2447
2023	73	4104
1707	73	5312
2503	40	1543
5429	47	14707
7890	27	4416
12316	47	13685
10285	73	7712
8192	73	6392
1558	31	1414
13538	31	1479
11271	73	3685
12252	73	6538
5169	47	6440
8161	73	5028
10464	27	10465
2400	40	4498
6854	27	7397
13269	27	5035
5282	73	6783
216	73	7013
98	78	10747
2646	49	9502
14750	40	3638
7416	65	486
11085	73	14975
11113	73	10368
14089	73	9121
12155	73	13883
6499	40	4823
4922	73	3953
12615	27	7719
3584	31	2267
13630	73	2323
12425	73	6668
10508	73	6239
14868	73	7727
12491	27	88
6731	73	14241
12243	73	8771
5951	73	2247
8333	73	7004
6807	31	7598
5261	73	7303
4452	78	7781
4995	73	9637
10530	73	7223
9650	27	511
11565	73	3840
10284	73	11286
9896	78	3430
12507	31	14755
14506	65	5564
82	47	959
7439	73	3191
11800	73	2673
8688	31	5092
5572	73	9188
3194	27	4113
12598	78	9262
12081	73	4864
2030	31	11261
8545	73	1827
1805	73	4774
13927	27	11382
2546	27	8064
12897	73	14338
11851	73	7128
63	73	325
636	73	3726
8156	78	4112
3996	73	7962
4677	73	9784
4712	31	7040
7773	73	2769
13260	47	8382
398	73	4392
12835	78	4779
6360	73	2077
11431	78	9832
13274	27	10038
9452	73	6233
2908	31	1436
8720	78	2863
5795	19	8681
11775	73	4104
2533	57	9779
5522	73	6108
14035	78	10002
11625	78	10423
605	40	6441
9475	73	9058
14815	73	1134
13342	73	4768
8838	73	9774
13434	78	10567
4218	73	6128
5162	73	1020
4906	73	2448
8913	73	3342
5348	64	357
5	78	1151
12099	27	6244
10599	73	11554
181	31	9999
12782	65	4082
12514	73	10463
10323	78	1437
11688	73	9236
13540	73	9568
2996	40	5947
12947	78	5805
322	27	4691
4005	15	2142
10964	73	7381
1697	47	2766
14525	73	6234
1587	73	6304
14836	27	8654
13645	27	5035
1749	73	7559
7233	73	9821
1516	73	505
2010	73	10732
14501	27	4082
2950	73	6664
13120	73	6423
1800	73	7788
1529	17	2820
7630	78	3632
13441	73	2708
8356	27	10230
7774	31	9069
8833	73	4168
971	47	4246
4211	78	10741
7835	73	9734
1928	73	3825
1099	27	3458
1556	78	3835
12544	73	2373
10428	73	3336
2839	40	438
2227	73	14344
12271	73	7226
9299	73	9568
4609	31	4792
9911	65	5717
12432	78	4084
4790	73	9857
13718	73	3219
14876	73	14776
10560	73	9947
7250	78	2704
9001	73	3055
11816	27	1251
13916	27	6196
7210	73	7821
10471	73	924
14797	27	2403
11009	73	6783
5511	78	3362
9000	73	5992
31	65	1677
1482	47	336
8729	47	336
12933	73	318
1968	47	2161
13395	73	10000
13106	31	3401
13820	73	1287
2029	73	9231
12066	78	6495
4735	73	6110
12942	73	1894
3885	78	4796
8770	65	10127
8839	65	8474
3133	47	7063
1119	78	7364
14074	73	4382
12585	78	9783
13228	78	5222
12237	73	9581
6395	72	2208
9295	73	1419
11099	73	777
4683	40	9832
213	73	401
8739	73	4373
201	27	9313
9494	47	3628
10552	78	14470
12141	78	14457
11732	47	13685
3051	73	2191
12858	78	6264
12522	78	6100
9143	73	6624
9751	31	2267
603	73	2967
4417	16	298
8692	73	2021
12397	65	8045
11396	65	1778
11296	78	7081
9610	73	11116
222	73	6108
10622	27	6421
2778	27	14706
13049	73	14329
3198	73	808
9711	73	9303
13776	73	7032
12385	73	10232
14296	47	11182
4613	73	6374
3735	31	4092
13172	73	14457
3593	73	2053
11872	73	6234
7153	47	2064
6016	72	9067
4726	78	9843
1207	73	6233
148	47	4380
4583	73	10195
12104	47	10145
8295	23	9057
11721	73	3215
12885	27	14706
13131	73	6432
12360	31	2569
7554	73	11171
3280	73	14514
5375	65	6244
9289	78	3544
8846	27	4357
688	73	2306
6119	27	6421
7371	31	4511
8276	31	7757
9751	27	13909
10506	73	4249
2482	73	7235
11028	78	11145
13540	65	4423
1313	27	2301
5076	73	7737
3172	73	10000
5634	73	8183
10422	40	11167
5670	73	2707
2618	73	9103
4180	65	2769
8053	40	9167
4184	21	1288
11194	78	721
10416	27	4630
14135	78	4071
13425	73	7080
65	73	2877
12545	73	14480
12255	73	3253
12312	47	336
16	73	6020
12055	78	2281
8760	73	2252
668	65	2978
13520	73	4058
8971	16	13032
45	73	2284
4273	78	7952
3143	73	11051
4144	73	3507
14812	73	4049
13542	78	5722
14260	73	5314
7378	31	7763
5043	78	6971
13073	65	4095
12199	73	6042
13551	31	10110
6905	47	6407
14986	65	14718
4646	39	7944
14146	18	6153
10708	73	9527
3747	73	7935
1911	73	10694
13162	73	4665
14859	73	9789
14671	73	10490
8529	72	10051
9028	73	2362
355	73	431
13731	73	4977
13542	78	11124
5914	72	13899
13458	73	10842
11942	65	10019
12890	78	10101
7802	73	5849
13591	45	10896
5710	65	2935
1355	73	5757
11689	73	5784
11856	73	10023
11196	73	6912
1114	73	1790
3904	73	6061
14049	73	586
9024	73	7660
13293	73	7625
11888	78	10681
4203	73	9768
3587	40	8930
11650	73	420
2545	73	6526
9379	73	6028
1218	31	10666
13541	27	10224
12174	73	771
6994	78	5810
1399	73	1338
59	73	5907
5146	73	1162
2955	73	4287
13573	73	14471
5419	27	321
10801	73	6036
5353	31	14413
2571	78	969
8342	78	6614
3983	73	6273
13970	79	13970
1595	73	4050
4059	39	6274
6900	23	9057
12759	73	6405
7492	73	10313
14672	27	4398
13126	78	7647
4039	73	9076
12538	47	9973
13307	73	11520
6761	73	1833
8299	73	7182
10264	73	3342
2174	73	14511
14635	27	8539
2699	73	3507
11980	73	7789
3879	73	3342
14940	73	7462
6812	73	9509
7441	27	4533
1361	27	1571
14068	73	6739
13112	73	14000
7411	73	6505
918	78	2116
202	73	7167
14830	78	3469
1507	73	8130
10714	78	2139
8729	78	8598
4418	40	4093
7407	72	6362
7105	73	9373
8063	72	9115
12342	78	595
7287	27	9313
3144	73	10982
4743	78	7060
13958	73	6252
3179	73	1726
3823	73	5874
10430	78	10741
5101	78	720
2619	73	5730
3115	78	8649
5524	73	6221
8054	40	4751
12459	27	856
2943	78	4638
13329	78	9883
11220	78	2985
7112	31	10110
11785	73	1716
12039	31	9995
10994	31	2527
1223	73	3667
1176	73	10982
12288	78	9584
7138	78	3761
10673	27	728
1492	65	4796
7330	47	9144
5383	73	1531
11746	31	3531
14327	73	3443
12504	73	7943
11729	73	14396
3913	73	2069
13422	27	8300
3025	73	14021
8926	73	3456
12536	27	5877
12102	73	659
10884	73	6326
1706	57	9202
8067	73	5776
9923	73	14947
12742	78	6521
1311	73	1827
13414	73	1687
12859	73	9039
6795	73	2997
9957	40	2864
1351	73	9786
8225	73	8442
6656	31	9260
4947	73	9831
11288	65	1695
1025	31	14774
13471	27	9632
3992	78	7678
14943	73	1260
11717	73	3484
12222	65	6040
2059	78	9584
8050	40	14313
5397	73	10414
1616	73	6091
13121	73	3611
10888	78	2985
1224	78	2076
10987	78	9904
7212	73	3726
3882	27	4404
2387	73	3685
1144	73	707
2181	73	6503
3918	73	14955
14161	73	4315
9936	73	4402
6347	73	3439
3218	27	6581
3020	27	914
12732	73	1573
8252	27	8654
8212	49	2447
1213	73	7275
4283	47	1965
11294	73	8076
7097	78	9079
12264	73	2162
10716	73	2937
7032	14	14299
1360	73	7725
10852	73	13780
11064	78	5079
5211	27	3444
12176	73	9576
792	78	10310
7640	47	5648
13633	78	10087
13564	73	4985
13396	73	9573
5709	73	4893
11237	73	11262
12358	31	2527
5308	78	6909
3848	78	4322
8825	73	7419
11407	49	9385
11383	57	10750
12928	78	7989
12032	73	6171
752	73	3335
7768	27	14478
8406	65	7724
3717	78	2861
12179	65	6158
11196	65	14477
9379	73	4768
14939	73	6111
11738	73	1680
13820	65	5830
4674	78	2868
8719	73	1634
11893	65	6970
14814	73	11192
5139	47	7308
8337	73	5849
8702	73	462
2014	73	10691
10921	73	7278
910	78	1008
4566	73	13862
13064	31	14747
2565	78	2841
13710	27	5975
8346	78	10746
10	31	9572
1199	27	2662
11030	73	7478
4465	27	6260
10659	73	2167
7595	73	14132
5274	47	6677
5011	73	9099
14019	73	7307
7851	31	6377
13087	73	7302
4045	40	3438
10484	73	9109
4040	78	8986
4815	73	7854
5364	73	7526
14556	78	6256
6765	78	11177
14255	47	336
14677	73	9373
14030	73	3659
48	73	4158
4933	73	1758
3650	73	7016
13595	39	10390
13838	73	6107
9297	73	3184
9326	73	9159
3732	65	6338
8830	27	11473
4717	73	5515
2964	27	5324
5446	27	5060
14134	72	11345
3651	73	14771
2565	73	10015
11082	78	8047
3752	73	11403
12873	78	6240
13473	73	14749
9604	65	1571
9163	78	2375
13463	73	5888
1810	78	7997
5116	73	7131
3719	73	9822
11457	47	487
13230	78	3434
2933	72	10352
3138	73	6694
10867	27	6137
23	73	3425
4741	73	4497
5814	47	7694
6473	78	3324
10207	73	1680
8394	31	4355
14118	31	14357
14004	27	6169
8399	15	961
2923	73	11385
37	73	6487
10398	10	14872
1174	73	4650
5208	27	4746
5010	27	3451
2812	73	6706
4993	73	10033
9754	64	13306
12275	73	4559
11564	65	10437
3649	47	6193
12576	73	10841
3344	73	4897
2619	73	9625
9747	73	8546
12573	73	7179
4026	27	10386
2586	27	2159
1907	73	9884
3664	65	11473
11291	73	8094
13824	47	2376
12073	73	6606
2218	73	9734
12955	73	5905
2676	73	6189
12526	73	10039
9701	27	2850
13015	27	11268
12609	73	2284
14683	78	8664
10173	73	10782
8264	73	800
7437	73	2893
2352	73	5828
13776	73	6485
8397	73	730
14728	40	6404
759	73	325
372	47	5299
10950	73	8384
7168	73	11075
14637	31	3370
1191	73	3345
2440	73	10861
8603	78	3842
4578	73	7784
1585	47	7730
45	47	4411
500	72	622
11835	65	10582
8594	73	6508
14154	78	7592
6854	31	3602
12679	73	4327
2813	40	10359
7338	78	5378
1786	73	13845
11883	78	1753
5198	73	4819
8731	73	14493
4842	47	6608
14327	73	1474
12390	73	9782
12133	65	6416
8407	73	10444
9656	65	2800
13028	78	2276
8068	31	963
14794	27	11512
9364	73	3127
7111	73	9724
4460	73	14657
8540	40	14735
8392	73	6245
2636	73	441
14069	73	10271
5246	73	10353
14994	40	7050
8053	39	5852
8335	27	3529
9014	73	3682
8834	27	10748
14208	73	13884
5390	27	5647
12746	31	475
4472	73	6020
899	65	3396
13071	31	1152
11542	27	517
12207	27	1685
13319	78	11339
3490	78	9191
8297	73	1237
6222	40	2756
6115	72	6971
10737	73	2140
1810	65	7895
10808	73	8764
310	73	6107
14114	73	10189
4957	73	979
9486	27	6671
71	73	13762
12188	73	1198
8786	78	5646
13972	73	10815
13620	73	5843
10961	73	14702
12851	73	6042
12466	27	6422
12999	73	2191
6402	40	5852
2012	73	6117
13123	73	10513
14621	47	9598
7144	73	14489
12925	78	2886
12566	73	14384
13927	78	1151
11412	73	1205
13073	78	14242
10049	73	2046
12979	73	6277
13751	78	9945
12746	78	7296
999	73	13877
11953	78	2027
617	65	11178
14002	78	7520
9364	47	7956
11872	27	7126
11659	47	4369
6673	40	7689
9322	78	4439
6769	73	4496
7196	78	4062
9793	40	2757
11675	47	8444
9486	73	2066
14194	78	9049
10700	27	7397
5006	73	14284
8526	78	8044
13612	73	4408
6472	73	9932
14304	73	9159
7437	73	8956
8400	48	7172
14079	73	8554
11501	73	11075
1998	47	3613
359	47	6038
8389	73	7033
965	39	1539
5087	27	2555
14796	73	5829
6454	73	1640
3114	73	10518
13093	73	9759
212	73	2120
605	39	4045
13237	73	6166
3189	40	13688
115	73	9765
12823	27	14133
6853	73	4478
12102	73	665
2416	78	11178
13287	73	10147
11480	73	591
13732	78	879
54	78	7716
1653	73	9181
3282	73	6394
2506	31	4092
2737	27	7117
14978	73	6379
4042	73	862
11438	73	9055
13619	73	1430
3912	73	13762
3267	78	3469
11845	78	14772
11175	40	10385
10872	65	3345
3101	73	8871
2363	27	10008
10298	47	8001
14545	78	9829
7328	73	6481
2779	73	14345
6884	47	10093
13820	73	4051
6613	40	327
4289	39	7301
4567	73	859
11114	73	4321
242	78	4054
12469	73	14246
4938	73	6572
8728	73	3675
1371	73	6395
14733	39	5766
5243	73	5801
8279	78	6330
9533	78	7989
14984	27	3319
6530	39	467
10401	73	2450
5003	73	4160
986	65	9226
11496	27	10373
5541	78	6496
7791	47	9837
13529	73	6444
11991	78	3614
12362	73	11519
2303	40	13686
8512	27	2159
1039	73	10374
11975	73	2050
6889	65	10746
1472	73	4321
2780	73	6020
12553	78	10113
11652	65	1437
12266	73	10900
10044	40	5080
7207	73	289
7003	40	14313
11872	73	14864
11273	72	5961
10513	72	3060
12321	31	14741
637	78	1980
14001	27	10156
12907	73	5770
10799	73	10513
11860	78	760
12961	73	543
11395	47	495
7774	73	8172
8494	78	4081
2498	47	1632
3385	78	447
5354	31	14742
13733	73	14319
3738	27	8539
11684	65	11178
2723	73	6165
14920	73	5989
10343	73	6233
8062	73	3554
11012	47	9099
145	73	10513
2094	73	2670
2427	73	7076
10464	31	6377
14209	73	5337
13164	78	6614
367	27	9108
13390	73	4139
5766	40	5080
10526	27	4746
10798	73	5966
9010	73	7466
8594	73	13841
10602	73	5042
11419	47	9265
8784	73	14953
1034	47	2818
12314	73	8775
4025	65	4885
3736	65	6251
619	27	4163
75	47	3466
4010	73	4695
10540	47	7034
224	73	14374
12486	27	10091
1089	73	6003
14018	73	866
8808	31	4177
11471	73	8523
12686	73	8105
13112	73	6046
11816	73	6827
11208	27	5458
7231	73	4977
999	31	14756
125	73	9109
10355	27	8765
7451	27	2062
7496	78	6521
9540	27	4903
13219	47	2313
2242	73	14134
5509	73	6480
9180	27	5786
5610	78	14006
365	73	3211
1616	73	10099
8847	73	9820
8186	40	4405
9922	73	9796
13880	40	2733
1968	73	11075
3279	78	11124
10833	73	7736
1741	27	6085
5743	78	10746
1274	40	9306
8367	73	9831
1593	73	7010
1064	27	1536
1234	73	9231
8077	40	13686
11352	27	1571
2513	73	9988
9499	73	6233
9890	73	13865
12579	73	14007
13201	78	7997
5332	64	3012
14562	73	10802
79	73	9232
9428	31	5092
3879	73	9529
1704	78	2276
14250	73	5315
528	73	14731
4218	65	7677
11980	73	3439
11933	78	6219
4918	78	1168
11322	73	2150
13012	73	10368
5141	40	4373
13490	78	3759
8678	73	5762
7444	73	1817
12385	73	7981
13379	73	7234
12081	73	862
355	78	10002
13834	57	7484
10689	31	14746
13519	73	7314
12738	73	7080
14662	73	6433
8557	73	7426
2332	73	5898
9339	23	9973
12740	73	8759
11771	73	13781
8752	47	6318
892	73	5472
12600	73	7167
10735	78	11379
12533	73	10372
386	73	14864
4521	78	10370
9474	73	8464
14128	11	2447
9662	78	768
1500	73	8012
7287	78	7647
5423	65	1272
7201	73	1670
12124	73	14731
13026	78	8445
3791	73	8986
515	40	14750
8240	27	864
8227	73	4445
1916	73	13952
2483	78	3330
250	78	7874
14	73	933
12027	73	6684
8726	73	14007
7549	78	9977
4211	73	5776
2925	27	6957
12743	73	6194
7320	31	3446
11420	73	6009
7625	25	8967
1117	73	10444
3196	73	6664
60	31	1436
13716	78	10751
13399	27	1825
1899	57	4371
4341	65	2800
11057	73	10487
3506	72	4406
13430	73	876
12486	65	10091
11026	73	13594
14332	27	4141
4964	73	13886
11930	31	7955
12177	27	5975
9714	31	7991
13767	73	3223
1560	73	6635
12257	47	2313
271	78	7520
12389	73	3425
10342	78	7520
5100	73	10006
13006	73	4115
9910	27	10223
4806	78	7930
12026	73	501
13954	78	11124
14143	78	7044
14787	27	5021
3081	73	7427
12141	47	6318
5244	73	6131
127	21	6330
12917	65	4063
6556	73	5730
11621	65	2155
8945	73	5952
8746	40	3617
292	47	8059
2799	13	9385
1223	73	7656
10753	73	8057
12506	78	3071
10912	27	8654
2862	40	6392
14286	40	7037
10042	78	5903
2326	73	5630
9930	73	7948
11746	65	1272
11837	73	4415
14303	73	10444
2098	78	451
8990	73	2877
11999	27	14455
4966	73	3184
1924	73	4690
13361	27	486
9394	73	6411
8022	78	8049
11828	73	2066
13447	47	2766
1914	73	6526
5544	73	6281
10799	47	9048
3897	73	3302
11799	73	14292
8312	78	3588
3303	73	14471
10826	73	14287
14018	47	1012
14201	73	6110
10562	27	6443
12618	78	1259
6176	39	10246
14917	73	3407
9020	73	14039
671	73	11269
13776	27	14352
8987	73	7431
11036	73	6628
11821	73	3212
13049	73	3496
11043	73	9272
1765	78	6408
6887	73	10512
9686	27	8669
11111	73	6188
2721	73	9577
7877	31	6078
2020	78	3319
5613	78	10517
7248	73	6323
11370	73	13907
10094	13	2971
10543	73	4331
10616	73	4393
7487	65	9884
14825	73	7994
3209	39	6283
8811	31	2760
5423	27	5029
6949	27	5032
11460	73	6079
11811	73	6194
14382	47	8059
793	73	9581
244	27	1695
6979	65	7997
13245	73	3529
1743	73	8410
5524	73	10495
10702	73	11269
11445	27	7731
669	65	6048
13417	78	14459
1342	31	7991
8507	78	8862
1074	73	9978
9131	27	4630
1454	73	14394
993	73	9196
5609	73	6053
9499	73	5906
12490	31	1293
10429	27	14351
12382	27	867
11987	73	11146
12605	31	3370
10774	73	979
6758	27	8636
2367	73	3489
8103	40	5215
1924	73	9951
12617	27	2097
1676	40	3627
554	78	4795
4642	73	9798
13186	31	10166
10795	31	9787
2467	78	9399
43	73	2448
5815	57	4291
12043	73	7605
14207	48	2447
13223	47	14569
7329	48	5564
8686	78	14459
1244	47	9520
2701	40	9310
12861	27	13835
10612	27	7682
10683	73	7965
1619	73	4960
13393	31	9772
3745	73	14743
10542	73	8971
11712	78	9264
1890	47	7063
14982	78	10903
4600	73	6141
11277	73	14504
8077	39	13692
8699	40	6209
14043	78	1291
12730	73	5319
1124	73	4765
3929	27	11124
12867	27	7820
13447	31	3401
11215	73	6605
14888	73	4690
12899	78	5305
2423	27	4416
5663	47	9606
7266	78	2401
5144	27	6244
478	78	5646
9317	27	4775
2195	47	14487
13339	73	6270
3950	73	7758
2278	40	3408
7854	72	3000
5641	73	10668
5531	73	13934
2352	73	11122
2619	27	13780
11083	47	9569
2047	78	7646
1460	73	10325
5131	65	4124
4599	78	2027
13122	73	5829
1342	27	1677
1816	21	7643
14649	78	5715
7470	73	2885
4623	31	1298
10138	78	2985
2938	73	3763
1003	78	7057
11911	73	9634
7220	27	9825
529	73	2471
4270	73	7958
162	73	10202
5232	78	7094
12573	73	9719
4953	73	8542
3779	47	2880
830	73	5843
14036	73	4336
8316	73	2140
8198	47	3075
9869	78	10681
11854	31	2369
12577	73	4368
12238	73	4514
9111	14	9099
12510	65	10372
3474	78	9102
67	73	2767
14858	73	3239
14503	73	6640
3532	78	4395
13224	73	10515
11899	65	2899
3189	40	14398
1658	78	10365
2647	27	6330
8209	73	6005
1907	73	3589
12266	73	11156
1218	78	6256
13515	31	11512
9435	73	7738
11063	73	932
2972	73	3783
10394	27	2835
8641	73	6275
2379	39	9308
14448	73	5777
14535	31	9421
3032	73	3454
6127	72	14241
12275	47	4431
4647	65	3324
13037	27	14417
10555	78	4508
5499	47	4715
11980	27	9847
3896	73	5832
214	31	11418
8776	65	4445
9987	19	6777
4531	73	14367
7106	21	10162
6853	27	7647
13968	73	6108
11852	27	9948
1705	73	666
9514	73	6577
12988	78	443
686	47	14381
8954	47	10388
529	73	4880
4034	78	8521
12949	73	5756
14813	65	4697
7550	73	6075
11499	73	9643
12652	78	4439
1482	73	14714
2366	73	1321
4927	73	1415
10401	73	7685
13	73	6504
13030	21	10247
5083	40	1947
14506	48	5564
13801	78	11476
9881	78	7642
9882	50	4387
3157	65	4796
13154	73	6474
14858	27	3257
6790	73	782
14445	73	2021
13637	65	10040
10239	73	11130
8235	73	2405
4860	25	14585
12266	73	7695
12140	73	7636
3171	78	10368
12924	78	2886
7486	78	14695
2795	78	14763
12983	73	6682
4593	73	8774
8691	31	2526
9452	27	413
11567	27	5928
1352	73	14957
2568	73	4375
10340	73	2932
4454	73	3345
1722	78	3324
102	73	6110
11341	73	4891
11059	73	471
10544	73	7939
7896	73	462
8590	78	869
8397	78	413
10119	78	9827
14884	73	7862
4947	73	2769
10720	65	4414
13309	73	2932
12224	31	3401
12375	73	1260
10725	73	2247
10555	73	543
11530	27	6422
8227	31	1933
124	31	4441
680	47	2962
12109	73	8018
8501	27	8543
6241	40	6613
1030	78	13789
638	73	6204
1265	31	2121
271	73	3431
14216	73	2885
5376	73	14700
2345	27	5811
14378	40	7590
13047	27	11172
14136	73	1130
12112	73	9527
7486	78	2268
14516	65	3226
12270	73	775
11301	31	3536
4551	73	415
5261	47	4356
6988	73	593
2658	65	1476
8583	73	5978
8767	73	870
14095	47	7516
27	73	13593
1425	39	9858
4809	73	6513
4712	78	456
5576	73	13902
12560	73	3561
13518	73	8470
14461	73	6032
9481	78	1736
3267	27	2835
3252	27	3465
12060	73	3105
8904	65	10356
12323	78	7668
5148	73	14511
13754	78	9829
5052	31	4868
8069	47	479
97	73	4295
7514	27	9842
5236	73	6403
1247	73	8772
1187	73	10023
14584	27	5781
2904	73	9795
3866	73	6195
3044	73	7800
9778	72	9124
9012	65	4360
12157	31	8882
863	14	9672
1	27	9783
9062	73	14730
4240	40	14308
5418	73	13971
5708	73	2140
4574	65	9958
8541	13	13466
2349	73	9782
5587	73	826
5144	73	4665
7201	73	1787
4736	73	13903
4719	27	10749
3992	78	6985
11201	73	9067
9903	40	7037
10784	40	7698
2130	39	14469
12430	73	14738
1728	73	4506
11828	47	6685
4028	73	10184
7509	73	11262
13142	47	868
13229	65	7937
4305	39	13681
12876	73	5741
2406	73	439
13014	73	3450
5191	73	6665
5485	78	6225
12865	73	6997
12855	21	9211
11641	73	7160
9723	73	4259
3577	73	3801
12286	31	5860
1441	73	10006
2867	72	7757
8441	14	3978
5213	73	2381
4334	49	3978
9315	73	6676
3716	73	586
4938	73	1640
388	73	9522
3652	31	6217
5536	73	3245
9331	47	6262
2609	73	3496
7071	21	2378
5686	27	10040
3578	78	3604
13990	73	4504
2489	73	1535
8325	73	6108
3380	73	6604
10979	73	9387
10198	73	4649
14860	73	770
7846	78	10085
13722	31	1131
8604	73	6912
14419	73	14088
849	73	4563
5216	47	8444
8563	73	7822
14884	78	8534
14903	31	913
13011	73	4329
1087	27	5788
13334	73	1826
11966	47	2667
3387	31	8878
14787	31	7797
10263	27	3458
11021	73	3506
14599	48	3978
11701	47	6685
14081	73	6234
655	31	7955
13411	65	7933
3322	27	5320
12188	73	5906
13622	73	9214
1078	27	6219
12573	73	8596
14629	73	6270
14620	31	9997
11251	73	10802
4806	73	6612
9339	15	3195
9547	31	302
3647	78	6235
13331	73	5462
10798	73	4320
374	47	1824
8036	73	2182
10134	31	4105
7286	31	725
5194	73	9600
14157	78	10848
1841	73	4386
3521	73	8090
7887	27	1156
11096	27	4357
525	73	7033
11499	73	11334
13752	73	4497
8107	47	7041
2511	31	7804
2170	50	6221
9937	73	11066
14857	73	9811
11408	73	5909
2	73	1555
7101	27	7647
8808	73	777
14017	73	6633
13844	78	1850
7197	73	5795
14808	78	2265
13723	73	2290
13353	73	2898
8330	31	11135
9636	39	4907
12340	73	981
12957	73	13894
3095	73	2415
13738	73	9954
6802	78	6846
11597	31	2569
11046	73	6598
14239	73	7087
3839	47	8382
13557	27	7643
11395	31	13788
12881	73	7152
14648	65	2447
12843	31	4355
3649	78	6193
10260	65	10386
11866	73	2140
5174	73	6102
14210	27	5930
3653	27	10162
9380	73	5730
1106	73	8503
11576	27	10749
6758	73	6406
10464	73	2261
13446	27	5752
14328	73	2286
11810	73	6739
12034	73	6682
1809	78	3256
14536	73	5894
4221	27	3441
14072	11	9502
10486	73	7182
9333	65	3399
8328	27	2900
4951	73	5769
2094	73	10301
11576	73	10962
1605	73	10727
7435	73	7823
14810	73	10179
9745	78	9219
8190	73	7481
8740	73	7981
13224	73	6395
899	73	6912
6807	73	7999
7844	73	11075
7444	73	9639
11576	78	14470
9295	73	10006
12907	27	9836
9906	73	6540
10201	27	8884
9318	21	6330
8186	40	3599
8211	73	3047
11921	73	6485
1038	65	1856
6546	73	9992
11794	31	7673
13202	73	5846
7334	73	5853
11459	73	9811
7807	40	1853
9716	73	5865
10178	78	14477
13610	27	4630
305	47	11487
2011	73	4122
73	73	9596
211	47	9837
4442	72	1793
12609	73	4986
13870	73	6133
8977	73	11116
14767	39	5766
11651	47	4122
1423	73	7271
11706	73	5333
9423	73	1262
3095	27	6289
5180	27	10154
12372	78	4781
8288	73	5759
12169	73	9776
11604	65	5458
2622	31	9091
8133	73	6919
12074	78	6416
12403	73	5778
11848	47	4356
1601	27	4749
550	27	2403
194	73	8063
11829	73	9784
3823	73	6005
8467	78	14412
14887	78	6904
13170	73	9774
6776	47	3619
8220	47	3640
8362	78	958
810	27	481
11409	78	1168
2080	73	5333
7971	40	4449
7521	27	11014
10620	73	2358
312	73	1952
3004	47	14777
13937	78	5764
8280	73	7748
6977	47	8447
8032	27	13882
9452	73	3525
11808	31	7096
2641	73	8089
1657	73	2077
3819	73	10180
2909	78	7989
14175	27	10492
4607	73	2673
11731	65	325
3571	73	6042
14082	78	11376
13101	73	3449
9740	73	10389
2806	40	2503
7564	73	14765
5198	73	6273
11915	47	2161
363	73	14314
2503	40	2862
14127	73	1415
10849	31	6831
9431	78	9843
13045	31	9239
6096	73	1277
5566	27	10109
3928	65	2166
3937	73	7620
8870	65	14962
13721	73	7116
6173	39	6176
2238	27	14706
4587	47	8382
8289	47	2313
896	73	4168
13464	73	5841
1985	73	14373
7213	78	14311
4	73	7899
5358	78	7746
7469	73	7626
13232	27	9254
14874	73	3253
14985	78	10161
186	78	9079
4190	73	4563
1401	27	6289
5406	73	6471
9160	73	13903
11777	73	11346
5138	78	2076
13256	27	3637
3881	27	4063
972	73	10815
13565	31	4863
8893	73	11330
4743	73	7060
11686	73	10490
14337	78	1299
14670	73	5219
8098	78	4414
1447	65	9783
4190	73	7494
12094	78	869
3575	73	9573
12302	73	1680
11649	27	13882
13036	65	8700
10477	78	11014
9199	10	12883
9485	73	4480
6888	73	10379
10617	73	2115
13444	78	427
5047	73	10158
8853	78	4637
7468	47	4899
11678	73	480
12350	65	6320
13255	65	10746
7751	73	2894
13408	73	13849
14191	73	9278
1821	73	13774
6274	39	4365
13579	27	3444
9939	39	2931
7890	73	4399
11821	73	2990
520	73	6505
3774	73	4879
14630	65	9776
9436	73	6102
8499	27	4142
8818	73	7792
1225	73	5911
3116	73	14954
8902	73	6800
14286	40	738
3703	73	6969
8485	73	14384
2687	73	3667
502	40	6441
7535	73	6199
1875	73	332
13209	50	9621
1450	73	331
8248	47	495
12500	73	3461
8712	73	8864
1602	73	8772
1243	47	2147
1656	73	4292
4273	73	5879
5122	73	3072
3699	73	1976
7630	73	10007
13024	73	3003
14728	39	3921
1512	73	432
14013	47	2766
2747	31	3857
372	73	11520
13365	27	11529
12635	73	6518
3396	72	664
3116	73	14771
11957	27	6710
2443	47	8046
11674	73	5931
7290	73	4514
14302	73	870
2012	73	2138
14538	78	14242
11284	27	452
8973	40	4476
12170	73	3517
13826	73	9148
4477	40	5325
11691	73	3243
12400	73	14771
7147	73	1157
13650	65	13466
9366	47	6168
692	73	14696
8152	78	3441
14033	73	3219
5409	27	1831
11184	73	9236
12511	78	9304
628	73	4698
11732	73	9155
2970	31	2883
3779	65	8884
10770	78	2455
3027	73	8081
11000	73	6652
6344	73	4698
11593	73	6259
2491	65	6382
9896	78	1253
4136	65	13835
14836	73	784
209	73	10750
1006	73	4699
1395	27	9595
56	73	2932
11548	47	9606
14728	39	5733
13612	73	5472
11918	47	7966
10397	73	5333
894	31	4110
3798	73	13874
8591	73	5465
149	78	1946
14160	73	3955
13676	40	5325
9459	73	14566
1896	21	6607
11441	40	4191
985	73	6638
3035	73	11134
1111	78	8278
13198	27	3534
5121	73	6016
7882	73	6640
3264	78	5320
5440	31	4105
10002	39	14398
13776	78	4425
9865	73	1895
13365	73	8542
12361	73	7478
13466	17	8541
5382	78	4383
13460	73	6081
1918	73	3077
5420	65	14457
11699	73	4960
11042	73	780
1629	27	5063
11350	31	7310
10136	78	10565
5325	39	6292
6162	39	5852
13048	47	10671
4190	78	760
750	78	3426
1580	73	6640
8960	27	2851
2810	78	10741
5157	65	2769
10828	47	8210
2292	49	2447
5038	25	8953
14604	31	1131
13404	73	6055
12987	73	4395
556	73	9946
984	27	9223
2202	49	3978
3023	78	14398
12784	73	3954
13504	73	4819
10537	73	2381
12994	31	4110
4454	73	2857
9702	73	9967
12119	78	4439
6939	47	5879
9868	73	10815
2194	31	7997
13256	73	2381
4136	73	8759
1563	78	10365
7283	47	749
10264	78	1692
4036	78	14061
12661	78	447
12934	31	616
2718	31	4100
541	31	2267
13943	40	2775
13944	73	14700
573	47	9979
3154	31	2760
14265	47	8382
7220	73	3496
13578	73	10114
11669	27	3499
13132	73	13873
8125	65	2979
12658	78	864
9370	31	11264
11531	31	3401
312	27	2603
3132	73	7061
2811	27	2281
11045	73	5952
10592	31	9106
11727	78	7668
8683	78	11422
10952	73	5889
11727	47	5739
13552	27	4554
7568	73	773
8784	27	14352
9865	73	4880
8613	78	2985
12993	78	9638
12817	78	9825
14908	78	14966
694	73	2654
8330	47	9598
12536	73	4560
155	78	5838
8066	27	2662
6575	40	11424
304	78	9642
2465	27	14706
3666	73	11469
7170	73	2891
7326	73	275
675	73	5909
123	27	5651
12757	73	2686
3580	78	10615
9545	73	6598
8607	73	4382
262	73	7981
12686	78	4755
4743	27	4515
12507	78	10741
3328	73	10270
10248	31	2883
222	47	14766
11977	27	3471
1603	47	4380
1698	73	6623
301	73	329
1807	73	10780
7111	73	6157
2537	78	11535
3337	73	10519
8216	73	4295
7881	73	14142
12909	47	4882
2586	73	4320
3776	78	1404
5119	73	1982
9337	73	14799
6813	73	6577
2101	65	5458
837	73	3007
11758	73	14565
8099	64	5583
1465	73	1761
11317	31	6078
6765	73	10988
5408	73	10099
11277	78	3632
4131	39	6974
9715	73	14744
1066	73	6606
12504	65	7943
364	31	14761
14294	73	2271
12596	78	4004
9006	73	6542
14784	73	10361
8796	73	5176
520	27	2410
12646	73	9798
6497	27	3202
9341	73	866
3813	73	8638
3967	73	7363
11572	73	10404
4721	73	5984
6463	40	1028
13406	73	5991
14819	73	8009
6737	73	3641
2003	73	5755
11886	73	4987
181	73	7962
13425	78	2659
3836	65	1437
13459	73	2129
8683	27	6753
1376	27	7647
11888	73	332
3771	73	10420
6451	31	7677
4621	73	6186
11492	73	10295
9147	73	2120
188	78	3483
10994	73	8438
11292	27	7089
8626	73	862
5777	39	6045
13109	73	1974
10721	73	4502
5814	78	3441
3974	73	4506
80	78	14061
10467	78	2601
2624	73	1555
7260	73	11071
3971	73	3674
4590	27	1831
35	31	9780
2724	78	9952
12185	73	9639
11769	31	2369
250	73	9112
12182	65	1437
10476	47	7730
12723	73	14510
12188	73	10779
2864	39	9957
13657	73	2140
14862	73	6003
10473	65	7717
6805	78	11529
5095	73	7783
6793	50	2450
2436	47	14318
8611	27	3455
9469	47	2134
13176	27	728
5583	48	2447
4199	73	4293
7291	73	7297
2946	65	10020
1905	73	414
11809	73	7029
2652	73	2968
8193	78	6244
380	27	7926
5492	31	3602
1731	27	4101
14425	65	7898
13314	73	10759
5302	73	2891
9136	73	2325
4537	73	14566
14548	73	8081
12070	65	486
7830	73	5987
11086	73	1766
14897	65	5127
3938	73	7867
13248	73	6623
13095	73	401
7488	73	5630
1243	27	14779
1703	73	6068
5186	73	6411
8977	73	3695
1026	39	6810
13189	73	6513
8819	73	14961
3913	65	5652
8728	47	7683
11312	78	955
14581	73	1346
4967	78	14509
14541	78	14701
974	73	6971
1917	73	5827
3970	78	14801
5399	73	5153
1786	73	7297
13376	47	9974
9138	27	6330
11058	73	2360
12236	73	14697
14439	78	4878
4337	73	9033
3134	73	1205
1115	73	5656
12644	73	968
3914	78	7296
4184	31	2860
2087	47	3628
4818	78	1304
14419	78	4437
7533	73	8384
11575	31	7310
2645	47	5775
3193	73	3826
5148	78	7094
8327	47	2818
5131	73	9757
892	73	2179
3918	47	8482
13528	47	9111
9040	72	13678
1496	73	7042
393	73	8420
10659	73	9774
503	31	9505
6714	21	6607
10279	57	5850
3137	73	7116
12167	31	9117
296	73	3396
248	73	1691
4804	47	14123
7382	73	2849
12779	31	616
7232	78	4796
10628	73	5311
6575	40	7814
3681	27	10045
4652	73	3615
10269	73	2289
12807	78	9638
5428	78	6328
12319	73	9814
10585	27	6244
676	27	7647
2172	74	9418
9656	73	4560
8184	73	1426
11912	73	2470
12061	73	3514
5488	73	2284
14667	73	6257
1612	31	14959
7149	31	1479
2531	73	7740
6993	73	11192
1616	73	9092
7435	73	14241
8749	73	6251
14231	65	10998
11754	78	5175
7882	31	9787
12156	78	2751
1194	27	11264
7360	73	6247
5098	73	462
11703	73	11130
2743	73	14712
254	78	768
4727	31	5871
5241	73	6132
5682	47	6492
764	73	13841
11626	78	10423
5102	31	963
3341	78	10582
992	73	6826
7322	74	10066
2938	65	5036
14927	31	8878
13480	47	4083
9315	73	9195
9242	73	1852
6574	73	9982
9521	72	9233
2124	40	494
2028	27	4388
9898	73	9651
13002	73	11167
9809	13	4097
2460	73	3496
11553	73	5999
14854	73	10758
12031	65	11076
13260	73	5836
11283	73	331
12620	73	14731
985	31	14756
8207	27	10566
5550	73	2263
5495	47	1956
14185	31	6377
9877	78	2153
5990	73	2126
12498	73	8000
572	27	864
9675	73	9652
3335	72	7942
3151	73	6102
7503	73	10007
6813	27	8940
8160	73	2770
11301	65	5065
313	27	13789
13813	23	4157
1091	73	3245
1420	72	5644
8287	73	10752
8845	73	1425
3950	73	1260
6766	73	3259
12531	73	9765
10451	73	4362
3708	73	1321
4332	73	1421
6955	73	6277
8364	65	931
14418	73	4159
1901	48	9672
2665	73	4094
6717	73	11286
1690	40	7936
4674	47	9048
8830	31	9571
1203	64	2722
11307	73	10377
154	65	14947
10458	78	6269
656	27	9802
12203	78	3324
1697	73	14475
13641	73	3954
9761	78	2402
5566	73	1416
12228	73	7960
11744	73	2180
2015	73	3606
4869	73	6966
12613	78	5981
8896	78	435
13989	31	4886
5711	23	2818
14534	73	6103
1575	27	517
2974	73	6444
2019	73	6932
4339	73	7182
12466	73	9962
2293	78	14384
9370	73	9790
11349	78	3324
1355	73	3236
4623	73	871
8567	73	4634
2176	73	5980
14519	78	3071
2661	27	9583
1484	27	4441
10613	78	2078
1916	78	11124
8625	73	500
9747	78	14484
12051	73	11345
14881	73	6189
3028	73	3641
13438	78	9964
186	78	5955
2446	73	1546
5711	65	14801
3287	31	9810
3578	73	8555
14810	73	10034
10771	73	2770
12553	73	10185
3960	73	3077
11876	73	14248
9657	73	10345
10416	78	3842
921	47	959
4527	73	2325
1384	73	7662
12812	73	4682
12300	31	3857
7493	73	3038
12059	73	8651
8126	78	6438
4307	73	1827
10961	73	5794
5777	40	5749
11661	73	7614
8202	73	6291
9287	31	7686
11869	73	11377
9337	78	1753
13354	27	9623
1088	73	14374
4842	73	5993
7346	27	456
3924	73	7627
4920	73	819
3764	78	5323
10073	47	1405
13133	73	10420
4257	47	2529
12930	47	2305
10347	73	2464
12062	73	2312
130	73	859
12796	78	10383
11274	40	2111
9536	31	616
8888	73	2752
3427	40	6274
4924	73	4960
14427	27	9507
12965	73	2380
12728	73	624
1115	73	508
11445	73	5849
13075	73	2960
7344	73	834
8899	73	6273
3848	27	14706
12078	73	13903
10656	31	4355
7348	31	8016
3963	27	14478
515	39	1848
14024	73	772
4093	39	4418
2317	73	785
8988	73	2995
12083	78	7978
3957	78	10309
14164	73	13678
5822	65	931
590	73	1687
4652	73	6324
11901	73	3360
5818	69	2268
94	73	7792
9002	73	1788
215	73	10003
8702	73	1684
7527	78	6711
915	78	280
4773	73	7793
9349	27	4156
8738	47	7308
7159	65	10021
12323	65	7668
10876	73	7867
7207	73	4684
10974	73	9202
6907	73	4516
8732	65	6136
8917	73	9189
12880	73	11051
10501	73	3566
6567	73	2286
975	73	8183
14255	73	2114
2940	73	10664
581	31	9996
12864	78	1257
2642	73	3212
14639	78	4317
6293	72	3825
1563	78	6296
12236	78	760
13528	73	3934
11026	73	11392
1350	78	90
1481	65	5320
12114	65	8661
14547	73	9140
11600	73	4312
8639	73	14384
13660	78	4081
2745	73	4762
12822	31	10005
4542	78	4052
13611	73	11074
2439	73	13876
11453	73	7778
2506	73	936
5136	73	9796
11889	78	2800
9309	39	13681
9454	73	10270
11341	47	2407
4799	78	1309
1948	39	3671
7445	73	3215
8715	73	7725
3656	31	3440
141	78	4095
14855	27	8765
11763	73	1238
12138	73	4368
10440	73	407
7883	31	11264
4180	73	10490
14532	73	4370
6551	73	9818
1165	73	2893
470	72	3560
10585	73	14374
1398	73	5129
12033	73	7690
12288	73	14464
11428	23	7956
209	47	6972
8548	72	9040
692	73	11160
8962	73	3260
3177	49	2447
2827	69	9040
11446	27	7707
306	27	9883
5378	16	11652
4045	39	6462
14390	64	14362
14606	31	963
13694	27	6679
1065	73	10761
2713	73	548
11245	65	7895
12623	73	6282
10385	39	13591
14053	73	596
7913	73	7407
13326	73	10153
13913	73	1426
5436	47	4512
14440	73	1777
8208	47	4411
10176	27	511
2344	27	10215
5493	78	10086
6872	78	4638
4875	16	12385
10809	78	6595
14174	27	7306
1191	73	2070
5664	73	4497
12338	73	1726
1025	73	14769
8360	73	7854
13970	73	13971
540	27	8543
115	31	913
10176	31	14742
1623	73	5794
5578	27	7784
9888	73	2932
5900	72	10249
13997	27	4101
12533	27	10111
1176	73	1365
12479	80	5590
12265	78	14348
8454	78	91
13413	73	10694
14165	73	4691
3876	73	7967
13662	73	2117
8642	73	2021
1324	73	8771
3293	40	4046
12767	78	6363
8793	78	382
893	27	14529
1153	73	9058
13599	73	7639
6324	10	14872
11185	73	8522
7697	73	6725
13654	27	10581
2824	40	9635
5117	73	1687
11666	73	7923
13766	73	3542
12098	65	4063
10796	27	4357
4703	31	1682
4602	31	4887
14789	73	6620
11489	78	3430
8756	73	2695
9392	31	11128
14052	65	2885
2776	73	1107
6190	80	14641
13374	47	1405
13918	47	11067
12858	73	2380
2352	73	8437
8037	39	6448
4607	65	3551
14831	73	10391
2316	73	4891
1199	73	3517
519	39	14703
4505	47	10388
14400	73	9799
11370	73	7278
10061	78	5842
6203	72	6649
8632	73	7862
7530	73	7427
11780	73	10114
4962	78	7937
12950	73	733
12761	73	5914
5268	78	8418
13725	78	4425
13446	31	4110
9895	73	420
11944	78	14242
1383	73	2117
6452	73	14350
2193	73	2634
5285	73	11532
8714	65	2447
10717	73	1982
7245	73	10954
11034	78	8531
11728	73	6460
6429	65	4322
7569	78	3785
11724	37	9099
13732	27	6971
2444	73	6471
8712	50	6317
7529	73	7737
1584	65	5060
14015	78	7930
10175	73	6389
6619	73	8439
4519	73	832
3939	73	2997
9871	31	5056
3897	73	4166
10554	73	1631
5367	64	6533
3115	73	325
9003	73	7297
12805	31	6261
3479	58	4491
13824	73	6782
10541	31	10369
7531	73	1327
1995	73	6117
5629	73	10114
5544	73	1474
13829	73	6270
11417	73	5478
10533	78	10161
10968	73	4408
2327	27	867
11097	65	5035
8792	73	5895
13535	73	7765
1370	73	10361
11041	65	10020
13795	73	3522
12246	73	328
3939	73	14366
7000	27	2132
9164	27	5873
8149	73	10279
12189	73	3139
5638	73	5999
7512	73	5751
5685	73	9640
11826	78	1248
11777	73	6057
4490	73	6239
14378	39	4250
7324	73	8384
13106	78	14987
181	73	4159
2842	40	11180
12085	65	9642
6690	73	7275
14399	25	14576
8671	73	9819
467	40	1950
82	73	4088
9450	65	14752
5249	73	10007
11622	73	4176
809	73	5987
5427	73	2381
2902	78	4132
8257	27	713
11710	73	4176
2921	73	2180
7579	27	4057
14022	47	818
12598	73	10160
2580	73	7965
6778	73	7981
6466	47	2880
4643	73	6504
3728	73	4103
13977	78	1295
1907	73	6258
12950	73	4139
11456	73	10513
126	73	8088
8070	78	443
2996	40	4373
11877	47	6033
12915	73	10149
8477	73	9986
1676	40	9636
6941	27	14529
56	73	10758
13424	27	2674
13930	65	8080
1472	73	3454
10576	73	14394
5681	47	2149
4487	78	9264
7852	47	9599
10126	40	3851
8754	73	9757
4198	73	2396
8809	78	6332
602	31	4860
3562	47	9520
8887	31	4389
13943	40	9243
8970	73	1547
11590	73	6524
9453	73	6056
5610	65	14006
11853	73	8778
5349	78	6143
4179	31	9694
12540	73	4632
7246	78	14720
10676	72	9934
10592	73	6508
11038	31	1674
5448	73	1438
13400	31	2121
6527	40	4830
267	78	5224
10650	78	3330
12558	78	5079
5665	73	623
5238	73	5465
11093	73	1827
12565	73	10241
13813	35	11178
12723	27	452
13895	78	9251
919	73	14514
674	73	8588
8391	31	3857
4488	47	6301
247	73	2127
7443	73	13902
14156	27	2062
13291	78	8445
5453	78	4234
13221	47	473
2664	27	6623
9184	73	6679
1647	47	1537
11325	73	8430
12373	73	9084
9325	78	6309
12437	78	1253
12206	73	1134
13936	73	10114
10141	73	5659
9610	73	6629
10708	47	7675
11996	73	6073
1989	57	2958
9675	73	10512
100	27	7978
13614	73	4058
13026	27	9256
4026	73	1134
7824	47	10311
4474	73	330
13892	47	8528
7289	31	9627
3805	31	9260
11018	27	10147
12772	23	11078
13333	73	2286
3329	73	10493
536	78	14716
583	73	1788
6012	72	1133
259	65	10019
13016	73	14951
12889	73	10000
10560	47	6846
5074	73	3696
2824	40	13671
1385	47	3553
9920	73	6247
12486	31	10166
13195	73	7953
758	73	4362
13338	78	5817
5550	65	6158
13992	73	11378
4627	73	5030
13522	73	14565
3376	73	4392
11969	78	739
4921	73	7033
12189	31	725
1818	27	5320
5046	73	13903
10447	78	2800
13611	73	6601
14460	40	2111
10069	73	7687
5248	73	7559
11825	78	8535
2541	78	7978
11472	73	6159
10941	78	10903
10947	73	2997
13120	65	2062
8490	73	4288
5218	31	7955
2615	73	8464
11053	73	6046
9374	47	454
5497	78	3099
11705	73	276
11833	73	6015
478	47	5646
1251	72	7868
12230	31	2860
13488	73	815
83	73	5898
1084	78	10041
2273	69	7974
10930	73	432
14626	47	2880
8429	73	6663
14850	73	3353
13441	47	2882
6941	47	4380
5245	73	7876
5821	78	10746
6320	80	9399
12522	73	7738
4800	73	11068
7433	73	5952
2852	31	5773
10300	40	2805
2436	73	1205
3807	78	6973
13580	31	1409
7114	72	6916
2573	73	5129
13164	73	819
6097	73	7012
9332	31	8949
5538	73	10289
5183	72	1307
155	47	5299
8650	31	4553
11275	31	14746
14135	78	5722
3932	47	11152
264	31	4110
11956	73	14007
5165	47	959
13426	73	3228
3651	73	4394
12694	47	4253
8684	73	14510
2936	73	9221
57	73	3076
11983	47	4431
10339	73	10349
11358	73	6435
1699	27	4148
7433	73	2252
11689	47	473
4333	27	4413
4201	73	4977
12329	73	4634
3262	73	3184
10141	73	855
1351	31	8882
14044	73	6740
8958	27	87
5387	73	6517
13144	73	6970
10262	73	9804
3182	27	7597
133	27	9929
4344	78	2141
8355	78	10310
12387	73	6638
2276	13	3978
14163	27	9607
11757	27	4422
4806	73	10034
14913	23	7594
6974	40	6274
13590	65	4796
6283	40	8938
12238	73	6652
58	47	749
8291	78	8474
11341	73	1988
9661	27	6235
6959	27	6421
4955	73	3076
13439	73	6524
2650	27	10026
8877	78	863
12666	65	11051
8175	40	8549
9165	27	3319
1393	73	5902
2928	73	6197
9359	73	8014
6558	73	14739
10905	21	11177
8779	73	1302
13460	73	1022
9862	73	1787
3503	78	4779
5116	47	4380
7036	73	3342
10332	47	14707
5584	31	7726
12642	78	425
12192	73	824
5522	73	13871
12663	73	14007
6130	73	3010
1480	27	8041
1865	78	14242
12514	31	7673
6327	40	5713
5078	27	10230
14740	40	1475
11462	27	9847
6538	72	3076
13298	27	2062
5043	73	7080
1037	73	933
12931	47	8528
3866	47	6351
7245	73	9244
12622	47	3188
8710	78	10406
3248	78	7820
7066	73	10270
3662	72	3853
10548	27	10092
12183	73	9522
1037	73	389
13545	47	14318
6915	27	1636
1994	73	6117
9377	78	9592
8616	73	3611
5138	31	3602
7170	21	4911
11985	73	11066
10864	27	14705
13265	65	2368
3481	73	10962
2159	72	6605
13225	73	7610
7909	73	3501
3808	27	6338
797	72	10030
11421	40	4823
13799	73	6848
2685	48	3978
735	78	14753
9916	31	3531
185	78	10223
5229	78	10309
12735	31	516
13240	31	11263
370	78	1773
11928	73	861
11564	47	8482
2649	47	9077
7418	40	10385
4038	78	8041
10901	73	773
10064	27	1151
3117	73	10752
8449	47	9569
11892	73	8775
11790	73	875
12422	31	13763
13400	27	4101
78	73	10188
1025	73	11528
12	27	9802
644	73	9982
5812	65	6581
611	73	4048
11523	73	5848
8994	78	14695
12878	73	4018
4334	78	2817
12928	78	1404
3050	73	2845
12453	47	9265
7340	73	3184
11811	78	14134
281	73	6644
9172	78	11507
13660	73	9127
5638	31	4548
7231	73	14287
3112	31	11128
10569	65	6220
11607	73	2838
5206	73	401
11001	73	9841
14129	73	10517
7323	27	10273
11860	21	1288
11552	73	3527
11357	73	3191
12810	73	439
6810	39	3627
13707	73	2381
4023	78	10746
7699	73	2961
13287	27	9802
5592	73	5462
3700	73	9625
5766	40	7590
67	47	1286
10056	73	6197
3719	73	4008
8719	73	3187
8452	78	4052
7509	73	14957
13926	31	2846
12938	73	8434
3744	73	14481
10935	73	9232
8302	40	1948
13206	27	3677
11844	73	1418
5316	72	3422
13125	73	6016
7283	27	2867
13309	78	7723
3043	73	9589
10256	78	4501
12110	73	3164
1200	27	9626
3578	73	6651
7989	14	2268
13710	65	8700
1600	47	7064
13210	31	5758
2199	39	4394
14239	73	2263
11233	73	11171
14526	73	10179
5242	73	3166
10368	58	6056
1816	78	10253
13237	27	6203
13428	73	3166
1836	78	6287
3955	72	10037
14919	73	7722
10123	73	14379
7240	73	2528
5584	73	740
14639	27	2835
7585	73	6971
10136	73	459
10852	73	6108
11836	73	6107
11571	73	4682
10768	21	4911
3218	47	9152
917	73	6257
12002	73	1237
12507	27	509
756	73	6411
14740	40	7977
1173	78	4536
8888	27	2706
9677	78	1325
2746	73	8410
13769	18	14701
9779	20	2533
12698	73	10511
12984	31	616
4556	73	13952
2862	39	10580
7202	78	476
10599	73	11386
4024	78	3835
5201	73	524
14042	27	14573
12039	78	284
12072	73	4959
8510	73	10188
903	73	4376
13996	78	10002
12289	27	509
11722	73	14480
6441	39	2733
13317	73	10391
7071	65	2378
12330	73	6715
3183	27	1273
13980	78	1476
11706	47	7649
3899	47	7956
1947	39	6402
13146	65	8656
1463	78	595
12757	73	1989
14041	73	5870
8612	73	3844
2342	73	1827
5777	40	14699
7155	73	7859
14410	47	11078
5094	78	5736
12888	73	7735
12985	31	3370
11773	73	5472
7405	73	9819
8513	73	4249
7294	31	3244
4613	47	11486
14914	78	325
10670	78	11145
5682	73	3228
12707	73	7481
893	73	8434
3913	73	417
1719	73	14513
4785	21	6330
1338	58	406
14692	39	9840
12174	27	4422
5332	78	863
9868	47	8382
12494	73	4358
8250	73	11520
5548	73	1706
2946	31	10352
2333	47	6608
7498	73	1022
2472	40	3627
11574	73	14395
11364	47	7875
12346	65	10517
3006	27	5065
366	73	9097
2840	78	7038
12204	78	11507
12452	78	11052
11728	65	10746
1393	73	979
1620	73	2836
12386	78	9827
2098	73	5895
69	78	4285
14461	73	5917
11591	78	6248
9170	78	3416
12735	73	1598
14022	31	9190
101	31	9997
10678	31	4886
11481	31	9239
5384	73	7301
11560	73	2119
751	50	514
8733	73	2233
6887	27	6675
8665	69	5794
3601	73	9522
938	48	9672
13342	73	6471
14617	73	1411
13641	27	4357
14185	73	8537
12117	73	5319
14821	73	3457
14364	39	7391
13300	27	14706
684	78	6681
14074	47	3628
5790	73	4386
1561	73	812
2795	47	6357
2218	73	9804
4674	73	2259
12284	47	1678
14750	39	5014
14208	78	2200
3875	73	14339
4657	73	4774
1116	27	9607
4217	73	9633
3340	73	6503
11090	73	6166
4619	73	3454
146	65	9972
13363	73	8384
14546	31	14748
13526	78	3362
6619	73	7854
11296	73	10098
13070	31	5758
537	73	9813
9549	73	593
9388	73	4154
12394	47	2880
212	27	3637
10284	73	776
11335	72	449
5684	31	4169
9591	73	10313
2047	78	7593
4615	73	5884
757	47	9729
1916	73	2322
13147	31	913
1058	78	8414
8322	27	867
11769	78	5863
4920	73	13898
3959	73	8412
3281	31	7796
8491	49	2971
10526	31	7309
12480	65	7677
626	78	1856
4615	47	278
5572	73	2754
6895	50	2878
2928	73	10419
8179	73	4653
14277	78	14416
9309	40	1475
13998	73	13952
5159	78	7682
10793	73	9813
12503	31	4092
3462	39	7964
12637	73	2383
11983	78	961
12054	73	3625
7273	27	4401
1622	73	11477
3988	73	14657
11736	73	11528
5603	27	6235
7243	73	9529
7583	73	6204
10924	73	1254
307	73	9201
13324	73	14505
13739	78	1337
8728	73	317
11552	73	6252
5040	73	2209
13460	73	4018
10029	25	1675
11363	31	9995
4919	73	6962
12444	78	14863
2626	78	2759
10823	73	14954
6943	27	6725
11824	73	13894
1611	27	9978
13112	27	9826
13097	73	7721
10697	65	2447
4591	27	10230
3375	73	710
9889	27	4630
7509	31	3446
14030	27	9507
12588	78	721
747	72	2583
5956	73	5825
1701	73	10672
14547	73	6229
269	73	6630
1534	73	8435
4810	73	6504
722	16	5574
10614	31	9960
4945	65	7591
9764	31	3008
9368	73	5886
10592	31	7955
3263	27	14779
10101	58	2048
13683	39	14398
4279	73	10155
5481	73	10160
5043	73	10011
8159	73	2052
5474	73	6371
13799	27	8046
14140	73	14264
9458	31	9995
7199	73	6053
6886	73	9640
14280	40	442
12965	78	2860
14684	65	1156
377	73	13910
9597	73	4682
2017	31	516
189	73	2223
10665	40	13745
5184	27	7731
5625	73	9994
1584	27	10030
2109	72	10159
12862	73	8713
10846	78	3330
12444	27	931
14058	73	7632
75	73	542
11351	73	8859
6749	73	347
12177	50	7788
270	78	6219
10878	48	9502
9704	40	4830
13794	31	507
14398	40	4751
4322	72	6102
7688	40	465
11690	73	7868
14114	73	2695
12815	73	4154
8509	47	9071
13308	73	6305
11675	65	6244
3386	73	3567
13460	73	4321
6952	47	9501
12471	50	7777
11851	78	2675
8612	73	7157
1546	39	7121
9673	78	4421
14043	78	9209
921	73	6102
3646	73	5472
3113	27	6611
6018	57	10205
6611	16	304
14150	73	6326
3989	73	2290
1378	73	11516
14628	31	5860
14160	73	8431
8227	73	6432
12445	73	866
11795	73	3568
1676	40	9635
7384	73	7189
7566	78	443
12792	73	5802
10327	73	709
6579	73	10308
12078	73	13902
1071	27	8459
84	65	4629
12411	73	6133
1365	72	8942
12684	73	6230
2019	27	6267
14386	73	4320
177	47	7311
8646	57	5025
1332	73	9181
8914	65	486
12306	31	4169
7789	72	6219
2006	27	4441
12414	73	8552
248	47	1794
6553	73	5726
9402	73	6107
11896	65	4796
12078	73	1716
3993	47	7063
12072	27	5649
4943	47	5648
1097	78	9139
9012	47	8482
170	73	4067
4257	78	9977
14093	73	9323
13622	73	13853
14837	27	8046
11202	65	931
4952	31	7089
14623	65	4885
7769	78	9832
24	31	3536
9247	47	9120
4806	73	5786
8629	73	7755
8909	73	14851
14169	78	3934
11394	47	8447
11504	65	9596
8156	78	1594
759	73	6324
12754	73	6282
11647	73	7042
10149	72	10202
10714	73	3559
5694	47	5081
5491	47	4512
12390	73	6258
10070	73	1817
12527	78	9833
900	55	9884
13148	73	3010
13222	73	6966
7752	73	6503
3088	73	1770
12406	73	7967
12572	47	2766
3473	73	7959
2176	78	6266
8392	78	9270
9347	73	3228
10774	73	6075
11178	72	662
54	73	7638
14038	73	3062
2457	73	2876
13665	73	1256
7888	73	14700
4840	73	865
3601	73	4286
14825	73	421
4596	31	8883
628	73	11164
8611	73	10006
7172	13	6816
11620	73	14473
4450	73	1972
3814	73	10277
11470	48	14258
8227	73	2250
12801	73	11327
5011	73	6271
9548	73	1547
7249	73	7743
9275	40	14728
9439	73	4506
11195	73	10672
6553	73	8057
11714	78	5854
10315	78	1778
11010	73	8101
5052	47	2064
1032	73	6437
2402	72	7402
12066	73	4362
4277	73	1547
5898	69	1706
176	73	4111
13315	73	3216
7434	73	2210
4667	78	9775
10466	73	6703
12174	78	9843
11715	27	9980
490	39	879
7525	73	10672
5509	27	7306
3655	73	11497
8581	31	7040
3851	39	10126
4708	31	1436
13157	47	6351
1024	73	3569
5331	65	6100
9472	73	9600
6838	73	9705
3059	27	2873
355	73	9765
14585	42	14281
646	73	7894
14736	40	3427
13833	27	953
14104	78	10406
11351	73	412
13144	27	1979
13694	47	9048
5939	47	3628
7840	78	1856
3322	73	1673
7476	72	4066
12259	73	5909
5414	78	8414
5661	50	14706
9481	73	6971
11566	78	2116
6989	73	1784
12339	47	818
2341	73	2768
5047	73	7609
3268	73	5850
12411	73	1198
4043	31	5768
10032	72	1134
7599	73	813
12465	78	3398
7696	27	9068
2525	27	9507
4612	73	9252
13738	47	14487
10275	47	7676
6151	40	7808
1522	73	663
7449	73	4049
11998	27	13859
4228	78	10253
12043	73	4873
6366	14	14893
13271	73	1296
13534	47	9839
13810	73	7388
10585	31	4892
12977	73	3063
8833	78	4063
12059	78	8539
13284	73	5763
844	27	5655
12034	78	10681
12349	73	4134
11525	73	4991
12476	31	6078
156	73	10114
6755	73	10626
2652	73	3397
14156	78	2112
9414	50	7982
4642	73	7946
8752	73	2129
1907	47	2818
11634	47	487
12679	78	955
13418	73	2967
7383	73	7388
149	73	3684
10534	73	2249
1842	73	4104
12557	27	10078
4967	65	14509
11419	73	3667
7578	27	10234
13255	73	9231
12942	73	7087
1062	78	2141
7323	73	1205
11563	73	7032
44	48	12656
907	27	7799
10795	73	1706
1496	73	4249
12280	47	3188
1512	73	1412
2679	73	6823
11428	23	8001
12708	73	10270
6773	73	14657
5707	78	7975
12194	73	3335
3782	73	9517
744	47	7596
2680	47	7729
5519	73	4159
2438	73	3184
3427	39	6428
7700	73	10155
9549	73	1554
1909	73	1421
7191	73	9046
12722	47	9606
11319	73	5895
7146	27	7124
4647	47	2535
12616	73	7307
1493	78	5857
12376	73	7980
7545	27	1151
12401	78	3614
10048	47	4369
13046	73	8777
2701	40	4070
12377	73	734
11372	73	2463
6871	31	2715
1516	73	7748
11810	73	1770
5439	78	2659
1815	73	10669
8167	47	8403
12719	73	7422
4724	73	505
11444	73	5778
674	47	10437
10435	27	6581
2956	73	6378
11008	73	9493
10601	73	7862
11634	65	1273
13627	73	14057
10397	31	14746
7290	78	10900
1348	73	8550
14659	73	14284
11586	27	4163
8544	27	6180
4624	47	731
14916	73	7226
192	73	3407
9247	78	1685
8030	73	347
14421	65	4697
1574	73	5214
2744	78	5225
10648	27	5649
7539	27	3672
14930	78	14772
13560	73	1976
7601	73	5978
9728	40	8867
7542	73	3063
12427	27	4796
1478	21	4758
10105	78	5838
12783	27	8129
13039	78	5463
2716	73	6107
13030	73	4293
2596	73	6204
14276	37	3330
6937	73	1708
14889	78	4653
13208	65	1437
4265	73	4326
4012	27	6244
395	27	14822
1037	27	1151
11232	27	7394
8116	73	7790
12931	27	2873
8513	73	5337
10136	78	3835
14593	31	966
1823	78	2706
175	27	14352
9061	20	10511
10845	31	2832
8343	78	6296
6342	73	14721
10264	27	4294
12580	73	5864
11961	73	3242
6960	78	1309
10887	78	3470
14453	73	4325
1313	73	6017
10464	27	10466
9161	73	10740
5323	72	5981
2236	73	4402
8406	73	6068
12803	73	3484
8851	73	2189
3124	47	4193
61	78	3551
12445	27	6636
2594	47	7308
7035	13	10671
8829	78	4112
13156	27	3468
14792	31	8932
14071	27	7127
6050	10	12883
10952	47	2870
2635	73	7638
5277	73	6612
1801	27	1151
13694	73	862
11687	78	4172
5578	65	7784
12340	27	716
14163	78	7094
6359	47	3688
9297	47	9973
4613	73	10188
10871	78	13787
7910	73	7407
5283	73	8383
241	27	10127
3793	78	8986
1616	73	2998
12118	73	7422
3575	73	4104
13420	73	11554
14590	73	3480
1391	78	6144
9434	73	660
3157	27	9978
8114	31	2369
1701	27	3441
6890	73	7788
13194	73	5825
4782	40	10002
7447	73	1827
12684	27	9095
4782	39	6404
8491	78	6373
1861	78	5378
13624	73	6326
523	73	14700
3720	73	3461
6978	73	4296
12292	31	6078
5475	73	2120
7172	17	10365
10845	73	5828
5200	31	4886
488	40	5852
11868	78	7647
4473	73	6121
7053	73	5915
4220	47	2147
4890	25	14281
12841	73	6964
3945	27	2144
8619	47	4793
7833	73	9790
11017	73	9202
3803	73	3822
7270	73	8548
5614	78	13835
10498	73	10815
11250	73	7438
193	73	9097
11310	73	1672
5401	65	4796
2222	73	2707
4003	47	6301
2186	47	11152
6007	73	10776
12421	65	2800
7282	73	7182
9134	27	1759
4237	73	276
8375	49	7172
12659	23	4157
6060	73	933
11499	78	9098
5240	47	1169
1230	73	7943
7888	73	13910
14643	49	3978
6317	16	9467
5563	73	3511
2949	73	859
14424	73	7713
10847	47	5299
2008	73	2066
11618	73	8537
11344	73	6110
6575	45	10896
8133	73	3760
5572	73	6001
9286	73	1899
8113	78	1026
14108	31	5773
1364	73	10444
4023	47	14707
12753	15	496
2972	73	3139
5563	65	7749
7781	13	14276
7098	73	1329
2724	47	7311
3275	73	444
5108	78	6235
14431	73	10695
13714	73	3826
7897	73	5913
3678	73	14977
9908	27	5962
10338	73	4121
9258	27	6383
8181	24	11535
8295	73	1686
9550	31	11260
6340	65	6048
11855	73	5793
10523	27	2850
3808	73	10515
11218	73	9473
989	47	9729
12334	73	11159
528	73	8774
11087	73	943
2386	73	14246
13143	73	9231
5002	47	7056
9544	73	4018
9351	47	10272
11283	31	2369
6885	27	2867
11358	73	9047
2117	72	6069
7548	73	3396
8625	73	6379
3131	73	8433
6960	78	6692
13378	65	6158
1552	47	2818
4551	73	6388
13095	73	6997
13317	73	9039
13817	73	1416
12033	78	14760
8686	65	5854
11994	78	9504
182	73	8473
14079	73	5515
2920	78	2841
8737	78	715
5196	65	10745
7197	73	9058
10631	64	10630
10878	78	1404
2021	72	3348
6752	73	797
9423	31	14761
14673	73	10318
8676	78	1849
8202	73	9776
13271	73	10151
987	27	14234
5497	78	7395
11059	27	4630
3416	39	9267
8671	73	10512
11348	73	5972
5284	73	1328
493	27	10021
10214	73	776
11912	73	6664
939	73	10694
13660	73	8470
8309	73	5889
8154	73	1673
11115	31	9091
7812	39	14994
14969	31	3354
4767	39	879
10977	78	7950
9721	73	10184
9872	47	9606
7341	73	10641
7581	73	10842
11285	73	6166
1468	73	14714
2079	73	4725
12791	47	2880
4257	78	2141
12487	73	9858
658	65	6514
12676	78	14402
12016	73	1744
7886	31	5871
12147	78	6293
8594	73	6108
634	73	14731
4020	73	10006
12642	65	11072
8631	73	7302
4131	39	8051
11608	73	8764
11253	73	3234
4716	58	7652
12991	73	9768
3141	32	3976
5033	69	14750
3337	73	9821
6795	18	10596
1037	78	1151
8054	40	11123
3700	73	1954
6895	65	7430
8975	78	3411
14014	78	1014
10659	27	9578
10283	73	2990
4240	40	4197
687	73	4983
1050	78	2900
8340	78	2078
1595	73	10391
9237	72	1422
7423	72	2528
29	73	7481
2079	27	352
7207	73	9074
12193	78	14497
5681	31	1293
13052	73	11385
5160	27	10748
10104	73	3091
14251	47	4193
14175	78	10492
2729	73	3496
11771	73	14851
3074	72	6126
3481	73	9539
14386	47	2113
1301	78	1949
7920	65	8646
3291	73	4329
12442	73	10513
14829	73	7130
14262	73	2247
218	73	2052
11693	73	13899
12321	27	4410
8227	27	1677
12376	73	7868
11584	27	2979
3183	73	5850
5593	73	439
4818	73	1687
14682	73	3475
14136	73	8074
11930	47	9501
1045	48	6816
138	47	6177
1932	73	4154
13104	31	4553
10722	47	4882
5509	73	7739
14784	73	9067
4833	73	3432
12684	73	6142
1858	73	7976
2457	73	3478
5047	73	4632
7938	40	3412
11698	31	8878
8120	73	14495
11947	27	1759
12329	78	1168
14401	73	823
11188	73	4336
11953	78	3561
4751	39	3753
4119	78	2659
4580	31	5056
11055	78	4796
7205	73	1546
13818	31	7310
6097	78	14770
13771	73	2448
3777	64	10846
5384	78	9903
1402	78	9970
235	73	6056
4020	73	2371
123	31	4892
2488	73	5828
9817	40	4830
296	78	14738
9682	73	1737
4183	73	6706
778	39	11447
2806	40	6305
5791	73	9798
2467	78	4171
5705	47	1286
6302	73	823
6453	73	924
12744	73	4419
7754	73	5462
11054	73	2356
10821	31	616
4584	73	9075
3132	78	384
9525	27	9778
692	65	14696
10810	73	6591
6554	73	5472
14325	23	2131
4965	78	9191
1883	31	4886
1140	73	8018
995	73	2312
13492	27	1825
14665	78	7644
1214	73	7636
9567	73	6128
1297	40	9684
10510	31	9571
8504	73	1310
2518	65	9958
76	27	14783
11779	73	2877
10987	78	5466
7457	73	14514
13532	73	4058
8896	65	14006
5424	73	3454
2058	73	4047
11877	31	7310
2071	73	9034
11898	78	3195
12042	65	14457
1459	73	3233
14108	73	10692
11951	73	14739
8121	73	6314
11368	47	7034
3028	78	967
2513	47	477
11413	78	4320
14241	72	6127
12041	27	4759
11962	78	11123
4968	73	6626
11120	27	6753
12751	78	8700
2136	40	2151
5450	78	7058
13694	73	11122
14488	39	5215
12014	73	7055
9079	14	6735
3095	73	14513
12374	73	9200
2213	78	3447
2045	73	10366
1703	47	7922
8988	73	2752
11594	73	2250
7371	73	635
5439	73	4048
3767	27	6215
10716	73	405
11969	49	12656
4471	73	7868
12366	73	2997
7570	73	10036
1462	65	2971
3907	78	8445
3894	73	6503
10460	73	3245
3646	73	3487
1011	65	1299
14900	78	9085
7490	31	3354
10635	73	5311
8051	40	7811
11665	47	469
11189	78	9953
13064	73	1018
5503	21	7643
9389	73	10000
2004	65	9226
6974	39	5713
8225	73	2312
7441	73	4254
13381	78	5788
13098	73	9581
5535	78	6909
8266	73	832
974	31	2860
848	27	14417
11651	78	8521
1608	73	14771
14366	72	6234
5488	73	11159
14669	78	9638
12987	27	8665
13280	23	495
3740	27	8884
13974	31	3244
10813	73	3323
5639	78	4439
13432	73	1764
1878	78	7518
567	78	1849
1359	27	6712
287	73	4321
1639	40	13675
9417	27	2834
13531	78	4054
12114	73	1543
13068	73	13903
4344	73	5905
1091	73	7314
7109	73	7733
10119	73	13802
3054	69	6212
14622	27	4206
5382	31	4175
12613	73	6742
8839	73	2844
10411	73	3641
13214	73	11515
3571	73	6083
8880	40	9213
8686	73	6540
12451	78	2364
853	78	280
13273	73	786
5179	73	4386
8619	73	9988
2506	73	8773
4197	39	14308
3263	73	9757
11807	31	7309
13670	40	7689
3111	47	8443
8512	73	401
12146	73	13841
13179	47	13685
11193	27	4354
12652	44	6215
7835	31	2300
10048	73	9031
2536	73	6652
12677	78	3324
10396	73	5987
1615	78	13787
14634	73	6649
13944	73	11013
12222	73	7633
3984	73	9568
10163	72	5909
848	73	8384
11572	73	1551
11911	73	13774
14452	78	2863
4532	73	5894
8036	73	9527
10737	65	2140
5084	39	14750
8549	51	1028
9021	73	10301
4808	78	4078
8979	78	1476
130	73	14483
2335	73	9788
4451	73	420
4066	72	7476
8647	73	9941
8242	27	1292
12527	73	4794
8347	73	11130
2483	78	7781
1192	47	7064
2101	27	8079
14063	78	9852
4718	73	9774
14209	78	5782
1078	73	6662
917	73	13604
13543	31	3001
10140	73	7033
2982	73	4392
2071	31	14746
4119	73	1237
1615	78	3426
4694	72	14564
5053	39	8874
3189	39	1676
14658	78	10150
9293	73	8464
997	73	14471
4970	47	8538
11197	73	9961
10792	73	14372
11038	78	9078
3576	27	8048
12861	73	390
615	73	2549
11676	31	8016
14305	73	2999
12639	73	14483
11836	78	1637
5475	73	8651
11919	73	11334
13668	73	10963
7434	73	14457
1076	78	3847
7386	27	7364
11185	73	4248
3873	73	733
111	73	7865
4856	73	9684
14607	74	10866
10542	73	10556
11238	65	4155
3645	27	7905
11287	78	1856
971	73	11403
5604	73	10098
14866	47	8444
11126	73	14489
8527	73	10313
8823	31	13857
7230	73	6170
14147	27	6607
11726	73	1687
6592	73	5952
6951	27	5873
3572	73	10052
2514	73	548
9352	73	4396
10948	73	733
1473	47	7596
8325	27	5063
11279	73	14668
9909	27	5975
6063	73	5914
8828	73	3634
6130	73	5730
3161	20	6212
5163	27	10230
5033	40	8446
52	73	3253
2186	73	1426
13767	73	5801
13648	73	2272
12401	73	10463
12035	31	9571
4923	31	2369
1874	73	9954
9760	40	2151
12954	78	14801
7036	31	422
12947	73	5961
5258	73	5849
11934	27	8040
10527	73	6669
3311	78	2985
11409	31	440
6616	73	10308
14633	78	3529
11354	73	9092
10830	50	4295
12879	73	328
3765	73	4314
1607	47	2376
7098	78	589
1172	73	4296
8806	27	5060
255	27	3185
11822	78	5294
637	27	4413
3966	65	9047
10971	15	8862
13848	73	1952
4220	73	6194
10715	27	5877
12271	73	14371
7448	73	3502
14171	27	2771
9713	78	589
2983	73	10514
5254	73	6700
10984	73	1198
12200	73	7738
5676	73	2133
1404	14	9502
9367	73	14264
12726	65	8200
8227	73	6354
9660	73	7821
5545	73	5333
5668	73	7924
14931	73	11516
202	65	3902
12398	47	6089
7416	73	7899
271	73	10032
10851	73	6354
13410	27	7091
11311	78	2601
11732	27	6280
14619	78	1008
6796	73	962
3618	40	9552
3926	73	1975
10123	27	1957
7264	73	8422
5000	27	4422
7555	73	6908
8571	73	3517
14677	73	7376
7486	48	2447
2480	73	5864
6533	78	2861
5547	73	6667
2002	73	6686
4974	73	9054
5405	73	3611
12114	27	7874
8187	78	14781
1623	73	8653
1182	73	3689
10617	27	5845
12992	73	8005
11667	73	3082
9511	73	7862
14192	78	7164
6785	73	2869
12164	27	3430
13021	73	9849
13776	47	8939
12727	73	5878
10267	73	1542
14029	73	4665
3350	73	2463
12406	78	9932
11868	78	490
3180	65	11380
5132	73	2208
13138	73	775
1256	72	7626
10103	73	9221
13296	73	532
6090	78	1151
10282	40	3408
14046	48	2447
6196	20	8534
3887	47	2818
8706	73	14704
10703	73	8314
7241	78	10746
7383	73	1255
8513	78	3426
12475	73	1899
8716	47	1286
8351	65	6338
3315	73	13847
7268	47	8403
14790	73	5989
11638	73	9797
1294	73	11537
10467	73	855
5513	73	14345
1413	25	5123
13924	27	10040
1929	73	11007
14041	65	5063
13385	73	7297
9557	73	6686
2481	73	9639
7901	73	1544
6937	73	10018
7480	73	4692
2577	27	6158
13160	47	7056
19	73	6204
2465	47	7041
998	65	9188
6681	53	14912
12385	31	13586
6616	73	9509
12048	47	7017
14750	39	9840
13902	16	5574
7352	73	625
992	73	1412
8237	47	7730
12493	78	9717
6818	31	9572
1534	73	3528
9438	27	2994
3365	73	11273
14541	78	7818
1799	27	14346
11478	73	7167
4813	47	6147
3288	40	10244
2340	73	2221
13438	47	4495
7576	73	3539
2422	47	7676
1920	31	4355
14003	73	5468
5194	73	11159
13226	78	10406
8767	27	2860
11852	73	8668
14594	31	3244
14026	73	8442
12479	73	406
28	27	10109
225	73	9101
8592	49	2976
1818	78	5320
12171	73	7027
1517	73	7785
4991	58	6679
3005	31	9190
305	27	14055
13956	78	384
54	47	8447
8813	73	9111
7344	73	13843
142	73	4704
13374	73	9724
8575	73	9148
5090	27	11124
13950	78	4234
13386	73	14527
10850	11	9672
13309	73	6040
569	73	2530
2561	40	7795
10116	73	8045
5231	73	1972
5023	39	14466
10214	47	8644
3246	78	3934
12581	73	6354
743	78	4755
13106	47	6608
4219	27	9096
1513	73	4293
13363	78	3346
606	40	4045
3812	27	1949
1722	73	14473
2353	73	1036
12692	78	3632
2704	13	1529
8058	73	3691
11916	27	7397
14985	47	454
8734	73	6684
11252	31	2569
12040	73	2761
14813	73	7721
2345	47	11067
3337	73	7815
4250	40	14728
8887	27	4876
5266	73	524
8720	73	1297
10409	78	9079
4227	73	13849
12100	73	10694
3359	78	9191
4754	14	2447
14950	78	5861
10571	78	10383
14388	73	7039
2447	17	6393
11238	78	7038
11256	31	828
12013	73	5219
544	73	2582
13979	40	4751
10647	48	13466
11440	73	14315
7852	73	1530
13969	65	1151
12544	73	8552
10938	27	10224
6527	39	4483
3723	78	8049
3718	73	5784
8137	40	5713
5368	65	3468
3014	27	7120
12955	78	4112
13484	73	14851
9022	31	87
13292	78	3210
11873	73	4980
8729	31	13690
6552	31	3370
13334	27	11382
11799	65	6251
3932	73	6910
3485	73	7960
8835	27	7978
14454	31	2359
13122	78	6048
1184	73	8555
3966	78	6375
12612	73	10083
12776	73	9196
12336	47	4438
5952	75	6617
11622	73	3825
13567	31	13693
2610	73	3187
4938	73	6016
13194	73	7183
1225	73	6182
13091	31	13687
7616	31	1977
9395	73	10403
2002	47	3429
4624	65	2899
3692	78	417
10268	65	6338
3968	27	9802
11218	27	11264
7444	73	872
8202	73	4375
6770	73	3190
8451	73	13872
11453	73	4311
10706	78	2375
9665	78	8664
9555	73	9651
14669	78	9085
5694	31	9117
8935	78	6366
12193	78	3470
12313	73	9814
5569	65	11072
13196	73	9110
4207	73	7011
8969	73	4502
7811	39	7718
10971	73	9527
5537	47	9606
4585	27	14705
11871	31	4175
12233	73	821
14158	78	5330
11393	31	913
11457	78	2659
12784	73	4087
7289	73	8081
5665	73	2307
11654	73	11180
8513	73	1555
10337	73	9159
13197	78	1257
8816	27	8075
7260	73	5337
14516	73	14261
14624	78	7794
10893	78	1253
7198	73	9154
10399	73	7973
4917	65	7124
8024	78	4754
14160	78	1306
5146	27	6153
98	78	14470
3150	31	4441
14625	73	3207
8135	76	14324
3151	27	4080
2003	73	6686
12828	73	3520
11633	78	9829
8675	73	6684
977	73	8018
13077	73	5337
9672	17	2078
5570	73	6962
13550	27	9204
919	73	5968
4997	73	10076
7914	72	4109
2672	19	990
13231	31	814
11257	78	714
1184	73	5465
8741	31	14746
13546	73	9101
2063	73	542
14275	73	10444
4708	27	5292
13168	78	11150
3788	31	14711
6809	73	10581
8875	47	2178
1918	73	7182
2416	73	11520
5701	78	5738
9545	73	4284
902	73	8843
8570	73	3516
5121	47	11070
8623	31	14748
5808	40	10126
8178	73	8177
13428	47	6294
11552	78	5225
14834	31	9824
106	78	7997
11296	73	14132
14085	73	4506
7162	72	958
12708	73	5462
8084	78	3472
3878	73	3760
10735	50	9094
14189	74	4022
3130	31	3857
12154	73	7160
9352	73	3432
8159	73	6705
13127	31	9574
12953	73	4987
6729	18	9498
6867	78	456
10554	73	9894
69	73	3234
12209	31	14711
2950	73	9197
1869	15	4149
6785	78	5294
14693	39	10246
5433	73	11007
11004	73	9849
1076	65	1767
13057	73	10227
14229	73	10772
14067	73	8771
6887	31	8016
11500	47	2535
14411	73	9797
2827	69	10188
11441	40	884
1986	25	14576
10548	73	8548
2974	78	7057
358	27	14779
6736	73	8018
1386	73	3302
4270	65	4698
5384	73	7121
3200	39	2813
11839	73	4248
2001	73	10732
13104	31	3258
6236	68	13900
9413	47	14569
3045	73	9090
2752	69	14713
7047	13	10356
5679	78	3235
1076	73	7610
1950	39	5806
13474	73	777
6948	73	2853
4601	73	5057
8378	73	815
4273	27	7952
6820	47	4086
6575	40	14995
11816	78	7868
8814	73	5757
973	73	7876
10069	27	4764
12360	73	13888
965	39	9302
3392	73	14261
10734	73	3686
5721	73	10361
2170	31	14528
4808	73	4991
8617	73	9041
8790	78	4439
1722	73	2179
357	78	6393
8350	65	9984
5190	73	3302
650	31	1414
6862	73	5991
13206	27	9276
12831	73	14384
7237	72	5751
10283	73	7315
13740	31	4328
8220	73	4981
1733	78	3226
22	73	6725
6210	39	3429
10650	49	14276
626	73	8959
1628	73	10815
9959	39	6317
1002	78	6973
13152	31	2832
12144	73	2127
11867	78	3346
5505	78	3551
14900	73	9698
11992	78	7060
11924	73	4559
3175	73	6653
5227	73	10023
167	73	14124
12260	31	3857
2414	49	2447
10547	73	5970
1584	73	2877
2742	73	14366
1196	65	9978
11931	73	9215
1493	73	7039
3356	73	11133
8411	73	9517
10677	73	9954
11921	27	4162
12896	27	11147
7510	73	4915
8975	49	14258
1628	47	11182
10445	73	6204
12195	27	14732
9462	78	5270
13464	73	10060
13796	73	7981
6888	78	3845
1460	47	1688
11857	73	6204
2615	73	14572
11762	73	9962
12511	73	412
1039	73	8012
139	73	10081
14266	40	9619
13555	73	7251
14807	73	2769
14002	73	9637
8292	27	7127
245	73	962
486	72	7899
1811	73	6975
2856	80	6664
13038	73	11183
3419	73	2771
13067	47	2128
10407	73	332
7450	73	6601
4941	78	4855
5269	73	3212
1888	27	4361
14826	73	8172
8609	65	7126
2011	73	8436
6789	31	10666
5259	47	1760
1626	73	5849
13482	78	3090
9318	50	6330
8223	78	4439
2484	78	7079
4306	73	923
14999	73	8859
8974	47	14381
2039	78	9717
11702	73	5935
3017	73	9769
5238	65	14696
8171	73	9193
5429	78	4095
10338	73	3162
3320	78	4706
2	73	4249
10946	78	14486
8260	73	10057
5708	27	5036
13553	73	6107
5372	73	5883
14903	27	9578
12163	65	6244
6340	31	2899
8029	65	7717
11708	27	2160
6599	47	4459
8488	73	10335
10387	40	11724
688	73	6204
11708	47	4901
13456	27	14455
12484	78	2385
11290	73	14142
72	78	9304
6764	73	11334
12558	27	6398
846	73	4164
12651	78	4428
6283	40	4830
4365	45	9282
13828	73	6050
3276	73	3208
9920	27	10020
12701	31	9571
11708	78	10751
12805	47	818
8253	73	9215
14839	73	13761
1703	73	2272
13703	27	6671
11553	73	2670
6222	40	442
12107	65	14763
410	39	9620
11815	73	5774
4463	73	8436
11823	73	5867
2537	78	7970
11857	73	432
11308	73	6380
5723	73	9039
13535	73	10767
4041	47	4140
3888	73	10014
10274	73	3515
14483	10	12883
4220	47	14487
3068	73	14432
3094	73	11015
10644	73	4897
19	31	9190
14862	31	1977
927	65	4629
5605	73	7239
1610	73	4768
12468	73	6782
3861	73	14372
6455	27	9732
13661	65	8300
5687	73	1973
14832	78	7397
1713	73	7987
4265	73	5794
5573	73	9718
1932	73	4084
11735	27	7517
10657	78	11014
14914	73	9932
13429	27	2280
12668	73	5849
1928	78	4637
10983	73	6129
11114	73	7226
3200	39	5300
8037	39	14403
8171	73	3323
9403	73	871
11358	73	3665
2903	73	1819
11836	65	6416
10958	73	10227
9363	31	1545
11406	73	6379
5278	73	13887
13638	73	7131
839	78	8042
14401	78	1434
10601	27	9595
655	65	11178
4306	78	6909
13117	73	10208
8035	73	2067
14968	47	7730
7260	78	3544
10932	73	9629
9100	39	3405
7216	27	9139
10178	73	9215
10069	73	4445
14873	78	9958
1256	72	1205
13568	73	6129
11831	65	6256
2054	73	7725
8263	73	3526
2090	73	11434
7655	19	1867
11287	73	3038
2952	47	473
12891	73	6196
8812	73	6645
14253	78	14720
4834	27	7677
2420	73	13855
1527	65	9098
11644	31	6329
6815	31	2526
10811	27	13696
14889	47	6294
12359	78	4095
7545	73	6964
12095	73	6115
12263	27	10030
8280	73	5927
1647	73	8553
13234	47	14707
5140	73	5631
2502	78	1253
10219	73	6259
14331	73	6823
2740	47	9624
11898	65	2800
13296	47	7041
13675	39	6222
10886	78	589
12662	73	6112
13737	47	4715
14409	23	479
13530	78	11535
13889	73	4176
4842	27	1015
9248	73	9042
10987	65	2971
4194	39	5806
13944	73	2274
166	65	6158
11817	47	7184
13442	27	13696
5675	73	4415
2341	27	4859
9664	73	2053
14218	73	542
8847	78	3551
7327	27	2873
10739	31	6713
5447	31	4061
3806	73	7401
125	73	7013
3747	73	5884
11493	31	1479
12303	65	9829
1711	73	4087
2862	39	9630
12215	31	14755
7337	78	5666
1183	47	7056
11570	73	9189
9513	13	6225
9743	73	10179
4934	65	6136
13411	47	8055
5673	27	14317
9556	73	4936
3039	73	11143
5033	40	3412
12559	65	4097
10347	47	4900
1603	73	7862
172	78	2698
3808	65	14430
12578	65	4885
14579	73	6234
14683	78	14416
7195	73	3450
6564	27	2835
13330	73	1680
7881	73	6403
6176	39	4046
3994	65	11080
12770	73	3902
13633	73	660
13104	73	14290
10768	73	2259
4623	27	689
14627	31	475
600	40	6176
13969	27	1151
10559	47	7056
10104	73	434
9183	78	499
12931	73	6538
8590	73	10962
10484	47	6038
1115	78	7077
13255	47	14707
3474	48	6735
6334	40	1594
12994	73	6630
2444	31	14484
11106	73	2990
7806	73	5931
756	65	6158
5228	65	1677
11290	73	4937
13254	78	8474
14862	73	3000
3583	73	6410
11981	31	7804
1803	73	4959
878	78	5295
12562	27	2979
9388	47	10356
11880	73	7709
618	47	7361
4462	73	2217
5491	78	8006
9240	73	7817
1552	65	11382
11944	73	6650
11558	27	10230
9429	47	7028
6819	73	10686
10898	73	13862
7343	73	9778
1164	73	10389
4784	73	14343
11744	73	8934
10130	73	5848
10713	73	7739
2874	40	1028
826	72	7364
7523	73	1474
13433	47	4481
5598	31	9582
3871	47	2535
11837	73	1638
4951	27	9626
13287	65	9802
14147	73	7750
1058	73	10371
5408	73	4560
706	73	5737
12836	78	2881
7774	73	14287
9258	73	3003
8397	27	413
12592	27	9806
4270	73	4698
5329	73	2269
12586	73	13899
7380	72	10068
12165	21	10247
139	65	11376
14687	73	6471
14967	72	857
4841	73	2307
5369	31	860
973	27	4381
4454	47	14010
8297	21	6607
13343	73	10160
13031	73	3822
8580	73	14220
9744	73	2243
12552	27	453
13960	78	9977
10836	73	5973
11603	78	6427
3860	73	4480
8258	73	8869
1970	78	2698
11559	73	1440
12983	27	1049
12314	47	6321
11193	73	8410
9059	27	9277
13215	47	9809
118	78	3630
4476	39	10385
11707	31	11264
11163	40	3558
4967	73	2133
2291	78	6973
868	14	4510
13320	78	4766
2414	78	6393
7888	47	6301
2481	73	5850
3457	72	7278
14092	31	7598
1518	31	14741
12812	78	4383
14109	47	14414
6757	73	401
190	73	4870
13741	27	718
11734	21	4911
13492	73	1761
1912	73	9292
10472	73	14458
12338	73	5948
4456	47	889
11565	73	5770
9353	73	6394
7834	73	2823
10181	73	14947
11701	73	14314
13750	73	5762
10643	73	4324
2663	27	10026
6874	73	6129
12240	27	4112
12423	73	7607
2574	47	10129
9477	73	7086
8218	78	9842
8699	40	6499
7501	73	13852
6386	19	14585
10552	73	6068
11094	27	1960
2413	73	7857
14841	47	9580
4930	73	1993
13427	73	2583
2174	73	6230
9380	73	2815
12698	73	5741
14992	78	382
3	73	5992
10203	65	14718
2538	73	6257
7200	27	9023
12380	73	2287
1227	27	6215
5284	31	7310
13675	40	2184
6883	27	7397
6721	73	4403
3385	78	10751
2617	27	1957
14097	73	14241
2461	78	9219
12888	78	4503
8951	73	7862
3823	47	4793
14518	73	1336
8311	78	1437
5947	39	2996
2871	40	10385
8906	78	14472
504	73	7656
9475	65	3443
1644	73	3453
14885	64	10697
5527	27	4886
0	78	2985
5428	65	4417
7173	27	6911
12899	73	8971
3622	31	828
12561	47	4411
11779	73	7275
13282	73	13674
13974	31	8878
8054	40	4767
5594	73	13903
10529	73	5980
13206	78	2753
6851	27	8006
633	40	6391
6560	27	6013
3572	73	9734
7327	73	4704
759	73	7401
2592	73	9324
3810	78	5838
12944	78	8474
2665	31	4092
4200	73	14851
7414	40	7391
12313	78	5780
2550	78	5844
5557	73	3076
10306	65	931
13742	73	6483
206	78	9958
8185	27	352
5667	40	592
14323	78	6264
6913	73	3163
8032	73	4079
9565	40	3526
11065	73	415
12279	73	13781
11655	27	11484
846	73	7402
270	73	14712
13982	27	1167
5684	73	11532
5359	73	9215
4488	73	6380
12988	65	10161
11315	78	1825
5947	40	2830
5566	78	10109
13321	73	5751
10538	47	6301
12032	73	4822
11999	47	446
9382	73	9625
9646	73	7721
1667	27	5962
5660	31	14741
1200	47	5326
5618	73	6178
4304	73	5579
11614	78	14488
11089	65	7943
5413	27	4885
9398	47	3626
8705	73	7116
11628	73	4008
11922	27	10040
8351	73	2208
1144	73	2857
7483	72	9228
5213	27	3232
5577	73	10023
10458	78	14416
11618	65	11178
2977	31	9235
8910	78	7997
1799	73	10188
2973	78	9833
7572	31	8878
10623	73	14498
7378	73	7763
7154	27	5065
1924	47	9979
13910	16	4598
3005	73	14344
3754	31	9117
11229	65	2971
12385	73	5456
1546	40	5749
12970	78	6040
11735	65	11014
6840	73	8014
2905	31	13857
4471	73	6829
14586	73	1547
1815	73	7008
13980	73	9231
2868	39	9498
14785	73	4292
13029	73	6126
5629	47	4900
13138	73	2770
2736	73	1978
148	78	4380
12553	65	7086
8982	47	9077
2927	27	14732
9664	73	862
12332	73	2767
12104	73	6106
1456	31	9314
1444	73	2771
12272	27	14779
8195	73	4103
40	73	4632
8325	73	1976
8590	73	2755
11309	78	9304
8578	73	7725
11893	31	9574
3382	27	2835
12185	27	6753
7155	27	2160
10927	31	9995
652	78	8459
8925	27	4101
4454	73	822
2090	73	11286
8087	73	9629
8755	73	6029
2043	73	7725
6344	73	3166
9257	39	6926
2590	73	4873
2860	72	786
9476	73	6102
11311	73	6703
2950	73	7404
9462	73	5909
187	73	3683
645	31	9421
13978	73	7765
1342	78	11173
5705	73	4168
13060	73	4065
12753	73	9581
9871	78	2659
7434	73	2166
10657	73	6074
4839	73	5327
1709	73	5840
1565	73	1982
7262	73	2534
3960	73	7635
12234	27	10127
8584	40	3753
2421	73	1406
5543	27	6258
9557	27	4441
10685	73	7862
1038	73	9509
6170	57	13906
12091	78	7038
5508	73	3454
12908	65	9303
1882	73	13866
85	73	9819
9320	40	6530
14144	73	4987
8708	40	14466
13747	73	3538
12308	78	5780
11025	78	3544
11864	49	14893
13046	78	2884
11644	73	6626
5413	78	4330
3601	73	9961
1866	73	2845
12523	73	3073
10175	27	1759
6208	72	1531
3249	78	384
2557	73	9186
729	40	9733
2908	73	9600
10880	27	4860
658	73	6512
11718	31	9696
9290	72	8666
11498	78	7126
3638	43	5654
14099	73	4259
8111	73	505
14112	78	7309
13312	65	2800
4963	73	7756
10704	23	6366
4877	73	873
13710	73	9039
8107	47	3640
8822	78	9264
10563	58	1715
13560	65	4331
4424	73	4298
6862	78	13897
12843	78	6414
11677	31	6011
12506	73	4875
13087	73	8384
13202	31	9696
13960	73	2381
13217	73	5030
10218	73	4291
2778	73	5784
7696	73	4311
2678	73	10032
12387	78	720
3681	78	10045
11726	78	4114
8917	27	9211
69	78	10010
9318	65	6330
10986	47	7035
2388	27	4422
13938	73	3360
7693	27	13835
10067	73	3072
12448	73	5847
2812	65	5717
13494	27	402
14306	73	10515
11306	73	10192
2984	73	445
916	73	415
12112	73	9017
578	73	6126
606	40	1599
9763	73	3159
2952	73	1895
1596	73	4066
4009	73	2560
13062	65	7978
12966	47	473
12586	27	3495
9457	73	14284
2061	73	635
13341	50	10761
8435	72	10034
3961	73	1761
2577	31	9091
14692	39	6283
2650	73	14314
10655	47	10388
10139	78	3411
13236	73	5778
6466	73	3625
6567	73	5978
10783	39	816
8163	73	6725
13167	74	2414
12190	78	760
9176	78	3759
12122	73	9043
10738	73	2995
358	78	10903
4575	48	2447
2463	20	1899
13187	73	2692
9975	40	496
10417	73	9563
12165	73	733
4463	73	9834
9491	78	10310
12694	78	5960
6748	18	3417
12836	27	10749
11110	73	2878
13751	78	1290
165	47	8443
12022	73	10551
6789	65	10008
13011	73	1978
1875	47	8444
13318	27	1846
13117	73	3457
8802	27	8804
14327	73	3353
2642	73	7223
10298	73	1322
5591	73	3253
4806	73	8503
5573	78	10086
5207	27	715
13959	73	6113
11971	31	475
1666	78	2078
13377	73	14350
10633	73	290
13509	21	722
5148	78	4637
12536	73	8410
3910	73	10627
14858	73	10060
3222	73	6631
12802	73	886
997	31	3401
7479	73	8775
9423	73	7625
10058	47	14487
1665	73	2802
263	31	9824
13249	73	9116
6025	39	13682
8625	73	7755
3762	73	3065
14899	27	2835
9242	78	91
9490	73	1157
7014	73	9073
14976	47	14568
14873	78	9264
7738	72	4420
361	47	2766
12479	31	2883
3865	65	4698
8106	73	10512
11552	73	1737
12639	73	10043
7806	47	2887
383	73	4988
14849	73	9972
10348	73	9178
11029	47	7730
10659	73	4649
12745	27	5055
9615	73	4763
10890	27	3637
8812	27	7695
1870	73	11474
6046	20	1260
12910	31	14467
9491	31	1479
11583	27	13855
1376	78	382
10542	27	2866
7893	31	4328
14461	73	3439
4531	73	7427
14860	65	14430
12995	73	13680
10216	27	3203
1748	73	6129
10660	31	9785
11233	73	3625
12863	31	7797
2593	73	9034
30	27	9847
11064	47	7034
11244	31	6011
13047	78	11172
11274	39	410
8807	31	2369
13065	73	7815
10477	27	11014
2130	39	14994
12485	27	4759
13275	73	14961
7495	27	661
2295	73	3076
5665	31	1152
10733	73	2053
11205	73	6970
2099	78	5850
11885	27	9188
4835	78	6160
13728	27	6671
584	65	426
1218	47	9598
11774	78	384
11633	31	14357
13928	27	6013
11097	73	5913
3678	73	4819
11305	73	9522
13915	73	11383
5428	73	9261
5194	73	6478
12345	73	505
13821	73	6056
7837	65	8771
7844	31	3440
13336	47	9606
13722	65	7442
696	65	2378
9707	73	10039
4938	31	1933
3355	73	2528
212	27	8884
12441	78	1434
3114	73	10252
2292	64	11242
13251	78	4779
4956	73	862
3587	39	7597
3906	73	5991
8630	27	4746
6456	47	7596
8679	78	6269
1207	31	828
11777	27	511
13967	73	14458
8524	39	884
1535	72	6483
8302	40	7393
7527	73	2358
5186	73	9040
190	27	914
183	73	8422
9531	73	9989
11846	73	10376
8518	73	941
6225	13	9672
5084	40	4748
9392	73	9061
905	47	9624
2710	57	4085
11952	73	5127
1071	73	13855
1356	27	8006
12419	78	2255
4035	78	2076
7354	27	7905
11046	73	9705
14503	73	5890
10286	31	616
6930	40	5080
4744	40	14728
916	73	6239
5307	73	9589
221	78	1429
9426	65	8414
10564	27	5296
14787	78	6235
13445	65	10373
13421	47	9979
6847	73	5886
2237	73	7128
10409	78	9102
14063	78	4106
1067	73	2360
14867	73	803
12631	73	10302
4770	47	6492
14398	40	13683
12978	73	11075
14508	64	10967
196	31	9824
756	78	5175
4407	40	1282
4493	78	6298
4027	47	2131
2598	40	6087
10320	73	923
12821	73	4168
928	65	6035
2653	73	1960
10328	73	14495
8141	73	3826
8483	31	2569
10624	73	5750
4237	73	737
8339	73	7635
8831	78	7961
14194	21	1288
13479	47	9580
3172	31	9824
5203	27	9595
14082	27	5035
7433	73	10308
5534	27	9607
12905	65	10127
12151	47	10388
4029	78	6531
12364	73	1553
9018	21	6607
10650	74	12564
11587	31	1410
2514	73	4555
981	72	2987
8511	73	14657
2542	78	6983
13313	73	13802
6946	73	10405
5248	27	10524
8385	73	3435
10142	73	7161
13365	73	347
1911	73	4109
7001	73	5630
13164	73	7995
9184	73	5515
13112	31	6185
5502	78	4234
2598	40	5713
14681	21	722
14223	73	5784
100	50	9639
13476	27	14309
13212	78	4004
7848	73	747
4528	27	5647
12257	73	11122
10563	58	5893
12580	73	13910
12534	73	6018
9688	73	9757
4237	73	3479
14666	73	8384
11690	73	6022
11568	73	9112
12550	31	3602
12970	73	6653
7770	73	5936
10974	78	3347
10737	78	2391
683	78	6681
1502	73	10487
6756	78	4322
2501	73	1988
8159	73	7483
8234	78	7746
4282	78	9191
269	78	3632
3388	47	4193
2199	40	8206
13059	47	3075
4271	73	2929
14849	73	13832
10343	65	8884
5126	40	2151
7321	18	3213
7285	73	8000
8647	73	784
5550	73	2325
10157	40	11167
13508	73	3405
8315	73	14287
157	73	6091
8131	73	7464
2830	39	2862
11502	47	4411
13333	73	10551
14723	62	9831
10576	73	6743
10279	57	7379
5576	27	722
11917	78	10294
172	73	7004
12302	73	3450
12159	73	2129
10248	73	8464
11684	73	7681
11318	31	9117
12458	27	7120
895	73	9774
11089	73	6603
10871	73	5337
9644	73	13843
4595	73	785
11731	47	14423
12300	73	9776
5352	27	5035
12264	78	2985
4451	73	8101
7525	73	14287
835	73	1280
8255	65	6258
11684	73	9155
1702	78	1258
12184	31	14761
4848	47	1149
13644	73	9692
9375	78	6672
7850	73	4980
4280	73	4293
5451	78	4513
14976	31	4860
14398	39	5942
4412	40	2988
14389	27	3495
1203	49	14258
3882	31	963
3942	73	9851
9481	73	14248
11417	73	7778
4220	47	10388
7023	73	1634
11349	65	5649
12660	31	7310
9791	40	884
6582	31	11177
8159	73	5927
14442	73	4115
6697	40	9635
222	73	4684
370	73	5778
9676	47	1694
7245	73	4693
4601	73	14007
10570	73	14754
10937	27	10030
8404	73	7429
3645	78	7619
9245	73	5221
1836	73	1992
392	78	2861
10360	20	4704
8876	31	7299
14273	73	773
11668	73	11156
1313	31	9999
4929	65	7586
9133	27	87
9038	32	9803
8846	31	963
12563	27	4791
300	73	6054
13778	27	5154
11579	73	13845
14888	65	6909
13068	65	14055
6905	73	3674
12607	47	14008
1084	31	966
14848	27	1831
13208	73	7639
10387	16	304
12569	27	10748
1514	73	11516
2443	27	8046
7353	73	9228
11132	40	7122
7703	73	832
4562	31	4328
11566	78	1437
4231	73	1021
13398	73	5991
1707	73	6073
4584	73	6192
13385	73	7664
5691	78	9191
9911	73	13854
8686	31	9117
10176	65	511
1004	73	9542
13288	27	10008
11341	65	13851
12493	47	469
3427	39	4823
2228	78	5466
3107	73	3347
5587	73	10001
3297	73	6012
8319	27	4868
4341	78	3495
5496	47	8547
10535	27	9847
14937	73	8017
12273	73	337
6468	73	1954
14322	73	802
1875	78	5842
4840	27	4401
3132	78	9313
14623	78	10010
9487	31	5334
12980	78	2139
56	73	14988
12370	78	6298
3590	78	6438
5352	73	7422
4937	57	6291
11207	73	6648
9357	31	4105
7074	27	10127
3598	78	8049
11355	73	6337
5023	40	9586
227	78	8661
8194	73	5176
4634	25	11466
13466	17	9227
8066	78	2027
12830	73	14350
8191	73	4350
1223	27	10749
6299	27	6219
7913	73	7051
7852	73	1260
2490	73	4048
3042	73	14315
14079	73	9798
11038	73	5935
7774	78	8172
1941	73	14564
3809	73	11051
9604	27	1571
13994	73	2257
5743	27	14478
12910	27	4162
10601	73	13843
9659	73	1238
7541	73	5833
13193	73	7182
2677	31	11264
5210	73	1338
7210	31	4389
12623	47	7966
10502	73	3206
6426	40	14403
1950	40	3427
10130	65	6324
7282	27	9632
13563	73	2815
6801	73	5898
12999	47	469
9479	73	8542
1266	47	1286
344	40	4823
14037	78	10383
1864	73	10003
4996	78	2608
14733	39	13688
11049	73	9926
6456	73	9116
2697	73	10640
304	73	10387
11386	72	1717
9325	73	6653
1823	73	1817
1709	78	14722
8835	73	5319
13738	73	13875
11892	73	2287
10866	48	2971
12035	73	7314
1276	73	6345
6352	73	10487
10480	73	4115
9389	78	14720
14981	73	4066
12328	78	10581
14210	65	5717
1118	65	10313
5227	27	1792
607	73	11134
10612	78	3630
8127	78	7058
13989	73	1976
6096	73	5337
2058	73	10627
9343	73	3000
8558	73	9279
5237	78	4706
12078	73	5801
999	73	6640
1423	31	422
10708	73	8464
3704	78	7164
12864	73	3487
8389	73	3406
12627	73	14951
13274	73	6511
8944	27	6578
13648	73	9107
8906	73	780
7582	27	1759
7138	27	5649
7319	27	6234
14884	73	10754
10476	73	5794
2468	73	4053
6007	73	4768
3999	78	6416
3327	73	426
1904	78	3235
3263	73	10841
1924	78	5715
8895	73	771
6776	78	2027
6872	73	2069
5251	73	2894
7506	78	2884
8966	47	4459
12571	73	1129
9484	73	6630
14067	47	9089
12595	73	2471
12693	78	3588
10573	78	3632
4197	40	6174
11241	73	6621
575	31	8878
9458	73	4403
1195	47	7063
9162	73	7737
3882	73	1419
5995	78	280
12237	31	5458
13657	78	3324
13237	78	10747
14877	40	2775
11621	73	6388
681	47	1405
7339	73	5976
10949	73	1553
3550	78	2375
10330	73	1547
1713	73	9221
12739	31	4420
12525	73	2707
12612	73	7948
12240	73	6519
10904	73	7403
1546	39	3526
396	27	3465
6889	73	2999
1643	78	5854
14093	35	7668
12076	73	14727
850	73	4314
14577	73	14712
11673	73	14243
13194	47	7375
5204	65	7978
8624	73	7013
1534	73	3348
12937	73	10287
11257	73	7002
60	27	14479
13301	73	1686
10938	73	1237
6472	73	6105
9903	40	4373
11126	73	4558
14784	73	6371
1502	27	2144
1913	73	2714
2771	72	14373
1375	65	325
2003	73	6680
4561	73	7608
5095	47	7063
1750	78	4146
11617	27	512
10142	78	6495
10945	27	4691
85	73	665
10121	47	1149
4012	73	7419
2087	78	6211
14355	73	10596
8961	31	14719
7872	27	8669
12357	73	4397
9165	78	3588
2057	73	4316
4782	39	10250
81	27	13684
14578	73	9795
11370	73	6093
10985	27	6781
11593	78	4881
12594	73	6003
14280	40	14728
14885	74	14032
3309	73	3524
6445	39	8746
12506	73	7951
10708	73	11469
4492	27	7717
6067	73	3208
11825	47	1760
8214	73	9966
11909	73	6687
6869	78	13812
8931	39	5740
14922	73	883
135	78	1476
13549	78	4755
4675	27	6387
5518	73	6506
8712	27	5029
12364	31	14755
1728	73	4066
2515	73	9084
12103	78	6911
6429	73	3184
3279	73	8986
643	73	4251
2643	73	5832
12186	78	6219
3366	73	6275
6491	73	784
7883	73	4664
12387	73	7800
12106	73	6964
14135	78	7644
8622	31	1131
10547	73	6346
8212	78	14695
11608	47	7956
10238	73	1716
5704	73	3414
13671	40	4449
11270	73	7234
9245	73	3064
14628	73	5057
9022	73	7429
7137	78	458
4799	27	10748
12037	78	9963
5069	73	5465
7856	39	8533
10458	73	1598
6609	39	4823
5407	78	7978
12036	73	2318
11436	47	11182
8844	73	7722
14986	27	14718
13661	73	7090
258	65	11080
3986	78	14497
7378	27	7763
10545	73	2844
4952	78	2401
2085	27	8940
11226	47	487
9682	73	13852
2945	73	2117
6643	73	2065
5990	73	14371
1369	78	1960
8237	65	3465
7383	73	1770
1226	73	9205
12398	73	812
8361	27	3529
1057	78	4146
2246	73	4018
4341	31	4858
8852	78	6614
9245	73	10277
14272	73	8943
5146	73	5337
11841	73	14765
12808	47	14707
13281	73	10627
13392	73	4292
8903	27	11177
1510	73	3844
12637	73	2767
5521	39	9081
12036	73	9769
2975	47	11166
13220	73	1328
9379	31	2359
3970	78	7820
12817	27	1138
283	40	6271
10812	27	4156
12061	73	2289
12682	31	3142
12088	73	9774
13145	65	4156
12010	73	6199
3595	31	11260
14934	73	4506
11647	73	5039
11960	73	421
4353	39	4771
12218	73	9796
5996	40	14728
13002	73	7167
4540	73	6997
906	73	3228
578	73	6208
2946	73	11383
7487	15	9884
11029	27	4630
4832	73	5918
7070	73	7179
13193	73	14142
14811	73	14734
9133	47	14381
13922	78	14430
3806	73	1770
8803	27	14055
4589	27	1831
253	73	7607
5687	65	9642
1935	73	2999
3275	73	2135
12393	73	5749
12951	27	456
8163	47	5031
11514	40	461
842	27	3455
6441	39	6462
8565	65	8700
8483	73	3662
3328	73	416
10620	73	2801
5107	73	6108
6619	47	10115
7281	73	6319
8805	73	3685
12777	73	9271
1663	73	8542
12225	73	10165
8695	73	4543
7487	22	900
3177	64	14032
7504	73	9811
8514	78	6266
11784	73	426
7510	47	9266
11703	73	13902
12976	73	2187
10584	27	9968
3227	73	9652
4540	73	10371
8029	31	7991
11274	39	7971
12193	73	14315
11767	73	4704
8923	73	9759
2496	73	420
14232	27	3603
7134	73	6742
8827	78	3551
897	73	13855
3595	73	665
11196	31	7671
5800	73	317
8749	73	9821
6933	47	14487
13195	73	4986
3908	65	4162
7030	73	6075
11741	73	9932
11854	27	11264
4277	73	10000
13421	73	4937
3153	73	3253
10394	47	9624
11957	73	7996
2367	27	4357
11961	73	6543
11909	73	772
5500	78	7058
8486	40	6327
2966	73	6518
7902	73	6254
13659	78	10097
8962	73	9946
1319	73	2052
12682	78	2116
10586	31	3857
3755	73	9189
8613	73	3432
12227	73	5954
12139	78	4124
12559	73	11156
4313	40	3552
3750	78	4766
12838	27	3624
12497	78	1253
3307	73	14729
2547	47	3628
8719	73	406
6567	73	11450
6733	73	13674
6722	78	9638
5230	31	5871
11274	40	7003
10002	39	3627
13432	73	777
2473	65	6909
14935	78	8521
6893	27	1292
11465	73	1847
982	27	2160
12965	47	9773
4575	78	14695
10336	73	5333
14257	27	14571
4932	27	452
12231	73	3211
14965	27	4377
8781	27	14719
11764	65	4796
7892	78	4867
4273	73	10229
3746	73	5312
490	39	8053
9453	73	823
13470	73	14342
1574	73	10187
12781	78	6287
14522	31	516
8291	73	2877
11306	73	2394
13288	73	4348
11039	73	2849
11058	31	3244
12161	78	5780
3947	73	858
12441	27	4297
10417	65	6598
5550	31	2762
10786	73	6053
5255	65	2800
12349	78	760
12033	73	9634
12832	78	8700
7577	73	10444
13572	73	10179
7182	25	8953
5508	78	14416
13536	73	10222
3868	78	6414
2489	78	7820
1839	73	9894
11756	31	9314
13890	73	4368
13791	73	6199
12966	65	7895
9497	40	5014
2663	31	7797
5147	73	7813
9685	31	7603
12700	73	11130
9656	78	1258
2871	40	5852
13246	73	470
11032	78	448
11646	73	3589
5009	73	10083
1085	73	7755
3918	73	14961
12362	78	9783
1520	73	6460
8625	73	11383
4905	73	2282
4578	73	7959
4589	73	4560
2341	73	1706
4467	73	1635
12158	73	4603
13070	73	1413
5050	73	3585
7295	73	7658
11860	73	820
3754	78	9085
14767	40	5038
11591	73	7374
2718	73	4549
10334	73	10367
4924	73	14241
12905	73	7033
8371	65	11076
12789	73	788
14461	78	5025
4602	73	5832
3622	73	445
11061	73	9759
14398	39	9840
10059	73	10357
9016	47	2833
1868	73	8503
12296	65	9582
2513	73	10287
572	78	6248
7283	73	1416
7243	73	9982
13084	27	11517
4201	73	10672
5455	78	10253
13139	73	9221
12933	73	2050
4464	73	6507
4038	27	8041
3179	73	6019
2922	18	8521
10736	73	5830
8298	73	7160
9874	73	7278
8961	73	7653
9546	47	2887
9028	78	9498
5114	73	5632
11210	73	5728
6090	73	6157
8842	73	598
5679	78	4425
13965	78	6672
7879	27	14486
8246	73	7033
8698	73	4348
6860	78	7772
11491	73	7031
12243	31	7673
3998	78	6225
8245	27	11136
3287	47	5627
12508	73	4292
13012	73	275
2785	78	4706
9537	73	7959
12431	73	9776
2237	78	6495
1512	73	6433
11671	73	1634
12238	73	2046
7825	78	5466
8419	73	9215
10140	73	808
14258	17	3411
12917	27	712
14561	73	7401
9321	73	9092
2181	73	659
3462	39	4781
10762	73	6335
3271	73	783
1454	73	13872
10400	73	7013
9173	27	2674
10993	73	1411
12483	78	7975
745	73	4665
6360	73	4442
14589	31	725
3282	73	6019
12042	47	5648
10338	73	10034
1078	73	10080
12547	73	5457
3011	73	11286
14175	31	10492
12087	31	9696
4805	47	14123
299	65	6417
12763	27	456
14618	73	10511
3200	39	6378
11779	78	9977
11023	73	14285
14255	73	3208
10265	65	7895
3980	73	4392
5043	47	14778
10	73	3323
9143	50	7121
7742	73	545
12406	73	9932
5590	73	3003
6361	73	11269
14152	47	5326
13447	73	10080
10703	73	5512
12204	47	6691
12813	73	3347
12395	73	5153
8271	47	9048
11290	73	3240
7155	73	7082
2035	73	4552
12692	65	3637
1006	78	4638
12647	27	2835
2042	78	8521
8311	78	8862
14206	73	4134
8402	73	4284
4582	73	7660
1559	73	7762
14193	27	1773
4466	47	4346
8561	73	6181
13476	78	6654
6463	39	1950
8735	73	5987
3355	27	2062
12348	73	14714
11931	73	14350
10657	73	1108
1843	73	7790
7851	73	5864
4942	31	5823
11470	78	2861
14364	39	6263
11964	78	387
3017	78	8856
1700	73	13849
13186	73	5041
3108	78	11339
2237	73	5972
5449	78	10253
1466	73	7713
7704	65	10041
987	73	6249
10610	73	2453
4679	73	1021
1586	73	4321
655	73	11122
2004	47	3613
1457	78	5564
13581	78	863
14184	73	441
2513	73	3302
2540	78	6984
765	73	6500
3130	73	2958
3704	78	3367
3095	78	6289
9495	27	9256
6448	40	8037
9909	73	2560
13324	73	8470
5281	73	2522
14031	47	1271
10244	39	3288
12330	27	4004
11320	31	2602
12772	73	10060
5396	73	815
11771	73	5176
5071	31	954
3406	40	8177
1916	73	4074
10872	73	11334
14932	47	6368
2517	73	5726
11605	73	7728
5938	73	8314
9722	73	14248
10886	73	14292
7491	47	14381
4593	73	4368
13535	27	9302
6714	78	6258
11353	73	5841
3646	78	7038
8151	73	4506
14974	72	2802
8342	31	9995
10925	73	9568
14663	73	3450
2484	65	5768
6364	73	6545
1463	73	3432
13623	78	6253
1465	73	10487
2507	73	6390
1738	73	5816
12320	47	7516
10957	73	3607
5698	47	959
13140	65	6345
646	73	5923
12205	73	14346
9560	73	4725
1111	73	8405
9466	73	11286
7359	49	3978
14176	78	7619
14667	73	3524
7502	73	785
6802	78	7818
649	31	9239
11407	78	5461
2103	73	7178
4707	73	9932
5461	13	9385
12275	31	9574
8117	27	2662
13207	27	7873
7549	73	4559
13375	73	13886
9460	27	8539
13756	27	6398
6313	40	5325
14881	73	6962
2337	73	6008
2059	73	1302
10697	78	14695
166	73	2150
6812	73	6591
4043	73	9566
14821	31	2267
7888	73	13886
10029	20	13816
614	73	8173
10073	73	3164
2500	27	9802
13342	73	2046
81	73	14513
4582	73	9072
9037	27	2890
9546	73	5880
3104	27	4082
13001	73	1349
12579	73	5841
12837	78	4383
5744	27	4063
8643	78	4145
4233	47	5932
4347	40	947
5555	65	6086
9176	73	968
3464	73	3067
12016	47	7956
9586	39	5023
8925	31	4100
1064	73	2306
4950	65	931
10677	73	1547
14149	48	14258
2743	47	454
9543	73	9777
1936	73	6192
14562	65	9943
10980	73	8101
11966	73	10279
5506	73	11048
1549	47	10311
393	73	7860
10443	73	5923
13810	47	6168
13584	31	14745
14162	73	3396
11061	47	3323
5223	73	8464
4209	73	7607
2387	73	3396
5047	73	5973
13425	78	2391
14184	73	3323
9159	72	5941
13172	65	4097
2565	73	6524
2444	78	869
3491	78	7989
2199	39	2600
12860	78	9270
5473	73	9651
180	73	7755
12051	78	11345
14435	31	1131
10400	47	473
10820	78	6416
8355	73	6186
7837	73	4514
11872	78	14459
7384	31	1152
14651	65	14134
12579	73	9236
11437	73	11452
8137	40	442
10847	73	13843
13425	73	1847
9367	73	8056
7903	27	3620
5613	73	14958
7527	73	5927
2467	47	4098
9728	40	5016
13997	31	302
9523	73	6437
13231	73	3502
11155	73	5769
4007	31	3244
13025	73	431
6955	47	8528
5522	73	14689
6977	73	3435
3714	27	7394
8696	73	14851
4680	73	10350
11957	47	3466
11857	73	5859
11828	31	8873
3548	78	7124
14075	65	9820
14792	73	4419
12382	47	7516
2810	78	7224
12275	73	6106
12476	21	4165
372	73	2052
11918	27	7998
1439	73	10032
572	78	2112
2336	27	489
5404	47	5504
12149	78	447
9867	78	2141
3079	73	9570
2541	78	1736
5552	73	9724
12145	27	10492
8731	73	3168
8482	13	6485
11325	73	1438
7521	73	11014
7492	73	9705
3872	73	11071
4340	78	6909
6490	73	8778
1891	73	9811
1566	21	6208
2413	65	7724
14196	73	7983
11569	27	10030
14994	40	2130
3744	65	3458
5261	73	5908
7203	65	1850
11228	27	14318
7919	73	8426
5544	35	7690
4869	73	952
12771	73	10512
4698	72	1942
10738	73	4960
1145	73	6544
3295	73	3208
14506	49	5564
10901	73	597
10941	73	10227
8227	73	5314
1335	27	6114
5218	73	1544
1511	31	6713
2991	40	6974
7261	73	462
11850	73	8409
1938	47	604
12572	78	9783
5155	27	2860
11926	27	10312
11948	73	4318
10656	47	7041
5190	65	6984
13523	78	14465
13297	47	9266
8774	16	8774
358	47	2667
518	40	7814
9134	73	5898
14662	73	3062
13343	73	2021
1671	73	13803
12578	27	512
3891	78	14709
9602	31	3401
1358	73	6612
13160	65	6425
5050	27	4155
7630	78	3213
4526	47	10129
10347	73	7225
3883	25	4448
8901	73	2068
1922	73	9159
2417	73	6073
9450	73	4056
13431	73	2765
13984	27	4165
8175	39	14995
366	73	9278
12030	73	7130
8331	31	3244
14129	73	6129
11313	73	14249
12722	73	13673
1620	73	1296
13591	40	4771
11298	47	10129
11238	78	1309
128	73	14007
534	40	13682
5551	31	4791
95	73	9082
12184	27	6203
12149	65	10040
908	73	7621
12422	27	13763
8369	78	6409
12793	27	9553
2335	73	7226
12153	73	1440
11009	78	2858
10920	73	5314
11829	65	8080
4957	73	14572
12651	73	4374
14325	73	4983
4022	64	14189
5541	47	8274
13094	27	8093
4605	31	14737
14438	73	14714
12912	27	10236
8913	73	9724
8338	27	4398
5119	27	5297
9415	73	11146
6179	72	9061
10128	47	7649
2740	65	4885
13506	73	1708
14	73	8871
8252	73	9215
8460	40	9268
2494	73	4327
9245	65	6048
12695	65	14055
12598	73	9813
14179	27	6398
8372	78	6269
14835	73	6630
12424	31	4858
7343	73	4386
1935	73	817
1460	78	7978
138	73	5456
8549	40	1028
2973	73	5976
9775	14	2447
3498	73	2360
4872	73	14734
8525	73	7379
8619	73	6513
13313	78	3629
10907	47	4715
146	73	3067
11272	73	6155
4618	27	7591
2610	73	1673
13650	64	10839
9815	65	6971
1172	73	2358
552	73	9642
6590	73	2252
1782	73	13883
14978	73	6046
8907	47	9773
8358	47	2149
13512	73	4975
14921	78	2985
11656	73	9214
2098	73	7994
3131	78	5782
10875	73	6779
13931	31	963
8502	73	14749
9137	27	7927
1174	27	775
582	11	9502
3932	27	7979
285	73	3010
7410	73	3127
4341	73	3240
1468	73	7175
14627	78	9270
8931	40	10392
7132	27	5752
49	73	7518
534	40	3558
9931	73	7131
1703	27	9078
11788	78	8861
11478	73	7484
10462	65	4206
14274	73	10314
3095	73	4350
10917	73	6326
994	73	10514
11557	27	8654
6794	73	2837
9179	73	1788
7138	73	5472
11734	27	4125
10865	73	4008
10617	47	4193
11787	73	3843
3275	47	3639
4953	47	5775
5783	39	8469
10539	78	2759
13936	73	1981
11354	73	7626
9294	78	8531
6993	73	5963
5469	73	10023
10764	73	9797
3375	27	5649
11884	73	7725
7382	73	4249
12012	73	1598
11454	73	2117
11876	27	10162
7206	73	5895
7599	73	2897
520	73	2853
8673	73	7972
3657	73	9982
14584	27	2763
2575	47	2134
7761	50	9777
10898	27	3441
14717	40	3753
14995	39	2379
12333	65	6137
1030	31	3008
10888	27	10373
5503	78	3099
408	47	7575
9679	78	11339
8221	73	8550
13614	73	11007
617	27	11178
13008	47	4356
13428	31	422
5679	78	14753
13208	27	1437
14834	73	6081
7246	78	1155
8224	73	3501
5801	16	13337
5189	73	2764
4455	27	11014
364	47	454
5414	31	14484
5345	73	4853
12514	73	2312
1507	73	7617
5384	73	6082
9674	73	13872
7069	78	6232
4785	65	6330
11308	73	1406
1519	73	6544
12060	73	10007
12879	73	6484
49	73	10676
14909	73	3435
10881	73	4150
1640	10	12883
9492	73	2179
1176	73	11324
4222	73	8431
3485	73	2801
9612	73	667
11756	73	7690
5341	74	14207
14888	73	815
9755	73	7059
14619	73	2453
4642	73	10302
7270	78	726
12941	27	4288
12521	50	2069
1075	78	4545
12787	73	5887
6819	31	10686
498	39	13681
7808	40	13591
8346	27	1966
5130	73	3208
1210	73	7484
8674	73	1828
11732	73	1412
9435	27	9578
2319	47	7028
4540	78	1248
11060	73	6990
13193	78	447
12836	73	5898
12176	27	1299
10958	73	4665
323	27	9108
14210	73	2772
10682	40	14466
9267	40	6845
1060	73	5792
7920	31	4444
11720	47	749
12056	27	7400
1231	65	3446
540	73	8101
13726	27	4775
7102	73	5911
10856	31	546
1845	73	9929
9887	73	5883
3086	73	6478
7377	39	5351
8288	78	3008
7084	72	780
2645	27	14732
12262	78	10364
13928	73	770
12990	73	7664
12133	73	3184
12085	73	9642
11481	73	9762
6313	39	3427
3437	73	5993
3656	21	4758
4025	73	7303
6868	47	10129
12740	47	3640
7497	47	9048
10534	73	8550
14793	78	5960
11084	27	7120
9301	69	7655
10587	73	8773
751	78	2858
10375	73	7743
10660	73	7876
12631	73	6270
3929	73	1790
14677	78	7619
170	73	10727
8313	73	3063
13221	73	6233
13252	73	3560
11589	78	9808
11500	73	9768
10674	73	776
9556	73	6202
13183	31	8932
3117	73	10017
10999	73	1582
5475	73	6423
13539	78	10681
13870	47	9949
5470	31	3857
8214	73	6379
118	47	14307
11019	73	8435
13445	73	7275
10590	78	11379
5000	73	2371
3016	73	9576
12433	47	9520
9648	73	6237
3749	27	6310
906	47	14288
3043	78	4829
8826	65	5065
6357	14	4901
2612	78	4149
11687	73	2360
1877	78	2078
10657	73	3524
11684	27	11178
11996	73	7987
2197	73	14142
13499	73	11075
379	73	9951
13719	47	5091
6660	73	4288
11161	14	2976
12179	73	4298
8718	73	6503
8755	73	7404
9716	73	2769
13468	73	6648
3740	73	6208
1928	31	954
12634	73	6079
983	73	14697
6334	40	5857
13250	78	11397
673	47	9580
5159	65	4885
11502	73	5057
9523	73	3342
14446	49	3978
2039	31	3856
3591	73	772
3473	73	2891
10807	78	1404
11369	73	7314
13475	73	8555
14158	31	1298
13823	65	7858
11503	78	8521
4217	47	9122
13461	73	3686
3307	31	9050
14816	47	9580
14686	78	7820
6432	72	3852
13946	73	5778
13633	73	4552
4856	47	5067
11758	47	4086
7447	73	4248
11429	47	3254
4231	73	4139
11678	78	8521
14033	65	7873
1332	73	2960
1504	73	5828
10706	78	1253
7350	73	4443
8211	47	8937
14846	73	5176
12556	47	7956
14390	78	4754
13258	27	3446
11046	73	2247
8734	31	6699
8145	78	8471
2920	65	2841
9059	73	4873
12668	73	6112
1597	27	4630
13246	73	13901
10883	47	4874
5165	31	7310
4590	73	3076
11307	78	3398
12540	78	3417
14829	78	2076
12260	73	6653
3906	73	9777
12878	73	4396
14826	31	5871
113	73	2711
6530	40	9733
14667	73	1764
7074	78	2377
5250	47	10272
14605	73	2115
11235	78	2934
312	73	13672
13726	73	2068
10587	73	13783
10134	73	2769
3331	73	426
3381	73	14259
11307	73	6270
11350	73	3184
12604	78	2281
9670	78	6855
11921	47	4364
1311	78	14247
12128	73	10095
1	73	10036
14344	57	5967
14291	65	6035
8600	73	14287
12214	73	6423
1176	27	8942
6881	73	9774
3016	47	9077
13318	27	7126
8746	40	14823
14859	78	9036
7036	73	14249
13115	78	7520
3070	65	4262
4274	73	5631
11972	47	6207
14499	78	10084
5158	78	2800
9668	73	1855
14613	73	11330
13339	78	6381
7202	48	14258
941	16	910
13922	73	3543
6889	73	3056
13078	73	4329
14045	31	6322
5372	78	2026
6528	73	2961
12743	73	14284
5684	73	3078
2975	73	6282
3146	73	13774
13408	73	5039
13710	78	8700
12448	73	2262
4681	73	14392
13515	73	9045
8605	73	5759
11621	73	6170
13292	73	6517
1549	73	3047
2501	73	4960
4677	78	3008
13124	27	10492
3545	73	2211
13192	27	7947
7773	78	10051
2510	73	9776
8120	27	9813
11782	73	1237
12476	73	7981
7065	47	2449
11201	73	6005
13580	73	4415
8540	40	14767
13541	73	8759
11204	73	5762
12160	27	11534
12439	73	7962
2384	73	11497
5430	73	780
10623	73	2838
3980	73	11259
5265	27	6416
7258	47	8059
13644	73	2986
10607	47	2826
10562	78	6443
14387	27	6043
8303	73	3200
14273	47	10311
12764	73	11121
9482	73	9542
9870	73	1547
10042	73	4506
8119	47	2766
5683	73	6982
5770	72	3840
8715	73	6249
1153	73	6487
7855	73	6380
13794	73	7994
14629	73	414
3885	27	2166
13632	73	7156
6959	73	3686
8748	73	4656
13268	78	4054
8561	78	6293
12566	65	4535
8854	31	14756
6052	73	14021
5309	47	7956
12530	73	11337
5278	73	9967
9868	73	10773
13818	73	1134
3652	27	3441
5635	50	7305
4932	73	6346
8379	73	10279
5597	78	5222
9531	47	3075
12579	73	11532
5508	73	5316
1324	73	9625
7229	31	2300
10879	73	11156
3681	73	5579
14530	27	3467
13190	73	6127
1752	78	3367
12661	73	6653
5444	73	2066
4266	73	1894
13629	47	4894
5369	73	5457
9639	20	2761
4252	78	1943
12183	73	3525
13252	31	7078
1467	27	8700
13305	73	11158
14809	73	2959
9669	31	3602
12267	73	11432
10655	73	968
14645	73	6049
1785	27	960
10665	40	14728
2918	73	4167
1523	27	9064
10735	73	3801
12427	78	4630
9685	78	956
8574	78	14701
12379	73	2383
13791	47	4387
9533	74	11435
8751	73	5898
5679	73	7662
10708	73	3496
10603	78	14753
5245	73	6612
4007	27	511
13134	73	3641
3979	78	2892
6886	73	827
3969	47	3613
892	65	1272
4302	31	507
14615	73	4778
2093	78	2378
9317	78	4984
13954	78	7592
8251	73	9768
8870	73	2261
2078	13	9672
4645	73	9972
11551	47	14010
13001	73	6706
8419	73	14475
334	73	14864
6532	73	6783
4243	73	6488
6737	78	9843
2059	31	5768
1936	47	13685
9337	27	9623
5260	27	5301
12601	27	11268
13274	47	8862
3093	73	5337
10618	73	6204
11881	31	3244
10865	78	9064
11017	73	412
5078	73	9807
2014	47	3429
5258	31	3857
3742	73	3528
6778	78	4095
1920	73	3641
704	78	2861
2386	73	7946
10878	78	9191
6567	47	6301
8131	73	4289
11523	47	6168
5561	31	9234
4968	73	14458
11003	74	3915
6007	73	5966
2341	31	9960
13996	73	8764
7834	73	13841
13981	27	6215
6051	47	7311
7814	39	2561
8162	73	11159
11094	78	7058
259	47	8443
7295	73	10772
11056	27	511
14983	73	1672
1834	73	7959
10975	73	10227
10434	27	5847
7068	78	9833
10804	27	1685
8623	73	4318
5425	78	7586
14480	20	6258
4493	47	5796
14888	73	9851
11849	50	8200
285	47	3466
11961	73	9950
1080	73	9034
7448	73	3432
6130	73	981
1804	78	14459
13409	73	3615
10580	40	2996
1095	47	14010
9472	23	1632
11728	27	4095
5287	47	7064
9656	47	7119
13298	78	7038
7102	73	5319
14013	73	3240
13592	31	8883
14017	73	8555
5160	73	1833
12427	73	6255
13456	73	6272
4281	31	4355
1394	73	9529
14735	40	6396
13256	78	3637
6987	78	5459
13655	73	13589
8072	27	10746
3322	78	5320
7630	78	11422
1344	73	3408
8645	65	9976
9213	39	4129
3084	65	6573
13746	73	9928
13572	73	9901
6926	39	6004
10737	78	2140
7585	73	10235
131	73	3665
3247	73	4704
7505	27	2884
12255	73	821
7242	27	14760
11204	78	3226
8499	78	10370
6140	73	2312
13634	65	486
14435	78	589
57	47	4901
8354	73	797
4484	73	6138
13273	73	2990
13389	73	13803
12166	27	4288
1557	73	9962
2619	73	10761
6716	73	9820
9177	78	5225
7378	78	4515
7295	78	10998
10788	73	1737
1796	73	9124
13233	73	9759
13187	73	9067
14941	31	7604
9655	78	4755
2342	73	9841
1166	73	2358
4518	73	6485
13165	31	616
5409	73	4760
4643	73	2770
1839	73	9651
14857	78	11172
10701	65	10386
9180	31	10005
3703	78	720
3039	73	957
6349	47	2404
2038	73	784
13999	50	2560
12570	31	5321
3002	27	8535
8900	73	11068
9565	40	5727
9987	25	6777
12714	73	9884
13310	73	6833
8810	31	9785
7074	27	2377
12134	73	7174
5594	73	10186
4426	73	3135
8350	73	10165
11387	73	2754
14212	73	5985
13257	31	3244
3858	73	2654
4027	73	1817
14091	73	11157
14073	31	5458
645	65	9118
9662	73	14142
11767	31	2526
11329	45	9284
12653	73	14514
14198	78	7930
10464	78	2601
12168	47	7801
5071	65	6240
2630	73	3091
14879	78	4866
8642	78	2402
4742	73	7685
2297	73	2200
9873	73	2450
10305	73	1237
12599	23	5627
3316	27	6957
10911	73	7943
7108	78	8441
7475	78	6595
14836	47	3553
1240	78	5025
11123	39	7590
4225	73	1474
1389	31	3142
11350	27	10748
11935	73	11334
1386	73	3010
9267	40	1947
12297	78	14763
11244	27	2828
10888	73	10006
5239	78	9036
11282	65	4322
9247	31	9091
3971	73	13589
3838	65	2062
6585	73	2247
13497	73	3515
7323	73	7225
12627	78	6496
12893	73	2990
2508	73	2876
1035	78	9955
1072	78	14244
12946	73	4374
10726	73	6047
13072	65	2800
10583	73	6188
2363	73	8473
10702	73	10083
14	15	9697
13072	73	4368
3193	47	7956
14499	73	3335
12490	73	1237
9240	65	7731
14388	31	4355
205	27	6114
12436	31	10038
12770	73	9103
13034	73	5350
12026	73	9971
704	74	14149
7328	27	1791
2928	47	9812
2099	73	2129
1043	47	6384
6450	31	4427
2574	27	4076
9809	14	4097
14082	73	4295
5613	73	14749
13824	73	14007
12804	78	4706
6996	47	1775
3025	31	4863
12338	73	3443
12406	73	9519
9405	73	10187
10507	73	1171
5624	40	3412
4527	73	6489
12039	27	4630
13571	73	14749
5680	27	13789
2350	73	3216
14844	73	9695
5806	40	5852
3851	40	14995
2593	27	5651
7336	73	7792
4836	73	11262
9356	73	6652
12892	78	1736
14867	73	420
8707	73	10998
5090	47	4481
9682	73	14565
9115	72	8063
3359	49	9502
12698	73	10180
13605	78	2817
12531	73	14565
13184	73	9094
3384	73	8204
12781	47	336
6400	73	6080
5582	73	5931
14900	73	5909
8918	78	14720
11416	78	8064
4599	73	9774
14042	78	2375
6863	73	412
12053	65	2662
14024	73	7083
2678	78	4878
2478	31	2832
8263	47	2604
2950	73	14975
11963	78	8080
1340	73	9324
9561	27	87
4817	31	4319
10199	27	8532
9704	40	7814
14146	27	9607
3750	47	7034
5640	47	6294
9840	40	5806
540	73	1255
3982	73	5909
7881	73	7039
9063	31	2260
1757	72	7176
13133	73	6101
5376	73	434
10428	27	4004
13073	31	13586
4462	73	7039
13572	47	7064
10975	73	9092
13597	73	6102
2915	27	2410
14649	73	11330
11028	65	11139
10791	78	4638
3389	78	8300
4686	40	4045
3777	74	3109
4274	73	9577
11184	73	4089
5498	78	7370
4307	73	5787
9142	23	2398
13461	73	14457
12622	73	2470
3784	31	302
621	27	9583
13032	73	8971
4118	73	2452
6552	73	6593
9673	73	6259
7599	73	13904
1756	73	2856
12614	18	3416
8958	78	87
8687	65	7653
5441	73	9522
26	73	7710
12017	47	9501
13498	73	623
8567	73	7012
10071	78	11386
759	73	14851
288	73	7307
13336	73	14721
12786	73	5850
1991	65	662
609	73	4293
14217	73	10490
10662	73	7004
3031	73	9034
5189	47	11486
13225	73	14485
13560	73	3166
2584	73	4443
4784	27	7860
2524	27	2368
13657	65	3324
1361	73	2226
2738	78	4091
4921	31	4177
8286	73	6640
2808	73	7690
8812	73	10841
4616	73	3372
4751	39	4744
6961	73	4762
5551	27	8656
3775	73	6159
7582	73	1766
1103	78	1594
9511	73	1668
8132	73	4479
13031	47	5748
1509	27	10091
1732	73	14957
8234	27	3529
10970	47	8862
11458	73	6362
13889	73	1326
12365	73	7607
12077	47	1945
13136	31	616
3337	27	2867
8787	65	5780
9682	73	10487
13072	73	8384
105	73	11130
12202	47	7308
5265	73	3454
2319	73	7368
1855	72	9538
5170	73	6630
3889	73	6626
10906	73	3214
12878	73	4088
6959	73	9255
3579	21	9211
14661	27	5154
4786	73	2102
1729	73	4988
4872	78	7716
7409	27	5975
13794	73	6109
10926	65	6383
8738	78	5736
3874	73	6664
9391	47	2880
3295	73	8057
5271	27	5855
10315	73	9301
14100	73	2191
1901	74	3246
5671	27	2674
160	73	3259
13033	27	9929
3537	73	10694
14624	73	2732
13135	73	416
5575	73	4067
13616	73	5633
9405	73	1668
13155	47	4411
1193	78	14709
1801	73	6152
671	73	5914
386	27	7682
11033	65	6223
2619	73	5992
10814	73	7737
9693	13	6816
3573	31	7955
8456	65	6048
8734	73	5759
11251	73	10368
7547	47	4882
10846	74	3777
2735	27	4361
3411	14	14258
14127	78	2828
12285	73	6107
2038	78	10582
12633	78	5458
5086	27	11136
4282	11	9502
1499	73	7653
10464	73	9691
9693	14	6816
12467	73	10389
5258	65	6320
99	73	9291
11627	27	7724
12557	47	13877
12746	27	2834
294	27	2280
2719	73	2135
13005	73	5515
5635	78	5378
2427	31	2832
1217	73	2959
490	40	2775
1585	78	2169
11440	73	7422
12541	73	282
10984	23	8059
2916	73	10018
6857	73	3643
11241	78	10078
13811	73	7687
3027	78	7678
13741	73	6919
11589	27	8418
4905	27	2828
8002	40	4781
2521	78	3346
14550	73	14287
6723	73	1847
14110	31	2212
4031	73	2381
11695	73	3477
12052	73	2865
11494	78	6225
12754	73	4248
3699	73	10519
4917	73	799
13141	27	13882
12766	78	10741
14631	73	5980
13908	73	6070
142	73	14714
8400	78	14570
3912	27	2097
9432	27	10230
13602	73	8933
14167	47	454
5267	73	10962
3818	78	2155
13333	47	3466
7391	39	13943
4803	73	405
1313	73	7962
1053	73	4258
13275	73	5726
1060	73	11392
9905	31	2369
11412	78	4706
11932	73	14393
385	78	8047
5524	73	9954
8091	72	10360
12870	73	3215
12520	73	14007
9746	73	6170
8679	47	7184
3280	78	2139
8742	73	3072
14040	78	9638
10679	73	6471
4944	73	10627
12111	73	9074
14065	73	7976
11456	27	6243
11318	78	10960
13949	78	11124
13089	47	4193
8767	65	10162
13047	73	4494
11231	73	7823
1948	39	8302
8556	47	7063
4342	73	771
4484	27	9978
11959	73	474
10857	73	5895
10427	27	4697
1075	78	7425
11495	73	1635
14615	78	14697
13822	78	3470
14400	27	4886
2807	73	4159
9994	39	5947
12232	78	9977
5257	73	3763
2587	73	6000
10828	73	7464
1005	73	8005
2479	73	5880
4332	73	9279
7144	78	6100
12426	73	9777
4575	78	6393
8170	65	6106
12195	73	4318
1367	73	1036
13167	78	4754
13545	73	8105
10044	40	6527
14217	27	5826
2977	73	289
12418	65	325
7	73	11134
9432	78	14722
5328	27	14309
921	73	5061
12574	73	10387
3110	73	3058
4179	73	2409
12884	31	9787
14994	40	1274
12285	65	6416
13585	73	10006
11733	73	3159
9764	21	1288
11115	73	2801
5003	65	6925
11854	73	11404
7345	73	7739
14805	78	3555
2721	73	5840
9906	78	1594
10977	27	7127
3160	73	6489
1999	73	7090
1094	73	9768
13214	47	9266
6974	40	8037
1231	27	3446
2628	73	2290
359	73	9082
6796	47	4324
12854	31	14742
3783	72	13836
13809	73	7478
9738	48	3978
10429	78	9264
11361	73	6652
8630	73	9946
232	73	8430
2724	27	10040
11581	78	4414
2812	31	10666
10571	73	14475
12709	73	783
12021	32	7366
13929	73	13873
2940	73	2066
8483	47	4098
13401	65	7874
5460	45	9284
14835	65	6416
13227	73	11338
11429	73	8555
12302	47	336
6859	78	1771
5939	73	800
1844	27	10749
13615	27	2835
2544	27	7591
3332	73	5226
13703	73	11269
2361	27	7227
4023	65	10746
5279	78	9990
5605	73	7721
3766	73	7942
13320	47	336
909	31	7955
8467	73	5741
7475	73	1365
14130	40	6175
765	73	9054
483	39	9213
8838	73	2167
12850	73	6083
1071	78	8459
11934	35	9875
12126	27	8658
14230	27	3603
4006	31	516
1630	73	5754
11621	27	2155
310	27	14762
13275	78	5979
4602	73	7082
10256	65	11139
13448	73	4260
891	73	9097
13368	73	7027
940	78	4234
1623	78	4796
12749	78	8939
11280	73	1431
7886	73	1427
8690	73	1982
2003	73	6117
2460	73	2394
5142	73	2115
9392	73	8464
4705	73	4750
1595	73	6252
8796	73	9797
3291	65	3637
13501	73	3835
539	73	10083
11780	27	8539
10138	65	2985
12712	73	7609
9	73	5315
2749	27	14871
9485	73	2754
12351	73	8440
1997	73	6686
2469	47	5627
1113	73	7508
6470	31	14011
13969	78	1151
5165	73	7665
4736	65	14055
3885	73	3634
10619	27	2097
8850	49	9502
11633	27	481
291	73	7661
1164	73	13783
12011	47	8055
11597	73	8415
5171	65	11380
8222	27	6258
2466	78	7619
6790	78	3235
11751	47	1405
7577	78	280
829	31	963
2017	73	4915
13848	73	4884
12053	73	508
11084	31	9117
6996	78	8484
11765	73	1908
7204	65	2800
13737	27	10567
4852	65	6289
13381	73	14319
1122	73	10313
10128	78	10565
8979	73	9689
1136	78	1253
9543	73	1142
156	78	7520
9771	15	2934
13395	73	10251
366	73	8843
14979	73	4138
9455	39	6312
6819	27	10686
490	40	4195
10873	74	3012
11301	78	8881
9709	27	486
7108	48	3978
8505	73	3223
4705	73	7780
13029	78	4766
3084	78	6573
13618	73	5725
207	73	14713
13320	73	4104
9416	78	969
12630	73	13774
236	73	6478
9368	73	597
11927	27	9980
8029	78	4384
4570	31	9780
167	73	6932
2457	27	7720
13358	65	10091
10822	73	5941
1556	78	7365
4257	78	10310
5565	73	2856
3356	31	5032
9750	73	8165
29	47	9144
9153	73	6392
212	78	3470
12167	73	3403
4343	78	7746
8181	24	3609
13719	78	14282
13776	73	14261
13387	73	9566
2246	73	1254
5263	73	2843
7233	73	8000
3782	47	7676
12144	73	10151
12207	73	6196
12521	31	5823
12491	73	6181
7244	31	4175
10866	78	9904
357	78	14695
14149	78	7925
13242	73	7946
11893	73	8638
3767	73	9094
13017	27	6215
9454	73	2768
10481	74	10482
4818	47	4828
9755	73	6640
8411	73	11469
14670	73	7923
12953	73	14727
1070	31	10038
14022	73	10252
4306	73	1440
6313	39	13676
11660	73	4634
5023	39	4366
6994	73	1806
10665	40	2125
14600	73	2930
1655	27	6421
498	40	5014
2703	73	5795
4741	73	5989
14129	73	2356
1835	27	2978
3774	73	13852
11872	65	7126
4605	73	8200
10042	78	589
11367	78	10150
13404	31	1436
2441	48	9672
1971	24	2758
3931	73	6503
11865	27	1825
11925	78	6973
4300	39	5766
12156	31	4427
2809	73	2114
14990	73	1826
14733	39	2847
13379	27	9115
1935	47	1678
7030	31	7955
6476	27	11076
9573	72	10288
1046	73	14259
3730	73	2179
14837	78	14470
3664	27	11473
11850	31	966
4005	27	4125
3383	27	3495
13104	73	4158
10433	27	2062
8242	78	10751
8450	73	1766
3296	27	10751
8695	73	9090
4588	78	10757
3690	73	10389
5552	73	3353
8740	78	3551
3120	73	1761
521	78	7058
14197	27	5752
3006	78	8147
14546	47	8538
6429	47	14487
11899	78	5863
8158	73	7993
3079	27	14779
12136	78	496
1572	73	5909
9593	73	10841
7180	27	468
6046	72	825
3736	73	14485
9468	27	9114
8241	73	8092
5661	73	7226
4035	78	9305
5523	31	8425
3739	73	14704
7334	27	661
4963	73	6666
12954	27	9632
14854	73	3674
3518	78	8531
7386	73	10463
10545	73	5999
3482	78	6193
14167	73	10233
3273	73	14366
2303	40	461
13728	73	6970
1110	27	8079
11049	31	9830
8918	27	7096
2333	47	5326
14110	73	6250
10468	73	10289
11684	31	7955
5551	73	14513
5389	78	5789
14453	31	4389
13993	73	10189
4674	73	4768
8590	73	6478
13628	65	9943
14117	78	2076
12747	27	10040
3959	27	10026
2432	27	10026
12108	73	10495
9360	78	7372
2388	73	7015
12792	73	2654
11849	73	5774
9885	65	8080
13543	73	3557
63	27	9230
1345	73	8551
8770	27	10127
3579	73	936
5777	39	9994
7203	73	4362
920	73	9967
14617	73	9189
13558	78	14739
10337	73	11171
14238	78	9023
14642	73	6543
12182	78	1437
14537	73	7777
7501	47	7034
365	73	6091
12691	78	1272
11055	73	6138
12329	73	6715
100	47	585
11069	39	11529
12032	73	10669
3490	78	7989
10470	73	5833
10932	78	3346
1605	47	2089
13870	78	9949
7486	74	8024
14090	31	1977
3793	78	7058
11944	73	9759
12649	73	14343
8184	73	7725
8793	78	7394
14256	31	10492
2874	40	6404
1403	31	2846
8950	47	14381
11605	27	4331
584	65	4802
11920	78	2659
14619	27	1008
5554	73	9774
1862	78	4866
4465	31	13868
13219	73	6478
6988	73	7734
13063	73	3423
568	73	10235
11526	73	11392
10459	73	6245
9721	78	5079
7343	78	9990
8714	78	6393
14205	78	8164
13229	47	2870
11879	73	10027
11947	31	7691
12033	65	1634
694	78	10101
14590	78	9085
10600	47	1760
8227	73	9804
12770	31	7991
9010	27	3471
4222	31	14768
5505	65	7978
14821	73	445
13634	31	4061
11595	27	10100
6839	73	5851
9397	73	14696
12861	78	14443
5435	27	2274
2106	73	14483
10238	73	8520
12459	47	1271
9156	27	8941
4784	73	5327
5559	31	7932
5238	27	402
9663	73	7733
1738	73	8013
8097	31	9995
3838	31	814
10846	78	7781
9339	27	2850
44	49	12656
4282	78	7989
1600	27	5650
11053	73	724
840	78	6903
10248	73	10511
14164	73	4318
7238	31	11332
4201	73	3083
2728	73	9766
13352	73	9796
11911	73	10778
13256	65	3637
10951	18	8862
13331	47	8382
4476	40	14403
13939	27	2160
8285	73	7426
9703	78	3472
1556	27	7647
6584	73	9509
7286	73	14800
5810	43	6994
4227	73	4205
12140	47	4356
8730	73	5993
4224	65	9883
11284	78	7118
8450	78	1692
11824	73	10778
11930	65	11178
12872	73	14689
122	73	14869
728	72	14269
11059	73	777
3762	31	11539
5302	73	6372
7971	40	10385
13366	73	7741
4751	39	4405
13116	73	6300
12011	78	7933
540	23	9812
4462	27	3451
12517	73	6069
5575	73	3616
8632	73	1770
399	73	4983
1445	73	1687
9294	73	802
13272	73	5716
12488	78	4780
8287	47	3553
3086	73	10187
13776	47	5626
8255	73	4880
12335	73	832
7258	73	777
5562	73	14287
5368	31	3535
2074	73	6103
10275	31	7671
14876	65	4796
379	27	2122
304	73	2935
12253	27	9802
12062	73	2451
2018	73	6932
14302	65	9236
7900	73	8101
6566	27	5055
1092	27	7927
6769	78	6408
11199	73	13804
12902	78	6258
5213	73	4176
12773	73	3827
8315	78	5788
8963	73	9691
9866	73	7427
11472	73	4649
10880	73	1336
14882	27	7937
12306	73	4090
12642	27	11072
3928	73	2210
10555	27	7365
8677	27	511
9100	39	4394
7938	40	13671
12553	73	4576
8151	73	7639
13316	47	9580
467	40	14397
9386	73	3003
11668	78	1257
5634	73	3074
8263	27	8535
7506	73	2554
13126	78	7058
1116	73	10750
13210	73	3843
4820	73	2897
1362	73	6825
5287	73	1687
14970	27	5817
12485	47	4060
14294	73	1415
13445	27	10373
1447	27	9783
11593	73	8043
8102	40	4129
3096	65	8700
12842	73	1283
8907	73	9951
13991	31	11539
11758	73	5472
11894	27	10162
1618	73	2849
3344	73	7116
10961	27	8665
12041	78	6211
3768	73	4935
14902	78	9304
2427	78	6387
9878	27	3672
13736	31	4355
8071	73	2255
2789	78	969
1482	73	10956
1460	27	7978
1799	73	775
14502	73	9798
1602	73	2051
236	73	1135
14787	73	4633
896	50	7725
1599	40	5714
7515	73	11286
13621	27	509
5688	78	10159
5995	73	10894
367	47	7931
12163	73	14285
8915	73	9092
12308	73	10114
8368	73	3508
8098	18	8097
4568	78	2704
13221	73	7045
12498	73	9777
137	73	7045
9912	78	863
3849	31	1414
10938	73	1170
13405	47	3626
14107	31	14741
5488	47	9048
7601	73	803
11029	31	14742
3314	18	955
13624	27	2978
5938	73	1107
12180	73	7713
9700	78	1291
10652	73	3691
9483	78	448
14180	73	14574
12228	78	14479
4976	73	10740
13331	73	10421
13386	73	5829
11020	31	13693
3291	73	4893
1718	47	8444
3298	73	13872
7151	73	2634
642	78	11181
12004	73	2827
11461	73	1683
1027	40	4059
5046	73	506
6859	73	767
3462	40	6263
8248	73	8434
8810	73	3825
9349	78	2851
8370	78	6409
3860	27	9783
14794	73	9951
14154	31	3602
2625	73	9292
9770	27	6203
3494	27	14725
8988	73	2448
9492	78	1797
4023	73	2999
5023	39	11069
7019	65	5717
9877	27	6320
12759	78	6210
217	78	1476
9816	73	5464
4027	73	3675
12855	31	11539
699	73	13845
4995	73	4153
12511	78	7058
11360	73	9946
14895	78	2835
10723	27	713
11544	78	4063
3739	73	10421
2781	44	6215
13389	31	6148
178	27	6665
13047	47	477
7499	39	14308
9401	78	6495
4919	47	2313
5562	73	6155
12966	73	3214
5820	78	13787
5136	27	6308
4801	73	13888
14374	72	7968
9137	73	6620
540	73	9181
742	47	10388
1863	73	9065
11295	47	469
10244	40	14280
7320	73	5630
7557	73	3363
5534	73	3432
3866	78	7094
8253	78	9219
12469	31	5945
12482	73	10517
228	73	2114
13434	78	7592
8606	73	7090
11746	73	4370
1013	73	3695
1720	31	4436
12218	78	5079
11126	73	4109
8877	48	9672
1385	27	3459
12987	78	4855
8136	76	7522
11851	73	4362
4568	78	4654
14539	27	10566
17	78	6692
12801	65	1826
4669	73	11051
552	73	10159
3332	27	14477
1614	31	10316
106	31	7997
4227	73	3403
11912	73	6478
9062	27	9108
2945	73	3397
7535	27	8041
12305	78	5782
4719	73	3191
3664	47	14568
13544	47	7649
9408	31	4863
11322	73	10287
6992	78	2378
13352	73	10077
12168	73	5841
11237	78	14772
4615	27	14124
12995	73	347
2502	78	5079
11063	73	11521
4407	40	9939
4226	78	14695
8223	73	10861
388	78	466
13486	73	6008
12584	73	6652
8985	40	14735
5964	40	3599
11608	27	11534
4972	73	14287
7282	78	6408
3437	47	10388
12233	73	4665
5687	73	13903
1377	27	3623
12500	73	5935
1580	73	6056
14879	73	5750
12599	73	6288
1175	31	11135
12134	73	5317
12366	65	6048
3173	78	5270
6062	31	13687
11111	73	13854
3021	73	6245
11444	73	6844
12185	31	2899
4592	73	2217
7148	65	9924
13966	73	2990
10460	27	8879
3289	47	9598
1094	65	4885
219	27	4876
6600	73	10313
10783	39	5962
11599	73	2453
12227	73	6519
12473	73	14800
9779	20	6102
10756	47	7600
11960	78	6909
577	73	10034
6793	73	14314
2315	78	13897
2926	73	7277
11040	73	2051
13715	27	7369
13002	73	6199
4820	78	7895
14767	39	5729
2639	78	5753
4589	47	404
10771	73	10490
283	40	4704
8721	31	14011
71	78	8521
9335	78	6985
14094	73	1581
3923	27	4174
14031	31	9574
7535	73	1108
14045	27	8418
10593	27	7799
5709	73	3414
12360	73	7076
1662	78	3367
133	65	9929
12704	73	3694
2584	73	1544
5158	31	2369
14144	31	14768
6616	65	1048
12158	50	3061
1000	78	1016
11374	65	14055
8328	73	8140
372	73	10188
8240	73	6291
9727	73	9831
9458	73	1670
8670	50	1770
1432	73	6828
12801	78	10112
11552	31	963
8145	73	9938
1501	73	7463
242	31	11264
7613	78	7164
8264	73	5183
14494	73	3658
10557	73	2877
4186	27	1533
672	65	3185
8690	78	8213
2225	27	6817
620	78	9976
14865	73	7004
10975	31	4863
13755	73	6208
12293	73	4255
4342	73	7313
13530	73	11137
14659	73	6166
2063	73	8088
9437	73	6635
2989	73	14574
12083	73	3883
7697	73	3852
10439	78	1284
3737	73	429
13472	27	9802
7186	73	13851
10856	73	5312
5166	78	6240
11636	65	6925
7812	39	4191
7330	65	9144
8912	73	14483
11971	47	10388
11313	27	9826
12480	47	7516
11301	78	8862
6723	27	8884
12687	47	4411
2506	78	11077
13116	73	8144
11804	73	335
12630	78	6085
1724	78	4054
13495	73	6652
5714	40	7050
11750	73	11331
9430	73	7015
6803	73	1988
4023	73	5759
14031	73	5318
1646	73	4296
13124	31	10492
12295	78	4984
8830	78	6414
6921	73	10669
3320	73	5776
5005	73	8416
3913	73	9813
14108	73	6284
11836	73	4058
9702	73	9777
7362	73	4961
1366	73	6598
1559	27	8484
9318	73	7759
8897	73	777
10921	78	5295
9650	78	7950
4678	73	747
7355	73	9047
14196	31	7190
3059	73	7655
6690	78	6909
1208	27	2157
7261	47	5299
9608	73	3643
11781	78	3195
14082	73	4690
12159	78	4084
14087	73	3525
7348	73	1270
1391	73	10018
12344	73	9795
10321	73	8772
2746	73	4750
7101	78	7058
12951	78	7396
107	27	2410
13634	73	2069
1402	73	3200
11877	73	1978
2809	73	800
2014	73	3606
12021	23	8443
1611	78	9978
11743	73	5978
2903	73	10023
7241	73	3822
12210	73	8589
11746	73	5776
7329	49	5564
4679	73	871
8980	73	5919
13331	31	11336
228	18	3241
5751	72	7237
3424	73	14739
755	47	5627
11908	73	5770
977	73	3566
8995	27	1759
191	73	8843
8510	78	4063
5439	27	5811
14900	27	7127
7630	73	769
5583	65	2447
14619	73	6696
14387	73	6653
14638	73	5319
929	78	11161
11110	27	716
12164	73	7789
6993	73	6623
6479	31	9234
10817	31	14467
8379	73	4879
12795	73	7477
642	73	11485
2000	73	2138
8354	65	10160
12573	73	14384
9709	31	4061
7919	73	2321
3926	78	1168
10000	25	11466
14429	27	9798
11794	73	7166
6583	73	9510
8766	78	2125
3510	73	9052
8994	48	2447
12567	73	2869
12243	73	3554
14034	73	4249
9755	31	11455
6467	73	4018
6096	78	13787
5697	27	512
559	78	3842
13729	65	7905
13721	78	2428
2039	78	7650
6880	73	11390
33	31	5823
12304	73	13834
12020	78	10741
8145	31	7078
13560	47	6294
11479	73	4489
14332	73	10227
13714	78	2881
3722	73	2533
2343	27	10156
4789	73	2836
11896	27	9978
359	65	8884
11232	78	9304
10063	73	3169
8822	73	2997
11049	73	724
2422	73	1270
38	31	9235
2778	50	5784
14024	65	14055
583	73	3669
3111	73	2249
8052	39	9213
5116	73	2801
8262	73	7778
14589	27	6934
2913	73	594
14358	78	1771
9667	73	9804
12619	73	7638
3892	73	10861
11081	73	2761
3736	73	4176
13343	31	8883
10788	78	9783
3375	78	6253
7418	40	10436
12487	65	9858
5274	73	10232
11426	73	5933
4499	73	6401
9688	27	9263
10836	18	2401
391	73	5751
4244	47	3626
5505	27	3551
9501	13	4109
2812	78	4297
10066	64	7322
10201	73	9776
4949	73	9637
14148	78	4802
13977	78	7394
10911	65	11177
3303	73	8435
1659	73	7657
2356	72	5310
10946	73	5966
158	78	14282
2793	78	7093
12085	27	6338
13365	73	14851
12667	73	2599
12253	65	2116
9896	31	7603
13161	47	4122
5277	27	4398
13419	73	1250
7186	31	6148
13101	27	4404
9500	73	1411
11963	65	8080
8462	27	3436
13415	27	4057
13139	27	9218
14074	47	1678
664	72	3396
5087	73	14948
11437	73	3187
6360	27	9119
8909	73	14704
9251	13	2976
7703	73	11390
13711	31	3446
1093	73	7722
8847	73	10962
12444	73	2549
61	73	9639
13354	73	7115
2808	73	11452
13520	73	6102
12552	73	10596
1579	65	8884
11201	27	5507
9202	20	1706
13650	78	8541
3988	73	6694
2035	73	406
10718	78	9584
3793	27	8484
3897	73	4371
4551	73	5770
11272	73	11079
742	73	6109
11771	73	4514
7528	73	4399
13019	73	5867
3357	65	6035
13739	73	2528
5639	73	4017
5575	73	876
13516	78	7997
14807	31	4436
12768	73	3956
10429	78	6531
11996	73	2471
12270	73	6620
13675	39	2682
4940	73	1277
1095	65	6035
7479	78	6071
13718	65	4885
13955	78	382
3380	73	3479
11367	31	2602
204	73	7970
5070	78	7593
9316	78	8432
10471	73	14261
5565	73	6634
8304	27	2566
11599	73	5657
5343	73	8417
2918	73	1564
270	78	9578
171	73	859
10528	73	9215
14104	73	4074
12186	31	3624
9906	78	6416
10650	78	7781
11454	73	9146
8489	27	5029
9876	78	768
8800	78	8866
5416	73	14765
5517	73	7463
11726	73	1022
9128	73	9116
7326	73	7725
1354	73	631
12873	73	7297
7359	64	13801
7871	73	10861
10337	47	2407
13529	47	7801
5983	72	7235
13473	73	10761
12318	47	14010
12901	73	7669
394	78	3324
1529	17	472
4844	65	2798
8265	27	2258
10572	73	2533
1445	65	8164
3357	27	13909
13619	27	1831
4269	73	5909
13446	78	3529
11238	73	3585
11369	78	6692
8751	73	6093
226	47	8538
1739	73	1542
13917	73	5456
5698	73	10184
2940	73	3105
13664	78	4545
3663	73	3497
11027	78	1946
4537	65	946
1183	73	7114
6210	40	10002
3706	11	2447
7032	13	1138
3224	73	11158
10498	73	2582
4594	73	10672
12972	73	3439
2222	27	4414
14106	78	9976
2338	47	14487
8935	64	5610
7217	78	3226
12145	31	10492
12743	73	7016
8966	73	8405
7270	47	889
521	78	14061
5471	73	6300
1030	27	13789
9668	78	6289
9156	65	8941
14102	73	9279
12267	31	1152
1796	78	5378
9885	73	4329
12136	73	7223
12348	73	11330
220	65	2447
11858	73	981
6955	73	7302
8895	47	959
8945	27	87
6119	73	6142
12611	73	11451
5688	21	10159
3157	73	5754
14015	31	9572
5066	73	9818
6616	27	1048
2613	27	7117
3938	73	3003
12865	73	859
2096	31	4860
5143	73	4053
2779	73	1044
3650	73	6844
4979	27	2868
5549	78	4052
2353	73	11327
12617	27	10236
11244	73	5315
10332	78	9958
9172	47	7420
1886	73	4419
9287	73	6725
3111	31	8016
7298	35	5855
12403	78	2698
11848	27	2062
8062	73	3091
13289	73	9929
12086	73	14249
1164	47	6799
8227	73	3567
998	78	9188
6840	73	4296
7752	78	2302
10461	78	14770
14935	27	2097
4964	27	8765
6450	78	14753
4185	47	7956
9548	73	10251
4730	27	3467
38	73	10403
12798	73	3501
6754	73	535
12643	73	1268
10499	73	2827
1381	73	545
5084	40	6174
7322	78	9855
12587	73	9994
14052	73	14356
11062	27	5875
2654	72	3682
2006	73	1281
9014	73	13849
8349	78	1284
10212	40	2805
8917	78	9211
12632	73	7715
12535	65	2062
12182	31	2760
12764	73	1817
5149	73	6054
10193	73	5987
38	73	3514
13659	78	588
4966	50	3184
14542	27	3499
7561	78	280
13922	73	10515
5142	78	1850
190	47	14568
2220	31	6322
6052	73	3428
12906	27	7126
13667	73	4058
12488	78	1306
1266	27	9968
3029	73	389
11570	73	7962
10160	19	9853
12688	78	10596
7584	73	4065
12135	73	2894
13253	47	9501
8828	73	5754
2730	31	7310
5283	73	3525
12450	47	495
11993	31	2762
11251	73	8464
2517	73	3207
8944	73	10444
2547	73	6200
13056	27	4095
3337	21	4165
1591	73	6125
3748	78	6289
14103	27	2160
13928	78	6013
13477	27	11263
9685	65	956
10217	65	7723
8710	78	7647
5703	47	3628
131	78	6385
368	27	3455
1866	47	4431
6285	73	10740
13140	73	275
12107	73	7010
5108	78	6672
13692	39	8077
13884	20	9538
12826	73	3200
8737	73	4370
14216	15	9070
10120	48	7172
5241	73	6155
13030	73	2708
5088	78	14782
8352	73	10205
7411	73	6478
8341	78	7058
2969	73	7980
6924	27	5295
13683	40	7267
8195	73	6629
8591	73	2692
13472	73	6782
10124	73	2865
2254	73	7076
8036	78	6985
13838	73	10039
970	73	9625
82	73	3696
2240	31	2311
146	73	9972
11825	73	4150
7121	40	4373
1039	73	14975
10843	27	5788
4196	39	14693
10909	47	7308
12936	73	3487
9365	31	828
6359	78	14353
208	73	5754
10699	78	2978
9867	73	10006
76	27	4747
12683	27	5652
3337	73	14373
3262	73	1964
8702	73	7815
1700	27	2659
12011	73	2451
14178	47	336
410	40	4433
14703	45	9282
1707	31	7726
13205	27	5063
2494	73	4871
9409	73	5840
1114	47	4715
13285	78	8199
8307	65	1529
3141	73	11390
13848	23	9057
5121	73	6832
12105	73	2770
1785	73	1787
11850	47	9057
8557	73	6181
2003	73	4915
8831	27	7961
12222	73	6040
5450	31	887
2094	31	4887
5679	27	6320
4458	27	9595
3358	73	7899
12201	73	2898
12661	73	7381
14819	73	5774
8163	78	9925
14389	47	473
12001	73	5059
13097	73	2670
8498	73	9082
14837	73	9625
9	47	7956
2327	73	7623
213	47	4828
6791	78	7412
10995	27	9218
13771	47	8443
8857	73	6074
7879	31	14747
11359	73	7161
5607	73	11159
10339	73	3661
10054	40	14466
10885	73	3105
13209	73	6057
1917	78	9211
14431	27	4113
9861	73	10861
1601	73	2221
11591	27	511
13929	73	14241
11931	78	9832
12491	73	8869
7771	27	9875
7480	73	7823
13976	47	2398
1998	65	9226
3419	47	5299
12974	73	8205
12158	31	6185
391	73	10179
4962	73	6257
12052	31	6330
3981	27	1831
12564	49	14276
8712	78	1253
12335	73	6204
14577	78	6427
13306	73	6631
12672	78	9934
11923	73	8017
14419	47	6356
12614	73	491
1811	78	14509
6551	73	4326
3042	73	9577
2722	64	392
12102	47	3466
13994	73	7999
11200	73	10488
7565	73	2119
8620	78	9264
13143	78	9231
29	73	13902
8389	73	14739
12213	73	14864
10277	20	631
1218	73	2930
9503	73	6696
1918	31	14456
8497	31	3857
928	73	14729
11711	27	13789
5453	78	384
8379	47	2667
12628	27	8879
11274	40	3412
226	27	9211
2010	73	4915
3752	73	2247
13509	27	722
13953	78	11124
10984	73	4884
14179	73	4153
10713	73	2549
2481	78	5715
5519	73	3621
2235	73	10211
14648	78	4754
14943	65	5929
4352	40	8874
10432	73	8017
4849	73	8774
13475	78	5463
8111	73	6969
13146	47	6356
9448	73	7854
6937	31	9772
12940	73	5927
12359	65	10746
13893	48	9502
523	73	10155
4930	73	9811
9330	73	9197
6454	73	5657
5113	78	9955
1646	27	4063
10053	78	1155
5244	78	10370
13448	65	2116
2351	73	1411
9335	73	4991
1172	47	6190
11667	73	3520
13384	27	9263
13828	73	10043
12202	27	7591
12690	31	10579
8612	27	689
3247	31	4892
72	47	9319
8181	24	11534
11313	73	7615
9744	73	6601
13480	78	6235
11613	27	914
10072	73	1817
229	78	14706
14090	73	4318
1700	31	4061
2513	73	10367
11772	73	11167
5052	73	1420
11207	31	7603
5500	31	887
5520	76	7522
11369	27	9623
4213	73	6738
14224	73	11390
5405	73	3231
6872	47	3628
292	73	2987
7495	73	3078
5528	78	13787
2022	73	2801
4306	73	4497
11792	78	14801
1656	27	1434
14265	27	8093
9454	73	11146
11695	18	7818
5556	73	2358
14482	40	9167
2947	78	4545
5086	31	8016
1664	73	6019
7891	73	9768
9011	27	509
1661	47	11067
12272	73	3659
157	73	9774
8952	27	7117
4580	73	5059
12969	78	387
6658	73	4382
3092	31	3602
3383	65	3495
970	73	6998
4996	73	1555
5413	73	8410
14740	40	4823
15	73	1267
9794	40	3416
6746	73	3542
13950	78	14385
3700	73	4008
10454	73	6080
5872	39	2118
8325	65	4603
10942	18	1476
3740	65	8884
4643	65	4479
12873	73	1787
5969	39	2847
8357	73	3616
14159	73	7277
3671	39	7393
14593	27	10041
14051	73	3058
14018	31	3354
3154	78	10747
3756	73	7084
254	73	3240
3393	73	5847
5184	32	11128
7053	47	6295
11733	31	2832
1375	73	325
14083	73	6181
11869	73	4760
11413	78	11072
13600	31	2300
7969	40	14693
1498	73	2119
3024	73	883
4666	78	6201
13205	65	5063
13649	27	517
12782	78	9219
14039	72	11346
4673	27	2860
4733	47	9077
8525	27	3468
6479	73	9200
14135	78	1253
14608	73	14261
14866	73	6195
13482	73	9784
10753	47	7184
11641	47	6177
8389	73	14572
1334	47	3619
3173	73	4374
10608	47	479
6747	73	9946
10889	78	14722
12915	47	4346
2427	73	7464
10476	73	7783
9480	65	6925
13559	78	3499
3101	73	2681
12027	73	14395
12952	47	8403
8346	31	9574
14076	73	7972
9410	73	6682
137	73	4443
3224	73	4316
6933	73	14369
10714	31	2760
12556	27	13909
293	73	5774
3351	27	9108
14968	27	4630
5144	73	3659
6758	73	3077
10607	73	2282
12054	73	6074
8122	73	3077
162	31	11128
13151	65	10038
4588	27	1831
1924	21	4758
10949	78	6162
1874	31	2121
6889	78	14242
12391	73	8858
10402	73	6515
11668	27	6258
13401	73	13808
13927	73	2127
10854	73	6783
2429	78	6231
13658	73	14248
11300	73	6982
3576	47	9839
7172	14	6816
5413	73	14511
12387	65	9875
1940	73	10663
11778	73	4256
539	73	9033
4240	40	7499
12553	31	4175
6865	73	13952
12034	27	1049
13113	73	10490
9603	73	1412
10246	45	9284
1859	65	2667
11229	78	9904
5696	73	991
13041	47	2064
934	47	6295
4461	27	4388
13736	47	336
13112	47	6677
9590	73	3539
26	47	7676
4659	73	6252
3388	78	14282
1599	40	11044
4517	73	14657
12631	73	14739
10590	73	10080
632	73	1365
9341	73	9056
13358	78	7043
12294	31	616
12594	47	5775
6176	40	6173
10628	64	10629
10469	27	2314
5051	73	9279
14683	47	2149
11218	73	732
11099	65	2116
11187	73	6621
11217	73	3342
9333	78	3399
10866	78	5466
9417	65	7057
3114	78	7997
11756	73	3528
3909	73	9269
9656	73	4989
5192	47	7516
9345	65	4297
12641	78	5732
4948	73	1297
6081	25	8681
9438	65	10147
4939	27	11014
13341	73	9938
12204	73	7695
8844	73	981
14881	73	8140
4309	27	7096
3773	17	1429
13777	73	13862
12315	31	14512
14449	73	1134
7829	47	4064
11340	73	7131
8191	73	1133
3625	72	6645
14439	73	332
14159	73	6990
11476	14	10829
5896	73	2185
10843	73	11392
8914	73	9581
8283	73	6042
7824	73	10313
12127	73	2694
4	27	689
13247	78	7430
10415	27	1167
9364	73	8088
12229	73	1543
8562	73	3454
13434	27	10567
13197	65	11076
11656	73	5770
6568	73	2654
1175	27	9216
13890	73	7380
7881	47	14414
13236	78	7093
7768	31	11512
14857	73	9323
5005	73	10163
1597	73	4399
11586	73	2732
5404	73	5925
5185	47	7017
14674	73	426
12162	27	2169
942	73	7876
14089	27	9942
8916	73	4871
8450	73	3396
12206	78	2153
9402	78	6427
9709	73	3538
13265	73	7128
2610	31	5321
6790	27	4416
9021	78	4068
2045	47	4411
5674	73	7086
8908	73	11130
10955	73	1668
375	73	3187
13671	40	4129
4032	47	731
8908	73	6604
13011	27	5975
11035	73	10233
1987	31	14741
3710	74	8994
10002	39	6396
5530	47	6294
2585	73	10519
6936	78	3610
8226	73	2318
1187	78	8080
13548	78	4331
9145	73	8843
13778	78	92
10482	73	4115
5003	73	7602
13490	73	2528
14162	73	8542
8259	65	9264
8819	31	4173
12271	73	7051
6276	73	5751
3722	78	5736
9007	73	6652
14600	65	2706
1032	47	8382
11292	78	6211
8325	31	11128
4710	27	7127
13939	31	440
12821	73	9600
3721	65	6816
2092	73	6166
2130	39	5058
7704	47	6301
11915	31	2132
5425	73	4176
6426	40	3680
10739	73	13674
11774	78	10565
5251	73	10108
10531	27	13698
12775	73	875
2022	31	6309
13655	73	2021
13043	73	6508
6854	78	11339
2336	73	7743
8991	27	8484
8145	47	7956
11387	73	5918
13945	47	4098
5414	73	2145
8948	73	10982
12527	73	14261
5533	27	6203
2202	78	8441
10178	31	14512
8998	73	1163
2010	73	6680
5352	73	14754
11319	73	14285
4526	73	7179
3283	27	7306
31	73	6969
12437	73	4504
852	78	9107
7134	27	8046
488	40	6396
9412	78	3483
13554	73	1989
8161	73	9116
14587	65	4885
7228	47	7575
1587	73	6676
8486	40	13682
10774	73	8763
8134	47	6207
9444	47	7420
1303	78	9304
10207	73	10404
1147	31	2369
9171	47	7017
4612	73	10750
374	73	14314
8401	73	8273
5200	73	7224
3521	73	822
9297	73	14988
1120	73	1770
5212	73	7039
5265	73	11330
4771	40	7814
1385	73	14269
14437	73	13874
2293	73	459
3834	78	7820
10400	27	13906
13288	73	1819
14610	73	593
3703	73	5926
9895	27	10100
11249	27	6158
14441	78	9970
12392	73	1263
14880	73	9154
13655	47	14414
11050	73	7031
14451	73	3456
882	40	14398
5446	73	7462
4832	73	3352
11004	73	10191
12732	73	870
8992	47	6369
5336	31	814
4677	73	10096
1995	73	3520
14095	73	5057
3413	40	13682
8954	78	7296
5637	23	9598
362	78	863
12152	73	877
3882	65	7898
1057	47	10093
8611	73	6107
5559	27	5024
8355	73	7157
8494	73	1543
5307	73	14142
10714	73	6963
7319	65	3430
11597	27	10030
11543	73	2371
9325	73	6708
8571	65	4421
7062	73	6709
11251	23	2887
13671	40	6810
11591	47	5748
12494	78	1309
11978	65	10517
12793	47	9144
13987	78	3444
4551	73	462
14879	73	2842
12914	65	8474
14494	73	3431
14850	73	7189
9735	31	9803
8572	73	2119
4661	31	11260
9713	31	1131
6981	39	10102
2334	27	3465
13163	65	10112
14982	27	6215
680	65	6158
1658	78	14570
1840	73	2935
6881	73	2365
2001	73	6117
10054	40	3680
10967	78	6225
9445	65	7777
14518	73	4376
8572	27	14719
8607	27	8176
152	47	8482
1052	73	4760
5493	27	4482
4202	73	7302
14229	73	7658
13028	78	11476
11287	47	14381
10468	73	6483
14859	73	8000
1184	73	11338
7243	73	747
10478	73	9759
7580	27	8079
3834	65	931
12281	27	5818
8754	31	4863
835	73	3456
1187	73	10024
12636	73	6197
11254	27	10223
6906	27	8472
12364	73	2115
14286	40	4373
972	78	5855
7851	73	8934
13535	27	14384
11891	73	14343
12685	31	2569
10070	31	9810
668	73	14287
11085	73	14960
2053	72	7943
9895	78	3210
11456	47	3254
2423	78	4795
13089	78	2608
2023	47	959
10632	74	10635
2010	73	2138
9003	78	6240
5309	73	707
1090	73	4408
12946	73	1418
4849	78	6048
12428	65	4097
12150	73	13851
12046	73	7789
6790	31	9572
1389	27	4689
11885	73	6123
11647	73	5337
11414	73	2323
13927	73	11520
14676	31	5321
12505	47	14487
4203	73	7607
8270	47	4380
579	65	11181
5446	27	14317
1219	65	7898
13167	48	2447
10905	65	5830
1458	73	9228
11191	78	387
11313	73	8464
983	78	10746
3454	16	298
11996	27	13859
12178	31	9117
8086	73	596
5583	49	2447
11293	73	14668
7529	78	958
11201	73	6433
10733	73	2102
12690	47	1271
11415	73	10581
6950	47	2826
3295	65	4802
4046	40	4195
6609	39	9105
292	73	9926
8984	73	2583
7460	27	4876
3712	73	421
13663	27	3361
3364	73	4408
8886	73	2533
8952	47	10022
3391	73	14261
13664	21	6607
6937	73	2123
1838	73	9097
1224	78	459
11410	73	2694
11343	31	8878
2616	27	3451
736	73	6485
7289	73	5918
5229	78	4895
11082	11	9502
1741	73	6056
6468	73	4494
8790	73	10233
12589	73	3840
13662	31	351
3329	27	1769
14224	73	6156
5721	15	6232
5572	47	9520
13968	73	6827
944	73	4692
11714	50	3208
13989	73	6005
8007	40	4781
10485	73	9272
10847	31	9803
14581	27	6219
910	27	1008
2442	73	5464
4461	73	343
7232	73	5792
2344	73	9097
6528	73	7302
3837	27	4689
10550	73	2133
3268	78	4896
697	27	10236
12413	78	3667
12823	23	7009
1608	73	10335
5547	47	7596
5620	78	4320
159	73	5462
11665	27	7397
13283	78	9976
897	27	10147
4186	73	4479
10521	73	5850
5704	73	7275
9478	24	6199
3225	73	10672
8333	73	5751
2170	31	9235
13497	73	4650
12515	73	4798
4028	78	2027
2009	65	9226
14628	73	9786
1639	40	3189
504	47	6301
8219	73	8542
8148	73	8088
1621	27	2097
13283	27	9632
11568	73	4298
4277	78	14720
3478	20	10517
4826	47	5504
4596	65	10215
3766	47	8055
7703	73	4552
2418	78	9528
13571	73	6828
8294	73	9508
12648	73	9790
11053	47	9122
7068	27	7126
9454	73	7156
8558	27	14417
3427	40	8175
11900	47	6177
15	73	7945
11231	73	420
62	73	14220
6348	73	9844
11727	65	6310
9590	73	5759
12465	73	10052
3351	78	9108
9756	78	7364
5535	73	3184
137	73	5991
2084	73	14264
7920	27	8646
2677	73	5633
14520	73	3260
7833	73	4363
1512	73	10205
11667	27	8656
9173	78	10047
13357	27	10230
5615	73	6129
11773	73	6110
5150	47	6407
6773	31	9810
4339	73	1237
14251	65	14573
8247	73	7088
11772	78	5295
11805	73	6333
6897	73	1256
1742	73	6645
14823	39	8746
648	73	10520
729	40	7052
184	73	8440
7197	73	6627
229	78	9963
4971	73	1687
9934	14	5300
13749	73	9573
10943	27	11418
2106	65	11072
14120	73	406
8381	78	2851
544	47	10775
14648	78	2268
12845	78	10094
1078	73	10023
12697	27	7591
14990	78	2666
14942	65	9216
1432	73	14339
3820	31	4553
10297	47	14568
11509	73	1895
4964	65	8765
9407	31	7864
5572	73	4768
13398	78	14470
28	73	623
12761	78	4360
2545	27	13901
13455	47	14307
7435	65	5314
12295	27	914
1520	78	4095
12338	27	3443
13242	73	5915
9898	47	11442
7220	47	4380
2596	73	4819
5525	78	8471
14918	78	1850
7907	47	14487
9674	73	11516
696	27	2378
13379	73	2298
2274	40	8206
4739	73	7082
146	65	11190
7545	73	665
9744	73	3009
11340	73	6152
9711	73	10015
645	65	2280
7770	73	14958
10508	73	406
14879	73	8771
8334	73	9759
10416	31	14742
5220	73	7478
8737	73	3675
9753	73	10036
14263	27	1893
12611	73	6931
397	31	11149
10501	73	2827
1587	73	6220
7284	65	4082
13187	31	11522
1731	47	9624
8479	73	798
9617	47	7184
11095	73	543
6090	31	5949
11986	27	2062
2945	73	727
13624	73	7223
7473	73	9797
14861	78	2142
1836	73	2371
14330	73	1982
3462	39	5783
12370	27	14351
12058	73	1269
1898	78	10047
12877	27	856
12457	65	5647
13295	73	10525
1712	78	1300
11087	73	5841
13172	73	7225
10338	73	4090
8736	73	1142
1739	73	2284
8992	73	2026
11093	73	6068
11645	47	888
7222	78	6048
1640	72	6019
7441	73	6196
882	40	3558
5821	21	1288
12100	73	8101
34	73	10514
12216	47	3628
13636	47	10388
24	27	9802
11885	73	3456
1068	27	7772
1865	27	9095
11083	27	1540
2484	47	3628
7217	73	1555
2780	73	6371
8712	73	2898
111	78	5983
5112	31	6261
9135	47	4874
13661	73	1020
11595	73	7985
4585	73	14485
9882	73	943
10259	31	4169
9134	73	10188
10194	73	5298
12635	73	8442
7524	73	14249
208	65	4796
7458	73	11482
13146	73	9082
12783	65	2116
5729	40	4129
12024	73	6055
12584	73	13678
1033	73	1349
5599	73	6245
11648	65	1778
3598	78	10082
5417	31	7060
13361	73	2530
7569	73	3161
10219	78	2759
9392	73	6640
1394	78	5766
12834	73	4044
1462	78	5459
935	25	11466
13371	73	5728
5267	27	7873
2939	31	6831
1194	47	3553
13702	73	14284
8591	73	625
12379	27	6422
13756	73	14062
12470	73	1777
7761	73	9233
14629	73	865
11249	73	343
13041	27	486
11374	73	8011
13451	73	6104
9866	27	5055
11812	65	3003
4458	73	5901
478	73	3184
1356	78	13897
2473	73	2120
10435	73	8056
12579	73	8000
8516	78	6385
55	73	10405
10497	31	616
10434	73	1406
4019	73	7996
12176	78	1299
5213	73	2179
14906	78	14476
9555	73	2856
11604	18	5732
3679	73	6157
14245	73	1976
11889	73	7634
11820	31	10166
9076	72	5888
12447	73	5022
9676	73	7403
12417	73	14527
3939	73	14527
2776	73	8314
5812	73	4516
14728	39	4744
13031	27	13698
11700	73	635
4727	73	7043
13007	47	8049
1820	78	10681
2778	31	8932
3777	78	10494
11132	40	9619
4306	65	2800
4830	39	9704
10765	78	3226
5124	73	2362
10655	31	7310
8615	78	4796
4949	27	9066
5799	31	9314
364	73	7738
9364	27	6330
2609	27	2841
9224	39	7779
14506	78	6446
246	31	4858
14535	73	5465
132	31	14742
10394	73	501
12075	31	4553
11743	47	14997
8427	73	5929
7899	72	486
2922	73	14947
996	73	8094
2220	73	6975
6585	73	9564
96	73	2869
3913	73	9666
5108	73	870
12974	73	11528
3282	47	7596
11018	47	7009
1343	65	6035
14018	73	6627
9142	22	9104
7583	47	5299
4840	73	1634
13042	73	9291
5101	73	2289
658	73	8536
9682	73	9774
5002	73	1546
6863	78	5959
2656	27	5647
2088	73	5776
11366	73	5776
3268	31	14357
1930	65	4886
14542	47	7399
14092	78	11487
11722	78	14416
8573	73	8416
10699	73	6682
10535	78	443
2948	73	5221
5439	73	13849
8192	78	9098
8606	78	10047
4211	73	1982
4394	40	9100
6458	40	2682
11081	65	10437
8211	73	14335
12256	73	3166
13596	31	2760
14193	78	1773
7255	78	2276
1481	73	2312
5180	73	6433
8399	15	5983
10709	73	598
9426	27	5301
250	73	4550
1242	27	4101
5594	27	4629
896	47	1965
11209	73	8018
5714	40	9586
10509	73	3507
8454	73	9588
14595	31	3856
10944	27	4377
2439	73	1547
14049	73	6036
13184	27	11006
3742	73	2670
12374	78	4655
12825	73	9811
4188	73	630
11936	73	9884
2533	72	4497
7213	27	4377
10061	73	1761
11584	73	2021
9445	27	4747
3549	78	6416
8966	73	8056
10557	78	6232
6402	40	8874
8629	73	1416
4118	31	7796
6448	40	7590
4701	78	10020
14621	73	9189
2576	73	4768
7501	73	785
14059	27	7127
1349	72	5950
11289	47	9845
8106	73	8442
13770	31	13687
7626	72	1256
12449	73	2555
13451	73	2380
11785	73	1990
4967	31	9960
14876	73	8092
4575	78	4754
2810	27	7224
4338	73	2453
14808	74	8526
3644	27	10040
9612	73	10222
11044	40	3293
5685	73	11007
1702	73	3077
7769	73	5030
6857	65	11475
4278	73	10335
4847	47	7974
8852	73	7422
11280	73	3696
3649	73	9202
12395	73	7665
12100	47	14766
6759	27	8532
13523	73	1254
7140	73	7940
4965	78	8047
11265	73	6386
3141	73	8384
14258	13	7925
12904	27	14763
5621	78	7642
7097	78	9102
12247	73	6916
7566	27	14871
13941	73	13862
11659	73	9252
4850	73	6652
13619	78	1337
14277	27	9117
9171	73	6682
12224	73	7462
8138	73	8863
13453	73	13899
13269	73	14350
8652	27	5891
9351	73	1668
12021	73	7987
6439	73	4350
9443	73	5478
5414	73	5864
3140	47	479
6594	73	7788
13365	78	11529
6285	73	4259
11295	78	7644
1321	72	2021
2329	65	6040
13425	47	5304
10889	73	508
11753	73	1761
3046	65	10413
13044	78	7858
14063	73	11330
13444	73	1021
14449	78	6218
3682	72	2654
8097	78	4414
13339	73	14125
11854	65	9850
13117	73	930
2615	27	6260
14151	78	6256
11317	47	1271
3379	21	1288
8035	73	7307
1574	73	8014
11420	73	3554
7826	47	7311
7387	73	2360
1728	27	10748
11643	73	7715
3740	73	7010
3022	27	4377
11212	73	9084
2623	78	1850
3510	73	6027
12229	73	9125
9315	73	6628
8160	73	9926
3364	73	5829
1592	31	9096
11813	73	10152
8131	73	325
5140	31	2760
7163	65	2800
1661	73	5214
2433	73	7398
10242	73	2395
14687	73	7987
12557	73	7679
12521	78	6416
12109	73	3612
1558	31	6831
8222	73	14988
12357	73	3826
7581	73	10191
13813	77	4115
13268	65	4381
6744	27	5717
4738	73	3952
9908	27	9302
8208	73	11433
5252	73	325
12958	73	6166
12221	73	3208
12608	27	7123
2682	39	11507
1461	78	6618
14111	73	6113
14037	78	4706
2874	40	3189
7455	27	481
4940	73	3698
14046	78	14695
36	65	11014
12502	73	6823
14115	73	5904
2665	27	9725
2434	27	7682
12132	78	1306
11540	78	10127
10994	27	10092
764	65	727
12593	73	6112
13046	73	2605
8615	73	6138
12938	73	7681
259	73	8542
4930	27	4410
7148	73	7962
6658	78	13677
1103	21	6607
5075	27	7127
4265	73	4259
13263	73	5059
11868	78	7644
13224	31	7598
12322	73	9186
12217	27	512
3906	78	14131
135	73	11267
285	73	7620
14451	73	7669
4730	73	2162
5072	47	888
12699	73	3674
11922	78	4054
12467	73	3515
10966	73	8383
1739	31	6148
11417	73	9116
14703	40	515
13825	27	511
5364	73	10357
1881	73	769
4703	73	415
4782	39	1854
8343	48	7172
10292	72	4290
3967	73	7161
11641	27	11517
6066	73	14765
5168	73	5972
3133	31	7309
1526	73	1326
7062	73	2878
14254	78	3235
2729	73	6024
1832	27	946
9339	27	10008
5099	73	10449
12462	78	6520
9929	72	9157
272	73	773
14652	73	10036
10845	78	14412
3107	73	14739
3747	78	739
4296	72	14138
5308	65	2800
12678	73	9776
8260	78	9584
10336	73	2708
13841	72	10200
11046	73	6824
14220	58	4884
11493	65	4422
11814	47	11078
7552	73	2374
12334	31	13781
12161	78	7873
9646	73	8763
14488	39	4378
1073	73	13845
14202	27	14783
11931	73	1598
13004	47	4122
3173	73	11005
12809	73	5829
7490	73	5931
13389	73	9067
8098	78	6256
5898	69	9202
3519	50	8858
6718	73	11159
8922	73	11160
13162	73	1547
5233	73	14734
9457	65	511
14612	78	6427
13026	47	5326
5490	27	7644
11815	73	14513
12569	73	4358
6550	78	10681
14213	27	5642
5277	73	2958
1435	27	2160
11794	73	10403
5591	73	5980
5433	27	14417
4368	72	784
13913	73	9084
11195	73	2669
1122	78	1571
7513	9	11113
5712	27	7394
1704	78	8441
4933	27	6215
13057	73	5835
12454	27	11534
11695	65	7905
12008	65	9274
2552	73	3067
1570	78	280
10958	78	4124
2215	73	10389
11025	73	5337
4530	47	10167
14157	73	733
13354	31	8932
13460	73	10487
22	73	14800
11245	78	2848
6657	73	4762
12269	78	14384
14189	78	3934
1500	73	1255
3882	73	4048
14054	31	6236
9917	73	2997
14983	73	6968
12267	65	4063
7507	78	14695
4378	39	14378
1279	27	10041
5346	27	9942
11028	74	14043
8886	73	769
12300	73	5839
252	27	10013
1822	73	4066
14662	73	10192
224	31	2760
9649	73	2309
11408	21	6607
4222	73	10006
2347	27	5975
3340	31	6236
12113	73	444
2552	47	14766
8752	73	4362
13298	31	814
3928	73	3072
912	27	7126
8707	73	14297
14389	31	1131
5427	78	2375
10895	65	7707
8324	78	6909
4659	27	5862
9175	27	8164
7047	14	10356
10906	27	9579
14559	73	2154
14590	47	10381
14981	78	6408
6536	40	9586
14685	47	749
12837	31	3535
6596	73	14264
11910	73	2816
13558	65	14739
8239	27	4082
11745	78	11376
14786	31	11512
11646	73	14384
9540	27	4381
5346	73	2065
3192	47	8003
14223	73	6844
14291	27	6169
10716	73	5749
5389	73	4576
14223	65	1541
2710	72	9724
8419	27	8884
9726	27	6219
1069	73	421
11980	73	10032
12691	73	4497
5251	47	1271
12882	73	13762
14842	73	2523
10339	78	7619
7471	78	4072
12232	73	3674
14273	27	6589
14989	31	6261
14507	73	6634
6887	73	6170
1358	27	5652
9613	73	5462
3735	27	11261
13266	31	4319
3832	31	725
6792	78	4878
13145	27	4156
5111	27	7370
1451	78	381
2041	47	2829
3427	40	13676
11623	73	4368
43	47	2826
3373	73	4259
3175	73	4143
378	73	10389
14175	65	10492
1699	78	6409
5536	31	5773
11096	78	7312
5252	73	739
7704	73	6108
8490	73	2827
1649	13	5564
12625	31	14746
12395	73	10280
8624	73	3477
9540	78	10747
13742	31	3142
14867	73	1684
8401	27	2247
13218	65	6416
1452	73	4507
6728	78	11418
2532	73	9034
7871	78	10681
11788	73	2845
10494	13	14276
12327	73	4774
5048	73	14957
11791	65	6216
5583	78	2268
13082	27	453
13793	73	10249
179	73	6706
3819	73	6005
2565	47	5299
11803	73	14243
12535	73	4774
11629	73	5850
14279	73	2843
3861	73	407
12424	73	10759
8814	78	7820
4950	78	5270
8127	78	9304
6746	47	14487
6575	40	7808
1801	65	14509
5600	73	6667
9912	48	9672
3463	40	884
10591	73	5801
8510	73	7914
10577	74	10846
9359	73	14948
5069	31	7671
3925	78	4174
1995	31	516
7172	17	4145
11854	73	8435
8326	47	10299
5230	27	2428
11407	48	9385
4235	73	6367
13263	73	7737
10811	78	14722
3700	73	5948
14915	73	1255
11876	73	9244
7480	73	1406
5287	73	833
5193	78	1946
254	31	3244
5539	73	3191
11099	78	10960
4573	78	9274
12680	73	4079
11552	73	2167
1375	73	7087
6162	39	3753
12838	65	3624
5425	65	9399
12447	73	2287
10405	72	489
6894	73	7226
895	73	10179
8990	27	6671
12981	73	3538
10502	73	10596
7136	73	3611
14427	73	10227
13837	78	8761
10723	73	1894
10431	73	10039
11977	73	8843
3869	27	4629
10724	73	6511
12633	27	486
929	78	9251
9357	73	813
14286	40	2867
4830	45	9282
10802	69	9894
14591	73	7466
10559	31	6006
8239	73	4362
9475	78	3443
11661	73	7302
8828	27	9978
7960	69	14373
14728	40	4751
12580	73	7784
13766	78	3544
8998	73	9558
10698	73	3415
5612	73	4248
794	73	6471
11866	27	6494
4187	73	9692
12471	27	11177
11986	73	8165
10781	31	9106
1081	47	9606
4029	73	2380
3876	27	9826
2685	64	1315
3053	78	9829
7547	73	8018
12699	73	8431
5563	73	707
6917	73	865
7806	27	5063
2338	73	6000
3836	78	13875
10522	27	11181
9755	73	6627
5568	73	4263
8904	27	4797
4378	39	7050
3881	73	4139
8082	73	2150
891	47	6608
7836	48	14258
74	27	4080
13984	78	6092
3519	73	6783
10268	78	1014
14620	73	3528
13071	73	2769
14076	73	4798
14531	73	10517
10040	72	7477
13535	27	7799
12706	73	5907
4817	78	10231
7693	65	13835
1863	73	3348
10336	73	1758
8609	27	7126
3791	47	1775
5580	65	9114
544	73	4960
13529	73	10083
11049	73	2987
10397	73	9034
12991	78	5742
2164	73	5057
11272	73	2290
14904	73	4684
11209	73	1412
5351	40	498
14151	47	5627
11998	73	3410
11021	73	9202
11130	16	6571
8494	73	7711
502	40	6575
14518	73	7380
12177	31	9995
11961	78	10960
12619	31	913
7896	78	7678
9018	65	6279
3189	40	10436
11461	78	11405
11115	73	10368
14855	73	8548
5572	73	5219
5008	73	6481
10192	58	1550
1041	47	9599
4453	73	6323
3877	78	6514
13961	73	7976
3951	73	7039
13079	73	5853
3794	47	1775
10181	78	1158
10304	73	10017
4485	78	8856
6877	27	8636
11197	27	2145
8184	73	3783
14877	40	8585
9129	73	4402
5179	73	7680
5419	73	5927
14942	27	9216
13614	73	4544
3653	31	3401
3015	73	1128
14406	73	6633
13457	73	4682
11618	73	10778
3702	73	2356
12977	73	6603
2431	73	4158
297	73	3406
5767	40	9619
10594	78	6674
1023	47	7675
13298	73	7407
12225	73	6111
2771	69	775
13776	47	1797
13717	78	2428
1599	40	3438
1361	73	1163
12894	73	1725
12007	73	9581
11212	78	13839
12477	73	5034
13454	65	1781
1024	73	2829
4227	73	594
10543	31	9960
5786	25	14576
3281	73	1237
5664	27	4125
2418	31	7190
3737	73	6032
10707	73	6784
6559	73	6277
1207	73	4507
2671	73	6648
13960	73	769
9861	73	4315
5791	73	420
254	73	5840
5188	73	2052
9339	27	2979
11606	73	3855
238	78	9305
14453	78	1300
12445	47	7596
9910	73	9055
4823	39	4483
9102	13	6735
9141	39	6176
13723	73	14287
13881	78	2934
14337	78	417
11939	73	9982
3932	73	6442
10173	31	9574
3174	78	5054
3157	73	6138
3922	47	7729
12013	65	11177
8717	73	9214
10625	31	3001
11582	73	1322
11243	73	10185
100	78	7978
7097	49	6735
14921	27	14705
179	73	1879
13089	65	1273
5679	73	14261
13647	73	6291
7490	65	9114
1359	47	1551
844	73	2358
13105	65	4097
1186	73	4854
11632	78	6258
4924	73	3353
11361	47	2313
8321	73	3010
11441	40	7392
2295	27	9399
5610	48	14893
2035	73	3063
7269	73	10292
8835	73	1290
5687	73	11518
6527	40	7590
5194	47	430
13102	73	5030
10827	73	11392
13028	78	2817
13549	78	7809
7505	78	2884
13181	78	2355
11415	78	10421
5809	45	9284
5238	73	2772
9945	53	7452
9347	73	9813
8019	73	14458
2923	73	9820
11132	40	9636
1719	27	10364
6064	73	9776
9653	57	961
5962	72	795
12193	73	7788
11973	73	9279
13441	73	5059
8626	73	6016
12254	73	9992
7564	73	2371
7139	31	3535
8608	27	5742
10726	73	10496
3778	73	5848
11280	73	7663
7021	73	4445
490	40	6263
3317	73	3067
9919	73	6430
12907	73	6742
8336	78	7044
10245	39	13681
12421	73	7275
12530	78	6087
1725	72	9231
5097	73	2127
5421	27	7682
12330	73	9312
8721	73	8662
14014	27	14055
12090	27	14783
1403	73	4373
8232	31	14745
13014	73	733
837	65	10109
8098	73	5741
127	31	6330
503	47	2161
8351	78	14430
8854	73	9052
10876	73	9766
5679	73	4176
3635	40	4197
9080	40	6391
12470	73	10449
4498	39	2757
9736	73	7679
204	73	2990
2320	78	2302
977	73	7959
127	73	3127
11716	31	14747
5422	73	6543
10653	73	4408
8381	47	10775
8682	78	9842
6732	73	8763
10410	73	1547
2676	73	7656
3970	73	9698
13037	27	6203
4751	39	4767
1904	65	10437
9080	40	4449
4996	73	7607
3262	65	2800
153	31	1298
3920	73	3163
1377	73	3242
154	27	14947
11844	73	329
11251	73	4373
5690	73	5749
6745	47	1428
5719	40	490
12528	73	832
7154	73	3641
2914	73	3783
11102	31	2359
3005	73	2411
5977	40	3680
1746	47	7594
12328	73	3457
10797	27	5154
8935	78	14010
3679	73	8018
12860	73	3504
1493	31	3244
3814	73	6102
14775	40	5852
13416	73	10034
6596	73	9509
10267	73	3826
181	27	2301
11738	27	5975
2199	39	2274
9347	47	2882
14703	39	5126
8178	22	8177
14129	78	8765
10300	40	9635
11459	27	6208
7104	65	6048
6892	27	4082
2234	73	7736
2060	65	4097
8167	73	9768
2459	73	6380
579	73	5795
7221	78	4689
12544	73	7086
11812	73	9631
5200	73	14510
9431	73	10006
13020	27	11473
14636	27	6655
6	73	4392
4268	27	7304
3998	78	2078
5664	73	4371
2185	57	5893
12454	73	6345
12966	73	10495
11803	27	4772
5612	65	4248
2646	78	7989
7510	73	11532
5611	73	8009
12855	73	2048
10131	73	7128
9636	39	9064
211	73	6506
11792	73	10190
10697	48	2447
12094	31	14484
6789	27	10008
746	47	8444
1486	78	9693
7493	73	7431
10072	47	1405
2787	73	7914
3042	31	4860
182	73	4514
4260	25	1675
1339	65	11537
3780	48	6816
12480	73	11129
11393	78	3785
305	73	10387
14665	47	469
12448	73	7986
1047	40	3638
1658	78	4145
3325	47	8458
9485	47	2826
14840	73	9094
5184	73	5880
10753	73	6126
13592	73	7876
5820	47	7694
9345	31	14737
14502	73	6506
12283	73	7705
841	73	3525
14001	47	9981
10483	73	10152
14965	78	14987
11362	73	4991
7322	78	6143
1568	73	807
11215	73	8431
12412	27	10230
9816	78	5464
11965	78	6232
850	73	2878
13759	78	14720
11272	73	10672
8922	73	4289
9425	65	9236
5446	73	5059
1472	27	4777
264	73	7876
12059	73	2211
14523	73	10007
1056	27	2410
11095	78	458
14108	73	7174
243	73	2191
11981	27	6243
3938	73	3187
648	73	11450
8970	78	14720
12628	73	9774
5983	39	6045
9160	78	3009
11351	73	6027
2000	65	9226
680	73	8200
12701	73	11330
4235	31	5945
3200	39	10282
1024	73	326
674	47	5626
8906	73	14066
12548	27	14705
4659	73	4259
2991	40	6274
4214	78	9829
6775	27	2985
11844	73	5293
13896	73	549
10638	73	4819
399	73	14259
6619	73	5314
11387	31	11455
13448	27	7120
200	27	2978
4461	73	7725
8280	27	6984
5558	73	6015
9603	73	4880
4492	47	6301
8819	27	9204
14609	78	9226
5201	78	324
4020	73	6107
4526	78	7369
3381	73	1134
3903	73	2555
4970	65	6158
10696	72	6178
240	27	11473
13147	73	2898
11590	31	7991
7245	47	6094
8787	73	7609
8362	73	7876
5662	73	1237
4262	72	5830
105	80	2241
7584	73	2560
11754	27	5175
12070	78	9049
8744	78	5782
7186	27	10019
8931	39	1854
12195	73	10235
9428	73	6910
3652	73	5944
4034	78	2097
6467	73	9034
9755	73	6637
13714	27	11382
218	73	6964
3946	73	10672
2155	72	8414
13049	73	3615
13065	27	7921
2240	73	4610
14791	31	3362
7205	65	14483
12535	73	6423
8449	73	1338
5672	73	14958
12939	73	6964
8272	73	9588
3059	73	9140
8025	47	14414
9767	78	3346
12870	47	1945
8569	73	1427
12124	73	9795
8633	73	3827
3809	73	11337
3928	78	2166
8936	73	2055
1387	73	7722
9817	40	2151
13563	78	2815
10447	31	8932
9007	27	10147
5446	73	2530
3241	40	14757
12911	73	2200
11934	73	7958
13446	73	3529
3328	27	712
12660	78	14728
2966	73	6784
10716	73	5646
2060	47	6318
7098	73	4139
8912	73	4558
11704	65	10373
2640	31	5290
14678	73	415
8549	51	8549
10122	73	6823
4257	65	3468
9673	73	426
10452	47	2766
2328	27	6679
6560	78	6013
14853	73	9097
2389	73	6372
12629	31	14863
3218	78	2683
1484	65	9226
10931	73	10669
10222	39	9880
5232	27	4113
6893	73	8795
3817	78	447
7092	31	7991
13545	73	769
888	80	862
10256	78	1291
154	73	14947
2384	73	1817
7326	73	6487
8364	73	5762
7352	73	3061
11003	78	6393
7143	73	8442
14291	73	1669
12077	78	4829
5669	73	748
1749	73	9047
14802	78	7094
12220	27	14779
903	73	2877
3158	73	4891
5541	73	7792
11961	27	5035
10446	73	5911
539	65	5652
12294	73	3415
369	27	3458
10685	47	7956
13963	73	8430
892	27	7126
13081	27	5029
6258	20	2771
7542	73	10278
6732	73	9625
8931	39	7706
5241	78	3842
14593	73	8009
271	78	10746
12738	27	511
13062	73	9639
4583	73	6068
8390	47	7017
9129	27	4423
8091	20	2223
13427	73	2307
8834	73	3184
3103	27	14705
12356	73	7868
10225	78	11167
8946	73	1852
252	73	10024
1201	73	9629
10793	73	4154
12340	31	3001
9454	73	6738
7345	73	4988
183	78	5788
5410	73	10007
11511	47	2818
12274	27	14317
1890	31	14742
736	73	3824
2648	47	4380
5268	27	8418
10553	78	6531
10796	47	2796
5561	73	6971
7336	78	14443
7242	73	2893
8252	73	10057
5151	73	6061
5977	39	7590
5703	73	6275
9912	74	8997
12374	73	7623
5706	73	9214
12774	73	1170
11724	37	9884
13174	73	7981
8259	27	14351
10923	73	5774
3797	73	11516
4970	73	13674
5190	27	2933
3960	73	9774
11471	27	2152
9935	78	1295
14328	73	7679
3903	78	6013
4713	73	6630
13358	27	4063
9760	40	8540
11942	73	6572
974	78	5732
12187	65	486
8148	65	6330
1939	73	4506
13461	73	14957
152	73	13587
5053	39	11514
2912	65	4401
11740	73	3212
1518	65	2116
2692	69	3523
10800	31	14357
8694	39	4978
11363	73	1328
8617	73	275
7920	78	8646
5622	78	1960
10986	31	6163
8071	73	8520
1042	73	2269
3317	31	5321
12582	73	3239
11935	27	10019
13854	72	3302
14171	27	6258
940	78	7593
5104	73	13858
9213	39	8867
105	73	6604
12960	73	6251
10612	47	4385
3066	40	14717
7911	73	3216
7802	74	7803
4232	27	5063
3173	78	4423
11702	47	5739
4642	73	7484
9330	73	1684
14178	27	14351
3587	39	8006
2095	73	11324
13288	78	6269
8496	73	3452
11542	73	2129
8921	78	10741
1906	73	7045
11646	73	1036
14141	78	468
14679	27	10745
11195	73	6155
8586	40	11069
837	73	9766
7502	73	7789
14179	73	2409
11827	73	4292
1905	21	4911
0	73	3607
11826	73	10023
14587	73	5649
13224	78	14430
12019	73	2838
11925	73	3432
7599	73	5851
13363	27	9847
13712	78	3447
9391	31	14747
2924	31	10110
8157	73	2309
10629	73	2777
8623	27	10092
12975	73	2262
9381	78	9855
10509	73	2259
12086	47	2818
11784	73	4875
12803	73	4314
11323	73	3353
8750	47	7311
3302	57	6212
3177	78	2268
13569	27	10156
7490	73	514
12171	27	14705
11949	78	9206
9888	73	14471
2842	40	1407
14934	73	2179
7700	73	7756
13384	31	4137
12526	78	1300
12199	73	6039
14589	78	9207
12380	73	11451
11489	73	4506
12099	73	501
7812	40	7392
11976	73	8060
5609	31	3001
3800	73	10525
2620	31	2569
13174	78	14289
9890	73	11303
5475	73	1817
7742	73	4760
14452	73	3345
3656	78	14824
11320	73	2286
13996	73	2282
12886	73	5759
7523	73	11474
2813	40	3200
13655	73	2179
316	47	2449
5951	73	4725
11256	78	715
1047	40	5023
5171	73	2999
7917	65	4158
3416	71	11466
7816	73	4552
929	48	2976
5137	27	9802
10793	73	10108
13671	40	7590
11206	73	4506
11599	73	6009
12281	73	4768
1345	27	2994
3924	73	8859
1585	78	14781
10570	78	9976
8304	73	4168
4586	73	943
682	47	9598
11282	73	7275
1361	73	10982
2577	73	415
4381	72	8885
12853	73	5999
5794	68	10215
6722	73	14473
13171	73	10782
7498	73	5330
8689	27	8661
10821	73	3435
551	73	5798
2043	73	7059
12591	73	4104
11489	78	14486
13516	73	416
9750	73	4988
145	65	1759
11592	73	3425
3583	31	5334
8936	78	10516
2725	27	4067
12266	31	14741
9670	27	7978
752	73	5759
3800	73	10011
2920	31	10164
12981	65	8432
5767	40	14728
3642	78	2861
6343	73	6072
1433	47	9598
9361	73	7632
1563	48	7172
13297	73	5214
7385	73	3605
8142	39	9291
11462	73	1269
1051	78	7875
12435	73	8657
54	73	14261
14658	27	10150
8975	78	7925
11997	47	336
3262	31	1131
4107	40	14717
13700	27	509
8320	73	3405
12970	73	6194
14154	78	3100
6400	73	777
1112	73	2709
8631	73	7012
11205	73	5866
14521	78	10310
12028	27	10247
745	47	8444
7218	73	1768
4787	27	2873
1902	73	8627
11220	31	14746
8159	73	4159
2907	27	3534
5394	78	2858
10546	31	2260
1208	73	9155
10468	73	6403
4269	73	4497
12429	73	1036
14887	31	4868
8594	73	5312
6920	47	336
2204	48	1529
12591	78	8147
10909	78	14415
8918	78	443
3995	27	10373
8337	27	9230
13255	73	1290
894	73	14754
8689	47	6357
1188	73	4475
1617	73	1555
12663	47	6311
6441	39	605
217	73	9231
8813	31	1152
10961	78	6416
8504	73	8470
10197	65	6013
1812	73	1633
8487	65	10308
4272	73	4445
10168	27	6224
12088	73	3956
3739	73	3197
3265	73	10043
9616	31	828
4450	73	10200
3041	73	470
1181	27	9607
11435	49	9502
7219	73	2932
10242	73	2330
5585	65	7757
14200	73	7987
11543	73	11007
125	73	6405
12516	73	10000
5354	73	6208
1628	73	6189
14386	73	7088
1172	73	7996
6529	73	5931
13528	73	7424
8510	27	7724
11915	73	10184
5375	31	9824
12780	73	9303
7348	27	8048
13568	73	5828
10545	78	423
5495	78	10253
5192	73	9581
1649	14	5564
10056	73	8409
575	78	10741
7547	31	2285
3586	73	6028
1898	73	7940
5306	78	7689
13225	78	5294
4304	78	6328
14152	31	2760
13370	47	4846
12959	73	7656
849	18	7038
8544	73	7705
1515	49	13466
12477	31	7089
6789	73	5999
10002	40	2125
8142	39	14496
2842	72	631
11438	47	9598
12513	78	11150
12723	47	8444
13179	73	6478
5707	27	7873
8375	48	7172
1193	27	14709
13964	47	6089
8338	73	7635
9744	73	480
5110	73	6873
3958	47	5648
8268	73	7787
1566	78	6208
10969	78	8658
692	73	2857
8597	78	14486
5262	31	5823
1630	73	8017
13307	78	2884
3934	14	6225
6657	27	864
1486	78	2888
12715	73	13902
10989	78	5855
14847	73	11520
8488	73	6642
3999	73	5797
12588	73	3425
1863	73	6390
5625	73	4047
13006	73	13782
13285	31	3370
322	73	14504
10592	73	3139
700	27	9731
9250	73	5751
8840	73	1583
12573	73	851
13652	78	2981
1451	78	4779
94	27	8665
10387	40	3542
14979	73	8934
10120	74	8375
13237	78	5903
11650	78	420
8212	78	6393
10553	47	4086
11395	73	2259
14767	39	13688
13965	73	464
5400	73	10669
10130	73	6627
11714	73	5895
12115	73	2385
10298	73	2769
38	73	14329
14599	49	3978
8874	39	6445
11225	73	5835
12853	73	441
8720	31	11144
8163	73	9107
5803	72	4506
6563	73	6622
4031	73	14734
14387	73	4893
10469	78	2314
11913	31	4791
10132	73	2371
8448	73	3063
13972	73	2307
1601	73	6406
6690	47	7311
11707	78	1272
13538	73	6485
12242	27	8129
4998	73	11066
12986	27	6215
13177	47	6928
14634	73	5039
12214	73	2115
3512	72	14709
11615	31	9571
14632	27	10312
13221	65	4379
7136	65	2800
14461	47	4193
11822	73	9178
7273	78	4401
14187	73	7419
10790	73	3135
10797	78	1272
8208	78	9115
787	73	14480
4387	13	11724
1618	27	3441
13525	47	10228
4575	64	2414
8980	65	2858
4938	73	3302
7511	73	14316
12768	73	8168
2819	14	9672
14083	65	5296
1523	73	8094
7171	78	4706
2921	73	5832
694	73	1715
6476	73	11007
5723	73	6110
11931	73	1170
14194	78	588
11302	73	6634
14551	73	1847
13749	73	3674
12371	27	9927
2748	78	3417
10044	40	8037
2689	73	6004
679	73	11518
6236	57	4085
10286	78	14340
4210	31	4367
11829	27	2763
6436	40	879
12380	73	10208
10064	73	14977
11642	78	8531
12425	31	9627
7244	78	8147
1124	73	774
1872	73	9629
8182	27	11535
13175	73	5472
11869	27	8539
13133	73	11192
4273	73	10387
3890	78	5466
1512	73	9518
13394	31	3535
2337	73	11146
3751	27	5642
1676	40	3189
8815	27	7947
4588	73	5313
10625	73	1296
4007	73	9952
3601	73	3139
12988	73	10227
7069	27	4554
6579	65	6617
11083	31	422
2108	73	6233
12529	73	1828
5484	31	4319
8599	73	8553
12595	73	11146
14980	27	7933
12795	78	1272
14703	40	1047
8138	73	14493
2947	73	4989
12526	73	7415
12521	65	6416
2972	73	14572
1720	73	6115
12946	73	10418
8544	31	4105
13623	73	710
8313	47	2597
613	73	2693
12257	73	2270
10409	48	6735
9393	78	8278
13711	73	3489
5563	27	7749
13510	73	3228
3381	73	1036
6465	73	9101
14023	73	4075
3116	73	3360
69	78	595
3291	27	6416
10549	73	14764
13235	73	4760
11490	73	13774
14165	78	14415
9470	73	14287
9680	73	7972
14885	78	6393
14651	78	9553
12376	47	7922
13238	73	5968
11458	27	9847
2002	27	4441
14584	15	3629
9156	73	7429
13960	78	2027
62	27	9942
10992	73	9988
8128	40	6845
116	73	8435
4450	73	9609
567	73	7114
4869	27	5781
5111	27	4076
12129	73	6513
1200	73	8470
10592	47	7596
13283	27	5876
2430	31	966
14065	73	9084
14308	40	4192
5118	47	11067
12317	73	8637
13216	47	454
7285	47	1824
1384	73	3439
12779	73	329
5552	27	14822
7688	40	2456
11062	31	2899
9371	47	7056
14054	78	1159
3063	72	2304
10705	27	5029
3462	39	1854
8731	73	11141
7580	78	8147
10607	73	10389
380	47	6356
13090	73	10389
12632	73	862
9407	73	3169
13185	65	3468
7571	73	4408
10645	73	6323
5617	47	454
11293	31	2121
12033	47	5299
1230	47	7729
14047	73	2312
10537	47	6351
5357	31	9830
12789	73	9821
7018	72	7785
14028	73	9774
11706	73	1036
8309	73	7710
9865	65	8174
6791	47	7184
11624	27	6258
13485	73	7618
48	65	1260
4120	73	9196
11570	73	3348
9615	73	2827
10439	78	5461
14429	78	9798
9671	73	1684
13883	25	8681
3751	73	13886
8810	78	90
3503	47	14777
10978	78	4439
9662	73	5972
1038	78	1856
13323	73	3431
10685	27	2886
13013	78	4439
578	78	10021
896	31	4436
1501	73	10519
14939	47	9266
11285	27	9399
7073	65	2378
7203	65	4330
14064	73	6145
8890	31	14742
3027	73	6666
210	73	1668
3173	73	10349
1697	27	14694
896	73	7695
3903	73	10626
5920	73	2259
14540	27	512
11987	73	8101
4470	31	10666
7878	73	325
6641	40	6116
7373	57	3018
11975	73	8548
12600	73	943
1869	15	2759
6742	72	9820
11836	27	3232
7445	73	4563
3975	65	10746
45	73	1564
14386	73	9666
9477	31	2860
6428	39	6530
2717	31	10038
14482	40	14397
5526	73	10368
2368	72	532
3174	73	6040
7320	78	3213
699	73	4049
1342	47	8587
3331	73	3236
10412	73	1162
6993	73	10372
9541	78	10747
12143	73	9094
1997	73	6117
8829	73	1036
4787	47	6033
11293	73	531
11988	73	9125
12749	27	10373
13135	31	9996
3305	73	10152
5375	27	6244
11998	47	495
10260	73	2117
12642	73	6442
11085	73	6198
5897	31	7864
13500	73	4544
11709	73	14399
1608	73	9730
5189	73	6249
10657	73	8150
9100	40	9684
3089	31	8882
13524	73	587
8608	73	3229
14179	73	4362
12451	73	2528
5190	73	5815
11926	73	6653
2018	73	1583
12816	73	10060
1940	73	14366
13096	73	1546
2581	73	4374
3500	72	4138
11321	73	3065
1382	73	434
11037	73	9232
13749	73	2114
1180	78	9783
838	78	14695
13139	65	5759
3540	27	511
11527	73	6273
4276	78	8445
13981	65	931
10843	73	14287
11991	47	495
4912	76	14237
1910	50	6258
1166	27	9528
3379	27	5060
4799	78	4317
846	73	14417
10541	78	7079
2429	73	10389
8321	73	6503
579	73	862
11411	27	4101
8482	13	4109
2235	31	8932
2417	73	3605
3250	73	7711
1075	73	5630
2940	73	5085
1516	47	8587
4596	73	337
3285	73	6572
5367	74	8975
10762	27	7809
4640	73	1895
7265	73	7042
9320	40	8103
3274	73	6156
5635	27	1437
8338	73	6040
13238	73	7313
7742	73	13845
10546	47	9319
5229	27	8669
3941	27	7292
8703	27	8472
2000	78	8655
5342	73	348
8781	73	4249
13503	78	11172
13542	47	3596
3871	78	7723
11270	73	4684
2081	31	966
1000	47	2535
5180	78	10154
11233	47	14423
13755	31	9824
409	78	1304
2041	73	6249
8192	73	9797
5777	39	2862
1732	47	2149
8796	27	6934
2792	73	3261
3893	31	9096
5181	73	6337
9939	40	4780
1816	27	4509
11566	27	3459
13889	27	7084
12693	73	4044
10207	47	7420
4804	73	10676
830	73	827
9896	73	5059
5380	78	4509
4378	39	2303
14218	73	11450
8255	73	858
14090	78	9953
10698	73	8653
10584	73	9799
8557	73	3695
43	73	14125
373	31	13857
65	31	9997
2242	78	9553
11341	73	275
65	73	1036
3049	73	9967
8980	47	5299
14092	27	9883
3295	27	4802
3898	47	3639
12396	73	5787
11003	64	8212
11910	73	9814
4705	78	4755
2630	65	11177
13980	73	5057
7367	39	14403
14890	73	9822
6759	73	6012
6938	73	2321
10284	73	8314
14785	73	6621
13676	40	8524
497	39	4432
3337	73	6848
7141	47	7683
10221	73	6282
13051	73	2606
2874	40	5713
11112	73	7670
12397	47	9805
14245	73	5337
11335	72	1573
14268	73	8978
2749	78	4124
7195	78	6531
14823	40	9733
7353	47	11151
11189	27	9953
5135	78	14415
3548	73	5785
3189	40	3627
4720	31	14467
2546	78	8064
13666	73	2997
11443	27	4423
6449	73	8076
13511	73	10039
11729	73	2179
8212	74	11003
5707	78	5753
4188	73	2523
11625	73	9790
3828	78	10582
13986	78	1275
4247	78	2800
5168	65	10373
5621	78	3100
2580	73	7854
916	31	14737
7565	31	14746
1053	31	11144
4577	73	10627
8985	40	14222
4839	47	6301
221	78	8049
12019	78	8521
1712	78	4895
9355	73	9692
1340	73	3302
1552	73	7713
2588	73	7421
14786	31	9505
13969	73	5883
14087	31	9960
3095	73	9797
876	16	5574
10891	73	4324
3309	73	6783
10456	27	4101
7524	73	5832
11899	73	11158
5048	73	14511
6586	73	14509
10792	73	10672
1481	78	5320
1007	78	2268
6605	72	2159
13341	73	13971
4844	27	2798
7125	53	12787
12778	73	1126
8893	73	4321
5117	73	4549
5075	73	4691
3781	27	6169
3322	73	514
12332	73	6684
2204	65	1529
1493	27	14725
4562	27	9607
2335	27	5029
13473	27	7430
9468	73	325
13467	78	2985
13945	73	401
5720	27	9847
11047	73	9588
5664	31	10031
7210	27	6308
7284	31	4323
2702	78	2985
5339	73	7815
14186	73	9194
11665	78	14383
12899	73	9782
10912	73	9769
2345	73	14350
7245	27	14573
11706	31	14747
4728	73	11183
4412	39	14460
10994	73	4008
9771	73	8542
3419	73	7860
238	73	1573
12092	78	8471
14895	73	9215
14923	31	2715
11154	31	8476
1051	65	7651
12096	73	2250
9343	73	2053
7180	78	10565
2660	27	9238
5436	78	11339
11758	73	5971
12582	73	6782
1389	78	14476
14531	27	8471
3729	73	14744
12589	78	2985
8750	73	4358
12649	73	9107
5062	40	8052
4720	27	3846
3956	25	8953
13056	65	4095
5814	73	2849
9293	73	13604
8315	78	3842
5227	78	7312
9004	78	714
299	73	11066
12835	78	4755
4261	73	13910
6660	73	6931
10794	73	3522
11840	31	9234
11088	73	5895
1103	73	2528
10196	73	7863
832	72	14509
12802	73	8384
5480	31	6991
5820	78	3426
2621	47	5081
7837	73	6270
12992	27	7400
9601	73	4400
12938	73	10463
13163	65	935
11437	73	8045
13945	21	6607
13484	73	8464
12803	73	10627
10300	40	3627
9299	78	595
14612	78	14443
10411	73	9639
7814	39	1950
9160	47	7361
1491	27	2860
13526	31	8878
11156	72	7462
14364	39	2775
2105	73	9154
8336	65	7044
7351	31	4110
13471	73	10035
9567	78	2375
10121	73	2686
3332	73	7303
14607	65	2971
3378	73	7114
13508	73	4880
10329	73	3208
8876	21	4911
11309	78	8484
5010	27	4777
3573	27	11178
10654	73	4987
5338	73	7854
13188	27	8669
5442	27	9578
5217	73	9056
76	47	8382
8490	73	8140
3895	78	948
12458	73	11519
8563	27	9847
4751	40	8037
13726	73	9774
13111	65	486
12080	31	4110
4224	73	2257
8740	73	872
14419	73	3675
4519	73	6829
3029	73	7474
2237	73	9952
13056	47	7516
1494	31	5761
11114	27	88
11886	78	4545
13024	27	9157
13996	73	2191
11795	47	1694
765	73	5462
10908	18	10250
5429	31	13586
8418	72	9808
6986	73	9017
8776	73	3353
1584	78	2391
5252	73	6705
13790	78	874
4197	40	4194
10633	73	2777
3076	72	6538
4593	31	8932
12735	31	9505
14164	65	4318
13957	73	1706
13961	65	3408
10564	73	4293
7270	50	8548
5494	47	1959
10136	65	4535
12221	73	4489
13612	73	5333
10929	27	9783
2088	27	88
13536	65	6083
7584	73	5986
203	73	1544
11826	78	513
12897	73	10160
1361	73	9588
5109	73	7407
12009	47	1286
12030	65	6843
13750	78	6909
13709	78	7425
9657	31	14742
7541	65	10437
13515	73	4699
1465	27	9507
9888	27	5296
1341	73	3408
1461	73	6021
11710	73	2140
13603	73	6704
12756	73	3242
10481	73	8085
10554	78	2601
6657	21	10162
378	27	6224
12819	27	7091
10454	78	9924
13508	73	10595
12801	73	1895
2430	27	7926
5800	73	2801
13024	31	11128
1445	73	7747
11847	65	14346
1750	73	10163
13062	73	10028
4660	73	4154
345	20	799
13396	31	4389
120	73	7945
9921	73	13761
9172	73	5898
13417	73	4049
12660	47	473
184	73	2453
8219	65	6665
5206	27	3455
1872	65	6219
13397	78	5225
8549	39	4365
5046	73	1973
4197	39	6176
6892	31	4319
3093	47	7694
3832	73	4684
6344	47	6294
12617	73	9196
13820	31	5830
7906	73	10513
14956	73	5632
10803	27	3324
7334	73	1581
12563	73	1976
8424	19	1867
14027	78	6235
11769	78	6325
1311	73	10155
11397	40	7122
5964	40	5064
9267	40	5852
13178	78	7162
8259	31	9571
1387	73	855
13006	73	9195
2513	73	7483
10535	31	4892
4612	73	14471
11776	73	4318
1216	73	11403
5171	78	9226
11897	73	8771
8284	31	6991
3172	31	2121
8027	73	8384
4546	73	14468
8429	65	9943
8494	78	9399
5479	27	7127
12803	73	5848
11496	73	771
3836	78	5378
11749	73	1819
7869	73	4315
8307	49	1529
14255	78	10582
12614	73	10389
10940	73	10233
2991	40	8037
10617	31	8878
653	73	10361
9345	47	9599
10817	65	4886
10878	64	11435
1444	47	495
5391	73	2707
5435	73	2274
11248	73	664
12905	27	10127
5399	78	5764
7037	39	9193
3803	31	4404
134	31	14774
10075	73	3336
12520	31	1298
4069	31	7310
12373	47	14123
3794	78	7058
1448	31	5092
11946	27	10078
2949	65	7895
4818	27	4206
8801	73	14000
3068	27	2255
13647	78	2860
10451	73	4496
1495	73	777
2461	73	3076
2511	27	2132
5087	78	6013
11962	78	11124
900	56	6271
14172	78	6211
7795	40	5014
13869	73	5793
14077	31	2121
10785	73	5999
6596	73	10308
14332	31	10005
13496	73	2894
14684	73	6706
12529	73	952
5408	27	4888
11321	73	862
13152	73	3517
3382	73	5631
10395	73	3691
6938	73	3726
8116	27	6422
14429	47	9048
8611	73	2179
10796	73	732
3270	73	6504
8367	73	788
14813	73	2837
14190	73	6156
3985	47	2089
2617	73	9124
10498	27	14571
2320	47	495
13138	50	462
1219	73	3245
8024	49	2447
5947	40	9994
8608	31	4389
7572	73	4176
1662	73	4975
4184	27	856
3584	27	13909
2730	73	14765
2544	31	9505
14084	73	10988
13189	27	5655
7264	73	13862
1202	73	501
10059	73	3406
13635	27	4294
4344	27	5296
8898	73	1806
11937	73	412
11323	73	747
8532	72	4559
73	73	1128
12091	47	1271
13141	73	6403
12496	73	10023
8604	73	6700
9617	31	9995
9402	73	14957
13519	73	2452
5351	39	13681
9406	73	13841
10718	27	6753
1162	10	640
10399	65	14234
1699	47	4193
2253	31	725
12850	15	6083
234	73	777
6785	27	6223
8352	73	6667
5113	73	5888
4607	65	7978
5187	73	10780
8357	73	11074
9440	78	11339
3746	73	4318
8354	73	4497
12685	73	2930
4305	39	498
12646	73	533
14032	48	2447
11887	73	1150
8699	40	4823
6670	78	5764
5082	30	3635
173	31	2602
258	73	2115
642	73	2249
3586	73	6627
9879	73	2555
12974	50	9493
8161	73	9075
7852	73	8934
1358	47	6038
14451	73	6474
11985	73	5759
4605	73	666
3052	65	7895
13729	31	9571
10864	31	481
13609	73	1021
12451	27	14715
14294	27	7719
2010	31	516
14612	73	7225
10844	73	7669
10712	65	4145
14296	73	2284
3766	73	6259
5812	73	9705
4564	73	7484
7193	78	14705
7703	73	5750
5480	27	7292
12384	78	14242
12352	73	10595
2635	73	7381
12229	78	14476
12711	73	7464
14519	65	5463
1591	73	9784
168	73	7472
2353	73	10669
11998	73	1263
3094	73	748
2638	73	9186
1921	73	14495
12287	73	14062
12793	65	9553
1611	73	4898
8100	27	6671
11030	73	665
11309	47	4140
2737	73	10003
14368	78	9958
206	47	7516
115	73	14714
9490	73	6107
10505	78	4114
2541	47	9773
3026	78	10161
10471	73	4558
13667	73	6195
8034	73	3760
1367	78	10960
7888	73	9894
3160	31	7691
5916	73	9987
9616	73	10371
7150	47	10671
10307	73	2415
9661	78	6235
14855	73	11134
13476	78	5294
10933	73	5829
7413	78	4503
5584	73	6073
1548	28	4299
8803	65	14055
14365	73	7462
12179	73	6508
12691	27	4381
11905	31	14768
9169	78	9963
8023	31	3142
323	73	3007
10178	73	1826
13479	31	8878
11320	65	1331
9935	78	10567
8067	73	732
3717	78	7925
13547	78	6219
12543	78	11124
1239	27	5647
2446	73	13867
13435	73	501
14816	73	2179
4024	78	3436
7367	39	6974
13915	73	6247
3020	31	13687
12842	47	10146
1055	73	2188
11803	73	5967
10766	73	11286
7065	78	14282
4617	78	382
12331	78	4095
8469	40	5783
10787	73	6683
5638	73	9972
13181	27	14351
10781	73	2050
8628	27	5029
2085	73	10314
8736	31	1789
3579	27	9211
5563	73	624
12384	65	4638
12339	31	11455
1815	27	7874
10973	27	14317
12023	73	14739
375	73	10353
101	73	10024
13412	31	9960
14102	27	14715
13638	73	7620
4003	73	1530
14052	27	2885
12110	73	9969
839	48	3773
13390	65	5652
8404	73	5737
12587	73	415
7883	73	4154
10711	73	6155
7824	73	10444
13523	47	6038
11255	73	14513
15	73	9084
14426	73	9856
13562	73	6291
10332	73	14314
9143	73	7076
9453	47	8443
3591	78	6013
10395	73	5899
8481	40	14703
12855	73	11146
1570	73	10313
11216	73	4698
3492	73	9159
1994	73	1281
11253	78	14701
11312	73	13883
13174	73	873
7147	73	14954
1110	47	7308
8900	73	14287
7869	78	1325
5908	80	5909
13066	73	3425
1095	73	2274
11819	73	6405
14891	27	1138
5418	73	6652
1623	27	9940
7832	73	10667
8067	78	6416
5385	73	6077
10614	73	6513
6550	73	9695
1481	73	1673
7892	73	1737
6052	27	4141
1523	47	6278
2488	27	423
8132	65	11014
11946	78	10078
3645	73	10032
13525	73	10098
11714	78	3324
8311	73	3260
11583	47	5299
4046	39	6441
12664	73	3516
4599	73	1305
12421	78	8700
8408	73	9779
5341	48	2447
526	73	13865
7825	78	5459
11092	73	1737
6898	65	4108
3654	73	1638
525	73	14310
3374	73	4327
5588	73	14290
3694	72	9795
12840	31	5321
13316	65	1272
1803	27	5862
7543	78	10113
11907	73	8014
4934	27	6136
13514	73	623
13121	31	5768
8125	47	6691
5542	31	9260
8951	73	6975
11360	73	10249
6766	73	4048
13670	40	14398
3002	73	6998
6464	39	1961
10611	73	10513
1696	73	9856
8356	65	2800
11215	73	4058
5822	73	10295
1362	73	597
12701	78	5225
10203	73	10740
12345	47	9805
12358	27	7430
11184	27	4299
13290	27	7782
2780	73	6156
9735	73	6471
11785	73	13903
1710	73	3067
1738	47	4753
13602	73	1974
8448	73	9225
13531	31	14357
10597	73	11167
14032	64	14885
8679	78	1253
11576	73	11404
9418	74	14128
3327	78	1957
9667	78	9993
13521	73	6725
10719	65	2800
2303	40	4378
12366	27	14351
11916	31	3602
11235	73	7972
2035	73	6323
8378	31	9995
10856	73	7980
12232	65	486
1665	73	711
1782	78	4795
7367	39	6176
2158	40	7814
13814	73	3695
3992	47	1760
10307	73	5462
7872	73	4400
11483	72	11388
13140	73	9819
9393	27	8941
10618	73	4610
12616	73	2067
4827	27	1825
10451	27	6203
787	73	5630
13921	27	9978
13	47	9805
1693	40	461
2038	73	6229
12872	73	9800
11346	72	14039
5261	73	7004
13245	31	4110
13917	65	9942
4201	73	11068
2928	73	9086
1031	20	5981
1392	73	7428
3966	73	9047
14515	72	9806
4267	78	7820
7803	73	514
11637	78	5054
2334	73	6606
4277	73	10251
13049	73	2312
7807	40	5857
8911	31	9824
12699	31	3244
11034	27	5065
11887	73	3625
2610	73	11528
3355	73	6649
5368	73	5042
11707	73	3238
3027	27	7937
3963	31	11512
6853	73	3589
2482	73	6612
13193	31	1479
5794	68	8665
10647	49	13466
14580	78	443
3019	73	14485
7718	40	9306
1920	78	2027
4566	73	4205
299	73	3105
11057	73	7638
11609	31	9830
4006	47	5748
10480	73	2967
393	27	10100
11624	73	5333
149	27	4162
4450	73	14657
13413	73	3431
10658	78	4896
645	73	5923
13647	73	11075
1569	78	6495
687	73	14951
13646	78	93
5735	40	9939
14811	73	10293
787	78	5903
1339	73	1828
10526	73	3673
12818	31	2569
11502	78	381
9433	31	507
2514	73	1976
4237	73	2245
3887	31	9810
8243	27	509
12087	78	7978
13464	73	10627
1196	65	4796
3860	73	2077
74	78	1272
557	73	1650
11415	65	10421
3828	47	3640
11618	73	740
12517	47	4438
12902	73	1036
14642	73	14504
9662	73	7128
13079	27	6187
11784	78	1778
376	73	3502
12662	65	2706
8903	65	1156
1433	73	2798
3143	73	3826
11468	73	9558
13661	78	9049
1935	78	10113
2241	47	4122
4542	47	1829
12867	73	813
10559	78	5826
11298	78	10565
13174	27	7124
4701	47	2826
8369	73	4664
6352	31	9824
12058	31	3856
12187	73	9581
9550	73	3342
12342	73	7876
13151	31	14741
4572	78	6414
1504	78	4716
3979	47	2113
5479	47	7047
2461	78	10757
10898	73	2290
6714	73	5333
14373	72	2771
6889	47	14707
12382	73	7981
4673	78	2860
7213	73	6102
5260	78	6531
11265	73	5315
5167	78	3842
13663	31	3142
3581	31	13586
642	73	9513
1372	73	9854
11237	73	3372
2475	73	14668
11927	47	14312
10680	27	10237
5074	47	4193
11952	31	11539
144	73	1411
6066	18	6882
13524	73	5762
12211	73	6304
3379	73	7374
10997	73	1263
2994	72	6461
13531	73	4293
2643	73	2897
8385	27	6215
13581	48	9672
1117	27	87
8870	73	6969
5692	73	9982
13409	78	1781
13771	31	7686
12190	73	797
8294	73	2284
1936	73	3010
9029	73	10596
3965	73	6134
5070	73	4074
10786	73	2411
3866	31	1479
11511	73	9643
4467	73	13695
10102	39	8469
13278	31	9696
3679	73	13604
11300	47	8862
8400	78	10365
14901	73	4293
8930	39	9243
5409	31	11538
12567	27	14725
11523	73	2180
4931	23	8210
13168	73	1287
7848	65	14124
10327	78	1966
12945	31	6688
5990	65	4416
1915	31	2311
2911	73	4822
5374	73	7622
11011	78	5760
11964	73	7128
14653	73	1544
6190	14	1689
13645	73	10060
10522	73	6969
11375	73	8431
11428	23	2397
1917	73	8713
7903	78	10273
12679	73	4017
13484	73	7167
10897	27	3471
10304	78	1476
4028	73	8774
13338	73	2843
235	47	2870
11118	73	6239
10670	78	9209
5159	78	10309
11195	31	9069
11666	73	9902
10872	73	1154
8808	73	412
5009	65	5718
9318	73	8088
334	73	857
3316	73	10780
5995	73	6825
14660	31	7804
4838	73	14955
13719	78	3448
11887	73	2958
12016	73	2463
8125	73	5849
9586	40	13679
8724	73	6958
8239	31	4319
8257	73	5315
163	27	4410
8134	73	4875
11640	65	7927
13720	73	7690
11680	73	14338
11110	78	716
2476	73	3239
7110	73	7860
14187	73	7152
6452	47	473
8805	73	14704
2438	73	7790
1104	73	6288
938	78	863
4696	73	6056
1043	78	10421
3916	73	9777
2081	27	716
10961	73	5797
13658	78	588
3371	65	4746
2106	73	1021
11727	73	6093
11510	73	6335
159	73	2986
570	47	6271
1080	78	10582
10458	27	5296
8020	73	2210
14166	31	9260
14757	40	5215
9874	73	3302
1441	78	768
10813	47	3323
12631	73	1542
6748	31	9572
10721	73	6848
7887	73	14700
3922	73	13898
10395	73	10012
12548	73	4321
8976	73	9946
14169	78	863
11250	73	8144
8994	65	1689
8857	73	9841
5484	73	5059
1441	73	14142
2438	73	11165
9587	47	4459
3706	78	4754
13271	73	9121
1402	47	7064
13166	18	8446
197	27	10045
11707	78	5079
12051	27	14134
12365	65	721
332	25	8953
10638	27	1434
36	73	803
10433	31	814
9846	40	1947
9869	78	8761
12411	50	9926
12744	73	14754
10919	73	349
7449	73	9215
6878	73	2021
13730	27	7394
11187	47	5504
14601	27	7957
6796	73	3542
9707	31	4319
7257	73	9061
12850	73	9814
13592	78	10741
10823	73	2191
10317	65	1048
14128	78	2268
3493	73	6625
5539	73	2605
13628	73	10667
5268	73	13971
11428	23	10299
3359	78	7989
12132	78	4172
4569	31	1479
3969	73	748
12163	27	6244
8676	73	4293
11445	73	5836
14190	73	1154
10939	73	9214
10298	73	6474
5766	39	1539
13846	73	9790
739	40	11167
14680	73	4399
3975	73	439
13709	78	1753
5279	73	9778
1796	78	1437
8564	73	6103
286	27	4691
436	40	9506
10984	27	6422
1375	31	6006
8061	73	6695
12292	65	11072
3712	73	10418
2310	73	6630
12923	78	2753
8360	73	2454
910	73	941
14942	73	9055
13082	73	10096
570	73	11724
13766	47	14487
7601	27	6681
14968	73	1419
1202	73	1543
3944	73	2211
12126	27	7079
5547	73	9228
297	47	4380
14901	31	5823
1423	73	1770
10883	47	7311
4007	78	2112
8938	39	2864
13562	73	3323
13365	73	6204
9422	31	3446
841	73	6621
12139	27	6215
7215	78	10051
12442	73	10490
11896	73	593
8404	78	6595
5307	73	7466
7289	73	4960
3373	31	6991
5590	73	6133
7023	73	862
4865	40	10385
9764	73	1171
6623	57	1408
3288	40	5714
11429	73	9807
6300	72	827
6939	47	7674
5355	73	2600
9008	78	2934
3291	65	2800
2563	78	8664
8712	73	9851
5192	73	7606
11034	73	802
177	27	4398
12627	73	6782
5186	73	933
4046	39	3170
12969	65	6753
1527	47	1405
764	73	10595
11350	65	2800
8904	73	3403
11556	73	8943
13256	47	336
3012	78	863
1874	73	3072
14675	73	13780
3898	73	1680
2583	10	14872
4843	78	7874
11761	73	7792
14550	73	1788
7101	47	8547
9326	27	4639
13247	73	4798
11655	73	9600
11002	73	6192
10952	73	389
13976	31	11144
5389	78	8531
4963	31	14774
13442	73	10842
12110	73	883
10792	73	14287
8261	73	10296
11788	73	5059
9649	73	9982
11929	73	7183
13574	73	5878
14530	73	9774
12937	27	10364
11102	73	4296
12595	78	4248
11701	27	6235
11880	27	3446
5403	78	2027
8895	27	5752
7266	47	7308
2492	73	7161
8676	65	2062
3193	78	7267
995	73	2273
642	73	6247
30	31	4110
11944	65	4095
2158	40	14750
1750	73	5909
10689	65	4080
9415	21	4165
9770	73	4048
13073	65	10746
6120	27	10030
11806	73	3422
10392	25	5123
4907	40	9636
12710	73	3423
557	27	6224
408	31	887
8692	65	511
735	31	4427
5390	73	7084
14117	78	14384
10214	73	1107
8704	73	6117
3301	27	1685
8117	65	6048
11637	27	5037
12503	27	9802
14190	73	9232
4743	78	4515
9678	73	10841
1885	27	8661
11069	39	5126
7069	73	5462
12169	27	9942
12178	78	4867
12532	73	1036
11579	78	7164
13057	78	6408
7890	78	4795
12205	73	808
13556	47	9077
12349	73	13878
1887	78	7805
4468	31	9627
13569	73	4908
266	73	6484
8748	27	7591
3265	73	13877
12417	73	1758
6670	27	4746
8254	73	8415
14081	73	6107
1840	47	4122
1096	27	6320
11744	78	10524
5557	31	9260
8753	73	733
14189	78	863
873	58	9045
13045	73	1826
12117	31	2137
8448	73	9851
10690	73	6200
10638	78	1434
11784	27	11473
5635	73	5770
11836	78	14444
5344	78	10406
1211	73	14319
2342	73	13904
5510	65	2800
8615	73	593
669	65	7044
4312	72	6005
8452	73	5987
11960	73	10057
8334	73	11075
7832	31	7299
11182	13	13877
9763	78	11386
9018	73	3208
8584	39	13880
7752	27	11136
907	73	5846
13070	27	1167
6894	73	1022
476	14	14258
6360	47	6351
10286	73	9637
1930	31	10005
7294	73	421
2171	11	9672
13820	73	7059
14032	78	2268
14583	73	10039
12277	27	14309
14122	78	2247
10965	73	6017
13076	78	4290
12054	73	4392
9011	73	3683
13172	47	2064
13197	73	14379
3272	27	5029
8874	39	13591
4213	73	14724
13195	73	9821
12305	27	4630
13007	73	10192
13329	73	7307
13806	73	1129
2506	27	9802
1493	78	6253
8171	27	6671
3304	78	5774
9704	40	13676
13518	47	7041
5450	73	7762
7321	73	832
6787	73	6540
12221	27	5650
5641	73	10371
12623	73	10378
105	73	8520
13008	27	2062
10869	78	5297
14003	73	1415
9426	47	1149
1352	73	7115
7255	48	3978
7411	73	9051
8264	73	9573
5223	73	14483
4307	73	6968
9339	27	6224
11900	73	14007
11750	73	5057
5452	47	4481
4499	73	9899
1467	73	4329
11652	73	5770
1925	27	3257
10630	15	1282
13634	73	9639
12063	78	6266
2611	78	3842
9741	73	9800
10330	78	14720
174	78	14458
7495	73	1338
7917	31	2602
6945	73	1770
2830	39	9103
3418	78	10021
2909	78	8047
13016	73	3360
13359	73	727
14811	78	2141
504	27	2155
9398	73	1551
5107	73	6204
11976	78	760
5406	73	7167
11738	65	6048
8027	73	3228
12921	47	1271
8510	78	10900
6527	40	5038
11410	73	5989
12791	73	2530
7803	73	5832
9330	47	5031
191	73	4988
4014	27	14318
1371	47	9212
6060	73	4296
3881	47	1829
1559	47	1775
13267	27	3126
550	78	14348
12468	78	1253
13323	31	4328
2303	40	2196
8875	73	7987
12736	78	4780
2213	73	9261
2725	73	4067
1818	73	14657
12477	73	7614
4276	78	5782
1122	73	5886
8899	73	1768
8393	73	7419
178	73	6188
13701	31	11263
11004	73	5980
9866	73	7735
311	78	8213
13344	78	11379
5592	73	6233
3181	27	2314
1929	31	3535
11989	78	1309
3814	73	1419
64	27	6224
4827	73	11259
13478	78	3459
12855	47	2826
14523	27	4630
11955	73	14483
2589	73	10163
4614	73	4176
414	57	9941
1153	73	2670
12967	73	3956
11236	73	9493
6890	73	14315
8641	47	1678
2020	73	824
12302	73	8774
10157	40	1407
6643	73	7685
10317	73	1048
1734	73	6272
8570	31	2137
12213	27	88
4190	31	7089
13510	31	8932
10950	73	14765
11606	78	7124
11217	65	3342
6457	47	1286
13290	47	14012
4594	73	10663
1796	73	14483
134	73	3168
2007	73	6680
675	73	6916
12889	73	1262
13013	73	10076
10210	73	5931
6758	73	7635
11686	27	5826
9464	73	11403
10404	72	1551
1813	73	2958
9611	57	9149
1938	27	6223
5489	27	4536
10811	78	14708
1073	73	769
8488	73	2968
5387	21	4758
534	40	7050
9536	73	4665
10174	27	9238
11279	78	2751
13953	27	10567
6470	73	2299
5058	39	283
14245	27	6675
14595	78	7644
12133	73	6648
1885	73	5298
8394	73	3825
4686	39	6462
11188	73	1899
12479	73	2959
656	47	5289
14090	27	9953
8024	65	2447
11242	74	2292
13626	27	7905
14688	73	406
1187	78	9274
11776	31	966
4842	73	9255
4661	31	4177
2344	78	7809
2562	73	733
14111	78	6409
3147	73	7182
4537	47	4831
10586	27	6224
6332	16	1807
7326	73	2709
3498	73	4497
6424	40	3671
1472	73	10293
12906	78	7162
12890	73	1715
376	73	14765
6445	40	2151
13861	47	6177
6456	73	7018
13120	31	814
136	73	6277
4714	73	2381
14326	78	2841
2165	27	14478
12102	73	7914
7037	39	7301
10433	73	7002
5544	73	7916
12459	73	6111
8141	73	3058
399	27	4414
1392	73	5028
11468	73	9564
14583	65	2800
7579	78	13897
6455	73	5898
12087	78	3551
7539	78	6266
7879	73	10525
13436	73	2179
7453	47	14414
13601	31	9835
7929	40	14222
3144	73	4725
13121	78	5742
590	27	14705
3795	78	9304
12643	73	9084
2969	73	11122
1724	73	5728
2914	73	10595
5588	73	9797
9543	73	4371
4042	73	10187
8217	73	9111
8527	73	9563
13647	50	6971
1266	73	10034
1864	73	14776
12981	73	9967
928	73	11159
12267	73	5828
1620	65	10091
8823	73	14142
10793	31	14747
2515	73	7401
11113	78	14412
1917	73	11497
7393	40	1948
11300	47	8881
8115	73	10389
11321	47	9837
3877	27	6514
4022	78	6225
5345	78	10748
8984	78	7875
12167	73	3236
11704	27	10373
2915	73	2534
6352	78	1257
5466	14	9099
14531	73	5867
12036	78	2355
10795	73	6850
10979	73	4158
8399	15	8867
10546	73	6330
1923	73	1680
7733	58	6009
6536	40	3599
8339	27	4797
8747	31	11538
11958	31	9260
11604	27	7124
14127	73	6368
1104	73	1894
11438	73	2052
4118	73	1598
3920	73	3542
2969	73	10389
4658	27	6984
13991	65	4384
11835	73	9967
8326	73	2891
9012	73	1021
10866	78	6373
11753	73	5850
4213	73	8435
3393	73	6503
1925	47	5081
516	25	4448
10569	78	6330
1662	27	4860
560	73	7088
8291	73	9231
13819	73	4371
10712	78	10365
12479	31	14737
13544	78	14061
8073	27	9628
5228	73	6014
12762	47	9520
9380	27	14234
13214	73	1413
10393	47	723
11107	27	10748
12820	65	7970
9921	31	8883
13987	73	3449
10949	73	4916
11773	73	3425
13361	78	6904
8344	78	2799
3967	27	8666
10655	73	3674
10593	78	10253
7567	73	2995
7345	27	512
13064	78	6416
13776	27	4416
8329	73	5785
11968	73	10186
2420	73	5312
6597	65	9943
2515	73	3204
14541	78	11422
10816	78	1476
6938	78	10087
12447	65	741
4605	47	4882
10181	73	6601
2685	74	9738
8673	73	10098
9363	73	10202
8628	31	4858
10593	27	7370
3080	31	14779
10053	27	9632
4807	73	6489
3778	73	3496
8564	73	2371
3125	73	14769
173	78	9207
10859	27	6421
5235	73	2669
7158	27	4080
14180	47	11070
4307	47	2113
2748	73	7226
13182	73	9040
1173	78	7395
5046	27	506
13799	47	8046
8320	65	3405
6885	78	2867
10538	73	3342
6926	40	7858
13404	27	11529
12605	78	4004
10343	73	4875
4582	31	6991
8983	73	9851
2011	78	1158
2982	73	5887
1835	73	4152
8490	73	7993
12194	47	9266
9246	31	4863
5947	40	10085
11360	73	8466
10324	73	4684
3880	78	1404
6646	73	9553
12817	73	1672
14438	73	10017
11110	73	6708
11249	73	6800
44	78	6397
187	27	7873
12410	73	2290
8794	27	4320
11060	78	8664
13524	27	9263
14606	27	10247
5567	47	8059
2500	73	1638
12766	73	7623
14832	78	4508
12766	73	11269
14435	27	5035
11108	73	7865
7171	27	481
3784	73	7055
14460	40	11274
994	73	5464
3113	78	3616
7467	27	6078
6392	39	4373
1052	78	8598
4857	27	4630
14251	27	14573
199	78	1736
498	45	9284
12154	73	6291
1445	27	14318
12787	73	2117
11911	27	7926
1193	73	9967
11885	73	3406
314	73	10513
12213	73	4066
10942	73	10043
8675	78	10047
10181	73	7361
3646	47	3619
7766	78	2143
8371	27	5324
14298	27	6674
1051	47	14123
11503	73	13762
2485	73	10060
9760	40	9957
14171	73	5802
2458	31	9106
1007	64	14207
1051	27	7651
12890	47	4431
308	31	4100
13144	73	416
9317	73	6142
7698	39	10385
10120	78	4145
12506	27	7997
13407	78	4865
8240	65	864
3081	78	1155
4131	39	5852
7134	73	1416
8533	40	9350
11928	73	4415
12539	73	276
8591	73	5926
11344	27	511
11294	65	8080
8036	73	1415
12111	47	6799
1679	47	10299
1116	73	14955
14532	65	1272
14144	73	10039
14450	40	2151
11111	73	9819
988	31	4110
1970	73	11162
9448	73	2876
12622	73	2879
8502	73	5464
10726	47	7063
5929	57	5928
8605	78	463
5435	73	6694
6764	73	3612
52	73	11153
5413	73	3233
4454	73	11160
10970	47	9838
613	78	14720
9288	73	7982
8304	73	6056
12529	31	8174
5977	39	11123
10563	20	2185
8406	73	6635
11739	47	278
408	78	1960
5425	78	2698
2919	73	6612
8227	73	2308
7486	78	6393
13470	73	10143
5575	78	3845
12793	47	9553
12653	73	9577
13034	73	7559
72	73	1960
4223	27	6219
12162	78	4112
6452	73	14971
14092	65	11487
11103	27	2566
9893	73	8503
3653	78	3324
8827	27	10224
13220	31	9995
7228	73	8596
8375	78	6296
7268	27	14762
11644	31	11263
12267	73	7695
386	73	1327
4015	47	2667
293	78	489
6761	73	7055
314	78	9963
31	65	6712
12034	73	2148
14023	65	7400
9494	73	6275
3402	73	2995
8191	73	1638
12747	73	9786
13605	49	3978
5454	27	7397
5800	73	9046
11656	47	7729
8809	78	2403
1010	73	2752
7754	73	6199
8235	27	5036
2443	73	11134
7254	73	3589
13552	73	11482
9760	40	9620
13651	73	1134
2789	65	486
3359	78	1404
9456	73	6510
5126	51	5126
10926	73	7862
7242	78	14760
11129	25	8681
10866	78	5459
2807	31	9091
11920	73	14066
1492	73	8089
12365	73	7426
11976	73	7462
1524	27	3637
1213	27	481
758	73	5333
12090	73	707
8483	27	3444
12239	27	9943
3887	73	14347
4597	73	2694
3462	39	9975
11861	73	8627
7	73	761
13011	47	7184
13975	27	6265
10803	31	10110
1011	27	1299
12472	73	4875
1522	73	2271
13515	47	4831
10952	27	7482
9175	73	7737
11414	78	7950
12615	73	883
13533	78	6240
11719	73	10213
11685	78	6226
7436	47	6492
11674	73	5841
10636	73	3259
11206	73	10163
7931	13	1689
4837	78	3201
7354	78	4895
11671	31	3354
6285	47	4193
12825	73	10376
3004	78	4779
11642	78	864
4517	73	5919
7509	78	958
7354	27	14352
9635	40	879
13082	73	1290
8070	78	1637
11291	65	11014
13504	73	14729
9503	31	7671
2141	72	827
6819	21	10686
2902	73	5966
8073	73	6252
13716	73	5909
11253	73	3449
10764	47	11182
4520	31	14413
8779	27	3451
10689	73	7128
12199	23	6039
12291	73	1411
7319	78	7050
14434	73	1828
7211	73	6545
7978	72	13588
11291	73	347
2346	65	727
6556	73	596
10946	73	9278
5543	73	4368
8467	73	1582
1319	47	1760
8490	73	7018
3394	73	2865
7579	65	4057
5436	27	8006
6836	73	5952
12666	73	9600
9454	73	10962
14046	78	2268
3699	78	4747
12830	73	3214
3991	73	8130
1489	27	6417
4024	78	3587
9155	72	2761
8339	73	6040
5723	27	10373
5344	78	3100
12343	31	2212
10042	73	4139
3059	65	3468
11040	31	2285
5713	40	10385
10720	27	4414
9742	78	8080
14849	73	6644
2071	73	5829
12409	73	4415
4578	27	10109
9749	78	10113
8277	73	8542
3562	73	6028
1970	78	6843
2176	78	3369
12278	78	2302
9661	73	6727
10104	73	3223
11563	73	3662
14389	65	2800
14014	65	14055
13737	27	11124
10453	27	3099
13721	73	5771
9870	31	2121
2059	78	5903
3192	73	5893
13958	31	963
12296	73	1817
7880	27	1831
7540	31	14357
9029	73	8693
8957	73	10444
1549	73	1365
11880	73	426
8475	47	7729
13312	78	6909
1137	65	10224
11687	73	5908
11913	73	14057
7440	73	7860
10333	73	9988
4520	27	4630
5419	73	5918
10938	73	7182
8747	73	4489
12488	73	6194
8716	78	9108
12984	27	4004
12034	73	4497
2988	39	3599
1528	78	3842
10850	78	863
6585	27	8941
4128	40	1947
10319	80	10322
1183	73	2374
193	78	1641
303	65	1437
14500	73	2686
4190	73	449
2418	27	9528
752	78	3008
11228	73	7625
2520	73	3184
2349	73	2694
8760	73	5952
253	73	8143
218	31	5334
11945	31	2899
3777	78	3330
7532	73	6461
11650	73	6189
697	73	9196
6999	47	1405
7460	73	7466
3317	73	3826
14688	47	5997
5232	78	4081
5352	31	1131
3518	73	802
12741	78	1476
2001	27	4441
450	31	2137
4918	27	14456
2399	47	14008
2951	27	1533
2419	73	8108
12178	73	9125
10062	73	5921
10944	73	3105
6892	73	7821
14426	73	13876
2341	78	9108
13151	73	9789
11526	73	1308
10443	73	623
478	31	1131
5684	73	11007
13686	39	2303
11565	27	1476
3946	78	5788
13619	73	2380
2750	48	9672
1500	73	7785
5702	73	3825
13523	73	14513
6170	69	8440
12457	73	2120
13260	73	1154
6534	78	5054
10282	40	2199
6176	39	7812
13047	73	10520
1467	31	3244
2230	65	3362
7531	27	4361
14252	73	13851
11622	73	7302
14162	31	6185
3012	74	5332
12374	78	7077
12158	73	3061
13645	73	3240
1842	31	14761
13202	65	6417
12852	73	11007
8132	27	11014
7849	78	7619
14555	73	11286
12061	73	14749
7251	10	12883
1233	73	9074
10433	65	2062
13503	73	4494
2663	73	6012
3284	65	5717
11226	73	5129
12739	78	6287
2561	39	4756
13599	73	2707
4564	73	3557
12208	31	10100
4640	73	813
7172	17	14570
3995	31	6217
8492	47	7028
1351	73	1847
3767	78	5782
8451	27	8765
974	73	3843
939	31	4328
13491	73	2191
11265	73	4312
13982	27	10743
11092	73	2156
8782	73	6630
4470	73	9854
12587	65	6493
2472	40	5033
2729	27	7979
12387	65	13909
11494	49	9672
3167	73	14343
8642	47	4828
8294	73	1631
14846	73	14356
6956	73	13952
14017	73	14690
7768	73	2999
1009	73	7419
7133	73	13803
12387	47	2407
1983	73	11153
8760	73	10308
13079	73	2049
12400	73	2318
14664	73	7914
1164	73	4514
13962	65	10224
11946	73	14764
1004	73	11286
10857	73	5907
1718	73	14471
4673	73	3883
11798	27	4377
225	27	2159
6588	47	8937
4270	27	7949
4992	27	4148
12281	73	9159
14501	50	14480
13411	78	7933
10501	27	14571
14895	27	4148
5249	73	4504
2029	27	6672
3306	48	5564
12565	78	4160
12968	73	6170
4953	78	6187
12337	27	9850
11098	73	14392
14045	78	9808
233	73	5807
14788	47	2826
13620	27	7085
14334	78	8664
2423	73	3673
14227	27	3603
1565	27	14573
14917	73	7277
14032	65	2447
12520	73	10962
6753	72	3956
10831	73	9987
13006	73	6079
3993	73	13883
1549	73	2226
251	73	593
1881	73	10114
12533	31	6078
1657	73	5867
2494	27	3441
1348	73	14696
6719	27	9254
8565	78	14416
12771	31	9314
6559	47	5081
5490	47	3596
3299	73	6844
10996	47	6191
12057	47	2064
8585	40	490
11438	73	10490
12653	73	5472
8400	49	7172
4942	78	7425
7824	27	6581
10985	65	1156
13040	27	7952
3327	78	4533
10951	73	6186
4955	31	14746
4015	73	9946
2500	31	14741
4921	47	2818
1184	73	14007
12473	73	6738
9393	65	8941
5675	78	9595
1024	73	9894
695	27	9732
1111	73	597
6491	73	10163
13547	47	6608
191	73	2114
14866	47	3626
483	39	5658
2459	73	6627
11924	47	7056
9535	78	9843
8906	73	1981
12337	78	9963
339	74	10409
1341	31	1436
10928	48	3978
606	40	3438
2752	69	462
6880	78	14772
13449	65	6712
12581	73	9232
12739	65	511
2720	31	10579
6571	73	11130
7499	40	6274
4045	39	4686
9298	73	5948
2014	65	9226
9681	73	2117
6473	73	13845
1720	73	9493
5064	40	1027
602	78	14459
6762	73	3608
1999	73	9224
8604	27	7719
8975	48	14258
5498	78	9304
11671	65	1634
108	15	9185
10464	78	9036
287	78	4706
9480	73	7965
11038	27	9078
10933	47	14318
436	40	13681
5639	73	10841
1813	31	4892
5912	40	5852
12537	73	9784
10867	73	10303
2215	73	14574
2193	78	2710
7479	73	5948
4243	73	3669
11650	73	6706
285	73	5926
9750	73	421
8281	78	3544
11244	73	2262
7599	73	6233
1442	73	13587
6533	78	476
1997	73	10732
7252	31	9582
7834	73	3625
618	73	3616
5435	78	7301
169	31	14748
13521	73	5910
12500	73	10578
102	78	447
4136	73	10190
5260	73	943
6340	73	5909
10305	78	1155
684	47	5299
13710	73	10575
10044	40	4483
5545	27	8532
5156	73	13695
3494	73	3517
10240	78	425
3241	40	9952
11665	78	7397
8269	73	1673
10175	15	6985
6915	73	2772
3051	27	4758
11290	73	7954
1624	73	9291
10810	27	1856
13978	78	8006
7137	73	3436
1210	31	3564
12824	73	6430
8052	40	6174
8745	40	8874
3930	31	7648
13419	47	5299
11742	73	10007
13398	31	2832
1391	73	6049
1786	73	8431
431	72	2125
10240	73	9214
13451	73	2533
66	31	1682
1489	73	4854
9749	78	10030
14679	78	9843
11100	78	10746
1862	73	1411
177	21	10247
11010	47	5299
8297	78	9980
13617	65	8667
14584	15	9697
8372	73	2929
13218	27	4080
21	78	11139
10467	27	2900
13861	73	11338
4281	73	9034
7255	78	11476
13563	73	6145
553	47	5879
13744	73	14392
4616	73	9698
11396	73	9776
14303	73	8056
2512	27	6153
5525	73	9086
6250	72	815
12034	47	7017
1574	73	1942
12180	73	4371
1881	27	914
1862	73	10085
9330	65	325
8377	73	3410
6996	73	9718
6501	78	8147
11850	73	11334
8901	78	14753
12799	27	8667
8169	27	3637
10865	27	14529
8980	73	4008
14037	73	8104
11946	73	7637
13019	31	9190
3103	73	5313
10466	73	7088
13000	31	14742
3733	73	4635
217	65	1476
3925	27	4174
8583	73	826
13041	73	7128
1812	50	6079
14328	73	6669
2982	65	14784
12355	73	1640
3578	73	11515
30	73	7039
10242	78	9825
3485	73	11165
1505	73	14565
7143	73	7953
1399	73	2127
3723	48	3773
3309	73	1726
2691	31	7310
11481	73	14851
10789	78	5863
10122	73	5898
4661	73	13947
12443	73	6050
7523	73	9691
6993	47	9837
13800	73	7776
6918	27	11529
13423	73	7275
1523	73	7167
3687	73	6239
3316	73	4635
2439	73	10251
6347	78	5842
12675	73	5881
11687	31	14413
12150	78	2881
799	57	9639
10661	73	6178
11967	31	8476
619	78	5025
5023	39	3565
5486	78	5788
151	21	4165
13180	73	4665
10944	47	4899
12265	27	11130
8781	73	5337
7558	73	6648
8642	73	1150
9423	27	5837
1783	73	733
13107	73	4440
12986	78	14720
12681	73	6166
14675	65	1695
12925	73	7135
580	27	6160
5435	47	7600
195	27	716
1177	73	1170
8674	73	2051
3800	78	5036
100	65	3551
12536	73	9097
11787	78	6211
13247	73	1770
11704	78	3533
11801	73	1745
3650	78	6193
13135	78	1532
1017	73	9720
4145	79	7172
14855	31	2831
13199	73	6686
8343	65	4145
5417	31	4515
3895	78	9623
2679	73	10014
9879	65	14947
7839	47	6295
10107	47	7645
3896	73	10962
14158	47	9773
8768	73	3475
7543	78	93
8990	47	10228
9349	73	10361
13080	73	7819
12894	31	9582
10193	73	8480
8146	31	8016
13615	73	8884
603	73	8085
10426	73	5579
9360	73	7627
9597	73	9261
6534	27	8665
10	73	10036
7424	69	8440
3101	73	6115
9540	31	11264
6883	78	7764
11979	73	5829
8498	27	1791
4518	47	4385
14519	47	4387
1084	73	2306
7092	73	724
14181	73	8005
14263	73	1894
5818	57	1769
2676	73	2050
3692	27	7731
1112	73	5933
5257	73	1978
3316	73	8011
12958	27	9399
14266	40	2775
3419	73	9634
2701	39	4477
12942	73	3191
13727	73	4363
13481	31	10243
9449	47	7056
13111	47	3639
3374	78	4428
8838	73	7738
7158	78	10960
4267	27	4101
6436	40	14398
7541	73	9221
8182	73	11534
14862	73	4318
137	73	6966
113	73	6634
13300	47	7041
13968	73	13780
8052	40	4197
3034	31	10031
14829	73	767
13366	31	4092
12093	78	2934
4707	47	10272
2086	31	4427
5499	78	4536
13003	73	9231
9400	73	1686
8267	78	2910
11202	73	9790
3291	73	11031
7528	65	4796
13635	73	11159
14798	31	616
1333	73	7789
11697	73	11121
1217	73	2273
14591	27	4689
581	73	5784
8020	73	11392
1629	73	7733
2658	73	10001
8030	73	7987
14023	27	7400
13471	73	14727
8332	31	14768
7567	73	1684
13311	73	3479
11219	65	14718
14603	73	8384
11420	31	13788
10612	73	4506
12411	78	13906
14808	64	3306
7111	73	7860
11430	78	418
14785	73	13934
3911	31	1298
14990	73	1544
9426	73	3476
11944	73	7606
5435	73	11159
9456	78	4697
4547	78	14695
13470	73	5991
2911	31	9198
4019	73	2987
6659	78	5079
10274	73	2273
11770	73	6632
11035	78	10848
6556	27	5930
4264	73	2409
5595	73	10006
2474	73	1770
1311	73	1142
253	73	10191
113	65	11181
7808	39	6575
11710	27	10745
5166	31	9260
4221	73	6132
1117	47	14381
10469	73	3563
13108	78	3472
12648	78	14772
4965	78	1404
763	73	2223
13356	73	3091
1889	42	14281
13921	73	5042
8615	73	5792
11904	73	5762
11832	73	2140
4127	73	6281
14809	73	9154
127	65	6330
10810	78	1856
11822	65	2800
12454	73	13877
3945	73	5778
5593	47	2161
1443	78	6393
8330	27	6387
2806	40	6075
1567	73	9573
7814	39	7393
3652	78	3441
13132	73	9643
13059	73	6001
10569	73	7786
9761	73	9941
4597	78	4545
12343	78	1253
1231	73	5726
4127	78	4772
6530	40	4477
12680	31	616
10522	78	11181
10739	78	489
10719	73	3460
13058	78	3604
9015	27	10386
5667	40	633
515	39	11514
1613	73	10169
4726	73	4402
9501	14	3411
4581	31	9787
2240	73	7952
12094	27	869
3676	47	10129
4455	73	1297
6343	73	5041
11750	27	4080
8379	78	5782
1455	78	7412
10940	47	7420
12093	73	4883
13303	73	1550
8485	27	11124
10266	78	3411
272	73	9588
10924	47	7729
12289	73	5993
6458	40	5852
9024	73	3255
2504	73	7815
1501	47	2131
10124	65	6330
14525	73	7027
13635	73	2306
5453	78	10253
483	39	14397
2952	73	6708
11900	73	4875
7259	78	441
12300	73	5849
10823	27	6243
2232	15	6459
5375	73	14285
2794	47	6207
10034	72	6070
12648	78	6264
14360	78	11379
6458	40	14728
7240	73	9362
12896	73	4048
270	31	4137
4447	73	11286
12509	47	4431
12392	73	10963
12045	27	14725
10570	27	14718
11778	31	11176
12310	78	11015
1719	73	10036
8683	73	10039
5576	65	722
9686	73	5757
12330	78	10681
12039	73	7013
10865	73	4864
10938	73	1598
2905	73	14712
12155	73	7783
11415	47	6384
8936	27	10516
14376	72	6780
10428	73	3253
9656	78	14722
3704	73	10006
8457	21	10247
14278	73	1826
12012	47	7801
5995	73	773
14923	47	10115
13065	78	4865
10851	73	5828
10591	73	13902
12895	73	6695
11341	78	1434
11375	27	3471
5529	78	3470
2977	73	9522
14546	73	7860
1803	31	963
12123	31	2285
3366	73	10027
10140	27	9218
3251	73	11157
12987	73	2381
11894	73	4937
8872	65	9302
12376	31	1674
13106	47	14414
12534	31	11455
7595	27	3099
5151	73	3616
1342	47	4861
8238	73	14800
13295	27	7978
8259	73	2380
9175	73	9034
12961	27	511
11646	73	459
636	73	2299
5399	73	1256
13482	78	7764
10807	49	9502
13344	73	2371
13267	73	9625
5575	73	3421
12572	65	3226
7941	40	4405
14117	73	5965
9171	78	1168
14628	73	10158
13515	73	7982
5355	73	6442
10357	72	6631
8798	73	10006
9326	73	8858
10143	58	412
787	27	6203
8133	73	2284
1546	40	9952
4020	78	6416
8236	73	14249
13089	31	4137
4518	27	1831
12200	27	7126
8530	78	3256
9690	47	1428
8929	73	14564
6939	73	1780
763	27	14311
9299	78	1258
2547	78	9049
5814	73	7042
2541	47	6205
1465	47	6089
3462	39	8469
8805	73	8018
2004	27	4441
12897	78	7038
10943	47	6147
1754	78	92
398	73	8774
6041	73	6669
3735	73	8763
847	73	3555
1735	47	6351
11647	73	10163
8589	72	6061
3920	78	2355
245	73	4386
12685	73	2894
537	73	11157
11049	73	7715
561	27	13812
9448	73	2837
12045	73	14396
5604	47	479
14092	73	11487
11109	73	5728
1589	78	2978
208	73	7744
11750	31	9117
4054	72	4422
11344	73	2069
14200	73	1988
13561	73	7183
11227	73	8409
1810	65	7997
10262	73	6108
9404	31	9830
7348	73	6270
846	73	10007
1362	73	7431
9400	73	9121
40	78	8300
11938	73	10782
14265	73	3475
12016	73	5057
7303	72	5472
9451	73	7307
8910	73	10046
7023	31	11176
11716	78	9264
12308	73	9765
4611	65	11380
3699	73	2634
12494	47	7308
1039	78	5830
12974	47	2305
2515	73	3443
7891	73	6245
11018	73	2801
6935	78	3610
214	47	6147
13300	47	604
14446	74	922
2722	48	14258
2437	73	3691
11081	31	14741
10545	73	3802
10063	78	6319
5382	73	2654
4221	78	3544
4955	78	6903
5075	31	7310
11641	73	6742
8641	47	7308
428	51	6609
10880	73	1553
8271	78	6679
12291	73	14704
3227	73	1250
11586	31	3976
6734	27	10234
3249	78	4234
1185	73	7422
6679	58	4991
9863	78	1825
7024	73	3000
12901	73	13764
5933	80	5927
3594	73	9086
10777	13	13466
12411	73	14689
8560	31	10363
5235	78	5788
8451	73	14851
1590	73	639
12885	47	2880
12800	78	6248
12640	73	11183
9432	78	4322
5477	78	2978
11619	27	4377
1659	18	10047
7264	73	6682
14003	78	10041
752	65	3008
11252	65	7874
3494	78	6269
12099	31	4137
12404	73	1142
12023	78	14739
4771	39	14469
13449	73	6712
10900	57	4063
4913	73	8155
1807	31	6332
11695	47	473
3833	73	10227
6891	27	6957
14949	27	4101
3084	78	739
5618	27	3458
11360	27	509
13249	73	2307
7205	73	14483
2950	27	8472
4039	73	9991
6776	31	9571
11191	27	14706
7459	73	7790
3331	73	3403
5683	31	4110
14469	39	13591
2966	73	6500
8282	31	7955
5535	47	7119
8153	73	2307
14884	73	7389
13153	73	13780
7631	65	10900
8365	73	4374
8496	73	7815
5713	40	3412
12336	31	4092
7802	73	10098
11595	65	936
13457	78	6286
4957	31	13868
9398	73	10750
13932	73	3696
7595	78	10406
1947	39	5083
2492	73	9965
5181	78	6048
11155	73	6916
378	73	6848
9460	73	9946
10240	27	11072
5112	73	10007
1515	48	13466
12682	73	5909
175	47	1797
9549	73	7734
8734	73	7484
3966	27	9927
14917	73	407
755	78	9993
9608	47	11182
13551	73	6102
5023	40	2124
4562	73	9576
6274	39	14998
13861	73	3060
12439	73	6706
2637	73	10007
8957	73	6577
1383	47	9077
11893	73	6970
5043	31	9694
6575	40	5731
1424	78	10021
3473	73	6204
3914	73	2360
4953	73	6249
9441	27	3529
7615	72	6249
13102	73	7422
11604	31	9223
13367	73	1806
8782	27	7680
10257	73	10672
9340	47	7041
4401	43	4839
2043	27	11178
11304	73	11051
1316	78	9985
8107	73	7152
5543	31	14746
4039	31	3244
2417	73	9652
9465	73	11402
10517	68	7974
7917	73	4158
13096	73	4115
677	47	7056
2420	73	6073
4118	78	6264
12778	31	2734
9038	73	462
12684	31	6607
12937	73	1826
7485	78	14738
4200	73	1779
10321	73	10374
14629	31	1414
12550	73	4507
11217	73	7428
14107	65	10038
8847	73	14007
8926	65	10083
12047	65	2062
6760	78	10161
5	73	6221
5686	73	9362
3601	73	6282
7461	47	278
13490	27	10040
6944	73	1958
1332	73	8094
12397	73	9691
569	73	5333
6839	47	6301
633	39	6396
10258	35	10231
12887	73	7986
2585	47	749
2416	73	9797
14203	73	4403
12101	78	874
536	73	3433
9604	73	773
14029	47	7375
7294	78	1437
11559	65	4885
14258	37	7925
11254	73	10420
2475	73	531
12915	73	2876
841	65	3524
8684	31	302
7440	73	14493
1619	73	3408
6051	73	9596
8329	47	2404
3024	73	9498
8192	27	9098
12284	73	14697
12789	73	11192
11258	73	780
8109	73	862
1955	31	1414
9715	73	5725
1106	65	9976
1504	73	7652
13552	73	7013
10217	73	2932
12662	73	3212
8640	73	2990
13280	27	9828
1997	73	4915
3876	73	1338
5700	78	3324
7942	72	3335
4918	78	6408
5277	73	9851
10560	73	6405
1655	73	10000
13224	78	1014
3989	78	3842
8334	73	1021
9375	73	11537
12765	73	9796
12655	73	13850
3121	47	6608
555	78	9139
13143	47	9826
14930	73	5968
13084	78	9829
6619	78	5858
13927	73	3342
7320	65	7044
36	73	9271
12930	73	5999
57	27	1831
12198	73	7784
14283	73	1826
12993	73	8657
12776	73	815
7537	78	3324
12790	78	1946
11567	73	11051
7887	73	14345
9677	73	7277
13578	78	2112
8194	65	11334
13733	73	3407
3612	20	3566
9012	78	6520
151	73	4875
8280	73	7271
13821	73	4891
316	73	11007
1074	73	3634
10510	73	2380
4995	31	4892
14070	27	6338
12026	78	9592
11109	27	3459
1184	73	2654
754	73	9214
13657	78	5979
6751	73	5846
42	73	4555
3572	73	10180
9242	73	9510
8786	65	4322
11236	73	7483
8752	78	3232
4867	25	14281
375	73	14851
2105	31	828
12367	73	7953
9678	73	9757
11719	78	2985
8236	73	2233
13142	73	2582
4283	73	5841
14611	27	2157
12279	73	6189
437	78	14477
1378	73	2298
12539	73	8520
12579	73	777
2893	72	10419
6768	78	2608
9422	73	9373
14639	73	7994
940	27	7646
11201	73	6661
635	19	1867
5613	31	5945
11243	78	11380
843	27	5650
9126	73	4314
12636	73	9221
14185	31	7991
13524	73	10227
6946	27	3197
9546	27	5642
5640	73	13877
4787	73	9233
5395	73	10641
12272	73	2693
8623	73	14698
5680	78	6297
10620	73	2127
6382	14	6816
3341	73	6229
1878	73	9221
4714	73	3073
13746	73	11169
12086	27	11382
7393	39	518
269	73	5059
11986	73	7275
1875	73	3659
13478	73	5968
11058	73	733
1930	73	587
8389	73	9104
14114	73	6782
211	73	4991
2557	73	2264
8512	78	6100
4313	40	3677
976	73	3497
9309	45	9284
569	31	10243
12925	73	7914
655	73	3139
10924	73	1691
9712	27	433
8154	73	4479
3928	73	4977
14215	78	6393
1800	73	7175
8853	73	5974
9142	23	7676
10996	73	4489
14758	39	6930
10222	39	2896
1358	65	5652
13518	27	3451
4574	78	9219
1359	73	6239
14844	31	8883
14964	31	2369
6439	73	8010
9135	73	14967
3749	73	3396
8119	27	6184
10478	73	5034
7244	73	14060
4498	39	5731
9716	73	4688
7461	73	2992
8194	73	3342
1359	73	1544
9777	72	14243
14240	73	2290
4218	27	7677
14994	40	9586
11016	73	10420
3095	73	1254
3936	73	6141
3872	31	4427
3562	78	3256
13938	73	6405
3737	73	14473
9464	73	8959
8042	13	3773
13209	73	11007
9366	73	6079
9888	78	6495
4609	78	10747
3644	65	10040
13114	31	7040
5357	73	13971
5241	73	2290
5160	73	4363
8902	31	10666
4824	73	7438
11678	73	14498
3816	73	8435
3836	73	7713
13070	73	10007
4365	39	6396
13029	78	5079
10791	78	5724
10951	18	6973
74	78	1292
305	27	3616
10685	78	2886
1900	78	476
4726	73	11404
3313	73	1162
3635	40	5082
3748	31	1436
7000	73	350
9678	78	4439
4537	73	14967
9129	78	4423
5645	40	1304
12828	73	6405
10158	72	4633
129	47	2818
6552	73	3409
5240	78	6071
1387	73	9084
11389	73	6630
13068	73	5801
12238	31	1545
1408	72	4603
1955	47	9048
12152	65	4109
9675	73	2875
13625	27	5649
11821	47	6972
10648	78	3324
9713	73	2381
3154	18	10747
7298	24	4326
13154	47	4411
3816	73	10249
1612	47	3188
10900	72	11013
12606	27	7809
11860	73	5059
9083	40	4129
638	31	11128
10532	73	7427
2819	13	9672
8407	27	352
1518	78	9262
4645	78	10524
9816	73	6073
11712	31	14747
9567	65	7044
13360	78	14479
14998	39	14308
1007	74	7486
10906	47	10228
9515	31	913
14643	64	10177
5357	78	5855
3599	39	13676
7530	73	3631
611	27	8669
3107	73	13785
13168	65	11150
2044	78	11150
2721	73	10349
1023	73	13804
10415	73	8555
3990	27	4414
1818	31	4177
1513	65	8080
897	73	4298
11438	73	5918
10528	78	6248
3830	73	7305
8806	73	4632
14608	78	3235
5162	73	8144
14647	73	10389
9750	73	10057
5407	27	7978
7556	73	5737
5359	73	7665
10589	78	6855
2738	73	1289
14861	78	1253
14911	65	3076
10298	31	966
2719	31	7310
11881	27	14705
4618	78	7079
12065	73	4392
3191	72	7862
7074	73	5982
10304	73	6929
11275	78	4114
8729	73	1555
9591	73	9705
10724	73	6199
11821	78	1980
1102	73	6741
3676	73	543
14641	73	2102
7457	27	4749
11550	73	5843
12387	27	4764
14750	40	2151
5261	27	4206
2328	78	2280
9771	73	9233
490	40	7267
10002	39	4782
8720	73	7777
10181	73	9073
2620	78	4802
3692	78	6289
2003	73	1281
938	78	2078
11596	73	6054
8676	27	2062
7220	78	9825
13112	73	9901
14647	73	8018
12214	73	1847
3687	73	8200
12991	73	6605
11948	73	591
1214	73	2877
9860	73	6273
13534	73	464
9700	64	14856
1645	73	819
11820	47	10167
13958	73	7739
8781	73	1555
12725	73	7005
8585	39	5719
8028	78	4322
1083	73	10359
1380	11	14893
5533	73	2021
450	27	7124
2596	73	11334
5278	47	7184
5282	73	2771
5189	73	2052
9379	73	275
8086	73	6372
9153	73	9199
9876	78	6269
11607	73	10186
2789	47	9773
7503	47	14778
3925	78	1168
10261	27	7941
12026	65	9592
14251	31	8878
4995	78	1849
12428	73	2021
5615	73	6016
12505	73	5989
13445	78	5224
9916	27	8669
13088	27	7117
12635	73	7784
61	31	2860
8366	78	2139
1548	78	4299
11030	47	2962
7233	73	9236
12141	27	1049
2107	73	10331
10851	73	9232
3049	27	511
9753	73	9231
4187	73	1297
293	27	489
757	73	7175
14398	39	2841
11878	73	416
10826	78	3842
14767	39	592
8890	78	9940
6456	27	6206
13689	39	14750
5348	48	2447
7410	73	11404
8519	27	6260
1626	27	7947
5603	47	9839
3814	73	8204
2425	73	711
12028	78	4878
6097	73	8637
1713	47	818
8154	73	6324
7477	72	10040
12084	73	4635
1666	78	6225
12615	73	2053
3817	50	11007
2794	73	6970
7418	40	14398
2192	73	14765
14494	73	3822
4621	73	4694
13365	73	6189
5893	20	2185
12724	27	7011
13817	73	3302
2366	73	9813
12513	47	1169
2422	73	5828
7769	73	14350
12549	78	4016
10321	73	7720
12373	73	13863
10441	73	3855
2031	73	2055
11084	27	9117
10062	73	734
399	73	2932
7053	65	4299
14533	31	7310
8776	73	979
9466	73	8314
14656	31	11264
1037	47	9599
3358	73	1895
12751	47	1286
13067	65	1797
9536	78	14863
5693	78	760
5619	65	14573
14913	73	11334
14193	78	7642
14841	78	14987
7564	78	948
3122	73	3674
3770	31	9582
7111	31	4092
5896	78	4078
12114	47	6357
14139	40	950
8805	21	10020
6876	78	14987
1918	78	1168
8465	78	3470
2561	40	5806
8467	73	7815
12810	27	856
13913	23	7594
5181	73	4549
13742	73	5875
6251	72	14973
12905	31	5092
71	73	480
12173	27	2841
11669	78	9023
6748	18	7898
13504	73	8434
11092	65	8432
243	73	5832
12736	27	7292
2009	31	516
9369	73	10696
5007	73	6902
8392	73	4497
4012	73	1427
1838	78	3759
11342	73	9951
13535	73	8595
5412	27	3616
4965	78	5950
1724	73	9362
5263	78	2843
11799	31	963
1056	73	3302
12852	73	9950
11353	73	9189
1499	78	768
11098	73	5989
6468	65	1954
3303	73	10296
4225	27	11177
579	73	9041
8181	73	7970
1704	49	3978
6881	27	14706
1869	27	11382
378	73	823
14582	73	10861
3951	73	11073
8737	47	2887
13473	31	2311
14735	40	5296
8709	47	7694
5103	73	7277
6458	40	2125
5281	73	7970
3012	78	2078
8152	73	4152
322	73	5579
901	73	7610
11587	47	11067
13339	73	1550
11824	73	5918
11723	27	9980
5086	47	4380
2629	73	3061
4378	40	5215
9714	65	6035
11751	73	1582
11710	78	3213
8739	73	5927
12209	73	6708
947	40	6496
2241	78	6013
7230	47	14008
13836	72	4695
11204	73	8143
3413	40	3412
14639	73	6194
10862	65	448
5033	40	5016
9348	73	5061
227	78	7874
8230	47	9569
7229	73	3555
1709	73	10696
9591	78	2683
4711	47	14123
4485	27	4579
10801	78	5782
8187	73	329
13024	73	7274
12001	78	4755
11429	73	6106
13342	78	869
14102	73	14396
8128	40	14398
10221	78	1692
5043	65	6971
9371	65	11376
11900	73	6233
3375	73	7422
10700	31	3602
8835	27	3551
10857	27	4860
48	73	2772
11237	73	6525
14230	73	11449
9454	73	4008
493	31	9574
9891	73	3237
3657	47	6164
258	73	7082
8905	73	9789
5122	78	3544
14453	27	6421
1801	73	832
14993	78	7647
4701	31	10020
3262	78	2797
11252	73	5914
3416	40	950
7564	73	8384
14806	47	473
6755	47	6415
676	78	7647
10442	73	9084
578	27	10021
10774	27	7684
5489	78	4072
13118	78	7874
1520	65	4095
2593	73	2360
12160	78	9825
3046	73	5012
4039	27	5029
7631	73	9894
4604	73	471
11224	31	5830
11033	47	4901
1357	73	9807
10728	78	4772
9767	73	1170
13251	47	6205
13033	50	9199
5135	27	9984
1811	73	14509
2190	73	10563
43	73	9116
5149	65	5717
5451	78	1773
14440	27	10051
6885	31	2867
6658	47	3628
8146	78	6985
14501	27	689
2190	78	10563
8897	27	6216
6567	73	1708
13321	73	9899
2700	78	2851
11291	27	11014
12527	73	14771
5421	65	7682
3720	73	2878
3991	47	4086
9275	40	3627
11295	65	7644
6849	40	13688
12038	73	8503
1866	27	1167
3713	47	7308
5428	27	4417
4869	78	14738
2947	73	6629
12124	27	5862
12006	73	5816
9007	73	3067
2433	73	14473
6761	78	955
12429	73	337
5372	73	2026
9491	78	1253
3892	73	6990
6793	73	1687
10178	27	14725
5625	73	4159
7836	78	476
13392	73	855
700	78	3324
13799	73	5992
1236	73	2471
4407	40	5740
12150	31	4177
11352	73	2247
2087	31	2137
1883	73	6780
13549	27	5035
13451	73	1022
383	73	7821
581	73	3342
2004	73	9192
356	73	5968
3505	36	9280
3693	31	5334
3181	73	7426
8226	73	3414
4658	73	7748
12898	27	7126
10219	27	7677
1204	73	530
9141	39	4483
9297	65	1299
9013	73	14060
10586	73	1036
11309	78	7058
14100	73	6196
273	31	6578
9992	72	991
13153	73	2859
3311	27	2985
4993	78	1155
13655	78	1272
6748	27	6243
12161	65	5780
10854	78	324
13591	40	13682
5567	78	8041
11786	73	7625
2725	73	11518
3079	78	1155
12724	78	7011
235	73	462
7696	73	9901
2219	73	7135
13282	73	9926
2689	73	9692
4957	73	6379
14923	65	5930
8251	78	8654
12586	78	4865
7534	73	11121
13936	47	14569
12196	21	4165
12054	27	9942
1567	27	3471
5007	73	6300
13752	73	5726
11094	31	887
7547	65	13909
8671	47	4753
5220	73	7973
5212	47	10380
3711	73	2185
9531	31	11328
12066	78	5079
9015	47	9077
11209	73	10963
9383	73	4066
3281	65	13835
7406	73	4544
9350	39	6312
8478	31	6078
14004	31	1414
11887	73	10081
3978	17	2276
1244	73	2770
13581	78	6225
4372	45	9283
2916	73	11334
3868	73	8758
79	78	720
12573	73	4074
9656	73	9596
14115	27	10234
12409	78	14738
12294	27	9632
13797	78	7397
8209	73	4768
7238	73	14974
1914	73	6056
437	73	10023
607	73	11450
12656	40	7858
9897	73	13764
9321	27	9263
12487	73	13807
8885	72	1170
10599	73	5883
10246	39	10436
6897	31	2121
14538	31	9505
1368	73	346
4197	40	4192
9132	78	6010
4342	73	7634
7450	27	6957
225	78	10741
12497	31	4175
13775	73	14399
14532	27	8665
9419	31	963
11253	73	3409
11231	73	6830
9059	73	5846
2437	73	4154
8341	27	7647
11713	78	6531
5691	78	8047
9914	31	913
7489	27	3257
894	73	2233
2510	73	8000
11920	73	1598
11568	73	13910
9460	73	6150
10242	73	2200
12538	78	6258
13653	73	5922
2736	27	10579
13376	78	8700
4127	73	3570
1560	31	1977
5205	78	3367
5745	40	4191
7521	73	2986
2572	78	10086
3129	78	4909
10715	31	1293
333	73	9510
2702	27	1831
7219	78	5780
5729	39	2841
2253	27	6934
3022	27	7905
10917	65	2978
6161	73	14241
12819	31	5758
12900	73	6124
8494	47	7048
14713	69	2752
10134	73	6635
11622	73	2533
14717	40	14466
541	73	2634
14827	31	481
7268	27	4876
10559	73	11337
12829	78	513
7443	73	737
12361	73	9928
12778	73	13864
6889	31	13586
13124	78	10492
10855	73	593
12313	78	6039
4521	78	13789
3373	78	958
3182	73	2048
13478	27	14340
9744	73	6835
13625	73	5900
8833	31	10243
14139	40	2151
14216	73	4819
3908	73	6910
13196	78	3185
13422	47	3429
9153	73	8435
8180	73	11534
104	47	5879
1720	73	5984
11617	73	8552
3678	73	6669
4557	73	10627
5671	31	7804
8065	78	9577
5166	73	7297
5595	31	2526
13453	73	4386
3792	27	8986
8021	73	5828
14840	73	2668
3176	27	3458
14182	78	4795
261	78	9943
5432	73	3783
5370	73	8546
2502	73	2371
6922	47	4086
11790	78	1168
6744	65	5717
8253	27	5055
363	73	5895
2784	78	2828
5341	64	14215
13984	31	8873
8689	73	14379
12005	73	2877
8031	31	10743
7003	39	9552
9406	47	278
7263	47	9122
3963	78	4638
8169	78	3632
12282	27	5742
7187	27	6911
7219	73	6040
806	27	7117
5544	73	7866
8979	73	1476
11002	73	13784
3292	73	8144
8187	73	3236
8487	28	10308
3904	78	4629
5194	73	6024
8481	39	11069
10574	73	6145
9318	31	6330
13477	73	1687
11755	78	7094
8860	73	4879
8358	73	3674
13279	31	9571
11614	78	9945
11430	73	9899
6274	39	3427
9892	78	6240
978	78	1429
2620	47	7028
2443	31	3354
3946	73	4111
11677	73	11122
9336	73	7275
14557	27	459
7210	73	3415
3752	73	7429
11890	73	10389
9669	47	4512
5742	72	14366
12114	78	8661
5444	47	6177
3934	13	9672
3975	31	13586
9908	73	10189
12916	31	9574
11587	73	2712
10342	73	10289
13080	73	11159
12051	73	3214
6594	47	10902
8819	73	3255
4556	27	10567
1881	73	530
5584	73	9067
12450	73	3689
12350	73	8972
12199	24	6083
12354	78	10491
14026	73	7076
4707	78	325
1375	27	2994
1481	27	5320
6935	47	1169
12174	73	9589
14649	73	14489
8269	47	9048
793	65	5060
10915	73	6998
6856	13	2684
13173	78	10582
14626	73	2114
8299	78	9273
836	73	8204
6204	69	6108
10934	73	4314
7850	27	6421
229	65	1138
13501	27	5979
14669	31	2369
12026	73	4879
2393	73	13803
8161	73	3852
10431	73	7027
3045	31	10243
9063	73	1406
8650	73	979
14115	78	3235
8799	47	9805
4942	78	2797
1888	73	1327
13133	73	7177
10957	78	6531
10426	73	4293
3927	73	11541
6451	73	3163
12393	73	7632
14031	73	5839
1663	73	1129
3104	73	3825
3727	73	6916
14839	73	9034
10804	47	1286
14900	73	9257
10577	49	14276
6357	13	4901
14295	73	6388
13267	78	3126
1746	73	3667
6646	78	9553
4665	72	7275
1187	65	9274
13372	73	6611
13976	73	3000
13264	23	435
3650	73	3625
13959	73	4893
5134	73	7161
1871	78	10582
14109	73	14396
1840	78	9642
6937	47	7956
12427	31	14742
3924	73	1683
2521	73	11381
10878	49	9502
13476	73	4293
11036	73	6079
7585	27	6310
1526	78	10021
12963	73	1691
12735	78	6855
7521	78	11014
10447	78	6414
13279	27	4080
11322	73	6188
5430	73	2357
11944	47	7516
11008	73	10627
5392	78	2428
2246	31	9995
1892	47	469
11989	78	1849
13565	73	587
10461	73	7275
5499	31	887
12888	27	10026
10501	47	7596
14409	23	5081
1217	73	2133
13919	73	7381
11240	27	867
1206	73	11131
12587	73	5999
3812	47	9805
3096	78	8432
2726	27	7224
5469	73	1986
9145	27	10040
13507	78	2375
12730	31	10369
13238	27	4357
9440	78	9717
6814	73	14297
1457	48	5564
14913	73	406
12666	27	14479
3171	27	14783
12817	73	6966
9591	73	5886
457	40	3412
7408	73	7043
10042	27	14705
12164	73	5059
10120	49	7172
11191	73	5630
4505	78	958
13573	27	10231
7327	73	4870
9083	40	5624
12253	73	3801
11550	73	6355
559	73	10672
4041	27	8484
13037	78	1253
8123	73	1022
11511	73	6844
8891	78	8661
5554	27	5297
107	73	4371
5109	73	1302
13499	21	4758
7248	73	10353
8148	27	6330
10424	27	91
4581	27	5774
5118	78	8655
7034	72	7032
1393	73	9058
1456	73	3605
13744	47	2880
5170	73	2021
5735	40	8077
810	78	4084
14767	39	1689
170	73	14947
10648	65	7898
6838	73	8056
267	73	9358
3818	78	8414
5245	73	7982
2676	47	7922
12925	73	6504
609	27	11264
10072	73	1828
10341	73	6012
794	31	7864
12036	27	1825
4226	78	4754
9791	40	14397
8593	73	10163
5800	73	9149
290	72	10512
13223	78	1253
1924	78	1853
5713	40	633
59	78	451
836	47	454
5481	78	9399
8493	73	3697
3578	78	11400
6978	73	6055
14837	27	14470
11804	27	9231
4268	78	7809
9739	73	5312
6871	73	13832
11650	47	7974
1885	78	8661
13940	21	8040
8815	73	8143
97	27	721
13628	78	9943
86	73	6471
10503	73	7963
4681	78	3367
13158	73	4397
6769	78	10161
5117	78	7296
4711	73	14975
8983	73	9076
654	78	7058
8103	40	461
13283	73	6678
10799	73	420
2970	73	3497
5237	78	7224
13499	47	14707
2944	73	2528
9390	73	6969
8362	73	14495
14507	73	10372
983	73	4656
10425	73	2371
14609	27	6983
2631	73	6141
12380	73	3508
13723	73	407
12514	27	6371
1499	73	10006
13076	73	13899
1928	47	14869
13557	27	5037
5987	72	4325
5013	73	10080
2651	47	9057
14260	31	1538
5204	31	9234
11301	27	5065
13630	78	11052
10607	78	6315
10930	27	6422
1357	73	7374
1106	73	1833
11657	73	14356
7150	47	8059
2733	39	14280
10763	27	7724
14676	47	6972
4928	73	1981
11698	73	733
4601	27	10162
281	73	1270
6960	31	4389
12981	47	14569
611	47	6608
7344	78	433
13982	27	2122
9815	27	6971
5309	73	1770
8551	72	4884
3871	73	10289
13457	73	2708
2521	47	4193
8	73	770
11359	73	8009
8463	27	6636
4124	25	14281
9679	27	4579
8848	73	11162
12300	78	14416
14906	73	2929
1215	65	9978
13616	73	14699
6976	31	9824
12108	73	4371
14790	65	2800
5680	73	4961
14740	45	7977
13241	73	4983
3481	78	9274
9690	73	14057
10612	47	5626
11368	73	785
8283	78	6039
3374	27	1299
14280	40	2111
9511	73	10235
1215	47	7730
12054	73	6196
13609	73	2462
12733	73	2127
13793	47	10437
11581	27	5647
7887	73	9894
11204	27	2314
13467	27	2985
11526	65	2166
6859	78	9302
12671	73	13973
6597	31	4444
4572	47	7063
4333	73	6740
8802	47	5879
14900	65	1273
7323	78	14459
1274	39	8302
9531	73	7914
5288	27	2892
554	31	351
4238	73	13873
11355	31	4100
9667	73	1108
1516	27	14732
14250	73	6073
6580	73	5737
11972	73	11066
10219	73	4559
14087	73	664
8404	73	1365
13008	31	814
4929	73	3691
14578	31	913
976	73	3443
12275	27	7124
5115	73	2849
12393	73	14744
11637	73	10556
3125	73	5859
4608	27	3333
11107	73	5900
80	78	3587
1941	78	4755
1741	73	6515
4130	40	5082
14891	73	7560
1004	73	8314
13938	27	9802
3788	73	9609
12726	73	8200
4711	73	14339
6921	73	2708
223	73	1129
8192	73	9643
10500	31	9050
1618	73	5337
5406	47	6369
8560	78	10749
3896	73	8713
4186	73	10389
6961	78	7975
13265	31	7603
849	47	3254
14853	73	4048
32	78	4655
11913	27	8656
13737	73	9718
6750	73	8659
13390	73	10034
13666	27	3846
3297	73	2405
8904	73	14292
7732	73	8553
4785	27	6330
11188	27	7961
6599	73	10444
13125	73	415
12397	73	8045
12057	27	4097
6299	78	1253
14158	73	7995
11753	31	4169
4517	73	1726
11585	47	14569
12790	27	4162
3870	73	11528
8560	73	5848
4180	73	5127
9436	78	4689
13950	78	7593
8755	73	14343
7210	73	7780
9499	73	3200
13028	48	3978
10974	73	14343
12979	78	4081
5075	73	8143
1991	73	662
3867	78	3842
8557	73	4910
3134	73	9566
2532	73	7780
8454	78	8278
14303	47	13705
8874	40	5053
6974	39	13688
2585	73	5657
14238	78	9304
4524	78	5857
6475	73	6663
2552	73	5778
12267	27	4063
2030	73	2754
2041	27	9108
13896	78	3470
2485	27	10008
1228	78	4077
1246	78	11376
12821	27	964
8776	73	9982
2914	27	320
14336	47	10311
8923	27	13696
12996	73	3348
283	40	2196
3481	73	2191
3581	73	4937
5516	49	9502
7495	73	14249
11037	73	8018
11186	47	2398
10108	19	5123
9894	69	10802
11490	47	6799
11919	27	6169
9393	73	4516
7220	73	9493
4486	73	1289
12307	73	9796
3037	73	8273
7547	73	2312
6353	73	8200
11698	73	4392
7132	73	14765
13771	73	7785
4279	73	813
8125	31	4177
2086	73	3208
1818	31	14774
12474	73	2893
12651	78	1155
7321	18	7320
3118	73	6957
13924	73	6538
8805	47	10020
11792	73	6300
13711	73	14731
9496	73	6152
14616	27	5037
3388	78	9399
8526	78	2265
8390	27	1049
12675	73	3067
3676	27	7650
12986	73	13876
4001	73	5765
217	78	14763
11743	47	1405
3851	40	2151
618	73	3479
9024	73	9072
14500	31	13868
13516	73	2990
10577	48	14276
8095	65	3978
13569	73	7962
6930	40	14728
1723	65	3783
5676	47	9057
878	47	3188
2905	73	1847
11722	31	814
3913	78	2112
4566	73	7381
12443	73	3062
14560	73	6970
11883	73	4335
13173	47	3619
8719	31	11144
11639	27	953
13353	27	2160
7321	31	9960
2786	47	2870
14448	31	4169
306	73	6611
3473	27	6309
1747	78	11418
39	73	5478
10400	65	2800
3357	47	4882
4264	31	1131
6250	25	11466
12386	78	14752
5196	31	6213
4662	73	14039
11108	27	7008
5996	40	5766
3655	73	2383
9547	65	9632
3720	73	13786
13585	73	1238
2096	73	1237
13727	73	10191
6838	27	6817
3964	73	7277
6534	73	8144
5443	47	6356
11845	73	2357
10991	73	3236
8643	78	14570
13372	78	6611
14077	73	4123
5681	27	14705
5620	47	2529
5574	21	722
1449	48	9502
11355	73	7635
13307	73	10153
763	73	4870
3816	78	7746
6340	78	5636
5598	73	3360
13199	73	5759
43	73	5865
12741	73	1827
6880	73	10068
757	65	4535
11111	73	5927
4968	73	7756
7243	65	4445
11435	74	10878
3114	73	2872
5281	78	7728
11752	73	5850
10639	73	1412
10300	40	6087
10610	73	6478
692	78	14696
2655	73	6115
14257	65	3408
13734	73	6779
13715	73	9720
3279	78	2034
2524	27	4749
7416	73	6405
5064	39	5014
4722	73	4284
11930	65	9501
4832	78	13839
1400	73	6739
8042	13	6816
10701	73	4316
2574	27	9717
11657	73	5657
4517	78	5858
6583	73	9564
1039	27	5830
12318	73	1270
5109	78	1278
5682	78	5780
10196	73	8420
12301	78	4691
6840	47	6301
2333	73	10000
4807	27	13906
13562	73	9581
7099	73	1329
5177	73	9987
271	78	7950
3986	73	6109
12862	78	6071
2572	73	14384
909	21	8040
11204	65	7796
3181	31	5761
1066	78	7118
13239	73	5649
6327	40	5080
111	73	2798
13642	78	9399
11845	73	14702
2232	23	7683
12780	73	5219
8827	73	5472
338	73	941
13026	78	7094
1006	73	14248
189	73	4704
755	65	5175
8999	73	3546
13662	65	6251
11311	65	2900
14165	73	10160
14601	73	10017
7699	31	10363
9660	73	14765
14363	31	8942
6808	73	5333
13025	27	10091
10656	73	14799
14538	47	7308
14361	73	10414
2771	57	6258
37	47	9598
7606	72	7995
626	65	1856
12516	78	14720
11824	73	13973
5023	39	7050
4666	48	9385
13833	31	9960
6786	73	5298
11393	73	5630
13922	65	6338
7990	40	10102
10527	73	2395
3890	78	6373
13790	47	4438
3054	10	640
6953	47	8458
13405	47	8444
8769	65	11150
110	27	10041
25	27	509
14176	21	6607
6559	73	9991
3650	73	3214
5480	27	8669
4224	27	9883
14677	73	3450
9870	73	6088
373	78	5079
11543	78	14443
2908	73	13851
5450	27	1960
1319	73	1828
11735	73	8205
7273	31	9803
11508	73	9777
11001	31	10089
12594	73	6156
12161	73	1125
9300	27	9207
11039	73	10758
10822	73	8426
13603	73	9074
6574	27	4377
11915	65	14317
8618	73	8436
9129	73	4066
6528	73	3425
8783	73	9125
10400	78	14728
5439	31	7677
11411	73	5757
9537	73	8464
1995	73	1281
12320	78	4095
11002	73	9189
5277	73	1992
3583	78	5960
1453	78	2659
8197	73	13774
6856	14	2684
7019	27	5717
14897	73	524
1556	73	767
1247	78	2895
11351	31	4133
560	47	1760
999	73	2801
5667	40	4129
14917	73	9801
14128	78	4754
3147	65	2800
12864	27	1846
10991	73	4408
1914	21	4165
8219	50	8542
5688	27	10159
5190	65	1151
3157	73	5792
10873	49	9672
9172	78	5666
11375	73	7128
1491	73	9759
11979	78	5296
4435	39	884
3419	27	7719
6358	73	7010
999	78	5959
6466	73	10080
8333	47	4901
11367	73	4158
13437	31	7190
9138	47	11182
1858	73	14345
2744	73	14350
3831	27	6092
13264	23	2277
900	56	11724
10139	78	7925
4714	27	10373
1082	47	10388
13649	73	14338
14083	78	1253
13701	73	7758
13193	78	4052
10119	73	9851
14047	73	9040
1671	47	6356
2497	73	5778
6013	16	105
7209	47	11486
14630	27	1778
3530	73	6111
2084	78	280
10246	39	9846
3517	72	7995
5596	73	6968
4353	40	7814
3813	47	9266
13094	73	6725
227	73	924
3106	27	1825
7073	73	9986
13798	73	7226
9753	73	3348
14075	73	1255
3291	73	14350
11602	27	4377
766	65	5717
3224	73	7114
10813	27	13898
6344	73	7958
14968	65	4796
9191	14	9502
7941	40	950
6965	73	470
14672	78	7094
11866	47	4364
3860	78	9783
5121	78	6315
14848	73	9768
10328	73	6166
8985	40	3627
176	73	6134
12654	27	7085
8837	47	6085
11424	40	14995
4716	72	3062
1882	27	4101
9620	40	8540
12006	73	3000
8891	78	7874
9683	73	13780
13203	73	1022
2422	73	11533
14927	47	10671
95	73	6708
170	47	2089
13704	73	14697
1040	73	11528
552	27	14348
13314	73	4293
11431	73	1170
9738	49	3978
11781	73	11273
5600	73	2471
3364	78	8663
12156	73	6166
9749	47	3628
8317	27	7126
9565	40	6045
5161	78	1437
4541	73	10672
13090	73	5925
3944	73	8843
2220	73	4500
14561	73	10367
8999	27	10004
9287	73	4008
12972	73	3563
5416	78	2141
12418	73	2454
2377	72	11273
5179	31	546
3521	50	3609
6340	73	2114
10140	31	14484
6045	39	2996
9353	73	7946
8500	73	2180
669	73	2961
1755	47	7308
5365	73	14057
10545	27	423
13758	73	10368
1450	27	7117
1834	73	9954
14659	78	2751
12226	73	7660
8928	73	10515
702	78	2375
4788	65	1797
13395	78	14720
5098	73	6526
11908	73	5898
4769	78	1736
9727	73	1827
14688	73	6695
14036	73	6663
14553	73	3589
14508	78	3934
6658	78	6248
11049	27	6169
14280	40	3170
10176	47	7041
5142	73	4080
5180	73	7239
13527	27	2599
14736	39	9167
9531	73	14458
13142	73	6152
4669	47	6038
8220	73	3242
5990	73	8301
12004	73	6410
14545	73	5313
8751	31	14756
13818	47	10902
12431	73	8546
10196	73	6506
5400	73	5778
4275	73	6073
8886	31	5768
31	27	10004
2740	73	4058
13238	73	6166
11946	73	2284
3666	73	6101
9175	65	7292
3145	73	7739
14655	47	9057
12722	73	7788
13583	27	1048
8579	73	460
12947	27	5805
9125	72	1817
9332	21	8949
8634	31	3536
310	78	6427
12179	73	505
7470	73	1260
9022	78	87
4538	49	9672
12872	73	10019
13686	40	14403
10608	73	8043
3981	31	4355
9492	27	4142
7131	69	6170
1814	73	10152
3865	73	2262
10715	73	2162
12288	73	6401
6886	27	14719
8785	73	3662
95	73	5931
12035	73	8384
11465	73	8470
3943	65	5060
12740	73	2530
13091	78	4909
3942	47	4083
11697	27	10364
13324	73	3954
5656	72	2380
8876	73	2769
13564	27	5837
14024	73	10515
14621	73	1416
11934	73	2271
4711	31	2607
5095	31	7309
12137	65	7690
6697	40	2118
357	49	2447
11394	73	2464
14256	47	10492
9549	65	9978
6302	73	6743
4473	47	6193
10688	73	6444
7498	73	3439
2231	73	6982
2586	47	10437
5614	73	3534
14349	40	3627
11230	65	7905
158	73	5989
5113	27	5747
1608	73	5870
14545	73	3422
13528	73	7656
7695	25	14588
11995	73	6107
63	47	11486
8033	73	13947
13122	73	5333
11689	73	1986
1754	73	14744
3687	78	11169
13404	31	5949
6550	73	6990
4010	78	9108
11829	73	5751
13044	73	14696
8847	73	13850
3909	73	14498
9687	78	14701
8509	47	7594
4469	27	4141
12045	73	1851
7228	78	7058
1173	27	7395
5407	27	3551
1060	78	4796
1392	73	9822
13566	73	933
12068	47	7966
7349	78	4984
4619	27	2892
14079	73	13834
6899	73	2250
13095	78	6218
6878	78	4755
7047	14	9580
2063	65	6220
11034	73	13878
14195	73	11171
11692	27	5742
3996	73	6017
8119	65	6251
3041	73	2453
10283	73	4415
4681	73	1964
13750	73	7822
12471	73	6167
2063	73	7483
14048	78	8531
11588	73	9510
10630	73	5311
8851	73	9811
2747	27	3458
8832	73	6632
14775	40	4751
2012	27	4441
8402	47	4246
3817	73	6102
10846	78	10494
3578	47	9773
10637	78	14822
12735	78	10746
12938	73	3605
13712	65	6416
8968	73	4053
230	27	9948
11396	78	1778
97	78	721
2949	27	7997
7205	73	7008
177	65	2800
2044	73	7428
6673	40	3627
6479	78	6287
10801	78	3448
7487	73	4387
11757	73	7128
5150	31	4137
897	73	6696
6939	73	3085
3797	78	4170
7358	27	5781
8739	73	7777
2586	21	10247
10454	78	6187
11713	50	874
8116	73	2681
5942	40	14398
232	78	10079
2915	73	9236
7321	18	2985
2337	31	14737
7828	47	4364
11797	73	13876
14577	73	6107
4640	31	9117
4851	73	6290
14361	47	9071
9316	78	14722
7138	78	8700
3297	27	2375
13129	73	3616
8672	27	11484
11093	73	4056
13771	27	6169
11059	73	9967
10327	78	10565
8570	73	7948
11725	73	9884
8794	73	782
9700	78	9209
12616	65	14055
14258	17	476
8463	73	1415
12379	73	10081
5120	73	10032
7067	78	14415
3678	73	3783
12624	78	4112
5808	40	2379
10950	27	3444
13430	47	2089
52	27	3672
10528	73	6233
170	73	6833
10845	73	9189
9741	73	3525
12757	73	2127
13420	73	795
9406	73	1297
10735	73	5971
8246	78	3614
3218	73	9705
1333	73	7055
4517	73	14800
13263	73	7182
13618	27	5752
9444	27	953
9173	73	1235
3919	27	9623
13576	27	1979
14789	73	4763
8951	73	7787
9437	27	6258
8844	73	4298
14211	78	5753
1873	27	9263
235	73	6239
2389	65	4685
8185	73	11324
10784	39	442
14956	47	8055
12813	73	1684
14173	73	3405
2730	73	337
3800	73	3952
12774	27	6398
10263	47	10167
13456	47	446
6548	27	14779
5356	65	3847
11054	31	11455
10837	73	326
12891	78	721
1557	73	2957
13031	73	6233
12235	73	7182
1845	73	5910
13798	47	2880
2016	73	2138
11727	73	10001
13703	73	5846
829	73	782
5783	39	10102
3919	73	11156
11307	73	1544
10874	31	2846
5766	39	13877
5159	78	14476
11633	78	3346
13240	78	9399
5403	65	4885
10632	73	500
12971	73	3003
3878	65	10513
10531	73	1021
10434	73	6282
9713	47	2880
5783	39	4407
8020	73	6488
4577	73	10208
12460	27	8762
4002	27	4759
369	73	3611
6986	73	6508
13475	31	13586
267	73	10114
8905	73	2289
5229	65	5079
6594	73	9214
8369	27	481
2087	73	5973
12012	73	1819
11046	47	13705
3189	40	10385
2044	27	11150
12365	73	4649
7024	73	14125
14179	78	1253
13619	65	1272
8266	73	4051
8368	73	5929
10880	73	7363
11342	73	2845
9723	47	6407
13232	73	2932
794	73	6667
3052	27	7895
13501	78	14061
7142	73	4975
13276	78	443
8889	47	7730
13136	27	7123
3936	73	13784
896	27	4063
1916	78	382
12374	65	5458
5709	78	2141
11763	31	2121
13658	31	9694
5412	73	3616
6837	47	4861
14644	73	6442
11738	73	7709
14362	74	14390
14166	78	2428
7273	73	8542
13254	73	9651
9920	73	2827
13086	73	5914
11634	73	2056
482	78	4358
9608	27	6710
10658	73	4058
10882	73	624
10991	31	3531
3181	78	8432
7832	73	6663
12794	78	7979
4571	73	11133
13052	27	7592
8895	65	5752
9130	73	4798
4466	73	9858
2624	73	7042
14073	78	5736
12084	78	6957
14035	78	3447
13510	73	5829
12027	27	689
5517	65	4294
6065	73	2530
10630	73	2777
3906	73	14259
8628	73	4408
12251	73	4560
9478	73	14012
11567	73	1764
534	40	5852
9861	73	6544
3156	73	4373
3870	73	2102
8186	40	5053
4670	73	10730
2220	73	6204
2009	27	4441
5812	47	9152
1885	78	7874
12591	73	14765
5146	73	1430
5580	73	1268
4211	27	3623
7732	73	5462
8983	73	14971
12275	73	11066
12941	47	9520
12017	73	10782
7440	27	10020
8786	78	4322
11880	73	4406
12099	73	11156
606	40	14364
14833	78	11077
7578	73	3487
2574	73	14132
8697	73	14851
11191	78	3346
12732	78	9829
12407	73	1745
10884	73	7116
2388	73	1269
5137	31	3401
5711	73	10034
14847	73	943
12104	73	6486
3863	73	6967
13278	73	7951
10485	73	10672
13416	73	5221
10396	78	768
10602	73	11519
14325	73	3517
4857	73	1992
10407	73	4018
1799	73	8018
9171	31	3370
2761	72	9155
13285	73	6678
12069	73	7958
2518	73	9215
5608	47	8547
12601	65	11268
5710	65	9642
601	47	8421
2023	73	11519
10817	27	9068
2696	73	4293
11873	73	2120
175	73	5657
9327	73	1833
8372	47	9974
12196	47	1945
12954	78	10161
6348	73	10222
4836	78	10748
5207	73	10420
6240	25	8967
1896	27	4377
14305	27	1167
12736	78	6904
6773	73	6856
8319	73	785
7364	72	8063
610	73	462
1925	73	1133
10656	27	4355
10257	73	6155
8187	31	11263
13756	73	3825
8371	73	4497
4744	40	4751
13730	73	3589
254	27	3495
7844	78	7077
10172	73	4870
10824	27	7682
2317	65	14721
12771	73	7777
11493	73	14744
6060	47	9057
4718	73	3432
13506	73	6487
9448	27	11475
14650	73	13873
1441	65	3455
4676	73	14259
1369	78	9304
8305	21	10162
3840	72	5770
3052	73	10024
4731	27	6581
13200	73	6835
3086	31	2285
12731	27	9607
3912	73	2838
287	73	8092
8350	78	6211
1174	73	7985
5766	40	4300
14728	40	5852
9876	78	1943
9476	47	5646
1264	73	9259
2489	73	14142
7837	73	3500
8679	27	5029
4720	47	3553
1388	73	7722
14915	73	2995
8197	73	5932
10854	27	6139
12554	47	14869
8316	65	4097
13425	73	9796
1734	27	6219
5466	13	9099
4110	69	1849
4670	73	11404
3123	78	3842
3552	39	8540
993	47	3254
12697	73	8933
11948	73	2330
14267	73	10444
9597	65	10745
12913	78	8474
7171	47	10356
1940	47	3553
12043	73	1634
14263	73	13774
3021	73	4293
2176	73	7182
942	27	4381
12276	47	8382
6804	73	3063
13547	73	8657
8242	73	5843
8241	27	14761
14803	73	3239
2498	73	6152
200	73	3407
9022	27	87
1099	73	2396
541	73	822
374	73	9231
5517	73	7857
8564	78	2139
6814	78	10998
1755	78	1853
10631	73	2777
11708	47	4385
2538	31	966
12303	73	1157
9673	27	14725
4735	65	4417
11239	73	2534
13893	78	8047
528	73	6142
8319	78	14377
11430	47	10902
4457	73	591
5791	73	3169
11870	47	7516
10432	27	9978
14985	27	6215
5371	73	3439
3393	73	14356
12720	78	5079
11092	73	13380
4002	47	10145
14488	39	10002
10051	43	11991
8824	73	6275
3960	73	3409
3818	78	447
11561	73	1260
2970	73	7817
1399	27	6196
7348	73	5941
1733	73	4403
3754	73	8843
7246	73	1547
13114	78	9302
2887	72	11432
785	20	13816
394	73	4489
10262	73	9902
4884	58	14220
13145	73	8009
353	27	14270
14963	78	4054
12895	73	7784
11601	73	9967
3193	73	7695
12105	73	389
3700	73	2769
12442	31	3001
3510	73	5310
5189	73	6122
8569	73	7614
4980	20	1737
9003	47	2149
8717	27	7126
10859	31	5761
408	73	1960
5398	73	9278
846	73	2371
13494	73	10202
5799	47	4510
3867	73	6134
13179	73	7484
5547	73	7755
7238	73	1416
5689	73	4382
11823	78	5867
12464	78	715
8690	78	1793
3287	73	13855
8073	78	10757
7301	40	11167
8031	78	864
8888	73	11482
9603	73	9634
13054	78	2698
11598	65	4262
13809	73	639
627	73	1267
11211	47	7308
11847	78	14346
1934	73	9279
11705	73	13762
7489	73	5909
5942	40	14728
8830	73	14765
3389	27	1288
5665	27	715
11000	47	7675
4463	73	11074
12001	78	7162
175	47	4385
12285	73	4058
2868	72	7178
11957	73	6077
553	73	7083
253	73	5153
7294	73	14492
1140	65	7895
6327	40	7590
2713	73	3067
603	73	13863
6560	73	4491
3418	31	2899
3592	73	11138
12394	73	2560
7216	73	5941
11914	73	337
12395	47	10388
12413	73	7692
4190	27	1167
8232	73	4325
8197	73	3461
14182	73	1421
11898	73	4563
2931	40	9939
8954	73	11073
9366	73	6676
6880	78	4706
4811	73	6486
3944	78	6325
10801	73	2119
1843	73	5914
3331	47	9974
8890	73	3673
13800	73	7987
3145	31	475
164	78	4322
5073	73	4370
6871	78	5930
13833	78	7043
12572	73	11183
12108	78	14763
911	73	1421
13073	78	4095
13773	73	3454
10322	73	9967
10105	65	5838
7324	78	2141
1742	27	3446
8119	78	5323
11810	47	2818
2469	73	5947
12496	31	10038
1361	78	1571
11817	27	9802
11833	73	2362
6849	40	4907
12371	73	11516
13791	78	11534
156	73	549
13567	27	11382
9456	73	6084
10911	78	1692
5336	73	1833
6918	47	11529
6973	25	8953
6948	73	9634
113	73	13910
11757	78	6427
1721	73	6239
9145	65	10040
11283	73	9596
3788	73	3425
3571	15	6039
11550	78	6408
3552	40	6428
3868	47	2449
13648	73	7087
13617	27	8667
12317	73	11073
11620	73	14957
8022	49	3773
12	73	9776
9448	78	13900
13257	73	7685
1119	65	7364
4732	73	9765
1506	73	9373
12763	78	7395
11703	73	5801
10117	65	8656
1757	72	6634
6836	31	6578
14893	17	435
5410	73	802
3148	47	6311
12855	73	7894
11089	73	2145
13238	73	3695
10707	27	10100
3573	73	6282
3437	73	3135
14197	78	4081
3790	78	8986
5428	73	5630
8380	78	14952
1508	73	10287
9670	73	508
5719	40	7267
12856	31	2369
2568	27	856
12387	73	8018
14981	65	10161
11553	73	13802
13966	73	10511
8604	73	9625
2331	73	10335
8918	73	10000
2748	78	5225
7479	73	7223
190	47	1300
13708	73	2189
147	73	11007
5078	31	7310
1001	65	4146
14197	73	10006
10497	73	5794
5692	73	4514
2544	73	4628
13881	73	3414
3957	78	7619
4602	73	9966
8277	73	6282
3108	47	7399
9018	73	8384
8888	73	3525
2254	73	6663
5670	47	731
12574	47	6415
9885	78	10016
13196	73	3007
14267	73	9562
10306	27	6244
12705	47	959
5541	27	10030
3947	73	6281
3778	78	8529
3016	78	4421
13743	47	9212
12880	73	5890
13727	78	418
186	49	6735
522	31	14741
3326	78	1253
5529	73	3234
8705	78	2428
11909	27	14055
10661	31	5773
12741	65	1476
9013	27	7126
7342	73	730
7353	73	5847
12604	78	4234
13833	73	10060
10875	78	5861
116	73	3425
6751	73	13850
14043	64	11028
11342	27	6983
13760	47	10272
8855	31	4863
10336	78	10741
14789	73	5795
6343	27	14709
9454	73	9798
12087	65	3551
11248	73	9854
2294	73	2997
3192	73	9986
4471	73	2263
13965	31	7804
3923	27	4004
7754	73	6679
8680	65	302
12760	27	8884
11542	78	10310
2392	78	1161
1448	73	5312
12017	73	7817
5074	31	14357
7416	73	3433
12914	73	14483
8328	73	11450
1801	31	11260
9432	47	7311
11310	73	9221
8913	73	8200
11227	73	7959
0	73	7711
11508	27	6184
502	40	13591
1374	27	7905
6348	73	10187
8402	73	14235
2740	73	7607
14627	27	512
11842	47	9839
13443	27	7647
11096	73	6181
2545	65	13901
11920	65	4423
2565	73	10378
4024	27	3436
10664	72	9776
11461	73	8554
10875	27	4101
2731	78	1736
11154	73	6503
14793	65	5960
13140	31	1977
13940	27	9068
8146	73	6504
11833	73	11190
1065	73	13807
3590	65	6438
8275	76	7831
12634	73	9983
11041	73	6167
12082	73	6661
7334	73	664
8361	73	10027
13307	73	6612
11013	72	10900
2578	73	5978
10655	73	5757
8562	73	14366
4341	73	4690
3732	27	2244
5423	65	3637
11957	73	9811
4036	78	7394
5705	78	6925
3528	72	1138
8231	78	2268
3247	65	5647
12862	73	4392
1882	31	302
10914	73	2695
7490	27	9114
12664	47	14707
3741	73	3197
8419	65	2800
45	73	2582
4609	27	14309
1576	47	4495
4745	78	91
10498	73	7786
10472	73	5802
12063	73	6300
7022	47	5879
9758	72	2365
13988	73	3560
11699	73	7867
7771	73	1768
12249	78	6409
12141	78	7794
13327	73	7226
12481	73	14489
9817	40	5806
806	73	5776
12342	78	7038
1795	47	1689
9591	73	9588
3890	78	10094
5536	73	14699
11872	73	7051
14157	27	14779
13694	73	2470
1971	23	5997
1313	73	2301
7849	73	7422
2594	73	13878
8970	27	7096
7563	27	2834
2954	73	4392
12934	73	6355
9555	47	278
7445	73	817
8344	64	8349
1813	73	337
1741	73	2307
13400	73	4374
14449	78	1253
12687	73	6573
13054	73	3696
4837	73	7483
8708	40	5038
12059	78	6286
7332	27	2378
14411	73	5836
8789	73	9947
8834	73	925
14807	78	4384
12674	78	11507
14944	73	14977
8133	73	2567
5079	20	3195
2931	40	14450
13995	31	1479
10297	73	11381
11835	78	4896
515	40	5654
11843	47	4395
11914	31	9785
10106	65	9958
1332	73	10962
6696	72	6850
3143	65	4108
12331	78	10746
12666	73	9962
2418	47	9265
14795	73	807
2466	73	7750
1809	73	6024
6529	73	3057
4244	73	5843
2914	31	3564
14758	39	13688
192	31	14755
1989	57	3404
7239	72	10154
12203	47	9809
14196	47	13685
2193	31	2285
12803	73	6726
13501	27	10045
11236	73	3342
297	73	6199
5524	78	9783
11325	47	9187
5193	73	4099
7938	40	6527
11467	73	14287
1447	47	473
10678	78	8664
9359	73	7481
644	73	9112
10339	27	9607
14207	78	6393
260	73	7135
11232	27	8424
12576	31	4863
9495	78	4423
11772	73	5750
2943	78	6258
13413	65	511
13470	73	3520
11663	73	9782
371	78	3367
9177	73	5726
6787	27	14705
4640	73	7010
14881	31	3155
10738	73	1726
13818	27	5975
7871	47	7017
13138	47	7676
3993	47	7730
3708	31	4892
3186	78	9304
1501	73	6823
25	73	7607
2917	27	4888
6063	27	4148
9128	73	3497
2349	73	5989
6810	39	5083
115	73	2069
14897	78	10615
10876	27	8765
4734	31	3370
2594	73	8637
9727	73	1296
8495	47	4193
1144	27	11169
10142	65	5035
14151	31	7299
13516	73	6233
14716	16	298
13428	78	7858
4767	39	8711
21	78	11145
11851	73	3219
70	73	4491
2521	27	2662
14524	73	14744
10995	31	9835
13662	73	8435
5487	73	1416
14795	31	5823
8945	73	11403
4275	78	11181
1815	78	7874
11288	78	6231
10898	73	14287
11760	73	5741
1111	78	91
10656	27	1831
6789	73	9075
12137	47	7931
11735	73	11474
8976	73	2114
3066	40	14466
435	13	6271
6995	27	7799
5912	40	7122
590	73	3409
13848	73	6739
13377	73	4320
6399	40	14750
4000	73	4693
13411	73	5632
4420	72	7738
14788	73	2897
2316	73	4650
12543	27	7646
13123	73	8548
6274	39	327
4219	47	9077
7284	27	4082
14454	73	7725
2230	73	2365
2661	78	5753
2848	40	511
11115	73	6704
8317	73	9811
9745	18	3417
10558	31	11328
3979	73	834
8860	73	6544
4233	73	325
14135	27	7644
5325	39	4477
7252	73	9581
5073	27	8669
12044	78	9934
1383	73	9576
8578	73	3555
9891	73	6186
8580	27	7587
6770	65	4124
1335	73	6249
14817	78	13842
11976	27	340
12485	73	4375
9489	73	1133
8837	73	13858
10509	73	5999
2170	78	3398
9613	73	1633
8524	39	4477
1397	78	4984
11810	27	1685
8714	78	4754
8179	15	8177
4145	13	7172
11568	73	14345
9703	73	3204
14334	27	14871
13395	78	1155
7067	73	2140
10914	73	7793
1387	73	11528
9164	78	6909
13293	73	6166
10326	73	2673
9345	65	11177
3273	31	2526
8753	31	9824
6025	39	2682
3343	31	9574
1646	31	4548
13332	47	9182
1690	40	9619
1094	47	959
2611	73	14287
3974	78	589
1239	73	2714
11205	27	11517
13306	73	9124
7270	31	14959
12370	73	9044
1508	73	14767
14850	73	6435
12663	73	14951
8197	73	4055
10063	73	6014
3388	73	5968
4014	73	2409
6887	78	6675
12374	73	4376
10323	27	1437
11573	27	9204
12365	73	586
14337	65	1299
600	40	14488
11887	27	9783
1612	73	6024
1074	65	4796
4940	73	11262
14982	73	9689
5143	31	14761
4345	73	3508
11355	73	6036
14103	78	1257
11040	73	1634
9013	73	7426
12911	73	14005
3394	65	6330
7236	27	9553
8131	78	2981
13524	73	9312
6643	78	8861
702	73	3236
11956	73	6625
2194	27	7997
5531	47	11151
13492	73	1764
8810	73	9568
8844	73	1425
256	73	421
14332	73	3190
11278	47	14123
4197	39	4240
3312	65	2800
11557	73	9127
6870	78	7646
13476	73	14480
675	31	2369
11216	73	5880
1469	73	10750
13565	73	14743
13911	72	7472
13157	47	14288
53	73	3407
3326	73	6405
8133	73	9047
8982	73	8468
8496	78	5463
4851	73	8384
2911	47	9048
13015	73	1828
854	27	7905
12419	27	2255
735	65	1943
11012	27	6265
5170	78	10741
14530	73	9127
11809	73	9493
7270	27	726
3220	40	10250
12556	31	11261
980	76	7522
11872	73	14315
1502	73	9290
617	73	5176
12612	73	10108
13629	73	10758
300	73	13973
4707	73	325
9807	72	9042
9001	73	10291
12931	47	10380
11663	27	3495
5110	73	2774
7125	53	12192
8545	27	9188
10959	27	14705
9511	73	7135
5163	73	6142
5204	27	7978
7219	78	1253
1137	73	9358
11903	73	7315
188	47	8458
13205	73	8546
5033	40	5719
242	73	3229
1008	72	941
10941	65	10161
4914	47	8644
4702	73	2390
12134	78	1253
13711	73	9967
12099	65	6244
11438	73	8763
6917	47	4411
5239	73	2180
586	72	5631
8393	27	7123
11873	65	4174
6656	78	8432
4308	78	1325
9363	73	5889
139	73	1157
7206	78	3448
13258	73	337
13629	27	10748
4751	40	14313
10182	68	10182
1579	73	5982
208	73	8017
8071	73	276
13646	47	9773
5523	73	3139
2590	73	9074
9378	73	5022
11617	73	1170
6986	73	4051
10901	73	10894
11358	73	2692
1476	72	6511
13923	73	6249
11981	78	11423
12827	73	13855
8900	73	2290
8739	73	6378
13820	73	1415
7294	27	14694
8028	31	14768
4394	40	2274
3292	73	2998
14272	73	773
7751	31	2569
12943	27	466
1408	72	2330
1368	73	10962
11635	73	9766
1785	73	7297
10957	73	1346
10712	78	4145
13994	27	6013
1713	73	6073
555	31	6447
1334	73	9090
12454	73	719
13061	73	3415
11871	47	4083
6565	31	516
10259	73	5900
12568	73	10017
9468	47	6369
1749	73	2821
13929	27	13909
3814	78	447
6045	39	6703
5196	73	6250
8376	27	2835
3042	73	3502
8992	73	6239
240	73	824
9968	72	1131
8331	78	4220
4180	27	9825
8295	73	6626
5084	45	9280
14333	73	10227
11915	78	5458
1834	73	3528
7573	78	4515
14454	47	11182
9904	14	2971
4497	16	4598
8119	73	14292
144	65	10125
10635	15	2163
2925	27	4635
11692	73	7128
3344	27	2978
1439	73	4321
8373	78	5983
8110	73	3633
4452	48	14276
4923	27	9623
13174	78	7124
1574	73	6070
5683	73	1278
3014	73	14565
1961	40	7400
5696	73	14481
8023	73	3184
5220	47	2818
3957	73	5776
3224	78	3846
14110	73	7381
4644	73	7031
11363	27	5647
11739	73	8008
14531	73	1774
12569	73	2188
13980	73	1931
2292	65	1689
10610	47	11152
11530	73	3524
1491	78	2860
7102	73	14060
2384	73	10033
10244	40	14728
5040	73	4394
10968	73	4048
2183	73	8849
8028	73	9768
9514	73	7429
8854	47	2704
14052	73	2411
4345	73	2415
2663	78	1285
14885	65	2447
268	73	5958
11694	47	5326
8361	78	7805
13951	47	4481
12427	65	4796
4342	31	14768
6961	73	439
14073	31	2860
9939	39	8469
125	73	6630
853	78	5940
4136	27	13835
146	73	2102
3834	73	10000
14578	78	3759
163	31	14741
11608	73	10421
13633	73	4688
14685	27	2867
13732	47	14778
7546	50	10490
10063	47	14010
1800	31	5823
612	27	9607
4546	73	781
10633	15	2163
13376	65	8700
2524	31	13857
14152	78	92
8716	73	4336
6199	72	2522
1498	27	1831
1047	40	2124
12448	73	9625
14968	73	4889
5687	73	10515
4567	73	4504
8952	73	2211
9887	47	6301
10716	73	1981
10718	78	387
9027	73	4687
9877	73	3076
3385	78	4052
14557	47	1956
12266	31	7188
6580	73	9030
8324	27	5036
8994	78	4754
5532	48	2447
13542	78	7647
11698	73	3228
12115	73	3497
9526	73	6780
8195	73	1269
8351	73	10780
7181	73	5901
10472	73	9098
8329	73	4375
2976	17	9855
8110	73	1270
13121	73	9473
14969	47	495
3109	78	10829
14173	47	11070
3587	39	10045
10545	65	423
7542	73	659
2009	73	6686
5581	73	11007
9547	65	8199
8481	39	14703
9298	73	5507
10976	73	3239
14266	40	4767
4430	73	1673
947	53	947
6501	73	14485
6842	64	10538
10587	73	8081
11567	73	9112
11254	31	7671
9752	31	9117
8887	78	6253
2938	78	8700
140	73	4152
12781	78	13697
12109	27	11386
8271	65	6679
8679	78	7723
2479	23	2833
1836	78	10383
2041	47	4510
497	40	1950
9892	73	6195
13559	78	14131
1055	27	4746
4644	73	6437
11513	72	1130
8363	73	1022
10642	73	803
2822	73	6784
11964	27	4361
14283	73	2117
11046	73	4516
6814	27	10998
5510	73	8433
11023	73	9621
361	73	6091
1492	78	4889
14949	73	4890
11366	73	11262
3483	58	11072
13253	73	11174
12422	73	2968
244	73	596
4452	64	12564
8868	27	4691
11619	73	7821
11496	73	14744
12323	73	3496
12458	65	6614
1061	27	509
13285	27	5876
11238	73	7780
11786	47	7311
11426	73	7959
9372	27	1536
69	73	9279
13336	31	4061
6948	65	4156
3318	31	1479
14926	73	2961
8676	50	2062
3088	31	11261
3024	27	10020
4031	47	6608
7070	27	9986
1451	78	1736
5943	73	10235
4672	78	7093
2748	73	401
13932	73	9947
4590	18	9829
12011	65	7933
10787	27	9095
14605	78	5857
228	78	8213
8788	73	11075
12590	27	10745
10898	73	10672
13391	47	4882
3700	27	7680
5680	47	7308
5124	27	10281
7220	73	5176
12780	47	10115
8237	27	3465
1011	31	10166
1936	65	6256
8157	73	3855
220	49	2447
2984	73	881
1842	73	4335
7906	73	6612
12293	47	477
13205	78	950
5441	73	470
10737	78	13789
2982	73	6081
12353	73	10032
10623	73	480
11618	73	2754
2230	27	6398
1528	73	1278
10265	73	6379
902	78	5225
13941	31	13687
12436	78	10960
7250	48	1529
11461	73	4552
7153	18	5903
10246	40	6176
2310	78	14987
14965	78	6495
13985	73	6432
12817	47	7729
1921	73	426
9224	39	9858
10966	73	1474
10591	73	319
10648	73	4750
1241	73	5985
6724	73	5759
2501	47	6384
5693	47	4431
13891	73	9303
4046	40	7414
899	73	14329
14961	72	10290
12977	73	7690
1072	18	14282
2591	73	3336
10498	73	2827
14516	73	7302
2495	73	4489
5256	73	5914
12230	73	5034
6693	40	5080
12151	73	7660
1066	27	10040
12155	65	4796
2483	78	10829
7506	73	2180
9763	73	11386
1276	73	14739
122	73	3517
10662	31	14357
3069	31	11522
5371	73	2021
7322	64	929
6798	78	2698
7409	73	6012
220	64	8024
8853	27	14705
10337	73	14739
11501	73	10691
9464	47	14381
9890	73	14021
1729	65	4082
9451	78	3009
2230	27	4097
8372	73	14259
3167	31	9208
3878	27	4747
13393	73	5796
8327	27	13898
11284	47	959
1492	78	3842
2714	69	11164
938	78	3934
10284	73	1107
11666	73	1474
8670	73	1770
12186	27	3624
11105	47	6168
1878	73	7518
12286	73	9196
12314	73	6082
14059	73	2233
11979	27	5296
11746	78	14476
14378	40	7050
146	73	3612
6067	73	7607
10448	65	4112
3922	27	1979
10587	73	3515
13433	73	14485
7693	73	3504
9396	78	459
12583	27	7724
13188	73	1598
5443	31	14747
12385	73	4875
12214	73	7380
12646	73	6386
369	21	6607
7714	47	278
8230	78	9036
11776	73	8442
4192	40	13689
12932	78	3201
759	47	11486
2057	78	5294
1761	72	348
11471	78	1290
10834	40	4197
14563	73	11133
12151	31	507
8254	27	9813
13516	78	7079
1469	78	9783
8208	73	2304
9611	57	9501
11883	78	1258
14904	73	11171
14102	73	5649
13814	73	7226
14111	73	7662
1023	73	6005
3668	19	990
3732	73	7481
5447	78	6614
8857	65	4160
10264	31	14774
9398	27	5305
14866	78	4439
9865	27	8174
12185	73	6689
11062	78	11142
6441	40	3293
2213	73	14370
11949	47	7966
11591	31	3008
13213	73	13885
1840	73	3616
10132	73	14371
7199	73	1138
1165	27	7934
7812	39	9944
14636	73	11533
7611	73	7422
11313	47	6677
4743	47	9319
5486	73	6155
11826	73	9034
14183	73	6525
5496	73	10043
10544	78	4384
2514	27	10419
3276	73	3454
13375	73	1154
12589	73	9851
12862	78	2900
13347	78	4078
6716	27	1167
13094	73	6623
10355	73	5880
12215	27	9942
13427	47	7009
5262	78	10386
3910	73	2312
5169	78	5224
4583	73	9522
2412	73	2452
1197	73	876
8261	73	3454
2108	31	11539
11101	27	914
13575	27	5804
12426	47	10902
8608	73	421
5814	73	1277
3751	73	9643
10276	73	7404
14551	31	14467
2244	16	8505
7490	47	6369
1548	73	1745
8228	27	2978
1478	47	2404
5218	73	3342
14626	31	7310
9004	73	11392
12048	27	8879
4538	78	2078
13078	65	2800
11812	73	4296
6334	40	6317
13837	73	8143
353	73	7432
809	78	4855
567	73	7313
7503	31	2132
11511	73	8009
8923	78	969
11718	27	3551
251	27	9978
1610	47	8382
7200	78	7764
12839	73	769
10593	27	7647
5479	47	4901
10983	73	11469
5655	43	8353
8918	73	1547
1041	73	9154
11406	73	9789
5421	73	10956
14594	73	2556
1842	27	7224
9740	65	10078
13769	27	4381
4946	78	2608
8533	40	9455
13603	27	9114
4907	40	6845
12260	73	3538
11585	65	3637
10893	27	2142
1983	73	10039
12190	78	10113
9389	73	10251
10137	78	384
10198	73	2114
4012	47	2667
1066	73	2187
1446	47	7063
520	73	5464
14224	47	9520
9168	78	7989
2003	27	4441
1874	27	9507
2617	73	9894
641	73	4904
12187	73	6200
9657	47	7056
5026	73	9017
2943	47	3628
7357	27	10224
6874	73	6323
4308	47	9606
8190	73	6687
11593	27	4147
3122	73	13878
2874	40	4907
10886	73	9125
11989	31	7603
9285	72	6706
11638	73	7943
10502	78	4779
11912	73	14339
766	73	13784
5122	73	14287
10857	47	3553
13730	78	7592
5932	69	4063
14014	65	9883
14892	73	3072
12346	73	5941
11906	73	1021
11056	73	9848
7192	31	1479
11875	65	8598
9066	72	5972
6560	31	7598
11647	78	9958
14660	47	7516
7248	73	5848
14630	73	1289
11299	73	8204
8590	73	6623
11638	73	7953
13772	31	8882
14625	73	5762
13457	31	1479
8815	73	3607
12532	27	10026
11416	31	6213
6339	73	3236
13470	73	445
3560	72	470
7547	27	13909
11719	27	2985
11938	27	2566
3838	73	10077
14072	65	9502
13529	27	6493
409	78	6846
11764	78	4796
12523	31	954
9858	40	3323
2054	47	1945
1876	47	2376
13105	27	4097
1782	73	4399
340	25	4448
1185	31	5773
14201	73	10404
13226	78	1773
13347	27	4078
12230	27	1292
13144	73	3843
3414	25	8967
8958	73	10308
12164	31	1479
4189	73	6057
10915	73	7756
1446	47	7730
13172	73	3585
10559	27	5826
582	78	8047
8742	73	5834
5360	27	7997
11987	47	818
9335	31	2267
14073	78	6855
83	47	2131
12860	78	8147
4608	73	3333
8222	73	6444
14517	73	7090
9931	73	13786
5622	27	1960
3080	78	1155
11907	73	6389
12560	73	9784
8824	78	6328
438	40	7990
7562	73	5886
3738	73	2929
2333	27	6244
7155	47	4438
12483	73	13878
14334	73	14668
550	73	7481
12564	78	7781
4962	73	6823
8367	73	3902
10607	31	6185
7467	73	14350
13053	73	6012
12384	27	13698
14980	47	8055
2443	65	8046
12499	73	2893
9470	73	6682
1804	47	5326
7194	73	3826
5766	39	6673
1087	73	1788
4658	73	505
11978	78	10517
13030	73	14471
12144	73	6782
9481	65	486
14819	73	5870
11875	47	2766
12360	27	8666
8305	78	6855
1727	78	5855
2408	73	2849
2008	73	6522
13143	78	11015
4805	27	9934
7471	31	887
792	73	4164
13427	73	708
9334	73	4296
763	73	4704
9018	73	3431
170	21	722
7583	73	7916
11962	73	1958
6890	78	8861
9247	73	9120
703	73	9804
12703	73	3207
3586	73	10335
2044	31	1538
4808	73	7860
3218	73	5886
9327	73	14021
5695	65	10091
13792	65	9851
12976	27	9628
11874	27	1008
10048	73	733
12815	31	3536
698	73	3061
651	73	14698
13342	31	14484
14252	73	6679
5531	78	9118
11677	27	6443
10432	73	7744
2939	73	625
2631	73	6696
10966	73	2986
2794	31	6078
14659	27	5811
14532	47	4894
11511	31	2359
9471	78	4068
602	73	9568
5355	78	2600
10733	27	11177
9289	78	8172
1320	72	4320
14320	39	2151
7238	27	2802
10461	27	6223
5609	73	9116
7283	31	7757
5610	78	435
11933	31	2121
10872	73	6367
3478	20	7974
13667	27	4097
8788	73	2066
11289	73	7276
11101	73	2528
6959	31	6412
5934	40	6087
4407	40	5783
13461	27	9256
2927	65	1791
10485	73	13594
1924	73	14374
3264	27	2884
9040	72	8548
7814	39	6609
3395	31	6991
1503	47	2833
11314	27	1781
2791	47	2149
2183	73	6199
122	73	10027
11849	27	9929
1496	73	5337
12453	65	1692
9165	78	3319
8931	40	6176
1013	27	5647
9877	73	9769
3973	78	8668
10442	73	13855
10246	39	8931
3653	47	7420
12351	73	389
6530	40	2775
11984	73	2755
5208	73	13883
12028	73	14714
8369	31	14357
3059	73	2069
12022	47	2305
12139	78	1155
12047	73	14062
1609	27	4101
11295	78	3588
11325	73	6919
7892	73	10027
10603	31	2569
14260	78	11150
11618	27	11178
7833	73	5895
2727	73	4665
13663	73	3432
11459	65	1531
7153	27	4381
13218	73	10039
13160	31	6425
560	73	6966
13206	78	2377
13694	73	5478
101	78	10079
1230	21	11177
9658	78	7772
5124	73	10513
1013	78	6100
7176	72	1757
13919	78	6325
9664	73	7733
10572	27	10224
539	15	9123
11098	78	8862
14545	27	6421
4841	31	6006
7258	21	4911
7870	73	7363
2342	47	7035
9142	24	9104
7791	73	1255
11736	73	8205
10348	47	404
911	73	4399
10986	73	5849
11343	73	1157
1749	73	2052
1181	73	5878
13465	78	2868
13896	73	4176
14418	47	13685
497	39	5808
9464	73	7429
5619	27	14573
9172	73	6084
7107	73	3475
6734	78	4171
1573	72	11335
4708	73	14483
8991	47	1775
10788	73	821
2296	73	2769
1769	72	1530
9846	40	6176
12654	73	4440
2617	78	7125
8170	73	7518
4943	27	9507
13186	73	11183
14172	73	4576
14981	78	1168
920	73	1833
8592	65	2976
12683	73	3853
9083	40	8038
11087	15	9036
2487	73	2274
11646	78	8700
13818	78	2116
2628	73	2669
11366	78	7224
14788	73	6576
12248	78	5378
2289	72	13691
11767	73	3259
8897	73	6511
14224	73	10694
9715	27	3465
12031	73	10750
9164	73	2929
3156	78	6711
11694	78	6219
13477	73	10956
6556	73	6020
4945	27	7591
11581	47	7442
739	40	7858
802	72	5065
14112	31	14742
1485	73	2287
13209	73	9621
178	73	4116
2019	73	8934
2633	78	14752
13412	73	10184
751	31	2762
11361	31	828
2017	47	3613
12464	47	6294
14092	73	7481
2438	73	14689
14469	45	9282
4282	78	1404
2431	15	4170
8924	73	11326
4958	73	5841
2029	27	6258
5284	73	7639
5445	73	1346
1732	27	4630
12926	73	2986
2682	39	8722
5939	73	6275
3733	78	8521
13985	47	11166
11820	73	10076
12280	73	1415
2912	27	9277
14333	73	10191
9333	73	7419
11869	73	3077
13421	27	9847
5390	73	4400
6981	40	6404
13791	73	10667
773	72	8937
118	47	4385
13342	27	869
5618	73	6194
2561	40	7052
8195	73	7466
9535	73	733
12491	78	2659
11982	73	2714
12657	27	5037
12555	73	14249
2679	73	2150
528	47	7041
11683	73	3673
10203	78	10127
14808	78	1649
5596	73	7088
2303	40	14398
7247	78	2698
8877	78	2078
5277	50	11007
7347	78	6427
5620	47	731
8733	73	7277
14024	65	9642
11807	73	7476
7356	73	1307
10765	27	4775
11800	78	4095
6984	20	5817
13408	73	7662
7275	72	4665
13729	78	4354
8821	73	14504
4674	73	813
8776	73	7867
6859	65	4535
7582	31	7691
10762	73	2156
9597	27	7905
1592	73	2381
13270	73	7709
12904	73	10495
13454	73	9181
618	73	13903
12524	27	7127
6656	73	7711
9306	39	8052
11322	73	4291
8153	47	7675
12709	78	14694
10993	73	5948
5250	73	10963
5623	40	4195
2500	73	3064
2613	73	6118
7069	73	871
12653	73	9899
2623	73	6272
1604	73	10023
10972	73	10227
934	73	5978
5541	73	14690
4607	73	2845
14240	73	11392
11939	73	7620
12276	31	11148
9425	27	7921
9386	73	4318
11765	78	7997
11212	73	6239
754	27	4697
2440	47	6407
8149	65	4746
9381	49	2976
12398	31	13868
14364	39	8930
11232	78	10567
13574	73	5726
4966	73	4329
13055	73	13678
6814	65	10998
11610	73	9938
8267	73	3076
8557	73	5726
7771	73	10367
619	73	3631
5071	73	7297
11230	73	1895
13912	47	469
14795	78	6286
11154	27	2258
12350	73	7013
3755	73	10080
199	73	3335
13271	65	7875
14083	78	2142
5470	73	6074
12610	47	4064
2906	73	9804
9935	73	8986
12872	73	10018
13539	31	3370
186	74	7335
8228	73	4977
1556	78	2076
1392	31	9810
10660	78	4689
1138	72	3528
9158	65	4417
14661	73	4391
7889	73	13886
13566	73	1530
8524	39	1950
4561	27	2835
14624	31	4100
12743	73	14852
6772	73	1598
10999	31	9803
3972	73	8552
3799	65	6035
4851	31	14746
9213	40	9306
9064	72	7418
4524	73	7959
11467	73	1308
11546	73	2932
4832	27	13839
4611	73	4699
12789	73	10235
6657	78	864
316	73	6630
7473	73	1530
9917	73	5751
3937	78	6985
13378	73	2180
10786	21	10020
11250	78	7312
11768	73	13873
13464	27	4379
1510	73	14485
14210	47	10115
10816	73	14347
265	73	4559
14901	73	9621
1734	73	7635
7201	78	14476
13030	31	2760
12423	73	9768
6884	73	785
10764	73	5741
8577	73	10043
265	73	7788
11203	47	2147
4213	73	6156
5004	73	2855
11046	73	9562
8591	73	389
14	73	5848
7173	73	7758
5150	73	2693
14882	73	8018
1351	73	2162
4823	39	344
5196	73	2371
1039	31	6303
995	73	7756
253	73	6715
1900	64	7836
11795	65	10125
73	31	4319
10168	73	6388
3807	27	13835
13290	78	14012
9874	31	9830
1778	72	8423
9967	10	640
5549	31	351
9887	73	4394
9523	73	2889
5560	73	9199
47	73	6433
11444	47	4861
1097	27	9139
11994	73	1171
3416	39	5830
14086	73	6686
4217	73	2798
12836	73	5999
13488	73	780
68	65	4689
522	73	2115
10330	73	10251
2177	78	9270
2352	27	7778
2486	73	9774
2853	72	4311
4541	73	5337
3359	78	8047
14275	78	280
8929	27	6215
8198	73	14347
11791	73	10366
11111	73	2995
5347	73	2048
6816	37	2888
6879	73	7484
14926	65	10745
14884	73	2876
1496	78	2143
13211	73	6392
12935	78	2070
8399	15	11507
1646	73	6652
7920	65	2981
12783	73	6277
6353	73	3511
14618	73	14700
8142	39	5300
1026	39	11507
4522	73	6433
8716	31	9091
8352	47	5289
6841	73	10581
5142	27	4080
6897	73	2533
14206	73	9666
3344	73	14287
12107	78	14763
13304	73	14489
10914	73	9820
3549	65	7898
11698	73	9205
1494	27	6421
12531	27	1792
1054	47	10093
4957	73	406
7241	73	9776
7489	73	10060
8160	31	2527
13654	73	7935
11444	73	11386
9385	37	1284
4534	72	3835
7049	39	497
11549	73	9621
1185	73	9640
13527	73	10034
6590	27	8940
12609	78	7678
5352	65	6909
6175	39	8874
11443	73	10012
13251	27	7091
4845	47	1405
5676	73	6068
11253	78	2027
14622	78	2027
12184	73	1680
13997	73	14961
130	27	3495
7661	20	812
14294	65	7719
8844	73	9056
11163	40	4250
11024	73	1555
179	27	7949
2794	27	6310
2576	78	10615
262	73	9097
12624	27	4112
12820	73	2990
10240	31	440
8280	31	14774
8911	73	9849
11552	73	401
3268	73	10108
7490	73	13851
10980	73	10520
6429	78	5842
8148	47	6330
7110	73	2770
3724	15	4288
1141	78	5323
12624	31	5823
12410	73	10672
13573	23	9182
12723	31	9824
12981	27	5037
648	73	622
11952	73	275
271	78	760
5616	78	433
12907	78	1476
7138	73	8183
9003	73	1787
8894	73	14690
13735	73	8204
56	73	6126
11413	31	1479
7459	73	6668
10822	73	445
11836	73	10039
2303	39	9793
13159	78	4354
5537	73	6544
3125	47	7683
12368	73	783
3799	73	6259
11590	73	10088
12699	27	3444
125	73	6626
2472	40	2682
5514	73	883
10194	27	7905
5600	31	7366
5498	78	7058
12471	73	7777
7386	78	7364
8724	73	2935
4672	27	5811
6906	73	9058
3862	73	13781
1062	78	8700
5195	73	8018
7540	73	1022
11954	27	4063
3032	27	14705
702	78	7874
7336	27	10215
3993	65	4796
5954	16	4598
13292	73	3625
5483	73	2251
9862	31	9260
3692	47	9057
2363	21	4165
13176	73	14007
1121	73	10894
11019	73	9032
2736	73	9820
3889	73	14373
1025	47	7675
5141	40	7301
12478	73	4259
12471	73	7863
6798	73	5834
5074	73	10006
12669	65	7093
9880	40	8177
9402	27	8164
7046	72	3478
7714	73	623
13486	73	6367
4835	65	6160
367	73	10802
8109	73	6432
3682	58	4109
5329	73	1631
7706	40	5852
13825	31	4420
8243	73	4103
4817	65	4885
8182	73	7970
2638	73	9194
14589	73	6526
10707	73	13843
9337	78	4171
4719	73	11141
14081	78	6427
5484	73	5968
2690	73	5913
9059	73	10512
10635	73	2777
12826	27	4061
1689	13	2704
7537	27	4206
18	27	499
3413	40	7590
9143	73	11452
11065	73	2312
792	27	2368
11028	78	1291
14283	78	5863
8695	73	2380
13060	73	6102
11008	73	10389
11673	73	10143
8643	48	7172
10585	73	419
6880	73	4325
9647	78	3934
167	78	14124
4015	27	9256
14908	78	6909
6810	39	9064
12600	73	3675
986	73	7075
13940	73	7784
10699	27	2978
3329	73	9084
12463	73	13910
11661	73	9796
13149	73	14241
14639	73	5974
619	31	3976
3598	78	1429
3768	73	4763
11696	65	1257
12964	73	9373
12284	78	6211
1521	47	5646
13655	73	10114
7320	73	7622
13261	73	4690
3709	27	5873
8715	73	3484
12201	31	9572
8254	73	4704
651	73	7967
11874	73	6702
1877	78	3934
1742	73	10034
3816	78	9842
575	73	8104
7551	47	3640
7142	73	4155
12549	73	2549
1319	73	7464
4343	27	9842
2742	31	913
12758	47	6164
11140	72	9324
12237	73	2069
13254	73	9600
11800	73	8638
37	73	7526
14942	73	9926
13432	47	7575
8591	73	11383
14936	78	2258
10709	73	3902
1039	73	10761
2925	73	9073
11198	73	7776
13979	40	4767
2013	65	9226
11786	27	10237
12739	18	2112
3690	65	10389
2874	40	1539
7502	65	5742
10786	73	1726
11926	78	4414
108	73	9798
3340	73	2411
1569	73	1847
12099	78	595
5872	39	6327
12088	73	5762
11805	31	7078
14265	73	1544
3288	40	3677
11047	47	9152
11813	47	4753
2512	73	5894
7446	73	6323
1520	47	7516
2039	73	14384
12221	31	14512
5285	65	4360
3867	73	2290
12387	73	2774
7468	73	5989
1893	72	8421
4275	73	6189
4208	73	2897
14502	65	11168
25	78	7296
4771	40	10182
5246	65	8046
14949	31	302
3156	31	6711
12292	78	5319
2345	73	11404
8084	27	9725
11155	73	10295
3537	73	5827
11855	73	9765
4217	65	1536
108	73	6165
5355	73	5515
2515	73	9982
1010	47	2301
9612	47	6301
14926	27	4416
1121	73	11048
1922	73	2282
11867	73	5802
5121	27	6315
11677	73	9972
11525	31	2527
3421	40	10379
1531	72	6208
1374	73	3611
12957	73	7993
736	73	2068
12564	48	14276
5480	78	9985
13974	27	11473
2416	73	4132
14931	47	868
9010	73	14142
739	40	325
5719	39	3627
13167	78	2268
13016	78	6099
11948	31	14484
121	73	3522
1643	73	6324
8277	73	7960
11793	78	8300
5310	72	2356
7485	73	1817
11690	47	11151
2723	73	5963
9500	47	9598
10771	73	7177
12643	73	7652
944	73	7401
1965	25	8681
13527	73	4158
12321	78	4410
7396	40	10385
12939	78	2163
3990	31	9995
9245	31	2832
8072	78	4095
5956	78	6672
12318	73	6410
178	73	3667
11059	73	6653
10484	73	1826
4657	78	90
1480	73	2823
9037	47	2887
1367	73	7183
1627	73	4665
6949	73	7710
14940	31	10369
13341	73	3568
12428	78	10741
9512	27	1156
7845	73	7662
14110	73	7226
3706	78	2268
12920	73	8043
7351	65	6416
8512	73	10017
1676	39	11447
1860	73	7032
12725	73	14345
13014	73	4664
11622	27	4689
8095	49	3978
7168	47	14777
11280	27	8539
3562	73	4768
14387	31	1789
7652	58	4716
789	78	3099
5106	73	2211
396	73	3415
11300	27	14705
1622	78	5893
12231	27	14694
8339	73	2932
11779	27	5036
62	73	767
12517	73	6107
2640	78	2139
14581	73	1598
7880	73	5333
13057	65	10161
6976	78	8664
14921	31	14755
5991	72	14732
14610	65	9978
13470	73	4406
12612	78	9832
5938	73	11286
14231	73	11449
10455	78	4383
13629	73	968
12651	47	454
2005	73	9192
2012	73	6686
1200	78	6307
2296	78	8484
3306	78	8044
12892	73	2845
5277	73	4893
132	47	3626
8679	73	1931
7839	73	5925
13719	73	3691
10941	78	4124
5640	73	4150
10932	31	14747
13341	73	7784
8347	73	10684
7771	31	3155
7722	39	2814
3293	39	6441
4841	73	6512
5389	73	2066
10771	73	10188
12301	27	9578
7219	27	8665
13399	78	1825
14452	31	4367
12105	73	11334
3220	40	4405
10786	27	10020
4241	78	10903
4799	78	595
9712	73	6005
8052	40	9306
4570	73	2999
8642	27	2402
8487	27	8940
4306	27	512
13453	73	6110
14931	73	3010
14036	73	3127
2946	27	9498
4244	73	9946
11914	73	3207
13702	73	1691
3578	73	8638
11948	73	4168
11084	47	9974
8112	27	13691
13583	73	5952
1735	78	8862
106	73	6027
7240	65	13835
8035	73	10186
367	73	8542
2441	78	2819
4204	73	4987
10771	31	1977
12347	73	10495
12602	27	2122
14922	73	862
13495	47	7596
890	73	6856
10064	47	7594
138	18	10954
3971	47	9838
467	40	6530
11251	73	14572
1872	78	4081
8201	73	10028
2588	31	4886
12948	73	3063
3839	27	1008
11427	73	5759
2316	73	4880
9514	78	6595
4587	73	6572
878	73	9517
8720	73	6503
6146	47	3688
1504	73	14975
4592	47	7041
5482	73	2528
14106	73	13849
11904	78	8885
8609	73	2714
6806	78	6225
14231	78	3603
10379	16	14860
13548	73	4331
6659	73	4104
2550	73	5880
3033	73	1530
10506	73	1430
1219	27	5649
12099	73	2929
7217	78	13787
13634	78	4780
6573	72	6054
11960	27	3672
2485	73	14489
7841	73	7234
13483	73	9987
1506	78	7094
2010	65	9226
11916	78	3090
12665	73	780
6052	78	10903
13929	47	4861
11525	73	881
2048	58	10101
8951	31	7691
8324	31	5823
2945	27	9223
8714	78	14695
2227	31	9314
1083	73	1828
5482	73	8384
5719	40	4195
12079	27	9948
4035	78	458
7286	73	1250
12147	27	6223
12341	31	2526
14308	40	4197
1805	27	7306
3907	78	2698
12002	73	5319
11643	73	3348
6721	73	3668
13060	78	14377
2203	73	6823
5665	47	1824
7281	73	10668
8329	65	11380
9444	73	14509
13560	73	4331
12512	47	4356
11040	73	10019
9877	73	6538
5682	27	2835
13746	27	11169
12849	73	6039
5699	73	2371
4264	73	5911
11681	27	8048
9366	47	1962
14218	47	2313
6765	27	11177
136	27	1437
1722	65	5296
13663	73	10191
10072	78	11386
4304	27	4377
1348	73	6830
8736	73	9568
8508	73	7737
4210	73	5925
4951	73	9568
12590	31	2526
11461	47	7675
14093	24	2867
4470	73	10761
12664	31	4631
1783	73	3527
11247	73	6648
12851	73	9814
8330	73	4150
14176	47	7645
4724	50	11482
9551	73	1157
7439	78	10020
11206	27	11264
4472	73	6873
6361	65	6244
8453	27	9623
11721	65	11380
2754	72	9522
4600	27	9964
8992	73	2308
11767	73	2223
4518	78	4146
12076	73	5843
5513	73	10595
3246	78	6225
4944	73	8442
11242	48	2447
13350	73	2259
8851	73	1531
7241	73	11335
212	73	14726
7995	72	3517
2223	69	4704
11282	31	1131
2386	73	8773
394	31	4355
12087	47	1688
13315	31	9571
7502	27	3471
5813	31	2527
8265	47	5299
7451	73	9695
3180	73	9807
7103	73	2381
10173	47	7649
3805	27	6843
1056	23	7081
9331	73	7178
7230	78	6226
3832	47	11151
6283	40	9840
7630	73	6423
12387	31	13788
6344	73	9189
2690	73	14504
12127	73	1328
929	49	2976
3045	73	5472
9751	73	7463
10411	73	10163
7552	73	7043
233	73	14393
13071	73	2356
12650	47	14777
8117	73	6444
13558	47	5997
10586	73	1826
10574	73	6192
9739	27	7949
3747	78	402
7480	73	3667
4678	73	10303
1475	39	5014
304	65	6611
10355	65	8765
14404	47	455
8670	73	415
12811	73	2534
13393	47	9057
1510	78	768
8096	23	2604
5471	73	3844
4573	73	1798
5058	45	10896
11298	78	2076
4226	78	2268
5074	73	9900
11207	27	9781
9733	39	8103
5000	78	4114
12035	78	4909
7523	73	5884
8987	73	2247
2201	73	4656
3779	73	2714
6019	72	1640
14874	47	487
9939	39	4407
13369	27	4361
8600	73	6326
13082	31	14747
13314	31	814
13425	73	1171
10635	73	500
7492	73	9564
1085	31	4887
12165	65	9731
5247	73	11031
7941	40	6496
8844	73	2963
10522	73	6101
8069	73	14485
3310	27	9206
5731	40	4498
7969	45	9283
13138	73	1411
12856	27	1273
12532	73	1826
10670	78	1291
13350	31	4133
7697	73	14739
10955	27	8548
5266	65	10041
4019	31	11336
8602	49	1529
3810	31	7955
11638	73	832
8154	31	7691
11590	73	1542
5007	78	4984
11234	73	9042
831	73	7305
13479	27	7304
14428	73	3397
13918	73	4375
12564	78	10829
10888	65	10373
254	73	6103
8318	78	3544
1628	73	7403
2735	73	9946
132	73	1993
6341	73	2836
12344	31	9810
13347	73	3517
7238	78	2802
2479	26	13909
6977	73	827
13818	73	9777
1033	65	2987
5520	76	7831
11981	73	6242
14027	31	8873
5369	78	4091
12971	73	6273
5941	72	9159
11997	73	8410
4216	73	1944
9382	73	6054
13647	47	8274
9715	65	3465
7387	78	6269
4948	27	2274
4344	73	7639
11746	73	7415
10735	47	7034
2805	58	7162
8530	73	822
7209	73	9766
10803	73	10184
13116	73	7010
5403	73	9097
12380	73	8934
12487	73	7301
2218	73	9493
2105	78	1778
10394	78	14416
8833	73	4880
3769	73	2312
3876	47	6677
9873	31	14747
14480	69	775
14114	78	2153
11817	73	10351
14862	78	6984
9878	78	14472
14836	73	9991
14989	50	9784
1036	72	4109
4942	78	14770
12459	73	7609
5693	31	7992
9709	31	14747
4669	73	8464
11977	73	6335
7444	73	11497
13990	47	7516
10881	78	715
5522	73	7778
7207	73	13894
5567	73	1415
229	47	9120
8744	73	6483
13394	65	7898
6794	73	8548
7533	27	9847
12731	73	1758
12307	73	3433
7913	73	14957
6921	73	6300
12232	78	4349
1112	73	2312
10480	73	7786
12869	73	2284
14410	27	14402
10805	73	4725
11430	78	6909
7211	78	1793
11445	73	1855
5688	73	14348
14838	49	2976
8317	78	2141
14949	73	6779
11888	31	4886
483	39	7052
10817	73	717
1202	73	14284
13750	65	6909
13194	73	5214
10658	47	14569
4517	31	6713
8781	73	6272
5347	27	9942
3179	73	8763
8406	73	3615
12582	73	10060
14042	31	9117
1919	73	7738
12943	47	466
10923	78	8414
14902	73	13952
12613	65	9942
3574	65	1156
4717	73	6515
3909	47	4122
7454	65	10745
2510	47	11078
10948	73	7738
7354	47	1963
8277	80	8276
10771	47	1760
2435	31	8476
42	73	2182
3088	73	4075
13566	47	7683
12608	78	443
10943	31	11418
12549	31	6991
2444	27	869
13284	73	4563
1452	78	490
9742	27	6412
11691	78	5294
13477	73	6166
11774	47	469
3386	31	11332
890	78	8765
11718	47	1688
2701	40	9350
2438	73	1686
11842	73	14513
14539	73	8595
7837	73	8771
14156	31	814
1110	31	5458
11994	27	7921
14648	74	14362
13929	65	6035
8770	31	5092
4947	31	2734
3115	78	4161
4006	73	13878
6959	73	14511
10835	78	7296
13290	73	14012
12525	73	813
13051	47	278
6193	72	349
1830	31	14741
5362	73	9033
13096	47	1760
11750	73	5298
13192	47	10902
7163	27	5647
12837	73	10039
4228	73	13952
8799	73	8859
2100	73	14749
670	73	5866
5473	73	2385
2386	78	9993
12920	73	9795
10771	78	6984
9453	78	6927
14519	73	9884
6980	73	2307
5264	47	9212
4041	78	9304
12291	73	5932
5395	73	3496
2432	73	7750
6617	75	5952
9726	73	769
12049	73	421
9426	47	1405
13007	73	1766
13517	27	8472
3124	73	6480
5049	78	2141
5572	73	6523
14517	27	4441
2388	73	5850
13104	31	7188
4338	73	4763
14870	49	6816
7827	73	4103
5455	78	1295
12771	27	9875
9939	40	3416
103	31	9960
9458	65	2800
11316	73	6112
297	73	10778
11631	73	11482
13344	73	1895
12033	73	7059
3186	27	7394
12052	21	6330
14969	31	14737
7269	73	10083
12886	73	7904
6922	47	2149
1905	73	9894
13350	73	514
12625	27	10230
9318	78	6330
8227	73	6572
2538	27	10041
6748	73	5999
3320	73	3674
1193	78	9970
9413	78	589
14664	73	8440
11099	73	13853
5420	73	8588
10657	73	14851
11866	73	7608
14889	31	14741
9657	65	2899
13824	78	3071
185	73	3615
11436	73	6188
3355	31	814
852	73	6487
12170	73	6848
12591	73	10006
11847	27	14346
13168	73	3345
6610	40	2124
6348	73	3169
13555	73	9121
8229	47	9569
4805	73	10676
6467	73	6113
12536	73	4104
11727	31	9208
3749	73	6152
11627	50	6128
11253	27	9578
4767	39	10002
6816	17	6382
14448	73	6405
4456	31	11176
1114	78	1773
8729	78	3367
12487	50	9858
13295	65	486
4806	73	5778
4611	73	1573
4912	76	2424
978	49	3773
10269	73	6469
10822	73	6478
4497	72	2533
12900	73	3214
3717	48	14258
610	73	9271
11100	18	10231
12009	27	10038
11918	31	14011
10257	78	3842
12389	73	4099
3280	73	5974
755	73	2823
13411	78	3680
1417	40	4159
11212	27	13839
535	72	11376
3983	73	6696
3027	73	7178
3914	47	10388
14941	73	7376
1524	65	3637
5990	31	14357
2433	73	7780
11499	73	6196
9012	27	9836
8198	73	8775
5409	73	3163
11659	73	5085
5363	78	7873
9153	73	3078
6944	73	709
12112	73	470
9499	73	3609
4705	73	3956
5083	40	6176
3416	39	9975
8605	27	5036
5116	73	1338
12508	73	6968
1627	73	4123
3651	73	10420
10823	73	6220
252	73	7721
14027	27	4165
5413	73	7115
12091	27	3446
6353	73	3524
13498	73	596
9174	31	4175
674	27	14352
12147	73	3825
5135	31	10579
11421	40	6613
2329	27	4112
43	73	3685
13585	73	7128
1719	78	10364
6497	73	2999
8401	73	2247
13354	73	4506
11509	73	9799
1236	73	10015
3739	73	5462
10128	78	4057
1497	47	8447
10470	73	9831
3189	40	5033
14488	39	950
1461	73	4008
10221	73	7721
12567	73	4981
10787	27	3361
13254	73	7967
10939	78	3610
14683	31	616
1812	73	2200
674	78	425
12444	27	5738
4525	73	3561
2444	73	9734
2905	78	2675
8486	40	8054
3036	73	6908
28	47	4846
9059	31	8476
12896	73	4325
8842	78	2258
13574	47	4356
3969	73	6080
2964	21	4758
12122	73	7788
8563	78	6328
8374	27	5717
12131	78	4423
3541	73	10511
7480	73	6508
12666	73	6663
6649	10	640
13930	78	10112
13671	39	14733
2389	27	4685
12828	73	9899
14914	73	325
10794	73	6000
3715	78	8047
13074	27	728
743	73	5059
9713	73	6300
6276	73	14527
5697	73	11262
3849	78	1685
646	73	11450
5281	73	4653
8154	73	1706
9918	73	3236
8362	31	6991
10422	40	6116
14842	65	10524
13493	73	6640
7584	65	2560
11049	73	3555
10531	73	14243
2425	73	6121
2587	73	10372
12119	65	7794
9655	73	7626
9526	73	4390
14265	73	6073
8786	73	4363
13160	27	6425
7268	73	2396
8597	65	10745
14161	73	10861
7262	78	3533
7913	78	6031
11220	27	4080
14018	73	2249
12875	31	14747
11679	73	3450
11856	73	3166
1654	73	2600
13997	73	7237
3988	27	14124
2173	73	14505
8255	73	775
8730	73	10279
14847	73	1764
12397	73	4256
9306	40	2130
6986	47	3466
1679	73	5330
6761	31	3370
12242	78	9093
14101	78	3430
10729	27	1949
7070	78	9986
9511	73	6282
6457	73	14954
7938	40	10385
7843	31	6148
4557	47	5299
3696	72	2159
4280	78	4149
5916	73	9952
13504	73	2774
4189	73	6640
8626	73	10278
12434	73	9811
13083	73	14704
4606	47	14010
1709	47	10388
5605	31	7691
11041	78	10020
5524	47	9501
2836	69	6663
1423	73	3342
5628	47	4900
9610	73	10057
7487	73	9884
5105	73	7464
14904	47	4380
5575	73	1944
13512	73	7275
1439	73	1687
5482	27	10230
4962	73	2312
12410	73	13594
13300	73	4664
13341	73	14739
6592	73	10444
13769	73	7407
12761	73	4109
10107	31	4319
696	73	7713
7853	73	13871
8830	78	14782
6728	27	11418
1079	73	1788
13914	73	14485
10122	27	423
3080	27	9632
5242	73	11346
5461	14	9385
1184	27	4759
12260	27	2160
14359	73	11066
10925	27	11178
1558	73	7862
12077	27	2368
1713	73	3560
5179	73	2963
9376	27	7651
4600	73	1817
13183	73	1134
4226	78	6393
14897	73	6432
4733	73	1162
1185	73	1687
10725	73	9562
6814	73	10998
12741	21	4911
9918	73	1543
755	27	9993
10569	27	6330
853	73	9705
8230	73	10351
5421	73	1336
45	73	6844
6841	73	2842
8237	73	1327
12161	47	7028
4487	78	6048
6878	73	4049
2006	73	10732
5087	73	14947
14206	73	10841
7547	73	3003
5820	73	2849
2367	73	3674
7515	73	9542
6850	72	6696
13614	78	9829
5488	73	6017
12319	73	6042
11915	47	7308
8845	73	8045
1844	31	4436
4812	73	4408
8154	65	2258
3217	78	9305
14629	73	6068
10720	73	10060
13180	73	7275
6724	73	3214
2839	40	4907
6879	78	2123
304	65	2935
5161	73	2115
12543	78	7647
12843	73	14514
7001	47	10742
13751	78	6010
12026	73	6254
14684	73	14700
10944	73	1931
14654	65	864
10470	47	1428
9490	31	14357
3527	72	11376
1113	73	10982
146	27	3126
11701	78	6235
12500	73	2182
9354	73	14261
13317	73	821
12440	73	2048
989	78	3436
1812	73	9928
7533	73	4058
3892	73	11303
11085	73	5478
1279	73	9634
13730	27	9717
13117	73	6679
4342	73	7027
3663	73	7679
1153	73	7518
12729	73	9768
3888	73	5849
7405	73	4286
3391	73	3662
2927	73	4688
11923	73	5792
1101	65	4855
10937	31	2569
8255	27	2771
4786	73	6380
3707	73	10954
4574	73	2732
10071	27	11386
13126	73	8596
5977	39	10385
8107	73	1256
518	40	14750
12998	73	8183
2433	73	2211
202	27	9943
5210	27	6310
7881	27	14762
13443	78	7647
13059	73	7914
3329	73	708
7100	73	13672
7556	65	8942
11947	73	8200
7843	78	1532
4821	31	4133
7220	73	9844
13624	78	3544
11510	73	1346
10825	47	8447
9423	47	454
4490	73	14977
5256	73	13899
12452	31	1298
3089	78	3759
11598	73	7740
3790	78	7058
12316	78	6256
2202	48	3978
1098	73	5840
7074	78	5962
8714	78	2268
13244	73	4682
8294	73	4296
13055	27	6385
11654	78	11180
10855	65	4796
14890	73	2770
1424	73	11516
12015	73	1726
8847	73	6291
5733	40	2756
6095	48	6816
5207	78	715
4457	47	599
10724	73	1894
11132	40	3412
8674	73	5828
12539	73	4635
10725	73	3038
701	73	8764
8397	73	9307
9991	20	1691
3120	27	3623
11918	73	10421
8219	73	6783
4033	78	1981
7070	78	14313
1202	27	7873
10791	73	11075
6724	47	10228
10528	21	1288
12482	73	8550
12067	78	3759
4705	27	9066
14634	73	5794
12860	73	7128
14508	74	8340
14609	78	8300
11540	27	10127
8785	73	9214
3771	31	11176
13212	47	7017
13134	65	2800
1375	73	6378
11032	73	14744
1549	73	10313
1561	73	7474
14027	73	7948
1342	27	13909
14218	31	5945
1939	31	14745
5499	27	7370
14701	72	9127
2073	73	7175
4537	78	2401
2419	73	10694
1017	27	8424
10838	73	6483
8345	73	2065
3281	78	4285
12229	31	3531
1501	47	7683
12259	65	6048
890	65	8765
5434	73	2673
14014	73	7307
12005	31	9571
897	73	1415
13056	73	10732
992	73	7779
1068	73	6910
12390	65	6493
10217	27	935
13969	73	6856
13977	78	10253
9391	27	4082
12279	73	5816
7542	31	2831
1811	73	8763
13703	73	10007
5951	73	10413
927	78	4629
11258	27	7084
8633	31	10243
4622	73	7307
11476	13	10829
2081	73	1684
6343	73	11497
8373	27	1536
8803	31	7598
1265	73	10000
14038	73	1684
10199	27	5651
14300	39	2896
1315	64	4925
11085	78	10778
45	65	727
8020	73	4152
161	73	1128
8251	78	9270
10785	47	11182
5520	76	2426
8712	78	2141
9396	27	7646
5882	72	1779
14398	40	2125
11831	73	8139
3950	73	414
12777	73	659
1809	73	6073
10958	73	4634
894	47	10902
2904	73	331
173	73	10761
2598	40	3412
3318	21	6607
5912	40	14378
9337	73	8654
12545	73	2381
11752	78	14476
854	31	9571
12266	78	4063
13082	73	9045
11510	73	5226
10480	73	8085
11319	47	8444
7521	65	11014
3018	20	7373
6547	47	7694
7418	40	7590
8768	73	4371
992	73	8548
13545	31	14745
12580	73	1879
11479	65	4414
3886	78	2391
1363	78	10384
8788	47	7516
7907	73	6255
13402	47	7028
10771	73	6706
9393	73	10413
12243	47	9089
7281	73	5795
651	73	2150
5068	73	6653
14814	73	6469
5879	16	13337
12796	27	3637
8709	73	7277
9526	73	875
6597	78	9943
10860	27	7117
12978	73	8555
8451	73	6526
5377	73	5350
71	73	2205
8730	31	475
12955	27	8669
14254	47	731
12665	65	689
3909	27	2097
14541	73	804
14362	48	2447
5240	73	2180
11004	47	2796
6283	40	4646
621	73	11515
12667	73	7741
8498	73	7789
7286	73	9259
8751	73	4690
2328	73	11122
14231	73	7658
11985	73	3215
1245	73	7899
5075	73	3442
12401	73	10019
4595	27	5742
2296	50	2283
8361	73	10017
1245	27	4777
10528	31	2132
10828	73	9033
1265	78	443
9882	73	9884
7703	73	10420
14620	47	6191
6316	72	7363
4787	73	11519
3911	73	871
14155	65	6289
4588	47	6357
674	73	4320
6891	73	5303
12538	73	9782
3713	78	7079
157	78	7820
8810	73	14475
4821	78	4077
14083	47	7311
267	47	959
1100	31	2121
11288	47	4380
3373	73	7376
1217	31	10666
14858	73	6966
1053	47	4753
12020	78	2753
7353	73	6557
3816	73	4154
10733	21	11177
3108	78	7647
13139	31	9627
10526	73	1951
8189	73	13875
7139	27	4361
7074	27	5962
1900	78	2861
4434	39	8004
12260	73	7082
12946	31	302
75	73	14730
8116	73	624
5766	40	965
12419	73	319
4773	31	9223
1873	73	8173
9865	73	5774
13346	78	4428
12585	73	14261
3958	73	10692
2980	50	10351
12978	78	1288
14205	73	9473
79	47	8382
590	73	8204
8293	73	3827
8545	73	6305
3583	73	1544
1680	72	6110
11778	73	9154
8874	39	4352
12971	65	423
12137	73	2282
11839	65	7749
14937	73	593
11696	27	6425
9662	65	9066
13231	78	10741
1508	73	9600
4037	73	9420
11902	73	2180
1394	73	6621
11209	73	740
14327	73	341
810	31	3142
11294	73	10953
3034	73	6782
12479	78	3614
13430	73	6604
4592	73	8758
3301	47	9319
3576	73	6073
4702	31	4886
2651	73	10513
176	73	8422
13734	73	14734
10682	39	6218
785	72	10029
6063	27	6398
1402	27	14709
14980	73	5632
12164	73	7303
8319	73	1419
9935	78	7642
5044	78	6679
5672	73	3566
10454	73	7428
13413	47	1286
14925	73	14776
11592	27	5305
10183	31	1479
10687	73	14376
12267	47	1965
13353	73	2958
12600	78	9953
12270	73	8542
6797	27	8129
7561	73	4284
4572	73	6103
47	73	2771
83	78	2455
13405	73	2693
1188	27	9119
8310	73	9899
5605	73	10627
13493	47	1169
10439	78	6370
5528	78	9638
2168	73	7963
13326	73	8200
11461	73	8090
8297	27	9980
7812	39	3636
12534	73	7946
2093	47	4064
8181	73	3609
8920	73	9777
13626	47	336
4043	73	3695
13655	47	9580
13962	73	1598
10432	73	3634
6497	73	11532
3284	73	4094
2581	31	2526
4303	73	880
12239	31	4444
1252	40	9858
11788	73	5914
1747	31	11418
5619	47	4193
2081	73	9522
1072	73	5917
8801	73	14057
1468	73	6662
8515	73	2282
14154	78	3434
759	31	6006
13066	73	14485
7541	47	6972
10594	47	2397
14302	47	888
9687	73	10349
8308	47	8447
1091	31	7604
1184	73	9581
5532	78	2268
9523	73	7559
11834	78	2375
6076	72	5515
1899	57	2463
5278	31	7310
13584	73	14957
4498	39	14692
11311	27	2601
8272	73	4284
12690	73	2877
14928	73	3611
14904	31	9830
7530	27	9585
10220	47	5067
1585	78	5876
5218	73	6503
8848	73	2560
8141	73	11164
579	73	5848
13988	73	6624
7022	73	772
11956	32	4323
3972	73	7398
8892	73	3560
9454	65	9943
13806	27	1151
12102	73	623
11296	73	7179
13216	73	9589
8839	73	5833
10326	27	4533
8224	65	3324
12263	73	14471
13488	73	7175
10592	73	5999
6684	72	748
2793	27	8129
6952	27	10749
10560	73	6091
14636	78	6655
10517	68	2273
8660	40	5962
1188	47	3626
9009	78	4081
9612	73	6199
13108	73	10773
12060	18	4366
6744	73	9154
5535	65	2800
9007	73	7710
14767	40	8874
3114	31	7997
10588	73	4260
5253	73	11159
13801	64	564
14262	47	4246
13021	73	11005
4646	40	5084
6647	27	2803
5288	47	4098
14913	73	2771
3275	27	3624
11034	65	5065
6854	78	9305
3416	39	7964
1182	73	5849
10340	27	4797
11660	31	4886
3862	73	1425
13776	47	8881
14559	73	9640
3755	27	8656
4541	78	967
14520	31	2369
12899	73	9901
11753	73	6545
3909	78	2097
12803	47	14008
5140	27	14762
1095	27	6169
12666	73	2301
8613	78	7296
5074	73	2380
10698	73	593
8818	73	4335
10138	73	10213
9648	47	8256
9937	73	5825
4231	47	4385
12611	50	1827
3885	78	9940
9665	47	2149
8495	78	5875
10553	73	10060
3720	73	6503
3053	73	1761
3777	49	14276
13966	78	2858
11315	73	5756
9325	31	6139
8416	63	10163
12306	73	13899
1487	78	9952
11038	73	7868
210	73	1634
648	73	7894
13293	73	9952
1396	73	9278
2446	73	3082
6463	40	6428
14048	73	6242
8826	73	1170
13524	78	443
2035	73	1322
14835	31	4110
2393	73	10271
3250	73	733
11966	73	5850
12790	65	11076
12455	73	14730
4521	73	6131
170	73	3543
11233	65	325
9603	27	4639
9059	73	13695
14728	40	8037
14602	78	3411
104	78	14055
13424	73	11183
2579	78	13842
11750	78	10224
12446	73	5796
1697	73	10039
7072	73	625
3732	73	770
6946	73	3197
688	73	4819
10183	27	14417
40	47	8274
13077	73	9762
9648	31	8256
2548	73	3625
14330	73	1680
14924	78	14722
686	73	3038
5007	73	5776
9885	27	10215
2482	47	7420
4191	40	2130
7339	78	6269
8628	73	14392
10968	47	14414
12514	73	5478
11543	78	4114
6775	31	14711
2737	73	5907
8694	39	13671
10126	39	9105
14167	73	1975
4452	49	14276
6976	73	8173
13253	78	2881
13453	73	2798
1629	78	3201
13479	73	6648
12040	73	6291
13261	78	2027
3896	31	7997
5699	27	4082
11925	78	13842
6214	72	10205
8347	78	1780
7502	73	7114
162	73	14657
4604	73	4090
4269	78	9976
7486	65	2447
2015	73	1135
13140	73	6345
8989	78	9251
4268	73	2021
13022	73	933
5641	27	2155
10221	78	2863
5475	73	2371
1568	27	3459
10072	73	11432
14603	27	4876
13603	73	2755
5223	73	4550
5744	73	3063
6130	73	10144
3730	73	3824
11859	73	7087
4229	73	4331
9560	27	1571
13830	73	1162
11581	47	4901
5667	40	5053
12301	73	7426
11508	50	1157
147	21	6607
2519	73	1256
2972	73	14000
12960	78	5826
10634	73	290
14256	21	10492
103	65	11076
13067	31	1293
3960	78	7820
1728	31	9117
11230	73	4682
12971	73	13901
7456	31	9208
13110	47	7516
1397	78	7296
104	73	8589
972	27	5855
11274	39	9064
13931	47	9974
13287	47	4151
1373	78	5323
14036	73	6154
9915	47	6094
2467	31	6991
3729	78	9584
12218	78	4706
7289	73	14749
5733	40	14728
3171	31	9222
5713	40	10002
14827	73	7152
3996	73	6288
1191	73	14138
5251	73	14955
6645	72	3625
5669	31	6261
13257	73	8774
12892	27	5060
9474	73	13695
14390	78	2268
7911	27	7085
5248	65	10524
13142	73	10144
8809	27	6332
1489	73	11066
5352	78	6909
13008	73	2114
8684	27	4101
1301	73	1774
9295	78	3468
3968	31	3536
4280	73	9901
7254	78	3588
14570	79	7172
5501	78	3099
11373	73	6323
11505	78	6595
4209	31	14719
4651	73	9017
9917	73	4109
13375	47	7596
3286	27	7085
7906	73	1691
12700	73	6833
5485	49	9672
119	73	6970
10342	73	14754
6162	39	7689
8839	47	2887
6587	73	330
13492	73	4316
12405	78	726
7022	47	7674
6693	40	5038
5819	78	4285
1482	78	4114
9439	73	4103
9131	31	14742
12688	27	4888
9293	73	1827
1729	27	4082
12343	27	3203
12347	73	2961
12641	78	14311
5277	73	1986
1227	47	6407
9339	15	9697
6098	27	3459
14917	73	3072
559	73	11392
8312	78	11124
1145	73	6118
2703	73	4406
3948	73	3076
2279	40	11178
2696	31	2369
2175	27	5055
12367	27	6180
8935	65	14006
7442	13	4901
14901	73	5900
13652	73	6518
3925	27	9632
2342	73	9894
1324	73	10367
4215	73	4893
4235	27	2828
4559	72	8532
10438	73	6323
3740	78	2698
6075	72	6967
12407	73	2801
1742	73	9851
5708	73	9967
5048	73	14142
13508	73	14696
1998	73	10732
13711	73	10191
7540	27	7117
13327	31	2569
14363	73	1365
14995	40	1027
2095	27	6589
216	78	4170
10557	27	2979
14634	31	13690
5099	78	6226
3052	73	10669
2867	58	5657
8469	40	9619
10852	47	5031
14115	78	6266
13378	73	9651
1838	27	5877
13544	78	14131
10871	73	4249
9668	73	9055
2657	47	1537
8776	31	6303
764	73	7667
7108	78	11476
5280	27	8661
7555	65	8398
7757	16	8276
14996	40	2124
13263	31	4110
8575	78	2112
7331	78	13466
8066	73	10163
13269	78	4414
13023	73	4403
3383	73	6517
8132	73	11014
3532	31	13687
13425	31	2132
12922	78	2027
11687	73	1419
13806	73	9797
2921	73	8548
3547	73	1126
13123	73	14730
8365	27	4148
13215	78	6495
11081	73	6511
5166	73	1787
167	65	14124
8349	78	6370
10341	73	7982
10840	78	5294
6097	47	7119
4138	72	3500
3102	73	533
7442	14	4894
13185	73	2381
3829	47	9729
11682	73	3512
10849	73	11474
14815	27	10234
910	73	3608
86	65	11178
9550	27	1151
5438	73	6782
13415	73	9527
13945	73	6229
8136	76	14237
5367	49	14258
4028	31	2369
2033	73	5839
2970	73	7018
2504	73	5841
9422	73	6252
9702	78	360
1062	31	14768
14263	78	1893
14165	47	7311
7348	47	889
8798	78	8866
1566	47	9187
3265	27	6085
8380	73	2185
5195	73	2312
1175	73	4318
7754	47	9048
1751	73	10731
10483	73	6642
9533	48	9502
13045	73	14852
10753	73	14261
13891	73	6478
12909	27	6169
13110	78	14242
2009	73	2138
4738	31	7804
10857	73	2065
8179	24	7970
7811	40	14693
12649	73	6026
12348	73	6275
8569	27	7117
10483	73	4167
12870	73	2451
12490	73	4049
4578	47	2826
150	78	2268
3343	78	6855
11044	39	2733
1179	73	2271
2195	73	6142
14233	27	10998
8557	73	2114
13986	73	9072
12753	73	7305
11627	73	2755
14848	73	3163
8180	73	11535
4816	73	6540
3595	73	1260
6560	73	10159
1917	73	10372
3653	73	10345
2950	73	13973
518	40	7393
12593	65	5063
971	73	8398
12223	73	5880
1192	73	4121
5564	17	1649
1516	73	8542
8754	27	14779
12859	78	3412
4835	27	6160
10992	73	3514
5723	73	5059
12558	73	14765
7110	47	7956
1070	73	2877
3962	65	4124
3586	73	3261
13911	10	7280
2180	72	2992
12633	27	7978
14382	73	6093
14661	31	14745
3277	78	7716
2387	73	10389
3649	73	6844
5566	73	9600
9006	73	7422
11	78	1636
492	40	5058
2701	39	2991
11410	27	5975
8948	78	91
13223	78	10383
1442	73	3425
13463	27	3459
1368	27	456
8072	27	4095
7263	73	4318
12196	73	2897
11615	47	3619
2756	39	14378
564	64	12927
7532	73	7381
12904	65	14763
4804	27	9934
12816	27	4759
13580	73	10083
14420	31	9995
4523	73	11116
13447	27	6219
12927	49	3978
746	73	4368
14816	73	337
9500	27	1411
5538	73	3674
8220	27	5154
14589	73	2634
12384	47	3628
1143	73	9084
12988	27	11006
5483	73	3526
9916	47	9974
5010	73	2217
4872	31	3857
4217	73	6257
3070	73	8013
12034	73	1262
8717	47	8482
4340	73	5907
1442	78	4766
12605	27	931
8112	47	2870
198	78	1771
5766	40	5852
10783	39	3921
3175	73	819
5510	73	9768
13328	78	6973
3239	72	5803
10739	47	10115
2020	78	3588
6609	45	9281
947	40	4780
10067	73	3231
5097	73	591
1585	27	5876
1392	73	9932
11493	73	3486
8352	73	7740
10808	73	5465
2458	73	5883
8526	78	6446
9680	27	6711
4477	39	5852
4487	27	6607
2947	73	4259
2596	73	6324
12848	78	6039
8220	73	3686
12318	27	6206
1187	50	14721
11784	47	6177
8353	73	10421
563	78	9304
3701	31	9069
11325	78	6265
12804	73	9637
2107	73	1107
7751	73	6511
7187	73	2275
11224	73	6526
7889	73	6919
7525	73	4390
2574	73	8596
5276	47	9057
8839	73	7705
13326	73	9259
11428	35	14479
1971	73	2385
8512	73	4154
14436	73	2216
12973	73	5914
5470	73	3625
8024	48	2447
6947	73	6661
13529	73	3403
4387	14	11724
7561	27	352
8740	73	880
8115	73	10270
4710	78	6909
14676	73	4314
5872	39	6931
4585	65	14705
12633	65	486
3562	73	420
11251	27	6422
8306	47	8864
12183	73	5314
2236	78	2800
2236	78	1253
8691	73	5039
3718	73	14698
5403	31	14719
11903	73	10730
12212	27	1831
12725	73	3003
13286	73	7733
10203	73	10292
12702	78	1253
1892	78	14061
2874	40	14398
5701	78	5666
2057	73	10163
14219	40	6496
764	73	6249
7323	47	8864
6041	73	1583
7206	73	10418
14378	40	5852
13094	47	7922
14087	65	1791
6818	73	3840
1355	78	4081
14398	40	8053
13075	73	3187
14816	78	4171
12439	73	2987
8687	73	7653
9661	47	11067
5489	73	8859
12771	73	7976
5419	73	4514
637	73	5908
14407	27	11268
394	73	6229
11419	73	4314
1313	73	6288
14804	27	11484
3351	73	8548
13965	73	6291
1837	73	1847
1603	31	7078
8387	27	10281
10446	73	9629
10346	73	708
25	31	4137
10509	65	4297
8977	73	7381
12357	80	12358
1221	78	9985
6851	78	8006
13037	73	10160
4914	73	8314
3016	73	6194
10949	73	10296
2780	27	7684
12758	27	1949
8632	27	9953
8624	78	6232
8982	73	7174
13869	78	4706
7732	73	4550
1858	73	6826
8791	73	4286
10276	78	8934
9083	40	5852
12227	31	4427
264	78	3213
1123	27	6203
10769	31	2121
2239	78	3226
9383	27	9263
12087	65	7978
14209	73	11071
11724	37	4387
46	73	3169
12377	73	7651
3781	73	7943
3248	73	8412
1353	27	4206
13419	73	14138
4542	27	11072
11862	73	11378
8295	73	9600
11626	73	7182
9376	47	8001
9026	73	6666
6765	31	11177
3924	73	7815
6744	73	1992
1718	73	4018
2637	73	9811
5267	73	2021
1804	73	2373
11408	73	8412
14038	73	8858
6399	40	515
11975	73	3567
2515	73	7029
3475	72	6505
8677	31	4420
13632	73	7087
10614	73	14509
10412	73	9954
3392	78	3235
6917	73	9797
11104	73	6630
8984	73	5867
14204	78	4052
4717	73	11122
8390	31	3370
3404	72	2958
11828	73	1289
14557	65	459
11603	78	9843
14598	73	9041
5335	27	2122
13732	73	6115
3938	73	6239
10509	73	14739
3961	73	9568
5178	31	5032
3098	31	5823
1116	78	5715
12087	27	7978
14519	78	5463
14198	73	11330
9	65	6256
5338	73	10517
5692	47	7676
4144	31	7673
8246	73	2986
4833	73	2464
10096	72	14221
650	73	14493
12735	27	10030
5746	31	3370
408	73	10568
1709	78	2835
10874	73	7692
238	47	4831
1703	73	7823
7136	27	5845
8957	73	11403
13459	73	9196
6462	40	3438
2687	73	5770
6610	40	1772
917	27	2157
14149	49	14258
5509	73	1833
12209	73	2694
372	31	13588
12583	78	7724
3731	31	2526
11768	73	3063
8228	73	1788
2101	73	2534
13035	78	8474
13044	73	8442
6491	65	6048
13637	47	2766
7165	78	4354
8718	73	1634
14063	31	11538
6762	73	9225
4547	78	4754
10921	27	9875
4228	78	10406
12724	73	14948
1809	73	3067
12325	73	4017
13727	27	3444
2225	73	9588
14143	65	4796
1450	78	10681
12449	73	14947
4941	73	4664
13776	47	8862
8989	78	9855
12599	32	9235
14652	73	9851
11960	73	9992
9006	27	4775
13997	73	3073
12634	73	8442
1932	31	3401
13772	73	1737
8179	73	11535
13981	31	2121
638	73	2053
1924	73	5866
8602	74	8307
5574	78	3845
10401	65	2800
8157	73	4336
6259	72	6126
1465	73	10179
10301	58	3802
3261	72	2358
12709	27	14694
14135	47	469
9398	78	5305
8373	47	9122
5569	73	2021
6760	65	4124
12520	27	1979
8463	47	11442
14245	73	10595
2713	73	6524
10057	25	8967
8062	73	10517
9957	40	4646
14972	73	6198
9160	73	13902
11581	65	2800
3654	73	9769
2909	65	9502
6066	27	14725
13302	47	4831
3172	73	10233
3787	58	4132
6981	40	5038
10133	73	9768
1432	27	741
559	73	2290
11505	78	10384
2689	31	2300
9330	31	5321
9179	27	2978
705	73	4166
10629	74	10628
11276	78	6253
10454	47	2818
12849	73	9814
8709	65	931
9703	73	4298
13184	31	3370
10176	73	2069
8221	73	3726
10538	73	2842
233	73	11378
5114	73	5846
3661	72	10356
4718	73	14315
13297	27	6297
11020	47	1169
3079	78	10161
11582	73	2995
246	78	9842
8961	73	9034
8946	27	87
12541	73	14384
13363	78	2805
9378	73	9323
13612	73	784
10466	73	9493
10225	73	11167
14207	78	14695
6770	78	10903
8854	73	11133
9815	73	6971
1560	73	14749
11396	73	9051
13385	73	1440
14280	39	4686
12249	73	7407
6892	73	4760
7861	73	6725
6756	47	14307
8224	73	5030
10786	73	8018
1967	27	10127
1569	73	14142
14868	31	9106
10765	73	7114
688	65	3185
11425	78	4795
1739	73	4116
8824	27	3455
14622	73	2714
11770	73	625
14889	73	2199
10657	73	866
9168	78	8047
745	73	6195
3945	78	2144
2347	73	3495
998	73	2670
11612	73	8503
151	47	7516
165	73	10463
9604	50	2683
14035	73	10006
8733	78	2144
8112	73	7755
5001	27	2666
8280	78	6984
13946	73	9196
13881	73	9796
3858	31	9223
2351	31	14959
10435	73	8978
5546	31	13763
7829	73	8778
3948	27	4080
8291	47	2818
55	73	11192
6689	72	3422
10996	73	9966
699	73	9373
13641	73	9768
11307	65	10111
3505	36	9282
307	31	828
4647	73	8774
13735	73	13845
13838	78	14728
12835	73	345
13546	27	689
13916	65	6196
2920	47	5299
9376	73	7651
8333	73	3228
5049	73	3450
8676	31	814
5710	78	9642
2738	73	9776
7173	23	3626
223	73	5893
634	27	6843
4460	73	2987
2548	73	1828
1370	78	8529
13238	27	13882
8419	31	5773
13381	73	3072
4703	73	6204
14189	64	3246
10698	73	5794
9618	73	9844
8727	73	3431
6393	14	2447
11815	47	10299
4020	27	14417
8220	73	10740
14794	78	6235
9749	73	2409
3915	64	11003
14889	73	9189
12842	73	7609
9484	27	4417
6445	39	885
3851	39	14450
4821	73	4248
1967	47	495
1316	73	10023
10455	65	1943
8601	73	2877
926	73	5999
12064	27	8765
12962	27	423
12406	73	9969
13826	73	14690
12977	73	14729
13021	73	1670
11448	73	11330
13253	73	11497
8194	27	1636
3991	73	13587
2641	27	3444
526	73	11303
14548	27	7129
5349	74	929
6458	40	7122
2948	47	5067
9447	73	5816
10922	27	4377
8738	31	9505
8826	73	8933
14437	73	9819
6052	78	4124
8898	78	11347
12522	31	3401
14643	74	14446
13689	40	4365
3743	73	1346
5198	73	6474
4200	73	6573
7897	73	1307
5616	73	8542
10064	73	1411
3692	65	4386
2576	65	13832
13895	48	2976
4032	78	6232
2727	47	2064
13449	73	3187
3874	73	9804
7630	73	8651
5720	73	3883
1922	73	6257
12175	47	6193
8427	65	9625
13030	78	6100
30	78	9829
5233	78	2759
10976	78	5863
2105	27	9776
14716	16	4609
10529	73	8168
10451	78	7809
583	27	2978
7791	73	5312
13267	73	6524
12523	27	14762
14301	73	7960
14911	73	5770
13576	73	10165
2908	27	13909
10867	73	6029
2279	40	7724
787	31	4404
12931	78	7957
9417	73	7051
6358	73	3696
4343	65	9842
1755	31	8882
6753	72	3486
5528	73	1555
166	47	7600
3285	47	2313
207	73	933
23	73	7981
6067	78	6258
5155	78	2860
11868	78	11124
4703	78	6204
8478	65	6133
5107	73	5750
2515	73	3342
13198	78	3534
13642	47	4895
13439	73	7033
14798	27	4004
8824	65	3455
13281	73	3612
13312	73	7275
14445	78	4290
3811	78	2934
7144	73	14714
7814	39	6424
10382	73	10313
10573	73	7086
13830	73	4259
3762	73	1686
12113	73	6195
11648	27	4758
2483	64	3109
9687	73	9362
12304	73	8094
1004	73	5512
3653	73	14951
10616	65	2555
12192	78	2682
10976	21	6607
4976	47	3639
11163	40	9268
12925	73	9181
5288	65	2892
11559	27	14705
12193	73	4321
2003	73	10732
14037	73	6648
1088	27	14351
10507	73	6106
1749	73	9854
10340	78	6692
11002	73	6145
11699	73	5464
7774	78	3544
14129	73	6379
706	27	6578
9860	78	11173
2334	78	7118
14114	27	14352
13662	27	11382
4007	73	5059
3722	73	8869
12223	73	5836
10996	27	2410
3868	73	4980
13713	73	1788
12902	73	2961
9406	73	11528
13495	73	5870
391	78	3444
13651	73	1687
2776	73	5512
5048	73	10842
8209	47	4346
14519	73	1425
12989	73	1784
14280	40	3753
7773	73	9762
3165	78	2145
12675	73	6725
14555	73	279
11188	78	7961
9685	73	6234
12013	73	825
8784	31	2832
11647	73	1555
14433	31	4323
3977	65	6061
6659	47	2766
4045	40	9552
7324	27	5752
14199	73	2284
13314	65	2062
2691	47	2880
989	73	798
12459	73	7942
13608	73	1419
1620	27	7724
14279	73	6265
2638	73	6526
2612	73	5631
8780	47	1286
12926	31	5831
12401	47	13685
1862	47	6356
13417	78	1161
5560	73	3483
6804	47	818
333	73	10308
2545	31	5945
8776	73	2448
11598	21	8040
4869	73	6517
9368	78	8278
8846	73	10012
1054	27	1831
399	73	5982
9361	73	10190
8556	47	7730
6648	72	6683
14837	73	6850
10478	78	4172
1613	21	4911
1358	73	10692
975	73	13587
2292	78	4754
12208	47	6038
503	31	516
14861	73	6971
11680	47	5646
10009	40	4129
3304	78	11529
12296	73	9777
12150	47	2818
7434	73	10842
13050	73	3612
4595	73	10842
13420	73	2110
13416	31	9995
3273	78	7038
7132	73	5972
5641	73	10627
13014	27	3465
4451	27	11140
9335	73	7939
8509	27	1677
12935	65	11014
163	73	10351
3463	40	13591
11945	73	6110
1042	73	6001
10824	73	1680
11239	78	6903
687	27	689
12626	73	14480
9749	27	10030
1378	73	659
13530	73	3609
5453	78	3099
10662	27	481
11680	27	14309
12433	73	4298
6172	39	6173
10975	73	3190
3490	48	9502
14846	73	10208
12732	73	767
12440	73	2829
252	73	11497
2297	73	5815
3286	31	9810
200	65	2978
7266	31	5458
11973	73	1598
11878	78	4865
5072	27	6671
5719	39	879
12772	73	7623
11589	73	7628
13061	73	14369
1067	73	5840
1800	78	6266
9143	73	10422
6597	73	11159
11343	27	4113
9352	73	6195
8630	73	7426
11850	27	4554
13	73	6411
6634	72	1757
13583	73	7508
3129	27	14762
3927	73	9894
8019	27	1476
1563	78	14570
8757	47	7683
4088	72	1975
3924	47	5289
611	27	7224
2173	73	4774
4604	73	9982
8456	73	5757
5706	73	5770
1276	73	389
3750	31	9572
3013	73	3083
5690	31	14768
12074	73	4153
14277	31	11263
10650	78	10494
4202	73	10288
5912	40	4751
3549	73	1327
9368	73	2247
9354	78	4982
5448	73	14698
9240	73	14220
14267	47	13705
14791	73	4293
2852	73	10095
5051	47	6440
1739	73	2986
11001	73	2287
10657	73	6694
9293	31	4553
11979	78	10582
11115	73	3159
14543	78	14385
1662	73	14957
12583	73	14704
11709	73	1336
2778	73	5849
11350	73	405
11775	73	5850
1592	73	11007
8007	40	3412
10717	27	9095
5005	73	4890
5370	73	3067
201	78	14061
1172	73	9017
12447	73	6101
11834	73	2381
5598	73	10372
4957	73	660
2515	73	9522
6565	78	1261
201	78	9304
4308	73	4315
12073	78	9638
1861	73	4603
13331	27	1008
154	73	8589
11627	73	14800
12944	47	9501
4768	57	1530
8969	31	9222
12128	73	5913
13813	23	3188
4518	78	4755
5662	73	7027
6222	40	5053
676	73	10669
4735	73	10358
14934	73	2381
12795	65	3620
10805	78	8278
14162	27	10100
2345	73	2894
12038	73	5778
698	73	7943
216	73	9776
5950	72	1349
5345	73	6102
10266	74	392
5244	65	4862
14982	27	14779
2473	73	3513
5348	78	2268
12001	73	4176
61	78	10084
9918	73	14142
2353	73	7088
11651	27	2097
2237	27	11473
11112	73	6390
14169	78	2078
11987	73	4008
14522	73	439
13525	73	4854
14735	40	14767
10817	27	4630
3565	40	8052
9524	73	4079
9662	78	3761
1569	73	7015
12456	47	3628
1371	73	4067
8329	78	4091
14130	40	6974
901	73	2115
5330	72	6057
14122	73	8273
4038	73	7637
3150	73	6650
12962	73	14723
6466	27	2985
5429	78	10746
11905	78	948
13734	78	6325
2964	47	888
8222	47	4431
8916	73	9272
12015	73	13894
4120	73	4166
12546	73	2997
1521	73	4139
11316	27	1825
4520	73	419
1546	40	5872
9381	78	6143
7104	78	961
1955	78	2858
11863	73	2371
6884	47	4385
12899	27	5305
10106	27	9980
1596	31	2121
2679	73	2583
5957	73	6275
12773	73	9215
2416	73	7865
3716	73	1419
14101	31	1479
13991	73	6374
11740	73	6844
8916	78	5788
8069	27	7905
13313	27	2866
2350	78	6266
13652	73	1989
12009	31	14741
8927	27	3845
4069	47	7649
5480	27	8665
8242	73	4126
12999	73	3539
8702	73	2470
8077	40	5027
243	73	1768
2748	73	4259
14938	78	1637
11838	27	10224
11064	73	2140
5011	47	11724
14667	73	3063
9227	14	9775
12901	73	2362
1839	73	7721
2951	73	5802
609	73	7275
4839	73	1726
7150	73	3323
10833	73	1280
7861	73	6783
2423	73	1951
2913	78	7162
12030	73	5944
12175	73	4794
12035	47	8881
7456	78	10294
4874	14	5646
11118	27	6216
5885	72	2301
11993	73	514
10442	31	7673
12234	73	6367
12578	73	1737
14919	27	13691
10276	73	1684
6750	73	8139
13102	73	14504
10284	73	11434
13662	47	6691
11367	73	4603
18	73	10367
8502	47	9265
10220	73	7724
2319	73	5878
13278	78	7077
8832	73	2958
11304	27	6699
8725	78	11150
14067	27	6319
12245	73	3853
1603	78	3256
9645	73	1427
13424	31	8873
6146	73	5219
3376	27	7677
4179	78	6010
3039	78	4171
14912	78	6681
643	47	14010
14828	73	1022
12707	73	8520
6426	40	2111
2589	73	6337
7257	73	10292
8796	73	4314
11362	27	7519
2508	73	441
5469	31	14742
4922	78	5782
5278	65	8700
13600	73	2261
7853	65	6267
13733	73	14287
14089	73	2127
9668	73	10151
2738	78	1778
12104	73	8869
257	73	5998
10795	65	1893
13753	78	8866
13108	73	10802
3711	27	14783
11955	73	2133
12115	27	10020
3339	47	8059
12277	73	9101
6766	78	9273
1242	47	2147
9138	73	7156
2573	31	4319
9418	78	2268
12529	73	4489
10069	73	7390
9747	27	14484
13056	73	2066
2980	73	7518
11025	73	2849
3870	78	3126
7833	73	732
12172	73	7607
2336	78	489
8756	27	5324
11904	78	5988
4237	21	722
11748	73	2560
11740	27	10100
12287	73	4152
3877	73	2992
14667	50	6257
13092	73	5878
14622	73	9765
13200	78	2255
3966	47	6321
8577	65	6085
8154	47	818
3594	73	11134
641	73	5779
1671	73	3058
6810	39	5038
13382	78	1949
8047	13	9502
14164	65	8200
8729	73	6103
9149	20	9611
14398	39	11514
9922	31	14745
14262	78	8941
11970	27	456
12817	73	8081
8227	73	11528
3492	73	1255
3829	78	10565
13346	73	337
14363	27	8942
5635	65	3142
6095	49	6816
12931	73	782
13001	73	3560
12471	31	11144
13615	31	2760
11161	13	2976
7241	65	10746
28	78	4846
10569	73	10372
4477	39	3617
5526	65	5847
4463	73	3616
5181	73	5313
789	78	4071
2955	31	9574
10654	73	14511
170	73	876
10886	65	7682
2164	78	7592
1064	73	6739
10464	73	6703
7826	73	6142
11281	73	3517
10048	73	9252
10665	40	14450
1786	78	6240
7289	73	6873
4724	27	2157
9403	31	14742
9708	73	14366
13830	73	1833
10128	73	13952
13261	50	4690
13347	73	7951
471	72	6124
10464	73	855
3172	73	2693
1225	73	3955
311	27	3226
2433	78	9977
14538	78	4095
5803	72	3239
8613	73	8089
7351	73	6107
5600	65	8471
14122	73	2247
12222	73	11346
2744	65	5652
13270	18	11422
9703	73	2995
13827	27	7397
6585	73	10313
11893	27	6970
4225	73	6503
12139	78	10161
7387	78	14801
14608	65	2368
10936	31	9190
348	72	1761
12876	31	2285
12622	73	13901
14017	73	7982
2014	73	2138
657	73	8548
3683	69	14988
10009	40	3638
8340	78	2819
11550	73	5379
13949	73	13952
10766	73	8314
3997	73	4415
271	31	7603
7250	78	472
4280	73	11330
14865	27	9847
9586	39	14466
8499	65	4796
13341	73	9819
4925	49	3978
277	31	913
12582	73	1978
5684	47	3626
11044	39	502
9453	73	5923
10949	47	2766
8906	78	14282
1997	73	9192
12918	47	604
12186	21	3624
11039	73	5337
10631	73	10512
1811	73	2288
6660	73	5881
14325	73	862
7538	73	5774
10523	73	3105
14076	73	6572
6249	72	7615
2456	39	9944
10680	31	8882
8751	47	7009
12271	73	8431
8029	73	2133
5207	31	1152
11420	73	7135
13268	73	6606
13814	31	3531
13648	47	6369
292	73	3514
11896	73	5754
13197	47	3626
1524	47	14569
7736	72	9108
3570	72	10127
1216	73	2247
12254	73	6545
13219	73	6712
14932	73	14764
12370	31	3440
14687	73	11137
11903	65	7603
8327	73	7778
10722	47	6301
11354	73	5850
12971	73	10368
6872	78	864
2931	40	9619
13068	73	2555
6176	40	9141
13911	25	14576
8223	73	4315
14791	78	5222
6222	40	4129
4616	27	14751
989	31	3856
3269	78	7301
3043	27	10745
13452	31	4436
12948	27	4063
12862	65	6071
9002	73	14287
10865	73	14749
13963	73	3061
14901	78	9833
9220	39	8765
11728	73	439
1652	73	6196
692	73	4159
11976	73	4632
6876	31	3401
3999	73	7314
5239	73	7223
3388	47	9580
9019	73	282
1231	73	13866
9538	57	13884
11606	73	2110
10557	73	1826
6548	78	6408
14230	73	7658
8519	73	1415
8380	73	14952
3899	27	4008
1029	65	864
2809	73	1833
949	73	5315
7612	73	9067
7253	73	6181
11413	73	4320
13460	31	9824
10502	27	5024
12668	73	774
14675	31	2300
3379	31	2132
12643	73	9858
11809	73	3003
13229	31	4133
9889	73	859
3005	73	9513
14663	73	9060
11991	73	2046
3933	31	4100
6745	27	284
676	78	10565
203	47	1405
10763	47	5299
5336	73	7226
4741	73	426
1518	27	9262
13353	78	6531
3198	78	2709
5072	73	11335
4808	73	4552
12071	21	722
3991	27	7947
11362	78	7519
8478	73	8440
12080	73	337
1987	73	10080
8892	73	9107
13821	73	420
6477	73	7725
13010	31	4444
10560	31	14512
13315	73	9101
13717	73	6488
6852	27	7643
8820	27	6308
3031	47	14414
247	73	6669
28	31	2831
7285	73	4392
6771	73	8470
1435	73	11129
3004	27	7091
11662	27	517
8957	73	2247
9864	73	401
994	73	8440
10706	78	4317
13790	27	5811
1699	73	4368
7569	73	14504
678	31	11128
13325	73	2395
11300	31	6991
8847	47	10145
1614	73	6504
1917	73	3528
11988	27	3529
9913	27	8539
1494	73	2065
6551	47	959
13917	78	9942
7449	27	6607
11571	78	969
2004	73	5755
5069	65	1677
11889	73	4975
490	39	8585
1868	31	9995
9434	73	13783
12693	73	1761
1279	73	547
6241	40	5658
8262	73	808
409	48	7293
12278	73	6073
12186	78	5294
12992	78	7400
3980	73	6844
7065	73	4320
14802	73	784
8691	73	7737
12119	27	4630
12443	73	11528
8237	73	9640
13038	78	6264
14584	27	9579
7779	40	2896
3896	27	7997
12839	78	3226
12103	31	4105
7037	39	283
1361	47	9152
8842	65	6256
11340	73	3000
8249	47	2113
13443	27	11124
13667	78	10582
14214	78	6496
12827	73	7790
8025	31	3401
5384	73	13780
10604	31	7078
14842	73	1954
4973	73	1290
12489	27	6153
3943	47	1271
2086	73	3431
12948	73	7778
14202	73	5991
8318	73	1308
12177	47	7516
10994	73	7960
4247	73	9946
10883	73	2187
9646	47	4411
7507	78	4754
11047	73	10314
10904	73	2127
13056	78	4095
9490	27	9592
10594	73	3507
11571	78	5718
14646	73	11174
6368	57	6368
8112	73	505
10791	47	3628
10510	73	2714
11188	65	7961
7298	73	8413
12818	27	10030
1039	73	11141
8841	73	4293
8892	73	5310
13034	27	4288
4722	47	14381
11793	78	11380
12356	73	6239
13548	47	6294
4803	78	10310
1493	73	7462
8026	73	1672
14501	65	4082
10586	73	6782
6881	31	3362
12078	73	1944
1489	47	9839
10712	78	6296
12472	47	2404
8309	73	4695
7545	78	1151
13174	73	3105
9349	73	5464
9142	54	7676
11942	73	3689
3703	73	10518
538	73	6233
14533	78	8700
11722	78	6269
10465	73	5880
11681	47	2376
13580	78	9990
757	73	14243
8908	73	7011
11561	73	825
12916	73	7817
7491	73	7429
8868	73	9581
8338	73	6277
972	73	10693
12591	27	9781
14148	73	2211
5266	73	3783
10846	78	10829
12060	27	856
6836	73	8978
9975	40	5772
12748	47	868
12376	73	10403
14931	73	2180
1466	27	6224
6530	40	6428
14180	73	14572
3392	73	7381
14929	73	7962
12488	27	4004
13427	73	6273
1229	78	14962
911	73	10209
12443	47	10115
10276	73	10595
12140	27	4423
5677	73	14961
2351	73	10414
1206	73	7559
5341	78	14695
1179	31	3001
1902	73	4159
11219	78	9956
2925	73	4635
12331	27	1167
5277	73	4406
752	73	7942
9816	73	832
13933	27	4903
3977	73	319
11196	78	14477
1604	73	6110
14925	31	7310
2630	73	6189
6067	73	9790
3320	78	7224
8068	73	5793
1873	73	14021
13775	73	9629
12693	47	9729
5013	27	3202
6533	74	5367
373	78	6973
10770	27	953
11906	47	473
3747	73	7786
1312	73	4158
14911	27	3076
5663	73	6316
4956	73	5219
12256	73	3228
11991	73	1634
13415	73	6324
12150	27	11382
10268	73	10515
7294	73	7114
2007	73	1135
13177	73	432
3218	73	597
211	73	6478
684	78	4866
20	47	1428
13617	73	8648
7465	73	8168
12724	65	6611
3864	73	6706
14096	74	2491
3833	78	1168
49	73	6486
14965	65	448
13125	73	13803
5437	73	14314
12054	73	2117
12141	73	783
4644	73	8662
285	73	514
12387	73	4296
14462	78	7094
2079	73	3363
14042	73	1982
13279	73	1440
14984	31	7648
11675	78	360
1467	73	14259
8402	78	91
13002	73	3560
5415	73	6371
2366	65	5718
13472	73	5914
11223	78	8047
7288	65	5652
10574	73	6083
14106	73	783
3104	78	4114
2971	17	5466
4818	78	4206
2316	65	14493
9377	27	2662
10521	78	4081
14090	73	11192
13161	78	8521
1102	73	2686
13280	73	7987
1170	72	8885
10863	73	5987
4917	31	6261
12120	78	1258
3710	78	14695
3161	72	6181
1645	65	14721
9716	27	9157
12939	31	11455
3754	73	5757
7037	39	6378
8698	73	7484
696	47	4064
8957	31	87
148	73	775
8400	65	7172
2197	73	11262
1704	64	13605
9369	78	4545
9121	10	7280
6805	73	8434
4476	39	442
2253	73	1988
3796	73	9041
7524	73	2077
13667	73	14471
4729	73	8763
1748	73	2821
14254	73	9061
4265	73	7042
13617	73	6111
7284	73	10160
10968	27	5029
8974	73	10982
13102	73	1851
4969	78	6143
1615	27	9254
3816	78	2027
5174	47	10902
4812	73	9236
743	27	3637
13108	73	4292
11831	73	3555
9676	73	625
2328	73	4991
1597	78	4795
7107	73	2299
4077	19	1867
553	78	14348
1494	73	6110
3315	27	14779
7910	73	3216
11421	40	13681
10720	31	6329
12942	31	422
14308	40	13689
4303	21	1288
13521	73	9056
4865	40	4129
6760	27	4124
6342	73	4109
2236	73	4329
7803	73	6133
7917	73	462
11749	73	2114
10267	73	11521
583	73	9801
13280	32	7864
12881	78	13677
8749	47	2887
11962	73	14243
5238	78	402
4223	73	1150
4521	65	4862
11823	65	5867
1029	73	3822
4626	73	7278
5585	47	2867
8823	73	4910
11544	73	6800
8227	73	14138
1968	21	4758
12408	73	8795
14523	73	5827
703	73	5464
10718	78	6973
4611	78	11380
14267	73	6824
10336	78	9270
12631	73	6435
8592	78	6143
5680	73	3450
671	65	14721
525	73	1640
7501	73	6250
8287	31	7310
476	13	14258
5080	40	8446
3746	73	2876
4267	78	5842
6915	73	791
1511	78	8534
8817	73	2712
3984	18	6882
14791	73	9774
271	78	6293
355	78	7820
4526	78	9302
10197	73	13903
12103	73	2180
12529	73	5828
3710	49	2447
10874	73	5984
70	65	3616
14275	73	4516
10643	31	3976
2539	73	5778
14112	73	1951
12337	47	3553
5391	78	14282
3998	78	3934
4003	73	10169
4800	78	2428
563	78	7647
12225	73	7160
11680	47	5326
905	73	9941
12054	73	10023
2392	65	2062
9327	78	6408
3111	73	10963
9435	73	14957
9863	73	7016
14595	78	458
1029	73	7609
5134	78	2364
11843	78	5850
12975	65	1695
7971	40	14460
841	73	13674
85	73	2052
13498	73	11160
3497	69	3497
12259	78	11507
12006	78	10109
10814	31	6991
7909	73	7051
4641	27	7926
9937	78	9238
3716	78	1300
7244	27	5065
4737	73	4111
6821	73	5890
14797	73	9642
6719	73	3542
5266	73	11474
12203	65	7898
1348	65	9157
12451	73	7027
11728	73	4375
12644	65	4322
11915	73	9759
5194	73	10200
5707	65	5780
13124	73	14773
7908	73	3501
2651	73	1744
4476	40	3599
13464	47	6089
6302	73	5880
12053	73	4961
12706	78	4062
12696	73	5973
1523	31	2311
9523	73	1766
3584	65	6035
7324	78	14753
1665	73	14974
13537	73	8009
2090	73	10331
13269	73	14726
2616	73	8758
8629	73	10640
10909	73	3450
12593	78	871
12651	27	6215
1602	73	2875
1732	73	14315
13570	65	11380
6361	73	2065
14601	47	6033
12603	73	4504
12393	73	2528
11252	27	7874
6064	73	11066
846	73	8651
14294	73	10490
2389	73	1406
1181	73	14259
13253	73	10750
13369	73	7466
14461	31	3976
14107	73	9202
4451	47	14123
13092	65	4262
8482	14	4109
13299	73	8435
3389	73	9244
4627	27	6421
2572	78	10253
13191	73	9568
1339	73	11537
4588	47	4901
297	73	6620
14095	73	5803
11219	73	10057
4799	73	4048
7611	73	5989
10892	78	5981
8965	73	8943
12017	73	4875
2202	64	7255
9635	40	3627
13044	47	7858
14880	78	14738
13826	73	10669
14609	31	4631
12647	65	1797
14656	27	13696
9751	47	5775
1604	73	7859
1765	73	13866
5115	78	3441
5526	73	3396
4788	31	11263
3328	73	6511
8237	73	10209
11307	73	3902
204	27	7519
1917	27	9211
8487	73	9563
8374	47	11486
14051	73	4298
12719	47	2880
10831	73	733
3023	27	9553
11113	73	6154
4223	78	6031
6834	73	13971
2926	78	14863
2691	27	8884
13113	27	7680
8025	27	481
5585	78	2867
5529	78	1309
13019	73	14698
5385	27	9078
13289	65	10125
4290	72	10292
2561	40	7814
12310	73	9231
13742	27	4357
11460	73	11451
5384	73	6641
6646	73	4822
6214	20	6018
14320	40	4195
13659	73	439
12148	27	7978
8026	31	6078
4708	73	5770
8110	47	3466
1920	47	3619
14113	31	11328
700	47	7645
14119	47	7442
9183	73	13786
13724	73	11068
9897	73	10513
11932	73	5807
4371	25	14585
11340	31	9627
13826	65	9226
911	73	4916
2432	73	7621
6752	73	10114
9331	73	2770
5799	78	346
2594	27	453
1477	78	7672
4623	73	14953
3933	27	9823
2586	78	14377
13727	73	7660
7616	73	8550
12405	73	3062
277	73	331
4460	73	13901
5189	47	8538
10470	73	9778
12797	73	5730
10755	27	509
3330	14	14276
8151	78	5378
3779	27	8884
5200	73	11127
1663	27	433
12811	27	10230
5306	73	5793
7019	73	11174
14401	73	13886
6933	78	3630
601	78	1893
12872	47	9599
6769	73	10280
4000	78	11380
6172	39	6176
37	73	6632
14260	73	6704
3701	73	1788
11928	47	7966
24	73	6782
5448	47	6928
9258	73	13855
1715	69	9046
3961	73	925
3891	27	14709
14561	73	9041
13186	27	10091
942	73	14514
12801	27	1826
12142	73	2998
5622	78	7058
10453	47	469
10819	73	5129
4752	39	885
890	27	8765
4261	73	10367
12708	73	10271
1182	73	1684
11747	73	14749
2007	65	9226
206	73	8555
308	73	11381
2637	31	1409
6126	72	3074
5470	27	6320
10485	78	5788
9332	27	8949
3964	73	5834
2412	27	9781
10898	73	10877
5372	31	2026
3084	48	12656
13715	78	10565
11664	78	13698
970	73	4008
2786	73	432
10608	73	3259
14033	31	8932
14757	40	6391
14302	73	10096
1911	73	11497
10360	20	4870
13699	73	13866
8236	73	10841
14407	73	7518
4506	72	5803
12502	73	6661
8905	73	1198
7155	78	4982
10548	73	4864
14271	27	14236
5645	40	14313
12050	31	7673
10529	31	616
9461	73	2211
3482	73	858
5932	57	11432
13207	65	5780
13869	78	14772
4703	73	8090
11958	78	14486
8203	73	4873
649	73	1774
12960	27	5826
11884	73	9811
7557	73	7432
11501	73	2695
3289	73	3000
1830	78	4360
10477	73	4479
978	65	1429
4279	73	4908
4723	73	11401
7442	14	4109
10450	27	7934
5243	73	2765
5231	73	10581
7195	78	9985
10443	73	5750
9537	73	1681
1841	78	2153
2536	73	13774
8965	31	6578
6096	73	4249
12947	78	5959
3365	73	7725
197	78	10045
7503	31	2860
12956	78	13897
13731	73	14287
4189	47	13685
13130	73	10626
9610	27	4775
11901	73	7695
12291	73	13774
6451	73	10296
5179	73	14126
12283	27	5063
14906	73	7426
12211	73	9054
7140	73	5214
13599	78	5025
6880	73	9473
5380	78	7058
12577	31	7797
11858	73	3615
8188	78	1753
12107	73	3525
8635	40	9193
12009	73	5316
1361	73	11324
1704	48	3978
11460	73	8773
14365	78	14377
7555	27	8398
11954	73	8548
6546	47	2796
12041	78	10112
11344	78	10383
5372	73	3457
1177	31	1479
2201	78	10097
12970	27	6040
1526	27	689
9541	78	6328
305	65	6611
5494	73	13952
6724	27	2979
4702	27	6215
7363	72	6316
1814	31	14959
12872	73	1129
10851	73	7779
494	39	9586
11575	73	10057
12251	78	595
14582	78	4439
3200	39	5947
7341	73	4491
11227	47	6177
8249	31	9572
3886	73	14395
2219	73	10235
3860	73	2049
14686	31	14742
12687	31	1436
13493	73	7725
12478	47	8444
4618	73	4656
14161	27	4101
2808	73	13807
4197	45	9283
6062	73	4761
14665	27	7644
10577	78	7781
4999	31	3536
11940	73	3825
5639	73	10227
14750	39	4412
237	73	9799
3338	73	9776
133	73	6725
11309	27	8484
5093	73	6663
6616	47	14381
13250	73	8005
11648	73	7940
8835	73	4576
14341	27	10384
11373	73	3187
4024	78	14061
5570	65	749
3928	73	407
654	78	9304
10828	78	6845
12414	73	1170
1061	73	1134
13701	27	4410
5216	31	9824
4585	73	8795
10945	78	4757
1402	73	4121
3741	73	10421
13253	73	813
7003	39	11274
12074	78	5079
4594	73	7419
13174	47	7516
4647	27	3324
1011	78	4428
6579	73	1852
1656	73	2259
2696	27	11264
3355	78	6253
2508	31	14737
3865	27	4698
14099	73	7015
1489	78	1248
5994	73	9542
13230	78	3099
1399	47	1405
6757	73	800
4701	73	11383
10466	73	10464
14840	31	2526
9738	65	3978
6988	27	9978
1665	31	2802
5518	73	1280
1086	73	7669
3646	73	3641
2254	73	4336
3178	73	11532
2943	27	3458
5112	73	5787
9400	73	4873
7211	73	5734
106	73	11391
2238	73	5776
12214	73	6194
1811	73	9112
13112	73	5787
11365	78	10309
14506	78	8044
11804	47	4064
11580	27	2866
11462	27	14706
6441	39	4045
4950	27	14761
11154	73	11334
4283	31	1152
10354	31	6236
10425	27	5752
12843	78	3367
10965	73	10389
8594	73	6005
8327	31	11260
11245	73	8081
14272	65	8943
13180	31	14746
12954	73	3336
14121	73	14723
13925	73	9987
7285	73	9200
1888	47	2147
13326	31	8476
10838	27	452
11349	31	14467
3134	73	6403
11999	73	7039
912	73	2115
8732	73	5906
6787	47	14312
1630	73	593
7488	78	10423
13222	31	3258
12659	24	10079
11059	78	3324
9430	73	3207
12752	73	6423
5606	73	5859
308	27	14351
1588	73	6326
14154	73	11385
12771	73	6001
11966	73	4879
10814	27	7044
4648	27	8075
2627	27	3203
13481	27	5650
12749	73	2187
13561	73	6268
10674	73	1107
7548	73	14769
5613	73	3554
11226	31	6217
1093	31	10089
8214	73	6655
13441	27	2666
364	78	7094
6735	17	5955
9703	73	2182
3027	73	8018
2005	65	9226
14703	45	9284
8560	73	9797
4800	73	4977
9401	73	2997
6503	69	3612
12772	27	7921
14649	78	1259
8901	73	783
11186	73	2681
10452	27	5975
2550	73	2127
10349	72	4885
13779	40	2842
7098	27	8669
14212	65	10008
4179	21	1288
12115	31	10020
8370	78	1476
5148	73	1307
5422	73	14504
11443	73	10325
3384	27	509
3782	73	834
12235	73	3694
1750	73	5894
12472	73	2451
13465	73	8074
13799	73	10335
8481	45	9284
8626	47	2407
12748	73	5832
11224	27	6636
13629	47	7442
5449	78	7592
6162	40	7689
3112	73	4555
13605	64	922
4918	73	6593
3310	78	9206
5073	73	1327
13047	73	4138
9464	73	5737
11123	39	7050
69	73	7115
13327	78	14753
1335	73	7954
8493	73	6197
10354	27	9277
11984	73	14800
4965	78	6573
9298	73	8775
7981	20	7424
961	20	9653
5527	65	4886
2296	73	7762
12908	73	14698
8614	31	516
9417	73	2211
5709	78	14244
5660	78	3483
12290	73	2209
4435	40	4477
8850	48	9502
192	78	5788
7205	73	1686
9743	73	5762
13050	73	5933
354	73	4682
13645	78	2027
12145	65	10492
4235	73	7976
6730	78	6206
6370	79	9385
10323	73	5333
5544	73	548
10600	73	2180
12818	73	833
151	31	9223
1023	73	823
7573	73	1960
1100	78	5863
4996	73	11073
8240	47	1271
8704	73	8638
12566	47	469
5272	78	9262
2576	27	10615
5372	31	3155
13539	73	4390
11175	40	3412
6549	49	9672
4914	73	11286
8406	73	7733
12392	73	1267
4522	65	10524
11897	78	10491
12141	73	10035
14670	78	14738
14038	73	10512
1601	47	10388
9005	73	2290
5247	73	7039
8390	78	1049
6673	39	9099
8909	65	7059
4005	15	9958
2294	73	1134
5393	73	13849
4528	73	5059
11801	73	7045
8135	76	14237
12025	73	9302
14638	47	7308
2923	31	516
1705	27	11178
6841	73	3342
13502	78	14242
3098	73	2877
10132	73	2396
4709	73	1817
13432	73	11273
8846	73	14731
14046	74	5583
14428	73	6192
14162	73	4318
14577	65	3465
3885	73	593
2041	73	7518
11964	73	3219
13288	73	10060
1936	73	4116
12217	31	507
14252	27	1781
11837	73	10033
13033	73	7560
8414	72	2155
795	72	2993
11672	73	10517
7108	74	14599
764	73	14704
6482	73	5312
14506	64	8526
7902	27	10386
13308	65	7997
3264	47	9598
13945	27	14309
4606	73	8548
8783	73	1817
5247	73	7426
8267	31	9117
2779	73	1542
3264	31	14756
7109	73	9259
2940	27	13696
9485	73	6478
13316	73	8104
13821	31	4133
10872	73	3345
5990	78	6218
11963	78	1253
2338	65	7820
8740	27	7978
4962	47	2870
10754	58	13874
844	73	9766
2713	27	9207
6490	73	2853
2339	73	9777
376	27	14417
1343	73	9103
14230	73	14297
5401	78	10370
6569	73	10144
10306	73	7587
1471	27	4147
5485	78	2078
11582	31	9810
2220	73	6508
12185	73	4293
12982	73	1438
6995	27	3099
701	73	11273
10452	73	14485
7020	73	14310
14275	73	4725
11132	40	13595
11266	73	8442
13248	73	6257
4919	73	3615
11123	39	1961
5939	27	13698
12135	73	9231
234	78	8866
1060	65	4796
14578	78	4829
11502	73	3214
14221	72	10096
3951	73	11116
14342	33	640
3949	73	11130
14178	73	9261
1822	78	14772
6472	73	930
3044	73	3187
13218	73	7610
311	73	5931
5101	73	6005
59	27	5873
2722	74	1203
8741	47	404
5667	40	8874
10654	47	6608
9188	19	6777
2975	27	9186
12744	78	3367
9523	78	6781
4999	73	1691
4662	73	5885
8507	31	7603
1985	73	13783
8195	73	4664
4485	47	9729
12335	27	11136
13923	73	8043
1524	73	2381
265	47	4193
5592	73	9600
5206	73	7462
4943	73	13911
13829	31	725
2787	27	13839
1010	31	4887
8892	73	9611
4647	78	1793
8782	73	5898
13813	23	945
7219	47	14487
5744	65	4063
5920	31	14484
5529	73	1307
4578	73	4819
4949	27	14318
9063	73	6829
1733	73	3488
10771	73	6199
1323	27	1778
11666	73	10366
11579	73	5313
1566	27	6208
5193	27	7677
4924	73	7787
8156	78	8661
4011	73	6154
7384	73	6323
8024	65	4510
7168	31	5758
11715	65	8164
7577	73	4725
2564	73	4239
5494	78	13952
2081	73	6701
11952	73	2986
12127	31	7310
14918	73	11390
12829	27	10030
306	65	6611
6789	73	2360
13662	73	6626
12512	73	6782
1319	78	414
158	73	6782
12748	73	8772
7335	64	186
12873	73	9900
11194	78	4172
628	27	6265
9911	73	667
11807	73	886
9161	65	2800
10961	73	3585
8678	78	5270
10636	78	4984
1710	73	7953
2432	78	14770
12686	73	6540
11221	47	2161
8113	27	8046
10955	65	8548
3331	73	1687
5157	73	2769
11017	78	2753
8919	73	10668
1837	73	10006
10585	65	6244
11232	73	8596
5	27	8656
12393	73	6234
3366	27	960
11371	73	2770
5107	27	11136
10652	27	14719
4841	73	325
1857	73	3204
11619	73	781
8178	15	3609
8187	27	7306
3812	73	2307
3718	27	6602
2421	73	739
8896	11	14893
4237	73	10780
10106	73	3076
7070	47	8003
9105	39	5806
6884	47	5626
12430	78	6199
2546	47	7056
8347	27	1780
12221	73	4368
12476	47	4431
14648	48	2447
14591	65	4689
11369	73	10163
7101	78	14061
3289	73	5926
5701	47	6351
11610	73	5931
7699	73	4109
8674	73	2304
13566	73	2843
3119	73	2987
5489	31	887
6960	73	2371
11796	73	10694
3730	27	481
13976	73	2053
13309	78	4146
11406	78	2886
9886	73	4403
12403	27	6224
373	27	10040
1011	73	6254
12094	47	4253
12676	73	6576
4243	73	11392
4752	40	6176
5133	73	3237
1915	73	666
174	31	13788
1110	78	8079
12416	47	14568
10606	78	14720
9021	31	2734
7548	73	3443
9590	31	4323
12202	31	9505
12007	47	9773
5560	73	7862
12927	48	3978
1999	73	1283
10118	31	6336
2992	72	2180
3903	65	2555
12454	65	11534
13068	47	5879
13150	27	9095
10918	73	3802
12798	73	4205
12723	73	4440
1473	73	8662
1425	39	2600
5415	78	6246
6570	31	3142
5516	78	8047
12391	73	740
5576	21	722
7306	69	5035
8266	73	1255
3175	31	351
11883	73	7419
10986	73	14724
3460	72	784
5431	73	7710
10435	73	2247
12908	27	10092
14616	73	4090
7282	65	8199
5274	78	2163
7929	40	6391
14361	73	2774
4529	73	7169
9910	31	4092
4526	78	10086
1891	27	6438
10625	73	2127
9543	27	4371
1663	73	7403
12435	73	9060
13969	78	14247
10662	73	331
14272	73	7429
272	73	10314
13664	27	9847
3357	73	14241
9118	57	11331
13972	73	3204
12600	65	9943
7629	73	6001
14844	73	14366
11819	78	11379
11574	73	6971
3599	39	8004
3972	47	5326
7915	72	5924
231	31	10243
240	73	2673
12070	78	969
13538	73	5757
11297	49	1529
8738	31	516
6861	73	3643
4662	73	9055
1765	31	3370
13974	21	10247
8482	14	6485
4605	73	2026
10967	48	9672
10619	73	1780
2485	73	10404
11241	27	10078
10570	31	4319
9703	73	2774
14547	73	4497
8676	73	9125
14629	73	2960
6491	31	14512
11509	73	3239
2037	78	6266
211	31	5334
14076	78	6711
5545	47	4356
10348	78	14443
1864	73	1981
2573	78	1016
5524	27	9783
8999	73	4873
11764	73	3634
10642	73	9116
8315	73	9272
12306	73	3425
13830	73	4239
5668	65	6925
13703	73	11532
13453	73	9666
8851	78	7372
14836	73	2998
1873	73	9092
13548	73	2133
502	40	14280
11556	73	11402
11934	73	8437
1987	73	2879
14041	73	6204
12604	78	384
3812	73	13905
3585	72	10745
2536	73	3139
1002	27	3444
10474	78	3842
12382	31	1298
534	40	6327
1085	65	1541
14162	73	6121
892	31	3401
11629	73	6539
7108	49	3978
12110	73	14574
14547	47	4356
10725	73	8273
6868	78	4057
575	73	4408
2297	73	7428
7106	78	760
13557	31	4328
8115	73	596
4809	73	6627
14942	31	11135
12359	73	439
9920	73	10353
602	73	484
5434	73	3060
13844	65	4330
14609	73	10185
4212	27	5029
8717	78	4878
5591	27	9768
4118	78	4062
8331	73	14471
14784	31	5334
256	73	5153
10637	73	2554
1950	39	14469
4000	73	3516
4810	73	11171
14604	73	2707
2304	72	3063
190	78	10112
274	40	9100
497	39	729
10070	27	6228
917	27	5962
11696	73	7054
1887	47	2766
9006	73	6290
12931	73	6106
10613	64	362
3913	73	3763
5277	73	7010
12547	73	2670
6623	57	4603
4835	73	7692
8441	13	3978
6883	78	7397
7510	73	1422
8069	47	336
10348	31	6991
645	73	10520
13011	73	859
7325	27	4361
6915	31	9235
13044	65	7858
10432	73	5754
1950	40	6463
6933	73	9255
7020	27	10004
6456	73	11171
13503	73	5219
12197	73	5905
3745	73	1547
7270	65	726
11454	65	2899
11875	27	6320
11361	73	2182
13250	73	14953
1334	73	11381
10137	73	459
572	73	4628
5597	73	14765
12311	78	6855
10220	73	5067
13334	27	4108
4233	47	7922
4738	27	6243
13744	31	7310
5613	73	2050
12754	47	8538
14833	27	1167
11994	31	9780
13071	73	8018
12838	73	9946
12063	73	1328
4913	31	9117
9707	73	401
14439	31	9824
9650	73	6971
8736	73	9112
1886	78	9976
9860	73	5468
29	73	1944
8025	73	2409
1062	73	4910
6045	40	9769
11820	73	1833
11995	65	6048
3891	73	833
14932	73	2284
2600	40	13380
1182	73	2770
2687	73	6639
11703	73	3616
11184	78	4299
5678	47	7041
8178	73	2522
3246	78	2078
8481	40	10245
12645	73	2233
4607	31	9696
9766	58	791
8357	73	14947
14198	50	11330
13138	73	4768
4922	73	5313
11764	73	5754
13033	73	14458
11985	73	14375
2614	73	5337
3808	47	9641
6348	73	4500
9340	73	535
3178	31	1409
12793	78	9553
8569	73	7587
36	31	1148
2788	78	7647
1146	73	968
13505	27	3620
231	27	2662
12589	27	2985
9484	73	3607
4906	73	1770
5617	73	5061
9610	73	5907
11003	78	4754
13955	78	14385
4944	47	8059
5415	27	6246
6735	17	9079
12760	73	2798
12978	73	9045
14204	73	1982
9560	47	7767
5679	73	14765
9710	73	7721
8786	65	2800
13740	73	7608
3158	73	8772
3464	73	14350
9355	78	6315
11329	40	4059
5013	73	9820
13426	65	6409
274	40	2814
14923	27	5930
14991	73	7727
3992	73	7953
12646	73	6076
6657	47	3628
13605	48	3978
4521	27	10370
13028	74	7255
3519	73	11334
9907	73	2798
1424	78	9236
257	73	6079
14560	27	6970
2341	65	4859
12401	73	10361
14063	73	9140
14652	47	10228
7322	78	9251
3739	31	10164
49	27	9934
8356	47	7311
143	73	6111
13169	47	1405
13363	21	6607
4733	73	1833
14932	73	5832
2578	73	6826
3137	73	14287
13721	73	4897
3969	73	2138
8114	47	7041
14336	73	11048
13163	73	1826
9386	73	6622
2782	78	10161
8156	78	7874
12090	73	1416
301	31	13687
2060	73	5061
14931	73	5778
6172	39	4197
5581	47	3626
1800	27	14706
4857	78	6287
8457	73	14511
9501	14	2932
9725	72	4312
9286	73	1416
11902	47	9805
10884	73	3231
6950	73	1129
12495	65	9226
4304	73	2115
2091	73	8314
14361	73	5848
2466	73	14566
13364	65	9274
8721	73	7463
11591	47	7308
9029	47	4831
1071	47	9981
5132	73	10159
9567	31	7310
10918	73	5999
2479	73	3525
10443	27	2994
11849	65	9929
13020	73	6229
1319	73	598
12209	47	7184
4574	73	2997
9059	73	812
8801	73	3511
1997	47	3613
12835	31	5758
1750	31	14746
14883	73	10627
12130	73	10277
6810	39	4129
6730	73	7960
14174	31	963
10415	47	9266
14597	73	3507
11246	73	1817
7023	73	6502
3576	73	514
8162	47	9599
14876	27	6843
14814	73	2844
120	27	2841
2757	45	9284
5382	73	5057
14185	73	10754
13643	78	9504
6670	73	2166
12593	27	5063
9347	27	2160
5553	78	958
3648	73	733
14113	27	7588
1875	73	6081
12733	73	2362
13797	31	3602
12291	73	347
4529	73	6166
11825	73	2463
12239	73	6679
5635	47	731
5528	73	5337
11323	73	9982
7538	73	14290
8039	40	4751
7961	16	10344
14519	73	4387
9374	27	4404
2590	27	6371
11834	31	9117
13900	69	6236
8214	31	7671
12488	73	3694
5132	73	10515
9384	78	7805
7323	47	10742
271	73	14395
1193	73	3239
354	73	6103
1074	73	5792
13083	73	1684
10534	73	6503
1525	73	7042
14069	73	2312
657	73	10389
1534	47	9501
9388	31	3142
986	73	4089
76	27	4258
8613	27	452
12405	47	889
5106	31	14742
1456	65	9875
8450	73	3062
8699	40	6575
140	27	2978
1179	73	8550
1699	73	10039
9922	73	925
7806	73	7705
4273	73	7952
5695	73	9205
1071	65	6158
11194	27	721
7911	73	7407
12290	73	2995
12560	27	3561
6718	73	7274
82	27	9254
13553	78	5903
14065	73	10389
14256	65	10492
12487	78	9858
6561	65	2800
14645	31	4177
14933	78	10030
14625	73	5968
10754	58	6471
5450	73	1960
14013	27	7677
14034	73	5337
1458	31	2883
7497	73	631
11524	73	936
12275	78	14289
1382	73	5836
14757	39	2184
8890	65	4796
7284	73	5908
3593	65	10513
14266	40	8711
13196	73	6194
7021	73	639
14546	73	10357
2558	40	14728
5568	31	14746
12234	47	495
11821	73	872
4701	79	7439
7761	23	8210
3731	73	7466
13355	73	3660
1941	73	6186
3010	72	2050
9440	78	458
241	47	495
13121	73	3234
11949	27	9206
171	73	9965
1630	65	4796
3986	73	7665
2230	31	3362
2650	73	9788
8491	78	5459
4625	73	3010
4998	47	2404
13822	73	10758
12588	73	14852
9275	40	5852
10523	73	11338
4282	78	8047
6988	73	4898
5639	27	14779
11058	78	3324
9409	47	2667
13397	78	4706
1059	27	6315
2029	80	2030
3595	47	7676
10168	73	11122
11840	73	5759
12470	73	666
13915	73	2804
2057	73	1134
5008	73	10668
7396	40	5713
2437	78	11376
10440	73	14287
1655	47	14487
14803	73	5999
3597	73	1349
10432	65	4796
12121	73	5759
11282	78	6521
6914	31	4173
1114	78	11124
12769	73	6125
13979	40	5064
7103	73	7438
6446	14	5564
12312	73	14754
4813	31	11418
179	47	10775
13143	27	9826
14435	73	5976
8840	31	11135
1576	73	717
12928	65	9502
10049	47	7589
18	78	499
5076	73	8470
972	73	4684
4814	73	7739
8021	73	4514
9675	73	8956
7908	73	7407
11060	73	13865
12138	78	8663
8966	73	10313
1243	73	10233
281	47	2407
12030	73	9901
14041	47	14008
9791	41	12883
5114	73	6679
435	14	6271
14406	73	5785
8152	31	9069
10069	65	4764
8237	73	5757
216	73	5462
5410	73	2929
1182	73	623
11818	47	9837
12518	47	11442
13074	73	6522
3012	64	10873
8829	47	6846
10429	73	827
8154	73	2264
8312	78	14385
3657	73	7305
7112	73	7725
13027	21	9211
4541	73	1555
5157	73	5774
12381	31	7648
6761	73	9856
13920	27	14573
269	27	7682
2201	73	3431
6090	73	2284
9409	73	4636
4727	73	8503
2180	69	3555
8330	73	7656
11614	27	9847
1113	73	11403
11789	78	1778
8569	73	4634
6776	73	10163
4622	73	10379
8380	27	14952
13252	73	5310
13805	73	2200
11778	47	5031
7515	73	1107
8624	73	4415
10958	78	10903
4666	78	6370
10857	73	6629
39	73	9961
11363	73	337
1795	73	3570
5767	40	3542
38	27	1331
7418	72	9064
6891	73	6601
338	31	11336
14003	78	1541
8628	73	6102
11699	73	9730
2495	73	7088
3915	78	2268
3741	78	1008
11703	27	14055
13073	27	10746
4539	47	9099
8121	27	2566
2919	27	9090
13758	73	4158
3042	73	9072
10103	73	439
8142	39	14657
7668	53	14093
7769	27	14779
13128	73	5914
13206	78	5962
12348	73	431
13795	27	10026
6162	39	14728
5272	73	10083
5232	73	7402
10175	73	6969
5548	27	2309
10118	73	2266
229	73	6823
14616	73	14954
9709	73	2140
10625	78	4437
10653	73	1419
14832	78	3587
5188	73	6157
12293	73	6431
12814	78	14443
13620	73	7788
9379	73	6018
12862	73	7088
12871	73	7463
2612	27	4147
13585	73	8651
4021	73	8008
4063	20	10900
11105	73	1989
2418	73	432
11933	47	959
14667	78	14479
12686	78	5742
4815	78	2981
14103	31	4177
13608	73	6107
11727	27	6310
1386	73	11482
13498	73	7823
10789	73	8971
7833	27	9578
8084	73	6394
1147	73	2732
11285	47	7048
4301	73	10003
1587	73	9195
13440	31	6215
13567	78	9108
7049	40	3617
14615	73	14697
2468	73	1328
8517	73	7004
6529	73	6233
10544	73	9112
11468	73	10313
12259	73	6782
8281	73	10672
11887	47	731
5274	73	6271
4529	27	4377
9657	73	8435
12848	73	2127
13086	27	4416
11278	73	10490
7209	73	9040
539	23	8210
7556	47	4246
11551	73	3353
5390	31	507
3492	27	5655
10200	72	13841
12662	73	717
11852	78	5753
1471	78	10681
5068	47	4369
42	73	3615
5480	27	14705
21	64	14043
13181	47	4438
3493	31	9627
9011	73	7638
1918	73	10280
6565	73	9575
8805	73	6345
8138	73	4286
3642	78	476
9371	73	4690
3681	78	5722
4907	40	2867
12868	73	11532
917	73	1706
9227	13	9775
13368	65	13835
1706	69	5898
462	69	2752
6758	73	14527
4809	73	10252
5217	73	855
9511	65	13909
4596	27	10215
1756	73	8301
299	31	9694
13110	73	5057
10837	65	14696
2794	73	3105
6851	78	13897
12216	78	10746
6787	78	6521
10502	78	2125
13625	73	10039
11016	73	8101
12198	31	1152
7562	73	14264
6775	73	4109
3807	73	6234
11696	73	9199
13130	73	10684
12628	73	7738
9475	73	2963
7325	78	14753
3251	78	14722
3721	48	6816
8631	73	4544
3734	47	9598
6775	73	8435
1916	27	7799
10258	24	10231
3829	73	5579
3052	47	10228
12302	78	3632
6943	73	6634
1523	73	6085
11778	73	932
1099	73	1761
1568	73	4402
10708	73	2770
13756	78	5079
10805	73	3047
10498	73	10195
3713	73	3631
5045	73	14864
11222	73	7815
5674	78	2027
8020	27	3441
3070	78	718
2590	73	2362
4007	21	10247
11650	73	5889
12592	73	11334
13127	73	14395
6558	73	470
8776	73	275
14400	73	14483
7487	27	1288
13717	73	2290
6940	78	5724
6660	73	6029
12212	73	1964
14469	40	13591
14653	73	6121
4998	78	463
12627	73	3855
13753	73	779
6950	31	9810
6864	31	7040
7884	78	9985
11957	73	4763
1424	27	9236
5014	45	9282
1811	73	3187
8465	78	1337
2663	65	9274
9871	47	4899
6720	73	7004
10635	73	9067
14672	73	10095
908	73	10325
2993	72	5982
272	73	2247
10976	73	6166
3086	47	2826
10794	27	9507
685	73	10493
5281	78	4653
8158	27	10004
2479	26	9875
9534	73	4981
9618	65	11475
1318	73	6249
14044	73	6220
13490	78	6427
606	40	4046
2576	73	4286
1189	65	10016
13243	73	7419
4724	73	8778
12941	73	3061
7710	69	6663
11001	73	6239
9749	31	2152
13399	73	10081
7103	78	5313
13948	31	2285
11047	78	280
10797	73	2528
14145	31	9505
3577	31	2760
12039	73	5802
3205	39	2847
4191	40	5053
5622	31	887
14020	73	5337
211	73	10776
12134	27	4630
4587	73	2286
682	73	3615
5126	40	6209
14075	73	4550
8234	73	13852
10512	72	290
7544	27	867
113	78	11181
12159	73	5913
6065	27	7292
3247	78	7873
4787	73	7943
13072	73	1670
12131	73	1598
11711	73	1330
11305	73	6018
6570	27	3529
14158	73	6405
9531	73	6001
8914	27	1979
3416	40	4780
9133	78	87
7819	72	6522
6986	65	9303
9840	40	3209
8946	73	10982
202	65	9943
1901	78	863
13072	31	1131
11732	73	7484
10049	27	9875
8233	73	2208
8313	73	6204
9089	13	11442
5693	27	9984
10958	27	14871
6751	27	1778
1362	73	14264
756	73	2770
5570	47	749
12637	27	5015
1323	73	943
4806	31	14741
7549	27	3495
8738	73	14697
8360	27	4384
2785	73	10233
9005	73	3083
11426	78	10281
8836	73	2021
14577	31	4110
1145	65	931
10547	73	593
2518	73	6966
1229	73	8934
6956	78	4513
13848	73	10080
544	31	11455
7325	73	2068
3571	65	6083
12721	73	10288
6126	72	6259
10849	73	2249
11585	73	1817
13181	73	2958
809	31	7604
8282	73	3605
5207	73	8548
6341	78	3533
3523	69	2692
3478	20	2273
12820	65	4387
10348	78	8939
8794	73	4320
3264	73	9932
8991	73	8986
2081	73	6652
2924	73	9097
12130	78	4085
5467	73	3527
11912	73	8536
14976	73	4325
9213	39	3565
11086	73	1267
1484	73	10732
4059	45	9280
11254	73	6281
12597	73	9596
1665	65	14974
6065	78	93
13239	73	4853
13378	73	6725
4966	31	3244
11306	73	2262
11248	73	7973
8723	73	7667
6476	73	1826
8512	73	7747
6648	72	6286
10539	47	7694
9258	78	10150
11531	73	6245
924	72	3853
14939	73	4762
1803	73	6252
1965	20	4063
11978	27	10517
14945	78	3226
5246	78	8046
6613	40	7814
14553	27	3099
11767	73	14371
7853	73	13863
3894	73	10303
4447	73	8314
8246	73	9804
5599	73	5579
13442	73	14957
14262	73	6577
10906	78	6232
11096	78	4317
8841	47	14414
7480	27	9653
11870	78	463
9328	73	6780
4313	40	592
13978	78	2076
13800	73	2893
2329	73	3400
4135	48	6816
2590	73	2754
153	65	1979
12079	73	6037
2086	27	9847
14950	73	7709
11062	73	14961
11230	78	4081
7256	73	6073
561	31	13812
5766	39	4907
7549	31	3244
5113	73	10277
5004	73	6012
13227	73	416
10262	27	4288
10936	73	5841
12560	31	7797
4304	78	6264
7891	78	7312
13292	73	6074
14584	15	284
9396	78	10253
7581	73	7114
2848	53	3900
8794	31	9572
3746	27	7926
4919	78	7125
8809	73	2207
3936	31	9772
12657	73	5778
2543	27	914
8286	73	11536
14610	65	4796
2806	40	2274
13175	78	10021
10055	73	8409
14029	73	3659
13261	47	1286
13513	73	2380
12984	47	2149
5126	40	14703
5672	78	790
14162	73	9831
3373	73	4363
5897	73	6478
9386	73	3360
1230	31	11177
14425	78	4106
8316	73	2371
12433	27	9953
270	73	7115
4005	15	1253
10715	73	586
2974	65	10093
14837	78	5038
490	39	8038
11498	27	10370
7700	73	2670
2513	73	6503
10435	73	9562
7176	72	5830
12720	73	7275
1066	73	4391
13793	73	782
4968	73	6249
13246	73	2271
4805	73	1631
13480	73	5034
14323	73	2069
1860	27	14352
8069	73	3662
9522	72	2754
4223	31	4892
12457	73	5968
9137	73	6379
8493	73	9244
12849	15	6039
13351	65	9107
11417	65	8205
2564	73	1150
2367	31	963
8452	27	14417
9748	27	6444
10542	73	4058
6499	40	8051
1712	73	780
174	73	14458
13991	73	8548
10474	73	11392
10128	73	14384
1870	47	723
1088	78	1259
12892	73	817
3790	78	8484
897	73	3396
3106	73	4109
5603	31	9780
6586	27	5781
8922	73	1770
3217	27	7647
1772	40	7392
13423	73	2869
339	78	9102
1123	73	14471
10261	78	7941
3225	73	2290
756	73	2306
13106	73	2869
4310	73	5980
7349	27	5055
197	31	3602
5244	78	13789
8353	27	5655
9324	72	11140
4658	73	2770
14902	27	7799
2489	27	4357
14	73	8383
11742	31	2122
4821	73	6068
13917	27	9942
188	73	5833
12760	65	8884
13579	78	7057
633	40	3412
9343	65	4445
13817	65	3185
12783	78	2116
13598	73	6103
2060	78	10960
7524	73	3684
13790	73	14955
1835	73	6326
14174	73	7226
7185	73	4248
5924	57	10513
14154	47	9719
8890	78	4795
13552	73	2463
14391	73	4506
1886	73	4409
13554	73	7854
1749	73	6079
610	73	1260
2075	27	14351
8742	73	3407
2730	73	7685
2016	73	4915
14637	27	5876
12130	31	3857
4452	78	10494
9612	73	10578
14643	48	3978
4242	78	6408
7833	73	1327
3021	27	4080
13880	40	14466
11586	47	4193
4612	73	1650
11635	73	3567
248	73	14142
7891	31	913
12684	78	5224
4271	73	5317
13717	73	10672
306	73	10387
8111	15	14470
339	78	9079
9363	47	7589
2680	73	7962
3024	73	2200
9440	78	459
8138	78	14760
11425	27	2666
13318	73	14259
12936	73	3520
5662	73	9774
1679	73	7251
12296	47	945
9614	27	8300
1996	47	3613
1921	27	8129
13289	78	10125
14890	73	2288
3069	78	14124
5505	65	3551
1837	73	4961
3368	47	14487
7355	47	8001
6746	78	5054
10427	73	6259
10979	73	6663
14086	47	3429
2521	73	501
7535	73	9654
8364	31	4886
195	73	14329
1526	73	7226
13421	78	5856
4615	73	14124
9656	47	7442
12998	73	815
12543	78	7040
11246	31	963
13616	78	10960
96	73	1419
11544	27	4063
4837	73	6962
10735	27	867
11952	73	1766
11426	27	10281
5476	73	3484
7446	73	3342
10555	73	3801
11531	73	2179
5473	73	514
7812	39	3565
13791	27	11534
13834	57	10028
4267	73	2211
13891	27	10100
3307	27	9050
9436	31	1015
5566	73	4908
11828	73	9241
3307	78	9050
12345	73	6508
14253	27	6215
12890	27	10101
12864	73	2191
2466	73	925
11742	73	7080
2219	73	7679
2717	73	7788
1197	78	4629
28	73	8763
7562	78	8278
8966	73	9588
648	73	6198
13340	73	14345
13754	31	9223
9333	27	3399
10786	73	1770
6866	78	14131
2598	40	11163
1213	73	9952
6530	40	7856
4826	31	9314
8234	73	10696
14022	65	13909
2389	73	6623
5602	65	1272
12277	65	448
11115	27	5063
8286	73	6663
6834	73	6281
13121	73	10190
13975	73	2990
6439	73	8536
3875	27	10749
9614	73	3060
12378	73	9786
4242	73	4390
2739	31	5773
2565	31	10164
8	47	6687
11281	73	6630
5177	47	7041
3700	73	6738
11038	73	1550
12038	73	14342
584	78	4802
10329	73	10032
11222	27	2821
11835	47	4193
6940	73	6651
14791	27	14706
8800	47	4193
6773	73	14394
1189	73	9769
14461	73	9987
13956	78	4234
922	49	3978
13957	73	13841
5699	47	7311
3378	27	8164
978	64	3723
566	73	711
11668	73	5878
12086	73	5898
6733	73	3554
5686	73	10740
8912	73	3348
754	73	6072
7104	73	7639
3850	78	8856
13320	27	10373
11547	78	4425
1991	47	1760
4617	47	4715
4040	47	1775
4215	78	5323
6555	27	4004
12401	31	13868
12875	78	9264
11083	73	7637
10409	49	6735
4547	11	2447
13372	65	6611
8033	31	4092
11759	73	11159
6926	39	6045
6900	73	9894
7829	73	2048
12106	73	7736
3931	65	7943
6302	73	3003
12106	73	1899
9816	78	9828
8232	73	1982
7104	31	2832
13957	47	2817
70	31	7598
12238	47	2313
2081	31	7686
8902	27	11382
10030	72	797
14656	47	3448
8973	40	8038
7563	73	14370
13567	65	11382
9429	73	5293
2465	73	3076
3849	73	9194
367	73	14704
11284	73	4506
14182	73	4399
8227	73	7135
12532	78	874
5422	27	14716
236	73	872
12433	31	2311
13360	27	1791
1623	73	7734
5577	31	9995
1484	47	3613
175	73	5579
12471	21	11177
3696	72	6258
14805	73	13873
13079	78	1411
4801	27	4416
13949	73	11385
5598	73	9821
12488	65	4004
2440	31	4886
3718	73	8542
706	73	3038
5549	78	5718
9863	27	1792
13067	78	3847
4683	40	11507
11864	78	2277
4643	73	317
13528	73	6873
14570	13	7172
11560	27	4357
12670	65	14430
12562	73	3684
11896	78	4796
14177	73	1633
11899	73	4099
14454	73	2801
528	31	13687
2349	73	7223
13005	73	5312
5767	40	13595
13263	78	5854
608	73	6912
10990	73	1289
1399	73	9199
13577	31	14742
2175	73	7422
10771	73	1686
2490	73	549
2183	73	10019
36	65	13832
7146	73	5457
4843	47	9974
8406	47	749
313	78	5458
1623	65	4796
10790	65	2800
14598	73	3689
8801	78	9304
3890	48	2971
11281	31	13693
1493	31	8878
4233	73	10581
13434	78	1773
3974	27	7682
8499	73	4862
8198	73	2768
11463	78	2675
1187	47	1271
10537	78	2116
3121	73	14315
13582	73	2298
11908	78	5826
3116	73	9032
4933	73	8168
12761	73	5041
6879	27	2123
10649	73	1283
9476	78	5850
2908	65	6035
9453	73	2287
11809	27	9277
11496	73	9362
12520	65	1946
1212	27	721
5551	21	4911
13598	73	7876
6457	78	510
10604	73	862
13718	78	10231
13746	65	11169
1370	27	2258
3988	78	14124
8236	47	2818
10832	73	14504
12656	40	325
7072	31	7864
553	78	9642
628	27	6139
10571	73	5913
8460	40	13688
11333	72	9836
13725	47	4895
10226	73	337
5628	27	509
12837	65	4080
4393	39	5801
14283	73	3625
11166	14	4882
7498	47	4364
5445	73	1262
13191	31	1479
2030	73	4480
3977	73	6061
4424	73	6141
3028	27	9607
12857	31	4404
11527	73	10694
12265	73	11130
850	73	6251
5424	27	509
12550	73	709
11749	47	6033
5234	73	10007
8705	78	3842
7416	78	6520
1521	73	6104
8310	27	6421
14732	72	7075
2596	73	761
3664	73	7275
6439	73	4415
9764	73	14480
9726	73	4259
11037	73	1726
10549	73	318
5503	78	3670
3642	64	10266
10430	31	14755
4228	78	7647
14150	73	13594
3912	73	480
11000	78	6443
13791	73	2897
5615	73	6122
11508	47	731
13305	73	4316
11553	73	9600
813	72	7858
3967	73	4154
10105	73	3726
6537	78	1155
12686	78	5079
14406	73	11335
8617	47	9265
9425	73	5866
5445	78	9985
4616	31	5773
696	78	2378
5473	31	2831
2540	47	7988
12301	73	2869
2441	64	10613
9381	64	762
1144	73	6705
1097	31	6447
4446	78	10565
1096	73	11007
5066	73	474
4185	31	2883
13601	27	10111
2946	73	6844
5309	73	5832
8266	73	3525
5120	31	2526
14546	73	4684
2920	73	6027
13407	78	4129
10329	73	6519
2635	31	14742
5684	73	8076
9147	47	14487
2140	72	3538
14530	73	6272
9346	73	9214
8360	73	883
11313	73	2309
14326	47	5299
8807	73	6150
9463	73	6483
13073	73	9759
12521	73	10083
12666	78	11051
8920	73	10759
10034	72	8435
12228	73	6738
12809	78	1594
3790	78	9304
11447	40	7418
1088	73	3425
1424	65	9236
8365	27	512
13230	73	14384
2036	73	5966
6838	73	4725
181	47	2301
9128	65	9116
6756	73	5776
10065	47	4874
4603	20	6623
762	78	9855
10506	31	616
12757	73	7276
13207	73	4419
5957	27	4749
9910	47	7956
8587	14	7474
14654	47	8274
3149	73	5866
11211	78	1261
14130	40	9243
6364	73	9473
8573	78	6614
12542	78	9399
12749	73	10006
13233	73	14248
2101	65	760
12282	73	14142
4920	73	7223
12798	73	7407
14554	73	5315
11927	27	6421
14519	73	14249
4492	78	7717
2741	73	8763
8275	76	2426
7882	47	13685
14140	73	10444
10756	73	5657
12815	78	1253
13491	73	4765
12	73	6257
13252	73	1668
248	73	10325
10704	65	14893
13228	31	4404
620	27	8636
14880	65	9238
11022	73	501
9179	73	3407
14158	47	7308
8572	73	444
5190	73	7404
1498	31	4328
12046	78	4757
12240	78	5054
3156	73	7777
10792	73	6155
11271	31	2300
4273	47	10387
7629	27	10092
4247	73	780
1099	73	3460
3781	73	1129
7548	47	5031
8106	73	932
1397	73	421
839	78	8049
1361	73	5886
6944	47	469
13050	73	1726
14995	39	7377
11748	78	9274
1113	73	9563
2420	73	5327
2214	73	1992
11969	48	12656
3906	73	10767
14411	73	1768
9737	73	13786
12291	73	8934
12491	73	6252
4527	47	495
13557	78	3319
3189	39	2874
4473	73	5935
11748	47	2880
3393	73	9819
3736	31	9572
13140	73	630
14991	31	9208
9026	73	9766
13488	27	6279
7890	73	1421
2655	73	2842
4923	73	4549
1558	65	1685
2434	31	5768
13938	65	9802
12766	78	11077
3349	73	2415
13167	78	14695
11616	73	7605
5573	78	8484
1074	73	6138
5084	40	4197
10817	73	5849
8477	73	2383
11690	73	855
287	27	6203
4869	78	10212
8671	73	14851
12632	73	6405
5206	78	14377
13895	49	2976
12868	73	10691
12095	47	6177
6302	27	8534
939	78	10309
2483	74	10650
12058	27	1966
2747	21	6607
11593	78	5718
6864	73	9777
1567	73	4975
9258	65	6383
3170	39	14280
7912	73	8089
8505	73	13903
3771	73	6640
10480	74	10481
12906	73	815
10646	73	10163
12764	73	785
7341	73	10515
6714	73	6966
5621	27	4511
915	73	9705
4823	40	1028
11	73	8200
5372	73	5774
227	73	6259
11343	73	444
12774	78	1943
8082	73	6430
3656	47	14707
7581	27	14340
11241	47	6928
3765	31	6196
12055	78	3588
11042	47	14707
9671	31	9050
11897	73	7087
827	72	6300
10457	73	6040
3923	73	1833
3357	73	1766
5588	73	1544
14214	73	14220
9865	65	5774
5614	78	768
7205	78	2705
13241	78	1253
10690	78	9049
7074	47	10563
9893	27	3203
7219	73	3439
8872	78	10566
12631	73	7656
9756	65	7364
9418	48	2447
13570	78	8300
4219	73	7421
12702	73	1170
1179	73	9032
6436	40	4250
10133	73	9043
6550	47	7017
11207	73	3674
4799	65	2800
13384	73	2668
4189	78	1980
1354	21	9211
1111	73	3047
3808	78	14430
9530	78	4795
2274	40	10085
9407	73	5515
16	73	740
7543	78	4755
14	73	14764
14846	73	8863
7578	78	4766
12829	47	1794
12621	27	7365
14070	78	14430
4430	73	6199
10375	73	7710
8526	74	14506
527	78	4779
14937	27	2166
899	78	3396
8007	40	9552
8239	65	4082
14551	73	14315
2379	40	10126
8794	47	10093
3541	73	6202
3037	78	10384
6130	73	5880
4202	78	7164
4028	78	10757
2594	78	7975
14894	73	2247
1558	31	4436
2037	47	3553
2912	31	9803
3941	31	10110
4241	73	11079
5237	73	8470
12840	73	3554
126	47	4411
5477	73	3334
7263	27	1536
10764	73	7176
5426	73	8480
11000	31	6336
7503	78	4366
9150	73	3431
3053	27	4759
1477	47	14008
450	73	9951
3751	73	1631
7413	73	14396
8889	73	4399
8814	47	487
4042	73	2891
11777	31	4420
2615	47	7035
7137	27	7646
4524	73	14759
555	27	9139
13016	27	11517
13139	47	6191
54	31	4389
10486	65	931
13506	73	4159
2042	73	6601
4257	78	447
13008	73	5968
9525	73	3511
6509	27	8646
11761	27	5154
5388	27	7905
5522	31	2762
11688	47	6295
1348	47	4380
1572	31	2569
8095	74	13028
12023	47	5997
2820	14	1529
11313	73	5794
5574	73	3616
5711	24	10112
13345	73	7789
13963	73	2191
3812	73	10519
7499	39	5014
5233	73	9278
6426	40	13686
9560	78	2683
11791	73	3067
1443	11	2447
6771	78	10161
7030	73	6017
14611	73	6484
13057	27	11006
650	73	6270
1433	73	325
9767	27	14318
12093	31	3857
14580	47	2667
8303	27	14709
12424	73	7226
2548	27	10364
2009	73	1281
123	73	14566
10061	73	332
13929	31	2267
10138	27	2985
12205	73	4695
14618	73	3010
5122	27	2978
1747	47	6147
10719	27	4398
13356	65	11178
8376	78	2835
2704	14	1529
3002	73	2306
4734	27	11006
2421	73	5828
8938	45	9282
8617	73	2053
4824	65	6259
8239	80	8238
5201	73	4291
11417	73	4935
12609	65	9924
8099	74	357
10334	78	6246
6721	73	785
12206	27	867
11993	73	9067
9138	73	7743
9761	27	5650
7211	73	781
13362	78	4052
3645	73	2530
1184	73	6971
8329	27	516
11863	73	5776
55	73	2251
10897	78	5323
13115	27	14751
5556	73	5935
6647	47	14381
13041	31	4868
2130	39	9306
4272	73	11533
6063	78	6495
13126	78	9304
179	73	10367
112	78	2169
3079	73	5649
988	73	11333
7569	27	5837
9460	73	7607
5585	73	6027
704	49	14258
1485	73	6093
6836	27	6578
199	47	5304
13311	73	2109
12005	73	3641
14002	73	6982
12696	31	7992
11794	73	6640
8698	73	1289
10328	73	6284
7843	47	13685
7329	78	5564
2222	31	9995
11802	73	2140
4727	73	10060
2408	78	3544
1935	73	5973
9452	73	3105
657	47	9805
5581	27	11076
9635	39	4907
2948	73	2117
7845	31	440
8639	78	9304
8450	65	6035
10445	73	6281
3817	31	3857
6880	73	3372
4181	31	3001
11217	47	2887
12387	50	2411
7195	78	6048
10467	65	2601
11862	73	14393
1151	72	14247
8195	73	5726
392	78	3411
3044	73	13872
14424	73	9581
12874	73	9034
12353	78	3324
9488	31	5860
1459	73	3825
13489	73	282
14797	65	9642
10858	47	731
14928	73	10190
5743	73	2323
14979	73	9159
1252	40	4289
10476	73	1554
3595	27	1151
1994	73	1135
4974	78	14009
7531	73	2997
8047	14	9502
13170	47	6608
11253	73	7663
10456	47	487
3322	73	3609
10285	31	4886
14390	48	2447
9687	73	7632
10682	39	14728
14071	78	9085
428	40	9105
9644	73	11386
8615	73	8017
8260	73	14957
5130	73	5914
14438	31	6991
11045	73	2247
11226	27	867
11301	78	10757
11768	27	4859
1676	40	5852
6690	65	4322
7142	73	3403
4339	78	9976
2498	73	3456
11208	73	9759
571	73	3609
8621	27	11517
12886	78	6211
9161	73	5330
5357	73	441
10687	27	3444
14331	73	5887
10679	27	4764
12022	73	6249
13258	65	11076
11879	73	6107
1508	73	6516
14337	73	13885
9426	31	10666
5114	73	5802
8323	27	6219
12959	73	9600
9916	73	3236
12078	27	6013
2437	73	1249
2720	73	3056
12313	73	11170
4728	27	10234
13230	78	3587
14804	73	7223
2227	73	4296
143	47	1271
1207	73	9221
4028	73	3641
9371	73	9894
5434	73	9200
10623	73	13762
10628	73	10512
4037	78	3785
10059	73	7778
5561	73	13947
11058	47	9809
14728	39	2558
8505	78	14055
9499	73	9303
4033	27	14705
6051	27	5035
5362	73	4798
3005	47	3466
12750	73	7817
7698	39	4756
7552	73	5030
8834	73	8165
13154	73	2859
14557	73	459
10199	31	2760
13249	73	6437
11096	73	4987
5793	80	5794
11807	73	13589
12629	73	4368
195	31	3001
3969	73	1281
5122	78	8172
687	78	4755
9715	78	3759
5101	47	14008
5470	78	14416
6530	39	8103
2509	73	10349
13278	78	90
11549	27	13789
12264	31	14746
11628	73	6696
6840	73	2772
13535	78	7395
2354	47	5326
14826	73	1788
13386	27	4777
10708	31	2527
12029	73	2312
14446	48	3978
8465	78	10747
2989	73	8554
9711	73	2259
8019	47	7009
13753	27	3257
11588	73	10444
2807	73	3405
1024	73	8426
10433	73	2528
1314	73	4104
11848	31	814
5177	27	2985
2254	27	433
1868	73	7636
163	73	3063
1122	73	5012
12088	73	7738
8580	73	9818
246	27	9842
493	47	7649
11505	73	2247
14896	73	8588
7828	65	689
12864	73	14721
1560	78	6984
3119	65	1151
944	73	8542
10924	65	5856
8272	73	5886
2630	73	7483
10825	78	3533
3122	78	1261
11323	73	9303
14537	73	3523
129	73	7695
978	78	8049
1096	73	819
7896	73	1770
9295	73	7466
3041	73	666
14929	65	6035
6879	73	6478
10910	73	1438
9286	73	3841
7353	73	4819
12436	73	2140
472	13	1529
11221	73	13878
8779	73	3661
5556	27	14234
7104	73	13905
13165	27	7123
5484	27	14705
3023	47	9144
7378	78	7763
10221	73	6324
8744	27	9507
642	73	10278
5426	47	7272
9372	78	1536
6353	73	6912
934	73	10815
10456	78	7820
7909	73	7419
8744	73	6306
2551	73	10520
5199	73	4327
2183	73	11159
1103	27	5154
634	78	10309
7969	40	3758
14183	73	9072
5425	73	14292
12929	78	4085
2458	73	9186
8286	73	6239
12152	73	1672
4201	73	2669
14233	73	7658
114	78	7520
5343	78	3842
11741	78	7678
3196	73	5864
9699	73	3568
12368	73	530
6980	73	6634
403	76	14237
8106	73	7166
7215	73	2282
1527	73	10669
7357	31	3362
13765	73	7398
1333	78	4174
8821	73	5913
3048	73	10627
2018	47	9599
14097	65	4063
2180	57	7725
2745	47	9773
2431	73	10551
2778	73	11269
11524	73	5730
12568	73	14314
6619	73	7135
1483	47	6294
634	73	1737
182	73	7131
7697	73	8934
4000	73	8555
11064	73	10032
11499	65	9098
7880	73	5313
3221	73	406
5589	31	4319
13642	73	3439
6340	73	7114
12730	27	7978
1639	40	14378
3963	78	1736
8894	27	3202
5709	73	3683
5700	27	9731
9604	73	14264
1276	47	9520
4596	73	1134
220	78	4754
12461	73	7237
1106	27	4147
14999	78	7395
8050	40	879
8385	78	10903
14341	73	4725
4971	27	452
8958	73	10982
5429	27	4095
9746	73	1583
13596	73	10032
11065	27	3902
12638	73	14007
1196	73	7734
12863	73	6727
3107	73	6557
5442	31	6991
13932	47	446
12766	27	4758
12294	73	8057
12679	27	11006
6353	73	4008
12425	73	7560
8306	78	3448
643	73	13803
12009	73	9044
5501	78	10406
5346	73	6405
7247	73	6782
14613	47	14487
6977	27	7117
2955	73	5034
12387	78	4764
12551	73	7275
13686	39	7760
5660	31	11128
11453	27	964
12941	73	4514
14610	73	5794
7151	47	9805
1045	49	6816
11037	73	5932
12618	73	5931
12936	31	2212
4007	78	9952
5658	40	4477
14784	73	6783
6932	40	8076
12139	73	1758
8925	73	3073
1050	73	7782
743	47	4193
8151	73	2021
6592	78	91
3265	73	6278
13276	73	3207
10738	78	3443
882	40	4751
9339	27	964
13347	65	3517
12348	27	517
1646	73	14800
1878	78	13812
5668	31	9208
14503	73	6679
13318	78	10021
5260	73	4550
6840	73	10581
13751	73	7981
12030	73	4018
11243	65	11380
385	78	7989
13827	78	7397
14932	78	6226
12573	73	3625
11550	47	9606
14981	73	7376
13074	73	7788
81	73	7615
10985	73	2209
5549	73	11031
13042	27	4112
3590	73	14483
12408	31	13687
599	25	14585
9884	14	11724
14303	73	14335
10945	78	9093
8246	73	813
11834	73	10039
5001	73	9148
13529	47	6493
12505	78	8866
13708	27	5868
10176	73	3801
7353	73	3612
5475	27	2368
2174	31	507
8134	31	9694
10760	73	431
5006	47	7056
14675	47	11486
3784	73	14510
14254	31	3244
11775	73	5649
2010	73	1281
14736	72	7760
9499	73	4296
13084	78	11376
14933	31	9574
11055	73	593
5569	31	5758
5259	73	9633
10267	73	1768
2575	73	6056
8354	73	10160
6772	27	9847
11265	27	9927
14923	73	2182
13482	73	10962
13301	73	4051
4713	31	9960
3823	31	4793
4564	73	3159
3182	73	14132
14933	47	3628
13045	73	10023
10329	73	6196
10346	73	9926
3421	40	5950
3815	27	9984
647	73	2282
14888	27	14706
7847	73	14511
12239	73	9972
12301	73	3502
14681	73	9073
7158	73	4774
9413	73	6166
9418	78	6393
11049	78	6169
686	65	8943
12897	78	3470
10442	73	5932
7841	73	275
7337	73	3228
21	65	11139
5171	78	8300
11090	50	7708
14056	47	7308
3723	78	1429
8996	73	3955
12335	78	3210
7892	65	4423
13181	78	8866
11698	47	4086
1017	78	8424
4461	31	8174
965	39	5766
10989	31	9830
1727	73	441
12679	31	3370
2966	73	3608
9318	73	3127
2908	73	7985
50	73	9522
14207	78	2268
10637	73	6127
9457	65	4747
11691	73	14480
11973	78	10582
9708	73	6195
4093	39	8077
8634	27	3471
5683	73	5993
5403	27	7905
13821	73	2470
10435	47	9152
5619	73	5630
11605	73	7464
99	47	9599
4837	73	1550
1106	73	4402
14418	73	6642
11227	73	3058
1240	73	8384
10879	73	8415
10682	39	3761
4809	78	6679
789	27	456
13217	73	1761
7884	73	6272
6792	73	1132
13757	78	4629
2491	49	6816
13266	73	485
3087	73	1582
3649	18	8535
4498	45	9282
1818	73	7076
5585	73	6962
4589	31	4355
4532	31	4173
14640	73	3667
12191	73	9759
5367	78	2861
57	47	404
6559	27	6420
13035	47	7729
14646	31	1977
1936	78	6256
9162	27	517
14045	65	9808
9545	73	773
2085	47	4246
4014	78	5294
4790	65	6330
13396	78	6427
12588	47	721
11022	27	3076
12659	73	7223
4426	73	2396
8831	65	7961
12875	78	6531
11866	78	8867
4938	73	10463
12080	73	7663
1916	78	2076
7929	40	6317
2965	27	6381
10059	73	7478
3059	73	10098
8574	73	1237
3678	47	4411
8310	47	2128
8391	73	9769
14930	78	4706
6918	73	14513
3411	14	6856
12695	73	3543
0	27	5862
1812	73	6079
8753	73	6195
13229	73	6324
5280	73	1543
1266	73	11537
3081	78	10161
9132	73	3242
13706	78	9093
5932	69	8548
2748	27	9980
1185	73	14315
6732	73	7741
8740	27	3551
5339	31	10363
2550	73	7076
13826	78	10097
13419	31	11149
8751	31	4553
8734	73	7981
10400	31	9995
3222	73	9055
14827	73	4153
6567	73	7518
11091	73	5815
1063	73	1986
11408	78	4114
8077	40	5020
12511	27	9732
5663	73	431
12665	73	1125
13423	73	8384
8469	40	4781
10328	27	5324
8336	21	10247
12959	73	7958
8692	73	2380
9897	31	11128
4939	73	3003
7339	73	6653
3862	73	1988
10058	73	6040
11677	73	2263
993	27	10236
13443	73	4504
1069	73	337
1232	73	330
7832	73	14724
2664	73	2692
12647	73	10696
12311	47	3628
4471	73	3514
12018	47	6415
13968	73	1952
8339	73	6277
3617	40	3635
4540	27	3446
1497	27	9850
256	73	9950
10538	73	5750
14076	73	6345
8587	13	7474
14516	73	9044
8186	40	2124
4489	72	3512
1209	73	4048
9018	73	1419
3281	18	6264
5119	78	5850
2494	73	6155
9688	73	1951
14915	73	14126
11986	73	1851
141	73	5318
7842	73	3507
3144	27	352
6780	72	14376
10431	73	4664
10107	73	6208
13838	65	5296
12764	73	7924
7703	73	9303
12121	31	8873
11845	78	4706
8238	73	5918
3882	78	6903
10689	73	3073
8469	40	6396
7265	47	7694
2568	47	2161
11503	27	2097
13740	27	3444
6588	73	773
634	73	3631
2701	40	8549
14671	78	9697
12811	78	14782
2367	73	6346
10984	73	1764
7697	73	6487
13541	73	4362
184	73	9052
4306	73	4691
5072	73	6633
14111	73	11005
3129	73	6648
16	73	6487
3110	47	7683
2235	27	9623
4744	40	7050
7802	24	10231
12782	73	1310
12860	27	9781
4921	78	2881
3286	73	7738
2231	78	9843
8922	73	14771
3719	73	1686
12732	27	6235
7165	73	4103
3332	73	9094
5131	73	10190
8559	73	6257
2596	73	1411
11925	73	14315
3591	47	9212
11986	73	1847
5282	73	5999
4561	65	2835
14275	73	10313
12587	27	6493
60	73	834
14984	73	412
10648	73	4985
11857	73	4008
3264	73	14739
4547	78	2268
1936	31	4553
7201	78	9093
12492	73	4017
6736	47	6799
7977	69	6613
13458	31	3370
7825	65	2971
1003	73	14299
96	78	5294
9662	73	2211
13571	73	7620
14936	73	4166
8370	73	5770
6044	40	9193
13957	27	9108
12156	73	3840
11805	73	8772
1619	73	11167
3284	73	10357
8629	73	2769
1528	73	6682
1704	74	10928
4275	73	2755
11872	73	4988
13344	73	10023
1587	73	6079
5521	40	4771
10470	73	2415
1804	78	4776
3274	73	9154
11967	73	10841
7507	78	2268
3041	47	8382
11810	73	7862
14591	78	6286
8743	73	7302
10823	73	5989
12116	73	8301
912	73	5579
12869	27	5960
3154	73	10288
2195	47	7694
13823	73	2127
10259	47	4157
364	73	14471
11800	27	4095
8179	24	6199
12125	65	3226
8891	73	1687
12593	73	5465
1219	18	3417
14031	73	5973
6146	73	11334
10702	73	6966
13772	73	7039
10502	73	4287
11045	27	6581
35	27	14317
7405	73	812
8622	65	2800
4680	65	10746
9132	78	1853
10738	65	3443
14799	72	10230
13811	47	455
9470	73	4977
12823	73	10377
9749	21	10162
4472	73	9982
3279	27	11124
560	73	13695
8673	27	728
249	73	10389
14424	73	9784
9396	73	459
5591	73	5895
11365	73	5987
8740	31	9696
11849	31	9999
10964	31	963
2700	73	6027
14584	15	4085
5563	73	4443
6670	78	4630
8263	73	6115
8901	73	3824
1643	27	2994
13173	31	4355
8287	27	4888
13584	27	5837
13502	31	7932
14990	73	9221
12102	73	3204
11536	72	3514
1024	65	6433
8094	57	9112
10980	73	6573
3422	72	6689
3793	78	8484
8348	73	4480
1912	47	4364
7392	39	1772
8712	73	2694
10706	73	549
11775	78	14701
14165	78	1309
13630	65	5060
10341	73	9241
4963	73	462
1460	31	9696
9746	73	2823
12200	65	7126
1385	73	431
11612	31	4177
6774	27	9875
3805	73	7789
14398	40	8585
7715	72	6461
10064	73	6623
12542	73	1134
9682	73	5298
4962	31	14741
13275	73	1326
5930	57	5717
4472	73	7943
11816	73	9197
13110	27	4759
13407	73	2893
13049	73	14373
86	73	4798
3774	73	3450
12426	27	10038
13332	73	9031
12752	27	5877
7459	73	788
12360	73	4154
9053	19	990
10950	73	6653
6341	73	1157
4615	73	9654
12802	78	4909
12275	73	9777
9328	73	10000
10682	40	4449
3580	73	10014
1090	65	6048
13055	73	14698
1863	78	4866
2400	40	9105
7571	47	336
13264	78	6366
13243	73	11377
9458	78	2797
13522	50	14565
8224	78	3324
5629	27	5065
7920	78	2981
5128	27	9262
12727	73	6075
10062	73	9056
13109	73	3658
12071	27	722
13068	73	2935
12382	78	1248
12402	73	4143
11996	31	7864
6461	72	7715
6750	73	1817
13362	78	447
365	73	9640
2908	73	8550
8388	73	7800
14654	73	8555
11086	73	14975
8373	73	2133
10539	73	6255
8428	40	14996
12382	73	9811
5125	27	10236
11115	73	13873
6596	27	8940
12052	78	6330
1453	27	960
14047	73	4296
8452	78	6269
8127	27	7394
13743	27	6338
5415	73	9107
12865	73	4507
9371	73	4406
6476	31	4169
8229	73	4884
2214	78	5863
13462	73	9092
3355	78	5988
898	73	4908
12314	73	13910
13755	73	8144
5144	78	1016
13426	78	6409
4718	78	958
3992	73	4255
1319	73	6157
14648	78	6393
3234	72	7898
9348	73	10114
11713	78	9264
3288	40	6396
11233	73	10014
14693	39	4830
4303	31	10743
10569	73	9857
8268	73	3456
14184	31	10666
2924	73	1418
8157	73	13879
11186	73	7928
2489	31	11263
671	65	6091
10059	47	10115
8735	31	507
13710	73	2381
41	73	7959
12273	73	710
14520	27	5877
7509	31	6991
5637	23	1760
5273	78	7647
9891	73	1302
5161	73	8774
1574	73	14220
4221	73	10672
5586	73	3000
1982	72	14765
8739	73	6711
14114	31	351
10079	16	4598
14537	78	1893
211	73	7484
835	78	1980
8577	73	14800
5711	35	5747
11711	78	10030
11649	27	3455
12478	78	7746
9923	73	7307
1351	27	88
5272	73	7788
614	27	9507
2971	37	6373
1003	27	9847
2427	47	6294
13003	78	1476
8670	65	9929
7877	73	7787
5104	73	6027
6579	73	11398
9425	31	2137
2728	31	5334
13248	31	6148
2739	78	1258
5596	27	6671
1499	31	4389
9153	78	4425
5255	73	5843
1941	31	475
1967	31	5092
14970	73	10301
1577	73	6844
4465	73	9044
12237	31	9574
9618	73	6694
10499	27	14571
5491	78	3588
4450	73	9103
12274	78	3431
9210	72	8009
12089	78	6034
12320	27	4095
5084	39	4646
1513	78	9274
10690	73	5892
8307	78	472
11965	31	351
13640	73	1766
10063	73	7690
8584	40	9552
8570	78	7975
9414	73	10034
4884	72	8551
239	78	14415
8583	78	7364
7071	78	2378
13607	73	13866
227	73	1687
3356	27	5032
13937	73	2533
7849	73	4321
4510	13	2957
13295	73	14248
12054	73	10036
8386	73	6111
11465	73	7789
2679	73	11386
3344	73	1788
7886	27	9628
11118	47	6294
14669	73	1761
10177	64	14599
7574	78	4515
11970	73	859
11108	73	11192
692	73	9107
10873	64	11494
985	73	1770
3951	73	1346
672	73	3166
14149	78	2861
2746	27	14706
13172	27	4097
7392	39	7812
11954	73	9804
12266	31	9830
9298	73	6696
3380	73	3377
13058	73	7793
652	73	4159
3130	47	2818
10832	65	2800
8131	73	9902
5485	48	9672
1660	31	14745
12079	78	5753
2509	73	7303
11585	78	3213
14950	31	302
7110	73	4291
5360	47	4064
2092	73	4506
13978	78	1957
10457	31	14512
11610	31	1538
5554	73	4694
11729	73	3234
8802	73	8803
5534	73	3233
11430	73	2140
11877	73	10143
14649	31	5823
12731	73	9941
11059	73	14259
10610	73	6410
43	27	6315
11458	31	4328
8807	27	14719
13085	78	7520
11491	65	13909
762	78	9251
10831	73	14371
6436	40	13688
13819	47	7035
5699	31	4319
8500	47	9845
5372	78	6129
8622	73	10750
11924	73	2115
11652	31	2760
1311	78	1151
8401	47	2247
9414	78	3324
4551	78	2868
11086	73	6198
194	78	2895
9013	31	3401
331	25	1889
11796	27	6419
2784	73	6844
7760	20	7753
11428	80	11429
237	31	8932
11945	27	3430
12797	73	6503
11440	27	7292
13805	73	3191
14935	78	2097
11084	47	6357
175	78	6232
2573	73	3607
14358	73	4073
13964	73	11537
12751	65	2800
14175	73	10492
8715	73	6433
2101	73	857
14168	73	5763
1006	73	7981
12388	73	11516
7536	73	3077
2438	73	6057
8564	47	7041
3702	73	9058
12504	47	5775
14019	73	2109
11795	73	7087
2579	27	914
612	78	14477
11547	73	5298
13080	73	7787
13799	73	470
11700	27	456
13222	73	6194
14848	47	404
8921	73	485
3932	73	2987
1877	49	9672
11736	73	9691
11395	73	623
13689	39	14308
4950	73	14754
12797	31	2607
11112	73	4866
70	73	14432
14323	73	1326
2941	47	1271
11683	73	1951
13743	73	2208
12906	65	14716
13103	73	14721
5521	40	14397
13663	73	14957
11107	78	14801
13449	73	2266
8058	78	9592
12181	73	11192
1657	73	7960
14277	27	9399
12755	73	3450
13469	73	6291
11794	73	13785
5233	27	7117
6888	47	2089
14889	73	7728
26	31	7190
6988	65	4796
8696	78	1533
2079	73	6824
6884	73	14376
8042	14	3773
4686	40	9552
7806	65	5063
6815	73	14480
5695	47	10167
2010	73	6686
14145	27	856
1468	78	427
1274	40	8052
2280	69	9118
10426	73	3952
8582	78	11177
1089	73	6663
14767	39	8659
1060	73	593
1233	78	9118
8809	73	7083
14431	78	4081
15	73	505
11961	73	7994
6745	73	2324
13643	78	3610
744	78	4437
9355	27	6315
2073	65	8884
10558	73	3067
3789	78	7370
14551	65	4322
9703	73	2370
9753	73	5057
12618	31	13693
1225	31	2526
250	73	4415
5352	73	4321
13429	73	7987
14503	23	1760
11749	73	2318
8189	47	9949
2190	47	10563
13621	73	2211
494	39	14466
9426	73	4603
6222	40	4751
196	73	10487
6811	27	14751
2525	73	531
9952	39	5872
2738	73	9848
1499	27	3430
14198	73	9799
3540	78	340
11100	65	10746
12090	65	14783
11428	64	11429
13721	31	14755
251	73	1554
14367	25	1675
8502	73	6056
9636	39	10044
13145	73	5846
6736	73	6411
5492	78	382
8243	65	7905
14091	73	4315
6847	47	10311
5368	73	10029
12031	31	4169
2914	73	624
1896	78	4054
8530	47	9520
5281	78	6199
1347	78	14415
11820	73	1020
7847	31	14761
1054	47	7272
3325	65	9579
5253	73	739
10832	73	3504
13621	73	3825
10652	78	3367
1608	73	6512
4031	65	2062
11966	73	7735
5249	47	6972
3376	31	3244
6616	73	3038
4269	73	10099
10401	78	6031
12941	73	6526
11457	73	444
10923	73	4055
12450	31	11144
263	73	9576
8122	73	6272
14083	78	9399
1343	73	6576
7507	11	2447
565	27	5651
1441	73	3439
1070	73	4506
1507	47	7184
5598	73	3061
12934	27	4004
700	65	9731
12397	73	6270
5548	73	14657
11615	73	2380
5548	73	4552
14065	47	5031
11746	73	14566
12045	73	2869
14085	47	4901
5185	31	3370
12455	73	2370
11237	27	7292
1014	16	14430
33	27	5029
249	73	10403
7541	27	953
5377	73	10188
11799	73	426
4655	40	4782
13910	72	1744
13090	78	3197
8149	73	7379
12019	47	4122
10194	78	8881
5181	73	3076
1915	73	9271
8219	31	5949
1363	78	2683
13144	47	14707
4207	73	11130
13776	78	4146
1625	73	5907
6124	72	471
4530	78	7300
8756	78	6882
13218	78	5903
12462	65	6520
12641	31	14745
13008	65	2062
5302	65	4747
13456	73	3336
12503	47	7056
8624	73	10080
1046	78	7412
13316	73	5769
13391	73	9181
14136	65	6425
1232	73	11434
9447	47	11152
1614	27	13900
10412	27	9507
8604	31	11539
8496	73	1126
8616	73	2114
1886	73	2135
4626	73	9112
5255	73	7175
13095	73	7368
11302	73	7637
7444	78	1946
5071	78	967
6641	40	3200
2434	78	9584
10123	73	5632
10290	72	14961
1144	73	10357
3124	73	3236
11093	27	423
3770	73	6929
8368	31	422
8895	73	10077
7336	73	2179
14788	73	11477
5729	39	7964
13399	73	777
12431	78	4655
2817	13	3978
13110	31	1298
10788	27	9623
11314	73	3684
11881	73	4368
958	72	7162
1391	47	1760
14079	73	1255
14090	73	5849
14047	73	14241
5238	73	6397
7242	73	6661
27	47	4117
5231	47	6301
14250	73	6199
6470	73	6627
12607	65	10513
5329	73	9188
8800	73	5850
2061	78	8856
2836	69	9962
3887	73	9929
11944	27	10746
5256	27	4398
14544	73	3072
13129	73	2257
11933	73	2533
2651	73	5787
2389	73	666
7289	73	4296
14105	18	3210
1358	73	7670
8960	74	14069
10788	73	9039
13969	73	6108
4307	27	1827
896	73	4873
3265	47	13877
11354	78	7118
10298	73	4986
11930	73	2770
11222	27	9854
8318	65	2166
7908	47	2535
2508	73	14700
9763	27	1536
14999	73	4480
9704	40	1950
9012	78	4360
12001	73	7899
4616	73	3432
2557	73	9841
1733	47	2449
4594	78	3544
7900	73	10361
9393	78	1856
10838	73	13845
4976	73	968
7442	14	1138
3959	78	5946
12012	73	11532
6742	43	12760
4655	40	7590
1643	47	5627
14442	73	9928
5158	73	8168
14507	73	6008
1751	27	7984
6465	73	1680
14146	47	336
4771	40	4435
9422	73	7226
11974	78	14444
12404	73	8413
8397	73	3787
171	73	5849
2222	78	9264
5606	65	1541
5763	72	2323
11186	73	13843
14280	39	13880
12128	27	14309
438	40	14735
6453	31	11263
12847	73	1673
6987	11	2971
11975	78	6781
2017	73	6117
7330	73	14134
1925	73	10060
237	27	2985
13552	15	1980
9746	73	1993
11770	73	11334
7020	47	10115
11629	73	9774
6950	78	11405
12315	73	5333
8227	73	6826
10138	73	11346
12278	73	10776
11296	47	7575
3806	73	6823
5505	73	3105
13341	78	4297
11734	73	6708
45	73	2827
2372	65	6048
12439	73	6023
8736	73	3214
12635	73	14657
11955	31	9772
4493	78	5796
14433	73	415
5209	73	2371
4566	73	6545
2902	73	14243
8049	13	3773
3172	27	6215
1070	27	4290
14831	27	4868
11199	73	6411
8376	73	7114
7021	73	11401
10845	27	5301
7711	72	2882
3832	73	9529
523	73	5883
11703	73	1944
10446	73	5183
998	47	2449
13345	78	1825
1882	73	7427
14269	72	728
13154	73	14567
13127	47	9773
4833	31	9117
11561	73	1770
8185	73	1163
3650	73	4880
11546	31	4323
2942	78	9049
2095	73	11048
3733	27	6957
48	73	7976
13418	73	7755
12331	73	11532
11856	65	14718
8058	73	5751
14792	47	4193
6857	73	6156
12023	73	6856
12064	78	8765
8684	73	6779
9655	78	10960
1997	65	9226
13138	31	3354
8319	73	4065
5920	73	5816
9882	73	1989
12710	27	1778
3391	47	7034
7583	73	10015
10576	73	9493
3050	73	3056
10895	65	14715
7062	73	5998
8734	73	6233
6886	73	2390
1023	31	1682
7204	73	10696
10763	31	13588
7448	73	3415
13822	21	10247
8376	73	4889
9907	23	479
14440	73	6020
2084	73	10313
7583	27	2841
8567	27	2314
6759	78	9619
2436	27	14318
5121	73	7980
9465	47	4246
9763	47	3159
14184	78	14247
5156	31	9198
4789	73	1338
7871	73	4315
8652	78	5891
12190	73	4096
3046	73	1365
1858	73	2901
14085	73	9034
13054	27	6417
13379	73	8858
8836	65	5296
11114	73	501
9005	78	3441
9884	13	11724
10473	47	13685
11091	47	1169
13542	73	635
12303	78	2675
2553	73	14759
13900	57	4085
12247	73	8433
5614	47	1945
3736	27	10038
12201	73	14483
1932	78	1849
121	73	4408
10220	73	7251
13948	47	4882
2955	47	14777
10882	31	9810
14875	31	6078
3913	27	5652
10050	31	4886
12447	47	8382
11744	65	4359
1645	27	14721
11601	73	7275
10451	47	14414
8166	73	10052
5604	73	2065
12760	78	1253
8178	15	11535
4457	73	6179
10479	73	543
10639	73	8537
13027	73	10513
563	78	14061
3217	78	10406
11829	78	9274
11374	73	6061
1459	31	9785
13206	78	5804
8719	27	11177
12878	27	4630
2007	27	4441
13522	73	9252
8581	73	635
5156	73	1322
11479	78	7957
3373	73	2179
10955	73	5847
13959	73	3414
11254	73	13872
7385	73	3302
11692	78	5742
13870	78	7689
181	73	2301
1750	73	6337
3778	73	6239
6914	27	1049
10768	73	2771
12689	47	7399
13372	73	1716
14105	73	883
5872	39	6413
10306	73	9570
13348	73	5751
4028	47	9624
581	73	5890
200	73	1308
1119	73	3347
534	40	4129
11858	73	667
187	73	6128
1464	73	2889
11464	73	6132
11787	27	14697
11413	47	336
12936	73	11129
13138	73	8934
1910	47	5775
2522	72	6199
12226	73	3409
1252	40	6116
3327	78	3588
12227	78	2608
13921	73	7095
11953	31	4173
1872	73	1150
4737	73	6134
3919	73	923
629	73	4694
4951	78	958
7066	23	749
12494	73	4543
6706	72	9285
10618	47	6799
12862	78	9036
5427	27	14573
5608	78	3835
11098	73	2714
11924	27	14352
1679	73	11131
5568	73	4103
4119	73	9039
6791	31	9995
7779	40	9880
8245	73	9224
14148	47	473
13132	78	1533
1820	31	3370
13171	73	2897
8975	64	5367
4807	73	8546
14897	73	4051
2913	73	2360
5544	73	4248
3112	73	11167
11220	65	4080
1939	73	4139
4964	73	6105
287	73	10292
8151	27	5296
2590	47	4882
8255	73	11439
250	27	7874
2735	73	5968
9700	78	11145
5603	73	14007
9748	31	2832
483	40	9306
10045	72	5579
9685	27	4155
4742	73	6166
1070	65	1797
9674	73	10773
12969	78	9584
13425	73	7466
1561	73	14704
3368	73	11127
12316	31	13868
6752	78	93
6966	72	5333
1681	72	7463
2938	50	3400
553	73	10186
6936	73	3452
13422	73	7494
14855	73	6367
7417	78	7930
11969	78	402
6178	72	10696
526	73	13847
14215	78	4754
99	73	9822
2223	69	4870
5172	73	2405
10873	78	863
3819	73	10389
12891	27	721
4856	31	4367
7393	40	3671
12752	73	6102
14898	27	3361
4713	73	11007
11009	73	10205
8279	73	7759
9006	73	7994
1193	65	9970
10305	47	9606
3262	47	4901
10786	73	3497
9391	65	4082
1905	73	6192
2749	78	1168
9544	27	13789
3040	27	867
10646	47	9624
7244	65	5065
9711	65	10015
6935	78	4297
4745	73	5952
7630	73	4544
11431	65	10091
12353	31	11538
4771	40	4191
6898	73	3660
13023	47	7311
13811	73	2453
11467	27	2166
1082	73	5993
7455	73	4408
9471	65	4068
11456	73	8523
7482	72	2870
2722	78	476
10132	73	10006
13564	73	7182
11900	73	2853
1477	73	3323
5216	78	1767
9479	78	10749
831	73	13673
8214	78	6655
42	47	868
8385	78	4124
2943	73	8060
3251	73	14699
10862	27	10745
3980	31	2832
21	78	9209
3998	78	863
7545	73	2312
8660	40	1539
11089	73	9818
12844	65	8700
7223	20	1198
13423	27	14705
6567	78	6256
11492	27	4101
11505	47	14381
10682	39	5727
12850	73	2816
1173	78	382
2577	78	8041
14213	47	1428
4192	40	6176
2534	72	1275
6716	73	9581
9499	78	6781
544	73	6679
3742	73	2415
14562	73	6663
9418	49	2447
12650	73	3504
14387	73	8972
10448	73	2958
8988	73	10052
11998	73	630
5441	31	14011
13191	73	7663
8389	73	13877
3848	73	4368
5265	73	9788
2940	78	5458
7696	47	9217
11643	73	10513
13795	47	7645
12900	73	9221
8996	31	3535
13082	47	3639
3268	47	7645
9407	73	1412
14825	73	3253
14099	73	10191
14188	78	1161
6466	73	5756
3703	27	9115
1808	78	10582
1222	65	8849
12692	78	4755
12087	73	7606
5157	73	6189
1660	78	10423
3967	47	9949
3364	73	4362
8893	27	517
10530	73	6715
4274	78	8199
11578	73	1328
4994	73	14565
5096	73	11116
12559	27	4097
11608	73	14138
8805	73	10353
215	73	7633
12647	73	6605
13870	73	14513
3547	73	10060
5821	27	511
12399	73	5749
3292	73	1157
67	27	6416
12010	27	10489
8142	39	6641
4026	47	4899
3705	73	6430
13002	73	5978
4191	40	327
7538	73	7962
4913	73	4506
2587	78	4425
8687	27	6753
5197	73	5847
12755	73	4287
11886	31	7796
4701	73	6003
3084	65	6397
9347	73	2877
700	73	1150
8373	50	5983
1139	73	10493
9465	73	11403
10907	78	9023
566	27	6514
14188	73	3439
5447	73	9807
11108	73	10511
8343	78	4145
10702	78	11379
10840	73	3695
14453	78	4895
8720	78	1692
12239	73	13843
11103	78	4077
13482	47	7575
12652	27	6215
2000	73	6680
14161	47	9606
14617	73	9730
4469	73	10227
7568	47	14381
1214	73	7695
13329	73	10780
7212	27	7672
8374	73	7404
5237	78	4855
11868	78	5722
3199	73	6910
10572	73	2179
3790	47	1775
12043	27	423
2006	47	3613
13665	73	4699
3217	73	3539
12983	78	10681
5285	78	4360
9680	73	6239
11266	73	5315
5671	73	2066
11292	73	3625
1888	73	8431
11059	73	8043
9645	65	14706
554	73	9954
9342	73	10302
13382	73	5849
10481	73	7669
1233	73	14572
1196	73	5794
6510	72	9622
13338	73	6487
11734	31	10031
10469	73	11333
554	78	9940
13147	27	4398
11870	78	8531
13838	73	4293
5425	27	9731
14277	31	9117
10929	31	3857
7718	39	4130
12568	27	867
11881	73	7462
12389	31	3258
1176	47	7767
8207	78	10566
13611	73	3616
367	31	5949
4456	73	7860
1054	47	9838
8020	73	13594
14880	73	7305
9753	73	9113
3767	47	6407
7072	73	10278
14184	27	5301
10808	73	4166
9361	73	6605
8316	73	4058
9457	27	511
12719	47	3553
13075	73	9625
884	40	4435
2618	73	3323
12089	27	1827
10835	27	3672
10726	73	4399
7408	47	9077
9161	73	5989
9118	69	2280
3292	73	6645
10320	27	4868
121	50	6072
11612	47	6033
14818	73	4067
7990	40	10390
4407	40	14728
11961	65	8700
4127	31	10363
11321	73	6442
3183	31	14761
4250	20	10087
10073	73	1952
4344	47	6492
9136	47	1694
9887	73	822
2537	47	9812
12800	73	4693
2904	47	10167
12262	27	935
13519	78	6248
5942	40	6974
6976	73	10227
4006	78	1261
13361	27	14716
3990	78	4414
12150	73	5992
1599	40	3627
11879	73	5917
4538	78	863
14625	31	9785
8887	73	6107
4564	73	9054
9167	40	14736
12500	31	9803
8781	27	8636
5822	27	6421
9176	73	10289
9494	78	4778
9349	73	2123
14501	50	7226
3	31	9830
8505	65	14055
5181	73	6916
13152	47	6356
9379	27	8472
199	73	2999
1315	48	3978
11806	78	9270
6546	73	3253
4340	78	1594
2719	73	1981
7849	31	4137
7891	27	13882
1924	78	1259
39	73	2051
14170	78	3670
11599	27	4698
8845	73	6167
10435	73	9705
13336	78	7794
9804	72	1942
11768	73	13886
14677	31	11263
12509	65	689
3268	27	481
1081	27	7117
8397	73	10318
12006	73	5462
11472	73	4088
11803	78	11347
13814	47	7048
13163	73	11497
8450	31	14737
825	72	6046
1458	73	1267
2474	73	6912
6924	73	6029
13319	78	442
200	73	8172
14637	73	5835
896	31	9830
1503	73	7945
8457	73	5895
10194	78	8862
2490	73	4325
1699	78	1767
14879	73	6557
13166	73	4296
8358	78	4689
8295	73	3772
3272	78	6269
2225	73	6825
11671	73	7733
1034	73	3348
13926	73	979
9861	47	9606
13521	73	14771
14652	73	6484
5502	27	7646
4473	73	8438
400	27	2866
12285	73	10032
11562	73	4109
10265	73	9651
3664	73	2877
3823	65	4793
6718	73	7131
13759	73	13876
5912	40	7590
13205	73	415
4194	39	10385
14500	73	598
13647	73	10011
11742	73	14697
8232	73	10006
12170	73	3514
14607	48	2971
2170	73	1894
1845	73	7787
8675	78	4106
13776	73	14259
1830	47	7184
5700	73	5776
8831	47	723
8356	78	6614
8561	27	2368
1076	78	1767
11112	73	6314
848	73	10293
8406	50	3615
1392	65	9932
9402	73	2528
14214	27	9276
13107	27	6843
380	31	6078
11231	73	514
5325	39	6313
7877	47	4380
4644	73	5859
2782	73	587
14491	27	5647
12464	73	9199
2213	27	7306
12703	73	7625
13023	78	4896
11994	73	14221
2661	73	10007
3584	47	14010
5700	73	7175
14862	65	6984
5166	27	960
12421	27	512
12411	73	8430
10457	73	2932
11101	73	8384
14480	69	2771
10723	73	3408
8209	50	6345
12617	73	2838
86	78	11178
11873	73	14371
7885	47	11182
8686	78	3469
7260	47	7694
11154	65	2258
626	47	4246
4009	73	7175
6721	78	8432
13642	73	2021
12243	73	13804
2350	47	10388
8166	73	9271
2982	73	1638
4783	73	6394
10561	47	4882
12169	65	9942
13707	27	3529
765	73	6502
13568	73	3525
8395	73	6964
14158	27	511
13177	27	8041
12789	73	4094
1118	73	2247
6130	73	7076
9427	27	3441
9448	73	10278
7465	65	10040
5568	73	784
1240	73	6012
13981	73	14021
13304	78	4766
1967	73	6189
12569	73	5911
12291	73	3461
8167	73	1278
44	78	6573
1386	73	6826
538	73	9231
1661	78	8655
1520	27	4095
643	31	7991
5177	73	2732
5582	15	6232
240	73	9811
2484	78	864
10434	73	10580
13369	73	7128
11846	27	2841
4941	78	7224
7452	73	7305
3002	78	6256
12590	78	4829
4570	73	2761
5605	27	7680
5707	73	10962
820	72	7095
4586	78	7717
8921	73	5630
9161	27	6416
2516	27	721
8455	78	9638
8316	78	6495
8722	39	1961
10673	78	5856
12015	73	10192
10625	27	1827
4059	40	8524
5759	72	6057
1378	73	5932
9	73	6170
1647	73	10779
7447	73	3063
14516	27	10016
14429	73	4248
8388	31	6377
4046	40	9243
4801	78	4780
7878	27	5930
4244	73	797
2393	73	10518
5013	73	7013
13366	31	9190
12480	73	7045
1429	14	3773
5679	73	5914
7448	73	3431
9713	27	5035
13355	73	14771
2789	78	6904
13775	73	8144
117	73	13878
5731	45	9282
5505	27	7978
14749	72	7736
7550	27	8075
14065	73	7823
4662	47	13685
2236	27	5029
9316	27	2835
12708	47	4380
287	73	9639
910	65	1008
9481	73	9581
10499	65	14571
10907	27	9023
12826	73	6689
1807	78	6332
2699	73	2857
7624	40	879
6222	40	4780
10661	78	4106
12331	73	439
12784	73	1307
6658	73	439
7360	73	3523
7532	73	10017
2655	73	3082
10827	73	2290
6067	73	4368
1391	73	9989
5719	39	14398
11765	73	6106
1002	73	3691
6926	40	9257
12676	73	7641
12866	73	9237
4600	73	3506
11614	73	10007
12230	73	6291
228	73	6485
3086	73	13834
3167	73	11159
8614	78	4091
11583	65	6383
11588	78	5737
8807	73	3216
8518	47	1008
1857	73	7526
8097	73	8435
5733	40	10009
12079	73	3445
9004	73	1427
7554	73	6014
4956	73	881
11829	47	7056
12666	73	3000
9712	65	9943
9348	78	4755
2738	73	7995
13361	31	2122
12387	73	3187
4230	73	8763
11946	73	6101
6067	73	5039
3285	73	2879
8389	73	5910
14205	73	7114
12902	47	1271
14940	27	13669
7405	73	11528
13599	47	5646
12701	65	6048
1316	73	14471
5572	27	3256
1690	40	9832
9923	73	2208
13453	73	6221
13340	47	11182
4680	73	439
6861	73	6154
9752	73	6178
226	21	9211
11592	78	5305
3745	73	9946
6181	72	3161
4102	40	879
3987	73	5880
13005	73	1683
9203	40	4646
9744	73	7227
994	47	7675
11878	73	10024
1643	78	9036
12093	31	6163
12234	65	10127
1140	65	4063
32	73	7080
11930	73	7602
7236	73	933
4365	40	6274
9013	47	7442
11894	47	7516
13358	73	5774
13806	73	2769
4063	57	1965
14621	73	4563
1193	47	7064
271	78	6297
12719	78	4414
3016	73	6316
9411	73	7166
8158	73	14496
8525	73	4048
7153	73	2464
1060	73	5970
80	31	7040
2710	68	13900
3794	78	8484
11314	73	5859
7511	31	6991
1585	47	7063
14859	73	7088
11062	47	4193
11321	73	8437
1139	27	718
1417	39	6045
12467	73	5927
2020	78	3556
11951	73	7620
2030	47	2826
5487	73	11334
705	78	13897
2033	73	6782
9695	19	9853
10908	73	14485
374	78	2076
3768	73	10640
13515	78	7079
13393	78	4068
2019	73	3406
2581	73	13852
12292	73	2961
13234	73	6200
6582	47	2398
672	27	3185
614	73	7277
3116	15	2825
14847	47	8458
11624	73	6630
14391	73	2120
11919	47	5299
8127	47	3884
12964	78	4867
2744	78	14416
8963	73	3643
9601	73	8173
13488	73	7663
8890	73	4399
14163	73	10758
6617	62	5952
2559	45	9283
11425	73	1421
9428	47	7683
703	73	414
4248	72	3524
12013	27	4685
14014	65	6338
12516	73	9637
2326	78	5294
5253	73	8140
13825	78	6287
3958	73	6072
11687	73	337
2750	78	2078
3889	31	9198
9135	78	13789
306	78	6611
12326	73	2855
9480	78	6925
5483	73	10627
3854	39	8396
3970	73	14734
2665	73	9052
3828	73	7476
9636	39	9498
2641	78	3533
1425	39	3406
12324	27	4417
3280	31	14719
12387	47	4882
2006	31	516
3583	65	5960
2363	73	10988
2000	73	6117
128	65	6417
5485	78	863
13622	73	6631
7279	31	7648
2142	72	4983
12261	73	5849
14382	73	343
5139	78	6855
904	73	10692
3656	78	9049
12894	27	14732
3052	73	9841
4640	47	7184
3411	13	14258
3247	65	5652
12866	47	4899
2504	47	1169
3509	40	3412
12325	31	3370
12515	47	9949
2108	73	5462
3804	47	10381
8226	47	7184
3042	78	4755
2456	40	4366
7943	72	2053
12564	74	4452
1860	47	10093
6778	27	1979
13484	27	9108
8310	78	5842
2644	73	14765
4814	73	9088
14795	78	13677
3915	78	14695
1907	73	2110
6402	40	1947
5745	40	10245
8794	47	7034
12415	78	7950
11204	78	2314
10324	31	4177
12824	73	2356
10928	64	1704
12579	47	6294
8077	40	4093
12935	31	1148
6176	40	6175
11944	73	2066
5409	78	9985
14736	40	7760
4021	73	10149
3151	78	7798
5443	73	13593
193	73	3502
10978	78	1325
13585	78	4054
14434	47	749
1120	73	2046
11953	73	8552
13493	65	3555
13916	73	11121
3128	47	2870
3651	47	278
10932	27	4417
609	78	8700
11717	73	14769
5492	78	10253
5006	73	5944
2479	35	13909
5164	78	2143
12626	27	14706
8609	31	10013
11540	78	4772
9010	73	10039
12261	73	6273
13796	21	4165
11344	73	2021
8083	73	2179
14271	73	6591
11009	73	14704
13650	49	13466
2564	65	5296
5606	73	667
11383	57	6125
11941	73	11330
5374	73	3844
13478	73	549
8572	31	3531
13710	50	2381
13246	73	7620
4278	73	9067
13765	78	8445
1871	65	10582
581	47	2887
6490	47	6677
10476	27	9978
11926	73	2065
7405	73	6021
2609	78	2841
2104	73	5935
8567	73	6118
5497	78	11124
13692	40	8077
13597	73	1134
4947	73	5906
12025	27	9302
12757	31	1789
12619	73	1543
13042	78	4112
6658	31	5768
4790	78	6330
5285	47	8458
11206	73	3228
6610	39	7052
355	47	2796
8296	73	14142
7929	40	3627
4616	73	7618
5516	48	9502
9454	73	10351
12342	65	4982
1748	47	7675
1498	73	14371
13928	65	2555
8911	73	7587
488	40	4432
12579	73	7728
14644	73	4443
5384	73	9903
6609	39	497
8822	65	1272
10839	49	13466
12287	27	517
13255	31	8873
48	73	6050
110	18	2125
13211	73	9189
10053	78	7794
12621	78	11339
12664	78	9984
7825	11	2971
13029	73	2707
2059	73	3237
13149	73	9527
14655	73	7464
14681	73	2257
104	65	14055
10366	57	5931
1914	73	4690
4717	73	6640
11961	31	1131
10983	73	13873
938	78	6225
7536	73	9768
13962	27	10224
12486	73	7043
11186	73	5867
14462	27	6683
8782	47	2818
12912	73	6111
13354	78	3367
2481	73	5829
2254	78	433
5896	78	2184
10951	47	8862
13700	31	3535
7706	39	5969
14844	78	7425
12931	73	7088
11304	73	7276
6735	17	4351
9679	27	4057
6979	31	4175
10989	73	325
7335	78	4351
4611	78	8300
374	27	14384
5581	73	4320
13365	73	6077
8225	27	4639
11733	27	2455
9550	73	13851
11359	27	414
8803	47	14055
6895	73	9084
831	27	5811
8240	18	463
13522	31	9824
8137	40	6396
3200	39	6932
5197	73	5935
13891	73	6388
4523	31	14761
1429	13	3773
224	73	11162
4406	72	3506
10614	73	4603
11239	78	3417
1106	47	5648
8188	73	1328
13338	73	10761
1645	73	2714
11085	73	881
801	78	5564
8102	40	7590
10576	27	3757
2012	47	3429
4505	73	6629
5386	73	3067
4430	73	7087
12100	73	6526
7384	27	8646
13955	73	13952
11924	73	9851
7918	73	3439
11113	73	6435
13648	31	1674
3890	74	8491
11675	73	3853
12445	73	2876
5466	13	4387
3128	73	7484
7513	74	801
13933	78	1253
68	31	10038
5766	40	14466
3086	73	9303
12032	27	7895
9969	19	990
2557	47	9598
13929	73	13851
10687	73	3488
13232	73	11121
111	27	1536
14925	73	5907
11702	78	3071
13038	73	9971
9484	78	589
4705	78	3632
1368	78	10253
11294	27	4775
12439	73	4798
14972	73	9634
10643	73	4099
5207	73	5828
12150	73	4794
1466	73	10024
12807	73	2390
10071	47	1405
10800	73	5333
5590	73	2411
6555	73	4249
11729	78	10741
5604	78	10960
12182	78	5378
558	73	6783
2106	73	2021
8342	27	5647
12556	73	1770
14890	47	11152
3941	73	4154
13390	73	10033
2949	73	2117
1112	31	6303
10268	27	6338
1519	27	1049
7100	73	4291
11604	47	3254
7458	65	7943
12457	73	7004
1961	40	5852
3341	27	7127
8264	27	14762
8872	27	10566
10482	73	7786
2927	47	945
12085	73	1973
6797	65	8129
12215	27	14351
10766	73	11434
7747	20	6929
10534	27	1434
6530	40	8694
11941	73	6254
9547	73	9698
2168	27	4759
6622	72	11178
8840	73	9972
3658	72	8648
12334	27	13781
6978	73	13856
2950	73	2770
12276	73	803
13591	39	7808
13356	73	13855
1772	40	7812
13219	27	6934
12288	73	7182
8734	73	11338
5251	78	9049
9756	78	4764
10438	73	1268
11951	73	462
14080	73	9796
13892	73	4576
12850	65	6083
10477	73	6969
4583	73	6026
8467	73	3396
11736	65	7517
8121	73	10802
13360	73	6068
1229	73	4251
3045	47	3619
5452	78	3100
11802	65	6048
538	73	9193
13448	73	10293
2366	73	7708
13768	73	3336
4906	78	1434
8615	73	7744
11122	20	491
14409	23	9973
13098	78	14490
5485	74	10967
13468	27	6203
12056	78	5959
3514	72	11536
8179	24	4653
13792	73	9851
9020	27	2985
8720	47	2854
12456	73	1330
12836	73	9643
13735	73	7663
5501	73	4044
8368	78	8534
3337	73	7177
5667	40	14397
9610	78	4984
14227	78	3603
1027	39	2146
14985	78	1155
5690	73	7739
12319	78	6039
2029	73	2695
5475	73	3439
2954	73	5784
9135	73	6403
1086	73	13782
5352	73	10179
10340	78	7723
3679	73	4318
1514	73	9769
976	65	3443
8497	78	8064
9957	45	9282
9425	78	9236
13549	73	3502
11242	49	2447
6930	40	7689
10865	73	979
14461	27	4163
10214	73	8314
4675	73	8420
12335	65	7724
5572	73	5657
5000	78	7520
538	78	7122
8340	74	362
3779	73	7175
10435	73	10314
11625	27	4689
1653	27	7672
7253	73	4981
11276	73	2464
9294	65	5065
5708	73	2937
1116	78	1259
1997	73	1135
13139	73	439
13721	73	11068
7148	73	4314
2039	47	469
169	73	6923
1804	78	10747
13352	27	2062
3192	27	10101
12626	78	9963
9677	73	9362
3295	73	6126
3708	73	4058
12954	27	424
14427	73	14668
3530	73	3826
9930	73	5866
3997	31	4436
4667	74	1515
2571	73	1440
11903	73	777
13296	73	7275
3893	73	10012
562	27	4381
12290	78	14962
5743	78	14415
9016	73	6022
11783	73	10463
11950	73	9252
4735	73	3435
52	73	1687
1517	31	3564
10985	73	6001
9672	17	3934
6766	27	4775
13368	27	13835
14054	47	2407
8671	73	4055
9294	73	7995
1160	73	2879
12765	73	2211
8698	27	10579
12355	78	2601
3036	78	10384
7910	73	7051
1560	27	6984
110	65	10041
5937	73	2999
13099	31	13687
4283	73	5828
11573	31	2899
7197	47	13685
7409	73	14471
13310	47	2089
3804	73	14765
9008	65	1543
8163	73	10581
1017	78	384
5181	47	9624
13965	73	2120
12070	73	10325
12516	73	3336
12575	73	5032
2482	73	5317
11735	73	9691
14580	73	10251
12932	73	7189
2578	73	14343
14945	27	3672
4046	39	3293
12122	31	10038
10048	47	6357
10969	31	3440
12840	73	11134
2011	65	4122
12734	73	2452
11805	73	5925
12401	73	3067
6501	47	336
1120	47	2313
8084	73	6856
9429	78	5472
8558	73	14480
12560	73	3423
11884	73	1826
12896	73	7152
4244	47	6407
9342	73	4500
9403	73	8010
7352	73	415
9442	27	3603
705	27	3835
141	73	7160
1467	65	8700
11406	31	7955
6751	78	1778
11643	27	10749
11736	78	7517
2943	73	9971
3080	78	14801
136	31	3142
6788	65	9942
12933	73	8763
11986	73	4363
4815	73	3061
3298	27	6984
14032	49	2447
5469	73	7709
6364	73	14511
13954	78	14385
9149	72	9501
13352	65	2062
8207	73	7518
10539	27	14761
13091	21	1846
8219	27	6665
9377	73	9639
12835	78	8060
2400	29	11424
10905	47	2398
372	73	6249
9472	27	14133
4806	47	10902
2723	73	2048
14920	31	14741
6974	39	7050
13105	31	11538
14996	40	5215
8740	65	3551
2016	78	8655
396	78	2169
5777	39	1260
11025	47	7694
4227	73	9420
10897	78	447
7693	73	7182
10710	31	2527
3019	31	3535
11620	78	714
13362	73	8384
5869	13	6816
9667	47	13685
13132	73	2180
14865	73	7662
13226	27	10567
12967	73	8470
13055	73	9654
7335	78	5955
3710	64	2292
10424	73	10444
8905	73	1763
12677	31	9117
13817	73	5910
1704	78	2817
14899	31	1293
5426	47	9838
12822	73	7421
1621	73	2838
8124	73	10754
3771	73	1640
5205	78	6531
4783	47	10775
5593	31	9505
14683	73	6355
2617	73	4160
3384	73	4419
13799	73	5176
8154	31	6377
5108	78	5753
5394	27	2603
13542	73	10767
1228	27	7394
5491	73	1320
8702	73	7776
12274	73	6233
2799	79	9385
670	73	11075
14580	73	1547
5591	31	5773
10989	27	5855
7326	47	2313
7452	18	4751
6955	73	9769
7143	65	7588
7459	27	433
14216	73	7018
3723	49	3773
11808	73	3559
12701	78	6048
12834	47	1959
9756	27	4764
13476	73	9774
7439	73	6003
492	40	4771
5434	78	6614
11359	73	1544
13113	73	7860
14986	73	4143
9377	31	10243
6201	13	9385
5076	73	10752
4309	73	13876
1510	27	7905
13718	31	4319
13111	31	4868
12514	73	1255
3119	73	2996
5415	73	9611
10607	27	6315
14093	73	9149
12003	73	7010
7869	27	6421
3655	73	10098
2045	73	6828
7132	73	14475
11112	73	6133
8740	73	7859
9442	73	7658
4058	72	1132
11694	27	4381
8723	73	2471
5606	27	1541
536	73	2188
4627	47	6407
5117	31	7310
1001	27	4797
12568	73	5878
5372	65	2026
13539	47	7017
2758	40	2867
7525	78	3842
7540	73	3425
9009	27	4113
8494	47	9580
7530	73	7813
10830	73	9851
5144	73	7633
12770	73	6738
11414	78	10746
1487	73	4985
51	78	4414
9565	40	4373
12690	73	9148
12877	73	9951
8378	73	7438
13581	78	3934
573	73	8555
736	78	1031
5358	73	4558
12040	73	11273
3474	49	6735
9019	27	4482
13959	31	9824
1352	31	2760
12137	73	659
1916	78	9302
130	73	9044
3541	73	2992
11037	73	3612
812	57	7661
14408	73	1127
5605	73	9804
14667	73	2827
5589	27	4147
5347	73	1827
2023	65	8700
1052	78	1258
12224	47	14568
12951	78	2076
11105	73	9157
12111	73	6644
3693	73	416
3887	73	415
12552	47	7308
8023	47	4193
9141	39	9167
13217	27	9607
8599	73	5986
12871	73	1022
10463	72	10303
445	72	851
764	47	6278
2050	72	3010
745	73	13673
10131	27	2368
13416	73	6012
9026	73	1411
14728	39	3189
2337	47	9598
12205	73	2312
10824	47	7048
13968	73	14458
7612	73	2987
11249	73	14574
6350	73	3064
13046	73	6832
12261	47	11267
13136	27	9632
5624	40	5623
10806	73	5726
902	78	7950
12313	31	9574
8292	31	4100
675	78	1306
83	27	2455
11780	78	7038
8507	78	4081
1230	73	9926
1398	73	9278
10719	73	3442
14072	78	8047
5414	73	6503
7530	65	9585
10569	73	6635
4435	40	5014
11009	31	1545
12917	73	930
811	27	14236
14226	73	6577
13734	73	6629
13975	73	3408
13796	78	1248
13544	73	14953
5498	27	7370
14115	31	2569
4675	73	6782
13009	73	2381
13742	73	1249
13659	31	9694
10995	73	5836
7364	72	826
4625	31	14774
1032	73	7315
14963	73	7653
10895	73	2162
2218	73	3169
7396	40	8867
8086	73	10403
12683	73	2380
11989	65	448
11043	78	3441
4334	78	8441
1064	47	9122
11256	47	5299
6350	73	5931
8169	73	2373
10510	78	10231
1246	73	4690
2399	73	7985
12806	73	14384
12821	78	13684
7862	72	3191
2703	73	5887
11116	72	2998
4565	73	14729
9443	27	9875
845	73	3954
10526	73	4399
11867	73	2360
8096	73	2415
13972	73	6030
10473	31	14774
6809	73	9107
5529	31	14768
12924	73	2897
10464	27	2900
4660	78	967
14586	27	6215
4046	39	605
13503	73	8548
12498	73	1126
14984	73	11066
2553	73	5176
9389	27	7096
10126	39	5808
1625	73	923
13968	73	3200
9456	73	8503
1264	73	5884
7806	31	9830
12860	73	10006
10499	73	7135
13420	73	11133
9461	73	6401
10326	73	4478
12525	47	7184
1080	73	7607
8519	73	9055
3938	73	1766
14620	73	4883
12012	73	4937
12221	78	11142
14713	69	462
4541	47	2149
3586	27	7926
14077	65	931
1055	47	14312
2232	73	9983
5585	73	6502
12698	73	10149
5045	73	421
12125	27	4777
8710	78	11124
12108	73	5928
10843	73	7116
13345	73	9596
4679	73	8468
605	40	4978
2000	27	4441
2651	78	2163
13437	73	6632
8560	73	7033
14408	73	4121
5008	27	4108
5235	73	2290
11798	73	10007
12957	73	4768
11765	65	7997
12645	73	8470
1820	73	4123
2624	73	1430
12381	78	7372
3599	39	13679
5938	73	330
4681	73	3184
9397	73	4138
1569	78	6269
5004	47	7028
1279	73	6282
4257	27	2662
988	47	7034
4244	73	11127
2958	72	3404
12712	78	3604
2629	73	6056
8350	31	2137
9590	27	9254
9614	73	7963
14032	74	3177
11091	73	2992
315	73	5965
4119	73	7182
839	49	3773
1071	31	13878
7222	73	6648
12881	27	7126
8369	73	13380
5052	47	604
12767	73	5726
12055	27	1957
10334	27	6246
11755	27	960
113	73	5848
13085	73	2129
3579	73	10052
7550	47	9502
9295	73	4104
13554	73	2963
5611	47	5627
4657	73	14504
3406	40	1425
1181	73	8144
683	47	2854
6658	78	864
1074	73	8017
14667	73	6663
4710	73	7226
4006	73	9575
14095	73	4506
2101	47	5748
14646	73	6640
4178	73	13674
9921	27	452
7907	73	14371
8647	31	8932
14812	73	2877
5544	73	666
613	27	4101
11695	27	7905
13450	47	3639
11551	73	9517
4647	78	3324
6932	40	11167
268	78	5962
4462	73	8758
12588	73	3239
14395	72	6971
10703	73	776
759	73	7656
2022	78	6309
180	73	6444
8507	73	3559
12862	27	2900
1117	31	87
10401	27	7306
14197	78	14701
10117	73	9581
1896	31	7603
2924	78	2402
527	73	3504
12578	73	14495
5182	27	4112
13665	31	7089
848	73	14765
1932	73	14731
11444	27	712
12519	27	6911
5102	73	7711
10942	73	9969
1182	73	2842
5661	73	733
12473	73	1635
2677	73	7128
9339	27	2144
14613	78	6287
4586	31	10031
3891	73	4121
3803	73	8105
9134	73	6848
12361	73	7121
3648	47	2149
12115	73	10640
10948	27	9578
13088	73	1784
2925	73	2935
13530	73	11535
14649	27	5029
6841	73	1777
3886	73	6971
12571	73	7972
12442	73	10361
9695	25	9853
10340	73	2556
10238	73	10626
8831	65	6437
14832	73	4504
10805	73	5012
10334	73	9084
2941	73	4693
10870	27	6244
12409	47	9501
12876	73	6712
8083	73	5769
13813	23	1760
12609	73	9194
5275	73	747
14014	27	6338
7452	31	3857
11340	73	2206
8712	73	5976
13495	73	3633
11783	27	1685
4926	73	11262
197	73	7765
6749	73	5750
11922	31	4328
7493	73	10314
8399	27	4554
4840	73	3497
11460	73	6709
1059	78	6315
7489	73	1133
11203	73	10000
3868	18	2449
9918	78	11376
11069	40	5023
2592	65	6035
14030	31	4863
6948	73	1544
2916	73	5750
333	73	5737
3577	73	2877
11448	73	14259
12622	73	326
12140	73	9261
3832	73	8200
8919	27	953
655	73	803
12687	73	6053
8082	73	8094
1445	47	9974
650	73	6828
13472	73	5839
1164	73	2804
6234	72	7002
8510	47	1965
7441	73	9199
14145	78	10084
7140	73	6970
12109	73	6061
12533	73	6282
8903	31	828
4561	73	2187
5307	73	6593
4519	47	9933
2911	73	6679
11531	73	14293
11200	73	6433
13617	31	10369
13760	73	9084
12151	73	5895
756	73	1254
11941	78	8865
10193	27	14417
101	73	9032
5440	73	8409
1456	65	6035
207	31	2883
359	73	9214
13639	73	662
12753	73	5462
8851	27	7921
14945	73	10209
14408	65	5652
2283	57	14384
8590	73	7652
2104	47	14008
4769	27	10237
11026	73	2148
10763	73	719
11676	73	3406
3897	73	7725
5393	27	3458
1050	65	2900
1742	78	9274
8696	73	8200
11020	73	2605
3309	73	596
11948	47	2887
11853	73	9986
8641	47	5304
573	73	6633
2460	73	6324
11977	73	14511
6736	73	3063
5162	78	14477
5552	31	828
8902	31	4177
11087	73	1989
4710	73	9788
5258	73	5931
1185	73	5895
8670	73	6305
10322	78	3241
12755	73	4335
2232	27	2850
14595	73	14384
14621	73	5784
1942	72	4698
7497	73	8858
8964	65	10045
3175	73	4475
7244	73	802
1751	78	9229
12667	78	2599
2690	73	14142
1041	27	9157
12931	73	784
13999	73	3883
14390	78	5950
5511	73	9698
7194	73	3342
14637	73	1784
6470	27	7998
8559	73	1198
11706	78	6416
6359	78	10043
1685	72	8409
4215	73	6110
5159	27	8665
3247	73	4109
8333	78	6048
10945	73	10032
5246	27	8046
12391	73	5464
5710	47	11487
8237	65	4796
1324	73	5898
10503	27	10162
4220	47	2880
3051	73	14954
13990	73	13899
5267	78	7873
2922	47	7674
11243	27	8300
11353	47	6177
10721	78	6144
2626	27	14719
13405	73	14510
8576	73	6827
6875	73	14765
1380	65	14006
1379	73	10389
984	73	2117
14129	27	8765
13670	40	5080
5420	73	4396
13824	73	13850
2743	73	5769
13002	73	514
12575	73	6823
11687	78	721
8496	73	6738
9080	40	13380
10825	31	13857
13296	73	8384
10133	31	4137
12760	31	7310
12784	78	10596
2388	65	4422
7020	73	7404
14906	78	4706
5950	79	1349
2343	73	5778
6534	73	2932
9655	47	959
11465	31	13857
13157	73	5776
8827	47	9399
10216	47	8482
5603	73	767
10451	73	2409
1014	16	13743
13992	73	4904
13914	73	2371
1914	31	13588
10453	78	3099
13581	74	1901
9668	73	4880
13737	78	9718
917	47	3619
30	73	7663
7703	73	8434
5361	73	14287
10320	73	4636
8604	73	3633
5251	27	6671
3715	78	1404
3875	73	10155
13481	73	10163
23	47	7516
8244	73	4249
14102	73	11073
6762	73	5657
7232	73	593
5142	78	4330
1667	18	4132
8922	73	8542
13515	27	7079
8185	73	597
10127	72	3570
10561	73	7131
1569	73	9034
7546	73	9110
7577	27	6817
13161	78	2097
7527	27	6711
12101	27	11147
2636	73	5870
628	73	11165
11035	47	6407
3766	31	8873
4996	47	9624
1200	73	10160
6097	73	14392
9514	27	2803
148	27	2157
10425	31	3535
368	78	6414
11847	21	14346
13363	73	7380
4948	73	2274
10412	73	5769
9714	27	1533
7827	73	10211
5821	73	3561
7290	27	10900
7252	73	6630
9937	31	9694
8279	73	3127
10417	27	14270
12875	27	689
14600	78	2706
12790	73	7695
3300	73	7226
13577	73	10033
5208	73	10496
11807	65	4796
11635	73	719
10989	73	2415
12009	73	10358
11387	73	7946
9126	73	2200
9396	78	7642
10917	73	3334
6949	78	14321
5020	39	4418
11036	73	6676
5116	73	11165
9871	27	9786
13157	73	4363
11823	73	7985
14789	73	6434
12149	73	586
8822	73	501
4803	73	7466
14445	47	9501
7754	73	13860
7442	14	2932
1490	73	10368
14654	73	4375
2468	27	9578
13986	27	9626
14651	27	9553
13223	73	7610
6869	73	4075
1215	73	6047
14051	23	2870
14703	40	9309
3876	73	3397
780	72	7084
14159	73	14743
1379	73	9631
7260	78	3441
9815	73	2069
627	47	2826
1376	73	2383
692	47	477
12461	73	2877
12909	73	2771
5414	27	2155
14964	73	7995
11311	73	9691
1234	73	10694
11965	27	14352
7825	78	10094
13831	73	4329
5108	73	1289
154	73	14948
286	73	4691
700	73	14480
11228	73	9779
9644	73	6698
9917	73	2021
12923	27	5962
2393	47	14008
13360	65	1791
2643	78	6531
11674	73	9894
9740	27	10078
12066	27	6398
1830	73	3477
14920	73	8864
2505	73	10152
11178	72	6622
7884	27	8539
8269	27	9778
96	27	4377
583	65	2978
993	73	9051
10990	47	7308
13694	73	13858
12481	73	3538
4499	21	10247
2038	65	689
9009	73	10695
4932	73	7739
7536	73	14734
1241	27	14352
8004	40	3599
12036	73	5456
14256	78	10492
3923	73	5980
13550	31	2369
12647	78	3469
8540	40	4432
7067	27	9781
9892	73	7297
13302	27	1979
5483	27	5891
12436	73	7788
5996	40	7689
9398	31	4169
7639	79	7639
10257	73	10291
12341	78	7818
3109	74	2483
13128	73	14261
13321	31	14746
3227	47	2178
5697	73	4560
1173	27	7394
4343	73	5989
10562	73	317
10884	73	14287
3851	39	2379
12770	73	930
3849	27	1685
3734	73	10023
10598	73	11537
11666	73	3566
6870	78	458
8907	73	873
3128	73	10693
4869	47	6356
12066	73	3695
657	73	2686
10955	73	7894
1612	73	6156
4207	27	7011
3373	78	10309
5567	27	8041
1997	73	1281
8812	78	10079
10964	73	1543
1355	65	8164
3874	47	4380
12612	73	8971
5240	27	6071
5278	73	10675
5947	40	1546
8712	27	5975
26	73	9107
3807	65	13835
5007	31	1131
10971	23	9838
3622	73	6503
3138	73	5883
14949	78	5861
13681	40	498
225	73	2560
13627	73	10018
13740	73	7128
6173	40	6175
10948	78	4330
1646	73	862
7221	73	4320
9714	47	14010
6	27	9579
2483	65	14276
13187	73	9493
13335	73	6259
10532	27	9507
10768	31	6309
1843	73	777
8065	73	4987
2248	73	7183
5607	78	11159
10116	31	4367
5118	73	2694
3198	73	14458
9424	73	9201
10685	73	6170
1198	69	5999
12294	73	10391
1994	73	6686
8894	73	13905
8051	40	5082
14025	73	3457
1507	27	4858
12491	78	6153
2976	17	9251
12000	73	8470
5162	73	6300
2490	73	8552
3926	27	9632
8792	27	4860
13931	27	2873
10908	73	11183
12575	73	6510
7136	27	3529
5808	40	3851
1593	27	3495
8851	73	9962
13825	65	511
11282	73	807
2000	73	7090
3282	65	14571
456	72	1953
9367	73	6598
7771	73	547
12809	73	4358
4843	27	2662
2235	78	4114
10580	40	11167
3550	73	1128
4734	73	6132
7599	15	4533
11984	47	4380
9231	72	1725
2502	73	8869
1518	47	1286
11083	78	1540
13048	27	13864
12916	73	6379
10255	47	7676
1843	47	6351
5697	78	595
11356	73	3396
2840	27	4377
2542	73	7942
378	73	4880
6527	40	5852
7334	78	661
1488	73	3435
8920	78	2608
11187	73	6828
2202	78	2817
11180	40	1546
13805	47	14766
1348	73	10694
3002	31	422
13836	72	3783
14644	73	6257
1456	73	14729
3350	27	6169
4907	40	5215
7613	73	8076
7322	48	2976
2199	39	10157
7192	73	14485
7842	73	6703
8839	73	6112
7353	73	2270
2640	47	9624
3037	73	2247
14845	27	9139
7751	73	4563
11093	65	5855
7298	35	4326
6565	73	10046
5263	73	881
305	73	6611
14046	65	2447
8415	72	425
1080	27	9623
11877	27	8884
2827	72	2582
13420	18	2106
1468	73	10011
2571	65	486
987	73	3612
8784	78	425
10301	72	7026
8507	73	10114
120	73	6661
13097	27	4697
2316	73	14493
5398	78	7820
6569	73	7656
12640	27	7677
5943	73	10024
1178	73	328
13530	73	7970
13148	73	6437
5210	73	1198
2183	73	2070
14898	73	7128
10890	73	9060
7453	73	2179
8344	78	6370
13527	73	9112
8621	73	870
12325	73	5835
922	78	2817
13550	73	3487
1082	73	3135
745	73	332
3385	73	4139
13200	27	2255
2227	73	13856
13448	73	3208
13081	73	2877
12744	73	6272
13052	78	7592
4641	73	14749
3580	27	10615
4741	27	9968
2641	31	9260
11248	27	14479
11435	48	9502
3967	73	2179
541	73	7916
13998	78	3588
14491	73	6102
1592	27	5752
5821	78	5724
2203	73	14345
6842	73	2842
14326	27	2841
4851	78	2800
8126	73	5770
6878	27	4113
2467	73	7711
3088	27	9725
121	47	4193
2944	78	443
3101	73	6507
12777	78	9114
10621	40	9552
13578	73	9125
3318	73	4320
9344	73	7008
13119	73	1706
14937	27	9978
9427	73	7042
8838	31	3446
3907	78	6031
5733	40	9552
14336	73	8943
3784	78	14510
13418	47	7600
9145	78	4054
7505	73	2554
7206	78	7296
12016	73	877
13273	65	2860
8801	73	6157
7698	39	10784
12576	73	9757
7377	39	1947
13896	73	2381
2590	73	10367
8378	73	2065
8306	78	7296
9920	73	14769
10256	78	9209
5663	31	10110
7249	73	7667
8952	78	6325
5592	73	7623
674	73	7082
12531	73	6405
8271	27	6679
9325	65	10091
3928	27	2166
9671	47	7596
13131	73	803
3699	73	14138
14878	73	5886
8295	73	13786
7432	72	6577
811	73	4725
9010	31	2526
9374	73	4959
2234	27	6114
9907	23	4438
1942	72	9804
1370	73	14567
45	73	13674
11927	73	4704
14600	27	2706
3092	78	14383
13563	27	2890
8975	78	476
12312	73	6113
5345	78	3324
12172	78	1753
12799	78	6248
11552	73	6290
10937	73	4154
11229	78	10094
13314	73	2998
12328	73	1894
35	73	7899
13838	27	5296
4477	40	4059
3174	73	2374
4801	78	3235
14904	73	9017
11703	27	2403
4788	27	9399
12673	73	6506
12805	73	5846
3815	73	9200
13268	73	14338
8452	73	3259
6529	73	2191
7500	65	5742
6763	73	875
14992	21	7643
5136	78	10741
522	78	6253
2473	73	14726
14107	73	3660
5130	78	3610
191	31	440
9918	27	14318
1970	27	6843
792	78	2391
10899	73	5631
9175	21	6607
4615	65	14124
5477	73	2290
8334	73	4543
5720	73	10032
128	73	3452
3343	73	7609
6805	73	2282
12014	47	2796
14296	73	7029
13560	78	4331
6860	27	7772
11969	49	6330
10917	78	3544
277	78	2375
6342	73	9292
3579	73	10080
14141	78	3090
7463	72	1681
13235	78	5270
8705	73	2669
982	73	2877
2190	27	10563
6451	78	1253
11210	73	5980
13130	73	2245
4850	73	2681
4131	39	5038
13014	73	7027
13379	65	9115
9794	40	9267
5397	73	6374
14803	73	6258
6839	73	3342
13974	78	3241
4810	73	7135
5148	73	968
1342	27	7717
12266	73	3061
8732	27	6136
7029	72	5992
13523	73	10023
12447	27	741
3562	73	13894
4477	40	1028
9916	73	1543
14636	65	6655
13312	27	5647
4655	40	6404
3847	72	2937
8767	21	4758
9615	47	7966
14406	73	9244
9605	27	10147
1576	27	6925
6731	73	2312
9338	73	13872
11099	73	8972
7148	73	7953
12962	73	14509
9245	73	7226
10924	27	728
2480	23	7035
9456	73	8468
5488	73	6204
10856	73	6374
13071	73	7777
13346	27	867
2174	73	7618
8787	78	7873
6588	73	4725
12079	78	8668
2025	47	9057
10944	78	8865
8964	78	3835
12160	73	624
3310	73	6170
10505	73	14315
13387	73	4506
14210	73	796
13750	27	14706
10928	78	3978
606	40	5714
4069	73	3162
12007	31	7932
8563	78	3561
520	73	8000
9465	78	6617
12606	73	9774
2697	73	6666
10119	73	4883
5589	73	2998
2610	73	11554
8562	31	3401
3152	73	1993
10707	31	4367
119	73	7914
11626	31	4389
10855	27	9978
10529	78	2805
6125	72	10750
9532	73	6249
14099	73	1431
13034	73	822
3649	78	6844
13041	73	9768
11237	73	4176
12035	73	6186
2953	31	4110
1335	73	7178
4011	73	5885
3373	73	7737
14750	39	5126
13994	73	10229
13384	73	4687
14579	73	3480
10954	72	3697
4118	78	4285
11634	73	7422
11757	31	1479
6548	78	3416
10745	72	3585
8223	73	6544
4847	73	4768
2	73	7042
10394	27	9980
12918	73	8433
5135	47	3628
10494	14	14276
12779	73	8057
5023	39	7590
2820	13	1529
13192	78	1253
11420	27	741
11718	73	872
3378	31	4892
1874	73	531
3994	78	11080
9816	73	3169
8291	73	3476
14380	27	2378
3886	47	9773
4678	73	7687
13535	78	7799
10836	78	588
5990	78	10960
12008	47	10145
13702	27	8666
2098	47	10388
14846	47	7594
12247	31	9117
13349	27	9894
6794	47	14008
10049	31	9314
5000	78	4909
1752	78	7118
12229	27	4398
14109	31	11538
11004	73	9774
14539	73	4073
10688	27	11076
1364	47	10311
12823	73	6101
8007	40	9619
8715	73	6504
10352	72	2933
3922	78	2355
2222	78	6531
12903	73	7868
3984	31	8932
1987	73	13841
12852	73	7182
12751	73	4690
6063	31	4892
14229	73	10998
551	73	4067
8635	40	2867
3812	50	930
2610	65	3187
805	78	3670
8823	73	2528
242	73	390
3223	16	13430
6327	40	5033
22	47	7988
11882	65	4885
5486	73	13594
2101	73	8552
2622	73	7088
11711	73	6275
13706	47	4385
7529	78	6654
7612	73	6712
1269	72	10160
11945	73	2115
4907	40	4250
4499	78	6099
14885	78	4754
12201	27	1437
10507	31	9234
2332	27	10101
4001	73	14485
9898	31	9787
8875	73	6679
14409	24	5652
14495	72	1018
3961	73	3611
14600	47	14487
12878	73	3239
9016	27	11475
13954	73	13952
8083	73	4321
7844	73	1171
6866	73	9539
14733	39	6418
988	73	5966
4596	21	6607
10824	31	6991
11683	65	4796
3145	78	6100
9862	27	960
2701	40	8533
9904	13	2971
11096	47	9624
210	73	13873
9180	73	5786
13457	78	10960
12432	73	2188
9862	73	3073
11916	73	635
2043	73	13855
12492	47	7017
12159	31	5773
3096	73	4104
9532	73	7278
1715	72	10101
1808	73	5333
9531	73	3061
1910	27	2884
8500	73	8548
9145	73	7653
971	73	11398
11605	31	6078
5809	40	2146
5678	21	1846
1711	73	4103
13104	73	6912
11219	27	14718
4968	73	6700
1040	73	4935
12802	27	6227
3829	78	10045
5040	31	7190
1461	31	11522
13647	73	2072
12228	73	6024
1136	78	2142
14675	73	7656
7072	73	822
2033	73	14951
10849	73	6856
7454	78	461
11084	27	9578
11742	47	9773
9020	73	2929
14037	27	3637
10611	73	11129
14909	73	10191
6683	72	6648
2018	78	6267
4701	65	9498
9414	73	5914
2007	47	3613
5452	73	4074
2365	72	9758
14069	73	3352
13222	73	5317
11500	73	8155
836	78	6325
9541	73	8774
14682	73	10270
5620	73	4320
8806	78	10090
1658	49	7172
12583	73	4880
8062	27	4747
14286	40	14012
14615	47	1678
1654	73	6667
12208	73	5828
12640	65	3759
1785	47	2149
6120	73	6902
14509	72	832
8767	73	6651
14398	39	13688
11114	78	9085
12121	65	1979
805	31	3602
992	73	2182
7217	73	5337
4702	73	9950
7205	73	6511
9383	73	10227
12649	73	979
7909	73	7398
13565	73	9594
11319	78	5842
9137	73	462
8135	76	7831
13451	78	1309
7197	73	6016
3752	78	14313
6950	27	11405
9483	73	7653
13597	27	3257
6065	47	1678
10762	73	7663
6946	78	3197
7253	78	3346
8295	73	8074
1487	73	9568
8672	47	6311
3464	73	14800
2781	27	14779
11860	78	3417
1548	27	4299
5549	78	447
120	47	5299
8810	73	7739
564	49	3978
14790	78	8213
6462	40	6441
13091	73	3161
3295	73	6519
6140	73	2889
3921	40	14728
8050	40	7050
5131	27	9507
11677	73	13858
1937	27	7127
2983	73	6167
14843	73	3480
4877	47	2404
10210	73	9199
12720	73	3956
14623	78	1753
8221	73	6270
1209	65	10215
2577	73	9047
11175	40	4129
5051	73	7663
2008	73	1283
13438	31	7955
13779	40	738
3284	73	3525
85	73	6053
13146	73	415
5174	31	4137
1770	72	2987
4962	31	7188
6054	72	6573
7338	73	5777
4660	47	454
3031	73	9568
4190	73	3952
7455	78	4909
12585	27	9783
12848	31	2300
7279	73	8972
13275	47	14568
12600	31	7299
3947	78	9929
3481	31	9997
8642	31	10110
2349	78	4421
9683	73	10088
9322	73	9637
5401	27	4796
8893	73	2114
1040	73	6053
14446	78	3978
11626	50	6186
6974	40	4131
467	40	9733
5436	78	3090
8028	27	14706
13109	78	3417
8391	78	9783
2181	73	13855
5103	73	10663
12475	73	862
11056	73	5909
1618	78	3441
12071	47	2089
10729	73	1989
7487	73	6271
4180	73	9047
2007	73	10732
6947	73	10374
13100	78	8661
13540	73	2380
669	78	7044
7710	69	6194
7159	73	9202
5229	73	4704
7342	73	3787
10613	48	9672
1284	79	9385
1368	47	4140
14279	73	7867
1160	73	2634
1076	27	10030
12469	73	9040
12383	78	2097
12154	27	5060
1432	73	4286
3676	78	458
10873	48	9672
5128	73	4761
5231	73	11160
8623	73	10519
6450	27	14417
9601	73	10227
1137	73	2409
10886	27	7682
13895	78	11161
10890	73	8168
4588	78	3367
5995	73	14264
10341	47	2404
2755	72	9653
601	73	1426
4458	73	4991
8227	31	7671
13239	27	13882
12718	73	9786
10654	73	7376
1242	47	6407
14363	65	1365
7907	78	8861
7408	73	7708
3385	31	440
14136	31	9696
10141	73	2986
12233	73	11127
12576	27	14779
9500	78	5295
14928	65	4885
366	27	3471
11712	27	874
2063	73	341
14243	72	9777
949	73	6073
12269	73	10767
2335	73	2383
4521	73	4862
522	27	6203
4820	73	3214
14641	47	4846
7321	73	6622
8496	27	5642
13350	73	420
7549	73	11537
7386	73	8200
2253	73	6333
5288	47	8482
10104	73	4008
12466	73	9201
5119	78	6692
8582	73	8542
11357	73	6626
12770	73	10001
10722	73	3408
13275	27	5979
10968	73	4293
10624	73	14700
14780	73	10232
11525	73	10374
14645	65	11475
11356	73	6056
9372	73	11327
5396	31	10243
13089	73	9312
11782	73	10349
11642	73	2066
2598	40	5844
8457	73	1256
6992	27	2378
14655	73	5833
1342	73	3408
14533	73	14533
11619	27	14706
8623	73	5293
7131	72	8440
6840	73	7388
13653	73	6637
7814	39	6613
10522	73	6152
4188	47	1694
11890	65	727
5690	73	8431
12140	78	4423
12108	73	8546
4220	31	4137
14820	27	14309
13420	27	6383
9658	73	7772
7503	73	9759
12767	73	9769
3264	73	4880
4607	78	3551
2086	73	4442
5171	73	6633
1743	73	9279
3387	73	2154
12925	47	7596
8624	47	11078
4729	73	7131
4302	65	1273
13452	73	2145
13156	78	3447
2936	73	6028
550	73	7083
8678	78	443
13713	73	6682
4342	27	7905
5238	47	14010
4993	73	9146
8004	40	9306
13118	65	7874
2747	73	5834
1949	20	9929
11870	73	14955
13509	73	10186
10979	78	14479
9710	27	1008
13113	78	9970
8126	78	4106
12420	73	865
3592	73	6604
12295	65	2800
5239	27	6071
13998	73	7641
10028	20	13834
12957	73	7980
7133	47	7956
12429	73	2371
3901	73	7481
105	73	6013
10508	31	2832
12322	73	2200
4418	40	5020
12281	73	10778
8756	73	4761
1614	31	6236
3792	27	8484
9931	27	7934
9635	40	14717
11483	40	10392
13525	78	9697
9171	73	9801
14364	39	5023
5325	39	6274
919	78	2375
4920	27	9119
12742	47	7041
2320	31	7366
13739	65	1306
5238	78	739
9908	27	10045
14451	73	3525
13820	31	2527
14828	73	6277
9815	73	6233
6550	78	955
12188	78	4437
5309	78	11173
7207	47	8382
5506	73	6577
8252	78	6298
14666	73	7821
215	73	5153
13322	78	1272
7890	78	9940
10117	47	731
4922	73	3659
4845	27	6228
3969	78	11423
7555	73	11403
14672	73	6186
2213	73	804
5951	73	9588
13622	73	6538
144	27	10125
1005	73	1826
11465	78	2675
14043	74	21
7924	10	7280
8149	78	5782
5376	47	7596
8111	27	6422
11924	65	6251
12935	27	11014
1746	73	14574
11109	73	6539
13964	73	9774
4261	73	10761
13317	73	7182
3727	73	9946
12269	73	13952
13272	78	6307
1644	47	4411
2749	73	875
2642	73	6741
14240	73	10672
3293	39	606
14596	78	5079
5008	73	4248
2716	78	1031
2504	27	6289
11767	73	4870
13624	78	8172
11822	73	3825
7147	73	10213
3115	47	9805
12251	73	5840
2626	73	3827
12945	78	7588
5212	65	14457
5217	73	822
5548	73	2891
5608	73	767
2648	65	9776
14814	73	6625
9356	73	4291
1043	73	14567
9250	27	7677
14856	78	11145
2682	40	5080
14938	73	4362
13130	73	5879
1605	21	722
3424	78	2868
12286	47	5824
902	47	14569
145	27	1759
8275	76	2424
10231	72	332
5641	73	3302
13932	73	2694
3794	78	8986
6070	72	10034
2508	73	9103
8579	31	14755
10502	31	9574
12211	73	2567
11685	21	4911
2406	78	7093
8408	73	7182
10506	27	4004
11431	27	10091
1509	73	10669
8900	31	9069
13880	40	3438
4005	15	4125
5604	31	6213
14263	73	13851
10540	27	11473
13513	73	543
4751	39	14398
2697	27	10488
13820	27	5830
265	27	8532
3809	73	5999
3799	47	2887
8509	31	2602
12649	73	6622
10557	78	6287
8187	73	10017
1969	73	4153
12387	27	741
5953	73	773
8081	72	13851
6878	78	2375
617	73	9797
4713	27	11076
5517	78	2895
10056	73	9988
4810	73	1411
3301	31	4436
13760	73	13760
11366	73	14710
3199	73	1544
12806	27	7644
4604	73	6194
8712	78	8700
1996	73	6680
7377	40	14995
13357	31	13687
2303	40	9793
1147	73	9639
5	65	8656
1821	73	9819
3788	27	9802
1335	73	6005
10891	73	13899
13969	73	7946
14101	73	6103
11034	73	7995
2024	73	2693
8558	73	7128
8260	78	10960
11946	47	6928
13019	73	8772
11556	65	1048
10986	73	13886
7446	31	4133
10456	65	7820
908	73	10672
8112	73	5176
14914	73	6324
12648	78	4706
10210	78	4234
10059	73	7121
12566	31	3602
11427	27	4165
4338	31	2260
6987	65	2971
13718	78	7820
4945	73	4382
13072	78	9262
6174	39	4197
12826	73	2126
554	73	4399
8247	73	3633
8271	73	7958
2727	47	6135
14680	73	13883
975	78	8955
8647	73	6689
3848	73	10288
12623	73	6345
8889	73	10496
14850	73	1989
8923	65	486
134	47	6384
13728	31	9574
8359	27	4357
13434	78	4513
10651	73	2211
7066	73	8430
11855	73	779
10700	78	7647
4464	31	10089
2430	73	1338
1814	73	6433
5511	73	6648
6673	40	5766
1575	78	958
1344	47	8587
8857	73	9121
264	73	2530
11411	73	7735
234	73	14000
12108	27	14763
8612	78	5636
11806	27	10038
10769	73	587
9022	47	14381
13230	73	4044
12035	47	8862
488	40	1676
4365	39	10385
5424	78	2139
8724	27	6958
1006	27	14478
9878	73	1670
9339	15	6232
7192	73	4164
12321	73	11334
9587	73	5886
13454	73	1268
7340	78	4317
11201	73	2801
14071	73	6346
6479	73	10962
1208	78	10385
3310	73	6115
8277	47	2818
11026	65	2978
11591	21	1288
3274	73	858
6898	73	14723
3828	73	6186
12597	73	1440
14137	73	1763
12076	73	6118
14519	27	3071
4208	73	5456
12566	78	8856
5209	78	7619
4738	47	6177
12121	78	4655
14068	27	1536
8561	73	10006
7113	31	2526
7203	78	948
4601	78	7077
14641	65	4846
370	73	14220
4588	73	6916
8886	27	13882
12311	31	10369
10705	47	2818
11788	73	2712
10221	73	3461
3005	73	2875
11835	27	5649
5565	73	3067
13426	73	4489
7324	73	14765
13993	78	3821
6785	73	10740
13051	73	7755
4788	73	3403
6883	31	3602
2561	40	10182
7396	39	14139
3890	78	9904
1750	78	6048
5238	73	1406
2524	21	6607
8068	27	8539
7552	47	473
11412	78	4855
5109	73	7661
2980	73	2264
8224	73	13761
9618	73	11528
12800	27	13669
11641	73	9820
11251	73	9600
2465	31	13687
12319	73	943
4944	73	865
4029	73	6916
14407	73	7815
12991	73	4774
13234	73	10732
13264	23	6366
762	78	11161
6554	73	10017
1216	73	5940
13017	73	10280
6585	78	280
11893	78	1248
13296	27	486
5352	47	10902
10324	80	10323
2644	78	4766
2315	73	4478
12213	73	5968
1184	47	10145
12319	73	6083
1073	78	6909
11387	47	4253
5373	73	10672
1226	27	1299
7570	73	3539
7447	73	5041
5460	40	5731
11218	73	9568
13236	65	14317
13798	47	3553
6453	78	14486
12880	73	4371
11960	31	4137
5713	40	14403
9662	73	2115
7316	78	6409
9708	27	5021
1471	31	3370
10789	27	6258
2589	73	3073
10319	73	6275
165	73	4251
580	21	6160
1059	31	1762
12266	31	1152
12651	27	14779
2939	73	9819
2572	78	7644
8508	65	10040
221	78	8042
9296	73	7415
13124	47	10492
526	78	1325
5447	73	3620
2702	73	4760
5557	27	960
3013	47	2667
6795	73	10695
10940	73	1543
10635	15	1282
8868	73	10007
13071	73	6379
14193	47	4715
10870	73	9577
4619	65	2892
729	40	2130
8584	39	502
4823	40	6609
12968	73	7860
271	78	3761
372	73	13884
1772	39	6610
13445	73	4058
977	73	6701
2561	40	4771
6582	73	5462
13760	73	10776
4476	39	3552
8215	27	4288
7878	73	6487
8689	78	7874
8798	27	10006
10911	73	11334
9013	78	6654
12878	78	4421
4522	27	10524
12229	47	3639
6225	14	9672
4627	78	5782
3739	73	2299
1462	78	10094
4036	78	9313
4517	27	5858
8231	78	6393
14208	65	7299
2541	27	7978
11851	65	5742
11316	73	1764
8485	73	1715
3097	78	5079
13919	73	4053
14541	78	7050
10396	73	11007
5399	73	2381
12207	73	6782
9450	15	14752
6802	47	14569
12053	31	9117
11546	47	4086
847	31	4105
13199	73	4563
8727	73	3487
14906	78	14772
13209	27	4162
10658	73	6102
8327	73	317
8250	73	2306
11180	40	4373
519	39	10245
13464	78	4379
13637	31	3535
9728	40	4434
9869	73	3073
937	73	6109
9158	27	4417
4590	47	404
2702	73	5313
13621	31	4323
14811	73	13866
7095	72	820
11245	73	6639
11696	65	6425
8566	47	1824
12493	27	468
13430	73	3421
2658	78	1476
12455	73	2274
13120	27	2062
10066	78	9855
10811	73	3450
8328	73	981
3739	65	2841
12073	73	6107
10971	23	7988
2020	78	1966
13559	73	4478
9593	73	3506
13720	73	5884
9338	73	7239
9426	78	8414
5509	73	5726
2746	73	9774
12732	73	5778
1519	73	4315
12110	73	11533
14308	40	7499
5617	27	6244
1468	27	9607
14832	31	3602
12681	73	9796
10452	65	3468
5360	65	7997
11117	31	4858
10974	73	1706
3780	49	6816
3140	47	7184
14810	78	6909
6549	48	9672
6803	73	6512
6463	39	6530
11224	73	747
13830	73	6194
44	78	739
2303	40	8867
5615	73	1426
13297	73	3445
10769	73	4902
9365	73	7755
5148	73	5843
11322	47	11182
14046	64	220
14169	48	9672
13500	73	1305
12817	73	5999
5263	27	2843
10792	73	2669
8203	73	3061
6562	73	2289
7030	73	6471
13711	73	6245
1922	27	6280
11411	73	4205
12125	73	2114
13584	78	948
5595	73	7128
6636	72	5830
13355	73	6323
11901	73	10019
3380	27	6013
647	73	10377
9369	73	4560
1696	73	6593
13315	27	14725
9745	27	5290
11055	73	8017
3739	27	2841
9321	73	10227
3600	73	9201
361	73	9774
13928	78	2555
12603	78	6494
11557	78	8654
5172	31	11263
9449	27	6224
1455	73	4320
8128	40	8585
7254	73	4254
2809	73	5726
12234	31	5092
11363	73	10039
9593	73	5999
9687	78	14966
5131	73	3501
10382	78	91
14119	27	4113
9007	73	5931
1657	73	2127
2478	78	7941
6717	73	1107
8811	27	1437
1785	78	967
9639	20	799
3773	17	8049
232	27	10038
6569	27	3902
13824	78	5463
14525	31	4110
9538	72	1855
2716	27	4876
12985	27	8879
7769	47	7064
9858	40	9193
9130	73	6077
4724	23	14008
6872	73	3431
10455	73	11183
10307	47	5289
14195	73	14394
1035	78	5323
5266	73	2264
10070	73	1952
13892	73	6200
7844	27	13696
1577	73	9819
9339	27	5823
4424	65	6224
14842	73	3569
643	73	10169
355	27	10362
14584	27	14951
12193	27	6279
13513	73	2069
5681	73	6648
2158	40	14995
13004	27	2097
9479	47	10241
13067	27	5036
9945	10	13697
10938	65	10224
5531	73	10463
12525	27	4858
10465	27	6655
4784	73	719
10895	73	2464
3719	73	10034
1596	47	6407
9794	40	3412
2733	39	4686
3703	73	6634
5005	73	9947
1610	73	13901
11457	73	1670
8691	27	10370
13438	73	14951
1128	72	1418
1460	73	2961
12574	78	7952
2092	73	7626
13543	65	1268
12520	78	1946
9923	73	2109
1233	27	9118
196	27	9507
5108	27	6235
6731	73	14345
4477	40	6313
8374	73	14496
5027	40	327
9680	78	6711
3296	73	2961
99	27	6267
3392	73	6653
10622	73	7661
9952	39	1407
9586	40	10392
9329	27	2895
9343	73	14138
10583	47	5299
9870	78	14720
6834	73	9056
157	73	11330
2017	73	1281
10450	47	1945
6940	27	5021
9338	73	10034
8822	73	5909
7902	78	10386
1783	27	7682
8123	73	6208
5701	73	4109
4023	78	14242
467	40	465
1590	73	2600
2366	78	417
9869	78	1168
13556	65	1016
12148	31	3008
6331	73	6652
11202	73	9039
13416	78	8700
4337	73	5851
10866	65	2971
12216	73	10954
12116	73	5909
10478	73	6539
1746	73	9804
13549	31	507
10728	73	6068
11648	47	7516
9454	73	851
13623	73	4326
1809	73	13971
12816	73	4443
2303	40	5852
7336	73	5987
10130	78	6324
5262	73	10027
2348	73	708
4817	73	9596
14723	72	1581
7557	73	9030
10477	31	1148
8501	73	791
7411	27	4758
14891	73	662
8095	48	3978
4670	73	3691
7452	73	14259
4723	73	5750
5218	27	11178
4843	31	3531
12355	78	6375
3356	78	14321
12429	31	4110
4	31	9571
14992	27	11124
3837	73	14765
52	78	7296
2351	65	13855
5489	27	4072
14556	31	2267
8870	73	2274
8517	78	6325
11436	73	3608
12742	27	6227
14634	73	2380
6871	73	6627
3337	73	1631
3400	39	6705
4474	73	8314
9059	31	14748
628	65	6265
12602	47	4431
9506	40	4477
12413	73	3667
917	27	1759
6877	73	14527
5421	31	3531
4524	73	14249
14502	78	2895
4999	27	9096
539	73	10007
10334	73	7959
6454	31	2311
10608	47	10167
10103	78	4170
5423	73	7610
3571	27	6083
8597	47	14569
7229	73	14771
10477	73	8871
4588	31	4355
5244	73	4862
5122	31	9069
11986	73	6423
9809	14	7898
11040	27	13909
334	47	5748
2006	73	6117
12913	73	14483
304	47	10387
8244	73	7042
13958	73	14731
5566	73	7605
13564	31	14761
4277	78	443
1069	73	8089
8285	73	10191
8936	73	9600
12863	73	8015
9339	15	10079
12324	73	11497
12478	73	14754
13128	47	4364
14886	78	2910
11812	73	6015
30	78	2675
8292	73	10163
8023	73	2381
3899	73	7958
7584	27	2560
339	78	4351
1070	78	3847
7878	31	2715
10412	73	587
13635	73	3772
14592	73	10517
2696	73	1132
13222	73	10675
3853	72	924
12950	73	14471
1222	73	1828
8455	73	771
9426	65	2155
11419	73	6725
3059	73	13942
7777	70	8953
14442	47	9845
2585	73	11482
6162	39	3921
643	73	524
11406	47	6294
7266	78	760
2758	40	2125
11334	72	2275
3648	73	7039
12503	78	5054
3097	27	4377
12464	73	415
5047	73	9951
3901	73	737
3816	27	6279
13535	78	382
4661	27	6224
14916	73	3259
3130	73	5931
8368	50	462
10881	73	7627
9287	73	9529
1119	47	14997
13661	73	8523
7145	78	9108
8399	15	4366
7486	64	1007
13331	78	1008
14584	27	10008
5159	73	3433
11229	48	2971
4041	73	8986
5370	73	6068
14306	47	9641
2690	27	517
9377	73	6107
4832	73	6374
6821	31	1414
4283	73	775
12510	73	5929
8039	40	8585
14333	73	9954
5629	73	802
12510	78	6214
13280	73	5219
8754	73	10841
12776	73	4633
1994	73	6680
13358	78	5760
12718	27	5056
3820	27	813
1385	73	8415
10899	27	6153
11807	27	5876
4816	73	5152
1916	78	1295
12274	78	760
14002	78	14770
1351	73	4988
3109	49	14276
11898	73	5898
10824	65	7682
13245	65	10373
8299	73	2179
13072	27	2368
11187	27	14515
9315	73	6079
12563	73	5774
8688	73	10318
882	40	2118
3825	72	6293
14406	27	6671
10467	73	1416
10345	25	14576
9408	73	6159
1601	73	4066
3438	39	1599
6392	39	7121
7853	73	328
11875	31	4355
14360	73	11390
13	73	2859
1114	78	7642
3795	78	8986
5596	73	4386
1380	74	10704
1743	65	3637
8573	73	9629
10612	78	589
4954	73	9039
4280	27	5029
13206	27	5962
13244	73	9769
7527	47	5627
8611	27	3361
3991	73	6782
482	78	6521
7032	14	6485
11617	73	5472
114	27	7117
1115	78	1261
1525	73	5337
7808	39	13591
6877	78	4395
6921	73	6104
6722	73	3442
6999	27	6228
13985	31	4548
13831	73	2167
729	39	4756
12266	73	6152
6752	78	2112
2019	31	11148
7336	47	9838
1911	73	1827
7287	78	7061
4334	48	3978
8568	73	332
281	31	7691
8302	40	6274
12750	78	10024
11986	31	814
2096	27	7591
12238	73	5127
4204	73	10077
13409	73	1763
9063	73	10761
13323	73	7302
10460	73	3415
2632	27	13909
5185	73	5762
14016	73	11130
8549	39	8175
11979	31	13687
13754	73	335
14933	31	2152
12973	73	7174
12173	31	10164
7503	73	10011
9374	73	14468
9911	73	4158
12501	27	6180
14614	73	10759
3565	40	9213
9535	27	3458
12932	27	3201
11646	73	6405
12181	73	5774
12703	31	9571
3796	73	5864
14953	72	10782
9889	73	11269
7221	27	4689
3733	73	2205
13148	73	6828
12670	73	10515
14136	78	6425
1311	27	8656
10339	73	5840
8914	73	14007
358	27	6215
6651	72	2860
11319	73	14471
6979	73	1826
5220	73	10403
14093	23	749
12403	73	7026
10203	73	6196
4852	27	9108
4720	73	2114
3988	65	14124
11215	31	14768
12352	73	9966
1491	31	5758
11294	73	6300
4593	73	2380
3649	65	6844
6238	78	14763
8044	14	5564
7901	73	2206
11448	73	1598
8719	73	1297
4667	78	9227
7253	27	3624
4790	27	6330
4814	78	14722
10333	73	2275
1461	27	6618
12354	73	4960
5673	78	7093
8502	73	275
6736	65	6280
1097	73	4258
5262	27	10386
10220	78	2881
106	27	7997
2177	78	3369
12421	31	1131
10987	78	5459
10509	27	4297
2611	73	3072
13233	47	4060
11459	21	6208
3595	65	1151
10756	73	7725
3998	48	9672
12631	73	4051
12804	73	14505
61	73	6971
12962	73	5330
8701	73	3609
12122	73	6229
13398	73	9109
11088	27	7127
9438	47	8059
4784	73	9518
4087	72	1134
10863	65	14317
8740	65	7978
13450	65	6251
1417	39	2890
9169	31	14357
10346	73	10287
10859	73	4325
12926	47	14010
2303	40	6413
4738	73	9776
293	73	6640
8262	73	7733
10649	31	5860
1144	73	2770
9150	73	6405
8494	27	3529
523	73	8383
8356	73	9807
14437	73	1530
3724	15	6034
4014	73	8759
9931	73	1684
13145	31	9208
7073	78	2378
14633	73	3631
11621	73	10773
6561	73	6109
12087	73	2877
12042	73	8143
4678	73	7939
14202	73	7815
9739	73	9972
7722	39	2278
2215	65	11014
7199	47	11151
7158	78	10310
13060	73	2179
9891	31	14745
14391	27	4417
2552	73	9969
10768	73	9797
3810	73	7943
13920	31	8883
704	48	14258
1350	73	3561
12072	73	587
5160	73	733
7512	73	4419
11895	65	10147
2682	39	2118
12299	73	390
5916	73	3439
11747	73	7743
8685	73	3166
12358	73	14977
4605	73	3396
4940	73	13761
13185	73	14485
653	23	1169
8375	78	14570
14797	65	6611
8566	73	7958
8303	65	9970
579	73	7679
11735	78	7517
3179	27	4294
1948	39	6613
2568	73	439
2725	27	7598
1800	65	2800
4785	73	7759
6803	73	5882
7931	14	1689
8428	40	6176
12653	27	9204
628	73	9568
13655	27	4113
12045	78	5294
334	78	6248
5349	78	11161
14054	27	1159
13758	65	6226
3183	73	7128
12942	27	8534
123	73	5850
5613	73	14343
693	27	4416
11108	47	8059
3205	39	13688
1901	49	9672
3649	27	6193
10475	73	3546
12903	73	10303
13670	40	4780
14850	73	14241
14658	73	7867
3473	73	2180
12732	47	9839
4007	73	6166
2096	73	3432
14897	73	5127
6838	47	10311
14163	73	3955
14999	27	7395
12484	73	7863
5488	73	3406
11915	27	6753
10673	73	10204
483	39	2196
3767	73	5907
4230	73	8764
5149	73	13894
7254	78	4508
2540	27	7926
112	47	7730
2624	73	4249
4625	73	7733
8780	73	10023
1834	73	10731
9167	40	6292
10843	73	5771
12747	73	2140
7354	47	10437
2996	39	10580
13422	73	3060
7284	73	10358
12300	73	3214
5286	73	10033
14363	47	10311
3266	73	7314
13714	73	10019
2688	78	5869
3323	72	14057
3012	48	9672
13657	27	5979
3788	47	7056
8727	73	501
13037	31	4792
13312	78	8080
5011	27	9826
6751	31	14467
11716	50	14480
3858	47	6685
12753	27	8048
11089	27	6193
4838	78	7975
8247	73	6666
2799	14	9385
987	73	7973
5544	22	7690
10583	78	720
9289	73	2210
14797	73	10387
5539	73	4255
9741	27	2763
379	73	10782
14817	73	4259
11795	78	10900
4015	73	3216
11795	27	10900
3863	73	13873
5830	72	6636
7362	73	8060
12455	73	13764
7340	65	8700
3971	73	8410
12383	73	2838
13921	73	4050
1929	73	4164
5822	31	9824
7170	31	6309
2745	73	2066
12115	73	6433
11738	31	9995
14612	78	9843
7392	39	7718
6563	73	3396
1062	73	2119
1739	31	6336
1921	73	4065
14411	31	6148
4212	47	2766
13036	65	2800
13601	47	11152
5331	73	4704
2172	49	2447
11561	73	13905
8962	27	10373
12685	73	1798
1822	73	14062
2083	47	6295
2270	10	14872
12596	27	4004
5621	78	4513
1749	73	6642
138	73	2066
14166	47	4385
836	73	7876
9918	78	4081
11356	47	2134
13013	73	7277
8196	65	6049
13265	73	4983
162	73	6640
12699	73	9278
4642	73	11137
13157	73	4506
10504	31	14774
12395	73	9039
14409	23	8482
3775	65	4796
693	78	5666
11396	73	8423
5534	73	14504
8412	72	3425
1084	31	4887
14673	47	7683
8291	73	7484
10448	47	479
11992	31	7060
156	27	8669
3898	73	7899
8255	73	6966
8576	73	2967
9497	40	410
1130	72	11513
629	78	4755
11035	47	3626
11316	73	5756
2677	27	4381
2969	73	6856
8691	47	8447
5309	31	7991
12495	73	7940
9345	73	6001
2075	73	4504
2002	73	10732
13591	40	4353
8963	73	7857
12541	78	7593
7580	73	3206
11670	73	11497
3597	73	2298
1426	58	7733
13619	73	7821
1989	72	9111
10855	78	9978
14390	74	11242
13956	78	14385
10617	78	7425
14049	73	6483
10656	73	7275
9994	39	6045
8034	73	8094
4021	73	2804
928	73	6664
6609	40	7814
14550	27	2978
2071	27	5296
5549	73	14261
400	73	1826
11736	73	4864
5818	69	4768
12057	78	4016
11009	73	5730
13156	73	9774
8102	40	4250
8870	73	8140
14101	78	6409
295	31	4441
9025	27	10087
188	27	3483
3200	39	8649
2836	57	6194
9442	65	10998
13378	73	2271
1857	73	11476
13556	78	1016
8634	73	7422
14560	73	6259
7455	73	549
8889	73	1951
2297	73	5885
8725	65	11150
311	73	4386
7635	72	8539
13664	73	3662
14679	31	2526
5957	31	6217
2656	73	6186
11857	73	8849
12244	27	10373
11054	73	10270
8261	78	14444
4609	73	2371
5692	73	6430
5397	73	13971
12299	73	1170
29	73	4610
2012	65	9226
3424	73	2992
6597	73	8101
2913	73	5333
2660	73	7484
2440	73	11303
14695	13	2447
2970	73	14126
1091	73	7398
12378	73	779
2614	73	7042
8906	78	3448
10560	73	6057
6748	73	2133
1795	31	5321
3577	73	3696
2024	27	7085
11438	73	10495
1193	73	833
10651	73	10349
7816	73	14247
1904	73	4109
12338	73	7786
11839	27	7749
7530	47	454
8887	73	10006
13930	78	589
11454	27	4858
8514	73	4363
7495	78	661
2966	73	6484
11758	73	5778
6809	73	6632
5271	73	9107
12438	73	2987
1546	39	5947
3199	47	9812
9737	31	10352
9339	27	9119
1145	73	5993
14593	73	4873
1402	78	14709
8282	27	11178
14441	65	6665
3121	73	4750
12464	27	953
11813	73	3091
14929	73	5350
8770	73	1255
4037	73	6229
8330	73	6157
1311	73	4603
1394	73	5963
4711	73	7985
4032	73	2115
2487	73	1407
13403	73	5333
7346	27	2076
1603	73	6239
8311	27	6153
1423	27	9953
4006	27	13878
12561	73	6725
8452	27	10040
10552	73	1827
13341	73	3342
11912	73	11554
12636	73	6630
11193	78	4422
12608	73	3207
1192	78	14709
8163	27	9925
4460	73	9055
12436	18	14313
13053	27	9968
2553	47	2313
7285	73	6233
1811	73	5784
6375	53	12354
6859	73	411
9174	73	4329
9191	13	9502
6871	73	6430
6731	27	6385
9867	27	10006
7714	73	6108
3781	31	9091
6880	27	7654
1605	73	6395
8152	27	3441
5480	27	3637
6887	78	2682
830	73	10842
14503	73	2879
5589	73	9034
10910	78	2931
14632	73	4362
9038	73	9259
14006	14	14893
14073	27	8667
12084	78	8521
11725	73	9099
4840	73	3508
14304	73	6701
13726	73	3321
13718	27	512
4830	40	6609
8109	73	7005
11060	47	6407
7026	72	10301
9213	40	8052
12195	73	13904
11943	73	1412
132	73	3184
1511	73	9104
1475	39	14750
8308	73	6110
3088	73	14769
1165	73	10627
8929	73	531
11495	78	6144
5394	73	1681
7178	72	2868
2919	73	9214
8804	73	10186
3041	73	1766
7456	73	7025
4313	40	4250
13351	73	4695
2632	73	3003
9027	73	4440
9683	73	6152
14197	73	5183
2007	78	11423
12170	73	9854
5487	73	6005
2580	31	11176
8570	27	7921
10411	78	9958
1864	31	4137
13706	73	6186
10521	73	1833
14262	73	7432
1604	78	2153
12173	73	4312
1796	73	5770
5474	47	2305
3907	73	7381
10560	27	14725
3298	73	13678
119	27	867
323	73	6005
3943	73	5318
12808	31	2410
13439	73	3212
8877	78	3934
3795	27	8484
184	73	6679
12743	73	3425
5257	27	3203
10048	73	9236
11867	65	9968
12113	27	3459
14026	73	1726
8581	78	14061
12794	27	7979
7413	73	14973
14407	73	7008
13240	73	4862
8597	65	3637
10465	73	9691
3972	27	1015
1525	73	4249
1164	73	11474
13261	73	11330
5564	17	6446
5338	73	6712
8233	73	10159
493	73	4176
9748	65	6048
5480	73	4293
13079	47	5775
7577	73	7431
12243	73	5865
14655	73	6305
601	73	3772
2678	73	9848
11724	37	6271
11393	78	5742
840	47	3619
9534	73	508
5380	47	3884
9038	73	13873
8821	73	11153
4573	78	1257
11559	31	9995
11639	73	6653
2087	78	760
12584	73	347
8724	73	1780
14805	73	2987
5419	78	321
7475	73	3363
14272	73	6577
3830	73	1638
2918	73	2278
13445	78	6882
162	73	4258
13185	31	351
11627	31	13588
1937	31	7310
13335	73	2855
5586	73	7854
14524	73	9362
11805	73	3007
13100	27	6412
13625	73	11330
13890	78	7038
10756	73	6133
7630	27	14417
13602	27	453
7037	39	6116
13004	73	2838
8995	73	4552
9007	73	9854
10669	72	859
5169	73	8155
462	72	6738
2341	73	9844
5106	73	9594
7214	73	10213
7047	14	6492
12651	73	1758
11910	73	6042
12783	73	4329
5675	47	1169
12987	78	14476
13629	31	9995
7551	73	9279
854	73	8774
5532	78	14695
12561	73	7960
8721	73	8108
9533	78	8047
10535	73	2357
5916	73	3239
7929	40	14728
13939	65	2153
13188	73	14374
9458	27	4691
1177	47	454
5384	73	5910
6566	31	7310
11650	65	420
12687	73	1255
10506	47	8078
316	27	4377
5135	73	2066
4198	65	931
8073	73	9967
550	65	2403
7835	73	9819
1749	73	14496
1937	78	6909
10332	73	5914
12290	73	14851
10630	73	10512
13443	78	4071
13633	73	6639
985	73	7980
5139	47	5304
1804	73	8165
8227	73	6621
3719	27	2309
14067	73	7866
14933	78	10084
2036	73	1764
13464	73	9033
13231	27	2062
1094	73	4987
9512	73	6830
13426	27	4320
11053	73	14759
160	27	9087
12318	31	9314
13064	47	7649
14405	31	10166
12338	65	3443
13893	78	7989
12489	78	4780
2349	27	4858
778	40	5727
10246	40	4195
11441	40	6176
14650	73	4251
7506	65	2884
2849	69	7042
9534	27	946
4368	72	10288
3182	73	8986
14995	39	5014
5720	73	6110
5586	27	6139
11914	27	10237
12673	47	8046
7346	27	3099
14559	78	9085
11019	73	14509
8384	72	4322
13508	78	7404
5339	73	5931
67	31	5823
9422	27	7306
9840	40	14692
489	72	10405
9746	73	2843
949	73	5515
1347	73	7160
11911	27	713
12374	73	3504
5211	31	2526
8828	73	5792
5134	78	956
286	47	4431
2988	39	8004
11062	73	10163
2632	65	6035
2840	73	3433
8690	27	14706
13176	47	10228
4233	73	7087
8613	73	5738
12717	47	14707
9523	73	7939
163	73	6971
11055	65	4796
12864	47	2766
11049	73	707
13831	65	2800
5381	73	14396
10809	27	6578
8500	27	324
13419	73	5910
14358	73	3589
13235	31	9571
5681	73	14485
214	28	11418
2561	39	11421
8507	27	5752
1094	27	11473
12606	78	7224
8308	73	1427
3080	27	424
11560	78	7425
14250	73	3726
8376	73	2119
7212	78	7672
1490	73	667
8909	73	2026
10354	73	2249
1239	73	4329
2177	27	7127
2524	78	11422
2430	73	10802
1584	27	864
5678	73	7738
656	73	13907
5713	40	4129
12606	73	2409
5704	73	6221
6993	73	4552
3859	73	851
13483	73	401
13351	73	6053
13772	27	452
9753	47	7081
10267	73	13871
12369	73	6485
3565	40	7812
2010	78	11423
362	64	8340
4824	27	6259
8582	73	3726
10491	53	12354
11684	73	1406
4676	78	10383
14267	73	8405
9328	47	7694
13400	65	931
12820	78	7970
13207	78	7873
14913	27	1151
8186	40	8077
13073	47	14707
5674	65	4885
5542	73	6779
3505	39	2158
14926	73	11183
14908	73	7128
12985	47	5326
1885	73	3240
2696	65	874
8790	78	10848
13199	73	8638
13167	64	5532
13295	73	7657
7566	65	10161
2917	47	3553
6840	73	5750
11462	27	4361
7107	31	9627
3124	73	401
8799	78	10086
14082	73	2929
4569	73	2223
6988	73	8653
12847	73	9522
184	47	5289
11754	47	9598
13473	73	6129
8750	31	8932
5566	73	14700
1835	73	3407
12747	65	10040
5580	73	7823
8680	78	14510
5187	73	8520
1811	73	5659
8250	47	7009
939	27	7921
5064	39	14995
13906	20	6170
8996	27	3444
11377	25	8681
8149	73	5850
12871	73	9113
5660	73	3342
14865	73	783
8519	73	317
11906	78	6287
10909	73	857
9338	73	7388
13116	73	10818
8676	78	427
11060	73	14464
3267	73	14699
2497	73	3855
5032	72	14321
10630	73	9181
6670	73	3442
754	65	4697
11927	47	5646
13498	47	9933
5178	27	5032
11530	73	943
14965	47	4193
11322	73	5468
12817	73	9303
5353	27	3471
8748	31	516
8067	27	3451
12252	31	3857
1487	27	3624
10431	73	7739
7295	73	11449
1987	27	953
10058	73	7638
14159	73	9092
8947	27	87
10661	47	9809
1118	73	10444
6647	73	6908
13794	73	3253
13577	27	14351
5026	78	4793
3225	27	3441
3919	73	1133
14080	27	7117
7561	73	10313
14102	78	9977
2790	73	2250
1623	73	4898
3661	72	1831
8805	31	10020
2229	27	3444
14084	73	14739
5026	65	4793
4839	73	5314
8506	47	9606
13556	73	7422
1702	73	769
2678	27	5036
1622	73	6257
2427	27	6387
122	73	5904
8345	78	3759
12235	73	9568
10552	73	10017
1390	73	8090
10464	78	6071
13215	73	4329
13242	73	9052
11713	27	4082
9227	14	13466
14020	78	2143
7445	73	7609
11349	73	14480
1353	73	6110
12035	47	5646
9339	27	2866
2485	73	6165
8960	73	9522
14116	73	9362
4183	73	7854
8599	27	2560
5359	73	14504
11362	47	495
5044	73	2282
12585	31	6213
1625	73	3253
10990	78	1167
11295	73	9539
8260	27	5837
13145	73	10235
2079	73	597
9876	73	6401
9994	40	6392
904	78	14801
1386	47	2397
4394	40	2199
11974	73	13942
8816	78	1532
12207	73	2127
9555	73	9902
12872	73	6738
3709	73	6543
11242	64	14390
8354	65	7126
8349	49	9385
12166	73	5350
237	73	3240
1660	78	14311
10972	73	9757
2488	73	9800
2746	73	14505
11356	73	788
8710	47	7649
7345	78	5079
5492	78	10406
8208	27	9115
7498	27	3458
560	73	3665
5371	78	4855
8914	31	1298
6734	31	9572
11929	78	4759
8109	73	7526
14606	73	1133
13979	40	8038
7265	78	3441
13069	78	4063
742	73	9992
3839	73	1544
9739	73	5464
7871	73	783
395	73	9086
6841	73	6623
8701	78	6387
690	73	962
12155	47	7063
14398	39	7936
260	73	803
1038	27	1856
6769	73	1642
1654	47	9048
4333	73	5833
4031	27	2062
12896	73	2179
206	73	4375
12589	47	7184
6767	27	5035
14230	65	10998
12079	73	8668
9739	73	2893
7688	40	9268
13024	73	2583
10455	27	4416
13499	78	9236
3329	73	7620
4338	73	3169
14208	78	13884
5002	27	3203
12812	27	4777
5414	65	8414
8891	73	4260
9754	73	1019
4037	78	6531
10677	73	531
3828	27	5296
8590	73	9159
7109	73	7800
5230	73	4153
8206	40	14699
12788	73	7962
12441	73	6434
14087	73	598
1177	78	3235
2622	73	3360
14111	73	5734
8518	78	1008
10639	78	10778
6399	40	2136
1276	73	6508
849	73	1157
1904	47	2449
11973	27	5296
9512	73	6434
12986	78	1155
3866	73	9769
11962	78	7647
13194	27	721
762	78	6143
4835	73	7863
12388	31	8016
1494	73	9965
1552	27	11382
109	78	2125
10978	73	10861
13080	73	2801
11644	65	10038
6558	27	6149
8804	27	14055
129	73	6576
110	73	1544
3720	73	8439
3959	73	9786
8375	78	4145
2906	73	1744
3693	65	9303
9408	27	9263
250	65	7874
11285	78	9399
2633	73	6128
5606	73	7953
13057	78	443
7242	73	791
4309	73	1547
7843	73	2358
3198	73	6432
7810	73	3204
9707	73	7617
13976	73	1268
9551	73	3236
9959	39	1539
3789	78	8986
11966	73	7379
13173	73	3641
5938	73	10331
14891	65	1138
2579	73	9758
10455	73	5914
5720	78	7619
2492	73	9101
6175	39	6173
12387	73	3760
3283	73	1162
9816	47	14008
12565	65	4160
5613	73	6828
13737	73	8986
2504	73	14773
10425	78	768
5767	40	2118
2626	73	6032
12968	73	2259
4216	27	722
1388	73	2250
10439	49	9385
5575	27	722
2810	73	800
11432	72	2887
13775	73	7380
9560	73	9564
5178	78	5032
4962	27	7937
8837	27	6085
11661	78	3324
10622	31	13690
12004	73	6526
11088	47	2147
6025	39	5852
12522	27	3467
10791	73	6275
13766	78	3441
13055	73	10235
1396	73	5129
13484	73	6966
9741	78	7125
612	73	6782
6836	73	14235
7990	40	5783
5448	31	3155
362	78	3934
13553	73	8651
8465	73	9946
5242	78	3210
3205	40	10385
3931	73	6696
3156	73	6711
13288	73	4314
13471	78	14801
9428	73	10318
11682	15	5856
14904	78	2981
11820	78	7043
14837	73	10490
12607	73	10513
11737	73	2707
905	73	5751
9945	53	13377
5517	27	4294
3974	78	3346
11940	78	4706
10121	73	14724
12977	73	1542
14579	27	4876
13020	31	4427
7350	73	730
12109	73	5935
9881	78	10567
10569	47	1169
4059	39	5654
8068	73	1328
4466	73	4684
10072	27	11386
892	47	2449
152	73	3487
3338	47	7516
11917	18	11917
13738	73	1162
9327	31	3370
3313	78	9274
9547	31	616
3196	73	7867
2906	78	11529
5665	73	11192
3830	27	9119
7882	73	6108
12785	27	6843
11722	78	1253
6920	31	9571
13431	73	3421
5286	73	2872
1922	31	8016
10226	50	4402
14630	73	416
51	73	10081
10927	18	2449
10503	73	3423
10985	73	6830
12308	73	1543
14795	27	4860
2658	31	9572
2016	27	4441
7434	73	3415
10061	73	2233
11957	31	11149
3491	49	9502
5120	78	7094
1658	48	7172
1719	73	4489
14275	73	9705
8475	65	8474
7817	69	7623
13304	73	6259
13097	73	8503
12422	78	13763
9454	31	4444
9470	73	2290
8221	47	2597
155	73	7778
14003	47	10299
10264	78	2863
12629	27	931
11350	73	3844
4955	27	4080
11570	73	2930
11186	73	3065
8875	27	8762
6527	39	13688
7360	73	3934
3730	73	4154
13233	73	6275
13487	31	14755
11440	73	3454
4510	14	4861
6535	73	7274
12644	73	9807
12347	73	1826
7469	78	595
8625	73	3560
1566	73	4392
1839	73	6008
2337	73	5515
198	78	13897
891	73	10288
12048	78	14863
11372	73	10080
13570	47	1271
7019	65	10666
14785	73	6432
12005	27	3430
10482	73	8085
14040	27	1049
8591	47	3466
12481	65	6048
1447	73	5832
161	31	4355
397	73	1673
10276	47	7676
236	73	10007
13326	73	7135
3037	27	1571
14046	78	6393
7544	78	9697
5137	73	14350
13725	73	4139
7261	27	406
10644	73	3407
4836	78	3469
3797	73	9200
3337	78	2867
13469	27	4441
1783	73	9252
13928	47	7361
265	65	5079
11368	27	8669
8107	73	7376
2509	27	7117
1241	47	6492
14421	73	11121
13963	31	2359
5568	78	10757
2230	78	5222
7213	78	10423
8631	47	7694
6992	47	4064
14494	47	7308
5419	73	14343
3136	73	11286
1810	78	7081
4994	65	6244
1569	73	5972
5044	73	3007
1663	73	4555
7892	31	2369
6730	73	14241
6844	58	4603
1215	47	7063
3462	39	5740
8938	39	9308
5598	73	7790
1446	65	9978
1888	73	9577
10402	73	4880
1877	64	8877
2337	73	7815
12971	73	6503
13103	73	13593
9665	27	424
2616	73	2217
12898	78	3213
14775	40	3761
309	73	5878
11706	73	3425
13189	65	9139
6899	73	6004
11756	65	14574
8491	48	2971
244	65	8548
14252	73	1412
12786	73	14957
9288	73	4295
13056	73	4375
2852	73	14699
13557	73	14384
1816	47	1956
14839	78	5224
2609	31	10164
12719	73	3184
4216	73	5801
6806	78	3934
11072	72	14954
8923	73	7899
3965	73	6155
10130	27	6324
1195	31	14742
14543	78	7593
12201	78	5378
4476	40	7367
13397	73	4154
4740	73	4392
14918	31	2760
262	47	1678
8061	27	4298
369	73	10035
6571	73	770
12134	47	7064
9158	73	5630
10985	73	9056
14185	78	11172
14500	47	945
6956	73	4074
10700	47	4481
9686	73	9640
14295	78	10419
6587	73	8314
11247	73	10114
5107	78	6204
14886	73	9807
9311	39	2991
14280	40	2733
11788	73	13942
9531	73	13907
1343	47	4861
11933	73	7115
12519	73	1899
11865	47	3254
2920	73	4336
8483	73	9769
7151	31	9198
12586	18	3761
4658	65	6984
3144	78	280
5002	73	5832
7750	25	1675
13279	73	7788
11972	73	10371
12036	73	1235
7413	27	7292
11364	65	7875
5956	73	870
8231	9	3710
13497	65	4262
4223	73	6401
8593	73	3442
3814	31	3857
13650	78	9227
2003	73	9192
10564	65	5296
10201	65	8884
2740	31	13690
7206	47	10388
2222	78	14244
9365	47	9598
4852	73	9189
8023	78	2116
19	73	13910
5412	73	13903
8706	73	5963
9028	73	8440
13869	27	6203
14183	73	3207
10631	73	5311
13130	47	5879
10766	73	1107
1939	78	4757
3157	78	4796
8492	31	14742
7450	73	5303
10485	73	2290
13081	73	4293
5253	73	2889
14301	73	8383
9647	78	2078
10813	78	2886
11203	73	3620
13912	73	14384
2038	78	1753
196	78	9852
3512	72	4489
10064	73	10488
5691	49	9502
3012	78	6225
5700	18	3462
8789	27	2141
13770	73	14973
14937	78	4796
7065	73	8130
7500	73	2396
11038	73	10192
4232	73	10083
5026	27	4793
3043	73	3234
8070	27	9507
1967	73	6133
3026	27	4141
178	73	4298
12889	73	7376
2679	47	6301
12869	78	4772
13213	73	4154
12702	27	13789
6894	27	10006
11872	73	7116
6405	72	9042
13735	31	11538
115	27	11473
3995	73	6401
5142	73	5968
220	78	2268
11717	73	6634
12032	73	7715
14559	65	1797
9615	73	9961
11412	78	5079
7006	40	6045
1498	73	444
5582	73	6782
12517	73	6740
4721	73	4502
14168	65	5763
2492	73	797
11312	73	6780
10659	78	2027
12707	73	11130
8787	27	7873
127	78	7759
557	73	3684
8805	78	10020
13441	73	5291
2653	47	7575
12811	73	8433
6064	78	2666
13940	78	4908
8745	39	947
12837	65	14317
14183	47	6608
12798	78	6031
5109	27	3451
10333	47	7676
997	73	3239
8243	47	336
11470	65	14258
13826	78	9226
13990	73	1826
9176	31	13690
8677	73	2021
12855	73	13786
2009	47	3613
4010	73	9625
12212	47	7047
9059	78	11181
13052	47	7399
12838	73	7080
1586	27	4163
8195	27	3471
10133	27	5055
11544	73	14346
5766	40	5772
10867	78	6137
5697	78	7296
3725	73	7484
4591	47	6135
1727	73	5176
11968	73	2245
4743	73	2829
9561	73	8398
13633	73	14246
7850	31	4169
10481	73	2967
4683	40	6317
4707	73	2274
13653	73	2901
8239	73	4293
6465	78	6258
3731	73	9950
12666	73	2836
9540	73	10160
5483	27	823
2253	73	7082
1083	73	9972
6693	40	7689
4667	78	10777
12588	27	721
8386	73	4295
1857	73	432
555	47	455
11254	47	1632
9545	27	14270
14538	27	856
8991	78	8986
12885	78	2153
3930	73	1790
13752	73	2114
392	48	14258
8187	78	14415
6659	27	10312
7112	73	6538
12377	73	9194
11775	73	9946
8726	73	7657
2802	72	14974
13295	78	3551
7232	73	5754
494	39	2124
11501	73	5317
9655	27	517
8640	73	8551
2984	47	2604
4783	73	3902
7690	79	7690
8390	65	931
9658	65	7772
4840	73	5327
8037	39	2125
259	73	10019
8647	73	1758
3594	73	6667
8757	78	6459
13617	73	7904
13195	65	5063
12311	73	3504
2011	47	4122
163	73	952
10863	73	1680
3102	73	6076
11447	40	11514
12502	73	1635
11465	27	14417
12779	31	302
1627	78	8664
5202	27	6219
12979	47	9974
6592	27	91
11254	73	708
14177	73	9056
8504	78	4084
10134	27	10041
13509	73	10727
8733	73	4018
213	27	3257
8298	73	5931
11742	78	2132
2702	73	14957
12097	31	4137
2218	73	11474
10642	73	9517
10171	73	11178
4947	73	6474
5276	31	1789
12425	78	14470
13890	73	8435
7828	73	9639
8524	39	13676
8249	73	2117
1700	47	9606
1383	73	9689
12360	47	9949
900	56	4387
6472	73	11386
12372	73	14350
1019	72	5878
12232	27	9731
12643	73	9107
1523	27	14529
14120	73	6029
4119	27	10237
11447	40	3854
11408	73	2533
13111	78	969
1619	73	2288
853	73	1365
11826	73	1128
14935	73	13762
14685	73	5657
3545	73	6335
9597	78	4383
13450	78	9636
3572	73	7819
4012	65	6244
12136	78	2825
165	73	6323
4045	40	11044
1589	73	10877
11425	73	9954
12786	73	9178
12597	78	9262
12411	27	13906
4030	73	6166
98	73	7792
8061	47	9981
4724	73	9221
13724	73	3334
2095	73	10313
3963	73	9807
12077	31	4792
8590	31	2359
9005	73	14287
4672	73	14374
8973	40	7267
5009	73	6072
12078	47	5879
5953	73	10313
13570	73	3952
14933	78	10113
6996	78	7058
7410	27	9065
3088	47	7956
5556	73	7786
5169	73	3450
4918	27	11006
5196	73	815
10911	47	7974
1432	73	2278
7906	47	6972
3388	73	9629
3939	78	6048
2436	78	9843
4748	39	2136
7159	27	10021
601	73	803
3653	73	7472
14085	73	3076
12457	73	3414
1353	47	5091
678	73	13871
5377	73	4288
13274	47	9838
8790	47	6407
14024	47	7361
11029	73	3673
8739	73	524
7531	73	4760
8674	47	6311
5691	74	3880
8892	73	326
2346	47	6295
8161	73	5293
6730	27	6206
4700	73	6705
235	65	4554
10975	73	3255
8688	27	413
10899	78	967
3799	31	6163
5283	73	3010
5335	73	6651
2389	73	7958
1619	73	11516
2494	78	3544
10633	15	1282
3093	73	7042
3183	78	4896
5766	40	6218
12994	73	2021
6364	31	7096
11574	78	9504
5509	73	10017
12581	73	4008
12971	78	423
4707	78	4161
7848	27	14124
13302	31	9694
13303	73	8013
7803	31	11261
9368	73	1163
2578	65	14343
14263	65	1893
14943	73	8430
4183	31	6148
12621	78	7365
10071	31	2734
5228	73	5922
8831	73	6437
8784	47	1829
13133	73	2362
14912	27	6681
1098	78	3469
7215	73	2356
2475	73	9954
11953	27	5650
1723	73	8063
3887	73	774
2610	73	6923
3041	73	3496
14085	27	9623
12700	73	10379
1103	78	3468
10606	73	13876
6528	27	6416
1081	73	7745
11575	73	5769
11645	78	10743
8376	78	1797
5308	31	9995
5491	27	8006
10638	73	7863
14176	31	3857
9249	73	6323
9391	50	14480
9382	65	4008
1604	27	8532
3969	73	9257
10973	65	14317
683	27	4866
1917	73	1672
13148	73	9994
12166	73	7778
1656	78	1434
3657	73	4392
11574	78	14486
10142	78	4378
8192	73	3855
4457	73	6631
13045	65	9783
14268	73	10413
11966	27	4746
13200	73	3009
14602	48	14258
12775	78	1168
11632	73	5333
14445	73	10376
8325	73	11167
8824	31	3401
9369	27	5647
5934	40	2805
7193	73	7314
12788	73	7389
12270	47	9837
12103	73	4291
13082	78	340
6936	27	2157
4037	78	9264
11547	27	2160
7569	73	532
14121	78	4170
12715	73	770
14082	73	5316
10950	78	2805
2295	73	3527
846	73	4082
14201	27	10038
10601	73	2605
4209	73	4368
14860	27	14430
10474	73	10672
1143	73	10187
1079	73	7116
1897	73	1422
10995	47	3466
9868	31	13788
8128	40	2125
12386	27	10038
305	27	9883
8189	73	13885
8853	78	5294
10964	78	2705
762	74	9381
2473	27	5649
2443	73	6828
9756	73	5935
4953	27	6187
6951	73	7427
2028	73	6712
7458	73	6024
8211	73	8405
13337	47	5879
14831	73	10740
2563	73	587
5094	47	2161
11217	73	4880
1614	47	6301
8768	73	13782
8374	31	10666
3218	73	10444
1363	73	10313
13054	78	5323
3033	73	7388
11195	73	14372
6920	73	3454
5672	73	14356
11691	73	10740
3189	40	4449
7450	73	7227
11578	65	3637
7740	72	9035
7577	73	9588
7566	78	424
8780	78	8532
1559	78	8484
4223	73	14315
12254	27	3465
11823	73	6376
14895	73	1598
5809	45	9283
11235	27	3203
4341	73	6229
5111	27	7647
8197	78	10125
12266	73	11432
14855	73	7976
14938	78	5323
13508	73	8934
553	78	2403
6276	65	6048
14623	73	545
9338	27	10154
8166	73	9938
11299	73	9092
983	47	7308
7109	73	5802
9743	73	4143
4680	73	14007
2427	73	3476
12449	73	11074
8639	78	7058
13287	31	9572
13713	73	1262
11865	78	1825
12349	73	7904
8799	78	8414
1464	73	4291
1834	73	591
94	31	8878
8224	73	3563
14537	27	1893
11482	72	7755
9333	73	1237
5953	73	9562
8607	47	3628
8968	47	7442
3863	27	10516
2438	31	2762
7092	73	9972
7030	73	7401
6479	73	5759
5163	18	1797
109	73	6023
13109	78	760
10935	73	9988
2975	73	6844
9690	73	6112
1886	73	3953
9368	73	11324
8180	27	11535
1984	27	4101
8730	73	11031
10762	73	2409
14927	73	2836
10197	73	1944
1908	72	7659
12911	73	5998
13103	65	6493
12198	27	715
14019	73	2765
217	73	5057
4473	73	2385
14257	31	9050
4973	47	9839
493	73	9784
2256	73	9818
3337	73	542
3636	40	7812
14639	73	5895
5104	47	2407
550	65	9642
12781	73	10694
13345	73	9782
7150	73	7605
13721	73	1788
13906	20	8440
12584	78	11140
9659	73	6245
1076	78	3785
11891	73	7628
11744	73	8200
9685	78	7050
13243	31	13690
12010	31	14528
9366	73	6220
337	72	14293
3317	73	624
10137	78	14383
11029	47	7063
100	73	10664
14666	73	2371
3664	78	4330
2130	39	729
1483	47	7858
5812	73	2226
2445	73	6069
10263	73	804
12481	78	1253
12800	73	6651
5425	78	10016
12113	73	14668
13183	73	14514
14680	73	7783
9567	73	6106
10907	78	7395
2552	31	11128
8281	73	9272
12246	73	9941
3946	73	11068
12765	73	7381
3156	73	5927
8227	73	3507
12854	73	10017
5767	40	13877
124	73	11075
5482	78	6414
116	50	426
3585	72	4155
5489	78	4536
204	73	7484
12090	78	14783
910	31	11336
6856	14	6022
11937	73	10034
1840	65	6611
8184	73	2471
13159	78	7224
5553	73	5989
6479	78	6981
14227	65	10998
13650	78	9775
13036	73	14504
10532	73	4429
12915	73	2493
10264	73	6204
10465	73	13782
14728	40	2125
5934	40	9399
5275	31	4367
4847	73	9259
7902	65	8080
4	27	3430
3189	40	3921
5198	73	6666
11859	31	11179
5001	78	2666
11420	73	2709
10991	78	6495
11804	73	1725
12994	27	4377
8250	78	6256
12981	73	6104
9329	73	2448
4848	78	14479
12294	31	302
5706	73	7968
138	78	6010
2814	40	3408
3095	73	4880
12908	73	9303
13090	73	2470
3158	24	6443
10245	39	8481
7001	47	8864
607	78	9229
13078	78	6909
13005	73	10353
12349	73	4563
11600	73	6635
5411	78	4779
12724	73	11518
13759	73	1547
13213	78	7164
10441	73	3457
11375	73	3955
6892	73	14514
3562	31	7078
3714	78	7394
12418	73	3567
12808	27	10162
13448	73	9629
6905	73	14285
1585	65	4796
129	73	5915
3491	65	9502
10465	73	2842
10319	73	11390
13736	78	6258
2510	73	14007
9246	27	4886
12465	73	7943
12494	27	14317
10704	11	14893
3131	78	948
1500	27	14234
13615	78	7057
5083	40	6530
2035	73	5999
7125	53	9741
12437	78	14313
12290	27	14962
13435	73	8552
1492	47	7730
9502	37	8047
10266	48	14258
11715	73	6150
1579	73	2961
13748	73	6126
582	78	7989
13491	47	6033
837	73	7681
14361	73	7628
9174	78	7077
388	27	466
7601	73	7777
9750	73	9992
1809	73	5784
12324	73	6444
11060	31	4886
6464	39	10044
7521	31	1148
7268	31	814
8103	40	1947
11621	73	2312
11761	78	4285
7218	47	11166
10826	73	4327
8280	65	6984
8784	47	425
13799	65	8046
5396	27	511
10503	73	6684
8848	31	2369
12999	65	7873
31	73	6712
6566	73	7226
10193	78	447
9408	73	11071
565	31	9571
8206	39	4373
5471	73	5776
8315	73	4977
12582	78	2698
4278	73	2893
12365	78	721
12172	18	1253
12845	78	5459
12201	78	1437
8255	73	14373
11590	73	5827
2951	73	7403
113	73	6323
6119	78	5782
3196	73	13674
2480	73	11171
1194	73	4099
1471	73	9856
11988	73	4544
8123	27	4147
3390	78	14383
6859	78	14061
3308	73	13784
13632	73	724
12304	73	9107
1807	65	6332
14905	73	6910
103	73	1826
8915	73	6002
14907	27	14573
11585	73	7876
10448	73	10034
4596	78	14311
13723	73	2669
12582	73	6405
78	31	9997
11889	73	7780
10997	73	2298
8916	73	3055
7071	27	2378
6007	47	9837
2197	73	5907
13510	47	9624
3194	78	958
9203	39	3505
9026	31	1436
12132	65	7304
1994	73	2138
13642	78	3470
10199	73	3801
10756	73	3524
7341	65	6338
4454	73	415
3313	73	5834
10557	73	2961
2041	78	2910
610	73	2963
12599	65	5717
1191	65	2769
8976	31	2121
6530	40	8867
12990	73	4017
7378	31	4515
6007	73	11554
9468	73	9271
80	73	851
6176	39	2124
14599	64	7108
4247	73	7607
12111	73	6706
13496	73	1422
11217	73	13604
2575	65	6056
4931	23	3626
14886	73	802
3016	73	5726
9393	47	7767
14069	73	14800
3648	73	7661
2540	73	6183
8924	73	10001
4455	73	2150
11977	73	421
9435	78	14282
3117	31	963
11101	47	7311
14233	65	10998
10973	78	5458
13365	31	10316
8524	39	2991
12121	73	9581
9339	15	4085
10139	78	2861
8920	73	7638
12049	73	14864
12198	73	7695
12986	73	10251
13249	27	9924
13279	73	9090
1340	73	4394
12857	73	14505
3818	73	11167
13516	31	7997
9749	73	7822
9975	40	950
8280	73	505
5336	27	7306
4183	73	5978
11725	73	6271
10142	73	10160
8077	40	4418
1197	65	4629
12029	31	9239
3896	78	7997
7807	40	9636
9258	31	2602
12313	73	2133
9480	27	6925
13360	73	14513
1752	73	6606
13768	73	6541
8820	73	7821
9005	73	6682
14018	73	2026
2946	78	9498
3006	73	802
8910	73	11513
11878	27	2410
5495	27	8424
1006	78	3551
2808	73	2493
10395	47	2149
14808	78	6446
12653	31	8883
4942	73	8412
2024	73	7660
2005	73	6486
14129	73	9387
1892	78	10253
5080	39	442
243	47	2131
13601	73	4443
7288	23	5081
7849	73	14464
2611	73	1788
11760	27	2301
4810	73	6848
14280	39	10244
5444	78	1778
13390	73	11326
11295	21	7643
1901	78	3934
14064	65	6158
11358	73	7863
4958	73	2324
12845	11	2971
10814	73	2179
2624	78	14351
12728	65	7749
8964	27	10045
14560	73	11269
12151	78	6909
2817	14	3978
642	73	6430
4624	73	2958
14169	49	9672
970	73	6725
11289	73	6640
5466	14	2971
1442	73	1826
12367	31	4105
8362	47	9974
14283	27	9942
13821	73	761
13115	73	14315
13561	73	9231
10481	73	11451
14153	73	6115
14582	73	4315
2228	65	2971
912	78	4878
8062	73	14310
2741	31	11176
13033	31	9999
12918	73	6103
5488	73	5947
12046	27	13835
10555	78	7365
8148	73	3127
10824	78	10383
1079	73	4977
5961	72	11273
14926	31	9572
13209	78	4982
13106	73	9097
12807	27	4357
2573	27	3446
8117	73	9899
14693	40	4196
13201	73	2275
13919	31	14745
13492	73	6782
14334	27	14456
7387	73	13587
11492	47	6407
3798	73	6557
9433	73	10003
7816	73	1142
3304	27	5774
1132	72	4058
6590	73	1852
12722	73	9795
8393	31	302
12457	73	2167
11700	78	9305
6098	78	14801
2488	73	5898
11607	78	9883
11368	73	5980
12027	31	1298
9721	27	14751
13407	73	6523
12639	78	10043
11848	73	7614
7829	78	11517
3800	78	2391
2544	78	9583
13341	73	4094
7283	65	7757
8580	31	3258
8724	80	12913
5569	27	11072
4136	73	7027
13551	78	5979
11366	73	8410
13799	47	868
6806	78	2078
6995	73	8596
482	73	6540
117	47	1678
9911	31	9235
3914	31	4137
10753	78	11379
13151	73	9776
1503	31	7686
12983	78	8199
7475	73	11403
9414	31	9995
9381	48	2976
8926	73	6844
7073	73	5828
277	73	14269
11325	65	6265
1355	73	14468
1353	73	2714
3376	73	2191
4942	27	10230
14260	65	1538
8696	78	3398
5147	78	7794
5697	73	6542
30	78	3447
13201	31	11539
2480	73	14241
582	78	1404
11958	27	6607
4345	73	542
3266	73	11031
11749	73	2191
12236	31	3440
12055	78	6099
12096	47	4882
2953	78	9584
7072	73	3410
13076	73	5776
1718	73	7277
9515	27	5781
13197	31	14755
10969	73	4382
3262	73	1328
13209	73	3844
13454	73	4248
8754	73	10227
71	27	2097
8947	73	6577
13260	78	2145
8585	39	14398
11658	73	14734
8477	73	8596
4	27	14751
928	31	2267
11	65	1636
10322	73	9420
4801	65	4416
143	73	5319
7556	27	8942
12620	73	5018
2938	73	3400
1370	65	2258
3115	73	3200
8077	39	10163
3906	78	9093
9240	27	7731
7535	78	8041
2481	73	4489
13177	73	5910
5711	23	1428
14645	27	11475
12790	73	11519
12149	78	4052
5267	78	5780
12073	78	6427
850	73	10408
2009	73	4915
5943	73	9797
5447	73	9215
3565	40	7760
4069	73	1638
6894	73	10006
1844	73	5784
1876	73	5898
4538	48	9672
8692	78	1253
8450	47	14010
11215	73	4544
13611	47	7361
13623	27	914
6837	73	13901
4996	73	1430
617	78	6034
179	73	791
7185	65	11432
12228	73	462
9297	73	7709
14137	73	1826
3165	73	6823
12865	73	635
7493	73	3047
11106	73	1992
11971	73	4560
4845	73	13850
10837	73	318
4917	78	7124
13800	73	3665
12548	73	3691
3463	40	6404
5489	73	346
13146	73	13593
2341	78	1532
8838	78	6416
13653	73	5898
13815	73	14957
8719	78	1692
8919	31	13868
159	73	2711
10604	47	4380
1586	73	3431
12123	73	6270
5113	73	6212
8124	27	790
14597	73	796
3179	73	10512
13503	27	4639
160	73	6662
1226	78	4149
12151	73	6346
13537	27	4401
5395	47	4753
12692	47	2401
11763	27	9578
8590	73	3852
10646	31	2369
13081	31	2760
12859	73	7621
1377	73	9779
14400	73	6519
5593	73	4632
14614	73	14714
8510	31	1152
397	73	325
10660	78	10741
8456	73	5776
10816	27	1476
5951	73	11324
10635	73	10512
14758	39	6845
1197	47	11487
13455	73	10249
553	73	11518
5184	73	6251
13101	31	966
2677	78	4054
7181	73	13782
14659	73	7223
9133	73	9509
84	78	4629
8370	27	9836
2256	47	4151
1665	27	2802
8197	47	495
13776	78	6269
12611	73	6628
2506	47	1169
76	27	8093
10454	78	6925
9202	69	5898
2340	73	9768
6837	73	2284
10888	73	3529
600	40	4195
10323	80	10324
3979	31	9239
9377	73	14259
11296	73	4331
14200	73	4494
12456	78	6297
5213	73	4506
1863	73	9600
12031	47	3626
2620	73	7226
5105	47	6294
5635	78	1437
2626	73	5909
11730	78	969
12311	27	8667
2903	73	13808
10426	27	10373
11700	78	3670
3013	73	13847
10330	73	10000
7104	73	14953
14428	73	6188
10106	73	14350
12417	27	9823
8701	47	4387
12821	31	4436
12537	78	10386
11241	73	491
1662	73	9640
12712	65	10162
5006	73	6631
3583	73	9522
5220	65	10403
1701	73	2290
12278	27	8048
3716	78	2698
12776	27	10236
14107	27	10038
12109	73	3164
11125	73	421
10840	27	7304
7014	73	10626
5579	72	10045
2172	48	2447
11072	43	8794
13707	73	7737
11243	73	11515
14251	73	925
10355	31	2359
13067	78	1767
5339	73	7914
2193	73	14759
14559	73	5840
12461	73	2077
13735	73	14527
3029	73	10188
11119	73	10160
5699	73	2381
1888	73	10039
1470	47	4882
7566	78	1168
7347	73	1278
1659	31	1409
11916	78	11339
13555	73	2324
2665	73	7800
10385	40	2775
894	27	9847
6875	73	6648
7215	73	14800
677	78	961
368	73	3956
8284	73	4154
11026	73	11068
11488	73	7777
5467	73	6036
11393	73	4691
4015	73	3435
30	65	5742
7217	27	9254
14442	73	1280
13238	31	8882
997	27	512
10719	73	1761
12234	73	3726
691	73	11403
14832	27	7397
899	73	6027
541	73	4991
13817	78	6443
4754	13	2447
1530	20	4768
8110	31	1436
12142	73	14731
5186	47	1760
12283	78	8474
9499	73	4248
1883	73	10861
6582	73	6165
8227	27	4698
1521	27	11264
12846	27	11150
3592	27	11138
7827	78	6048
4648	73	9600
11675	31	8016
3308	73	7705
4769	73	10114
5664	73	2853
14993	78	1295
13138	73	1260
10499	73	2582
10875	31	302
7513	48	5564
10702	31	7310
3944	73	14259
13642	27	7654
13277	78	1337
5694	73	6159
3815	73	2066
13641	73	8384
4658	78	6984
2406	73	7981
910	47	8382
13223	27	3637
11559	73	923
12316	65	6256
12119	73	14269
12428	73	2069
10194	78	4383
12019	73	13762
4669	73	10169
11779	78	2116
4783	31	7726
4701	73	3852
642	73	3003
14520	78	1275
5413	73	3432
8526	78	1649
12886	78	760
5258	73	10023
6045	40	4373
1513	27	5324
1233	65	9118
13739	27	4357
12545	73	13845
12335	73	775
12329	27	4004
12651	73	7427
2240	27	14529
5068	31	2569
13193	73	5630
4741	73	4121
11280	73	2167
6806	49	9672
9124	72	9778
13322	78	6398
1913	27	5811
14115	73	9769
11783	73	5127
11207	78	1306
10948	73	9774
12135	73	10730
10653	73	6102
12358	73	7690
7033	72	6934
794	73	8772
10854	73	4094
13918	73	1281
8184	73	5992
11468	73	597
1970	73	815
6776	73	1326
752	73	6242
3775	73	9950
6151	40	5969
11221	27	5060
9740	73	2879
11992	31	4515
11824	73	8537
4967	73	14509
8876	27	8656
13263	27	5752
1710	73	6725
14623	31	8932
11662	73	5643
8641	73	797
12935	73	2070
11738	73	5221
13562	65	1778
1444	78	5959
14995	40	6209
6044	40	1411
3988	73	11554
8839	27	4554
11940	78	14772
3402	47	11070
12133	31	440
10536	73	10039
8215	73	5936
12801	47	2818
1093	47	11166
14349	40	5772
10467	73	2415
5986	72	4058
5035	69	7306
7584	73	282
13047	50	10520
8747	78	7038
119	73	4875
1655	73	3450
1996	65	9226
4843	78	14476
4015	73	14864
6464	40	14728
10856	73	13971
1417	39	13780
2618	27	13898
2794	78	4170
14613	73	8043
4456	65	7860
16	73	7679
3156	27	6711
10689	78	2985
9871	73	5059
8303	73	4121
12530	31	2734
12249	73	3216
6949	73	7867
6596	73	2252
8640	73	2309
14638	73	4632
8489	78	6287
765	73	9109
12461	78	4425
205	73	389
11300	73	5571
5568	73	9034
13465	47	6356
13420	65	6383
38	73	3169
14767	39	14735
1375	73	9932
119	73	9193
199	27	1288
4707	65	325
3815	47	4431
4094	19	1190
11200	73	5848
442	39	8004
100	65	7978
11446	47	10742
10479	78	458
9547	27	7123
9547	73	7182
13185	73	6538
4029	78	7038
2771	69	14480
3549	27	3458
11189	47	6262
1845	73	9103
4005	15	7818
6342	73	6653
8002	40	1475
3175	78	3235
13535	78	2076
12825	73	10513
2502	27	6753
3045	73	11381
14341	47	4459
1584	65	486
6918	73	4880
678	73	3760
6764	73	834
1923	78	5764
9907	23	4157
852	73	7943
490	40	9167
11642	73	6111
3035	47	11182
8670	27	9929
6941	73	4479
1316	78	6325
1144	73	2582
5677	73	6040
2103	73	598
66	73	14241
8817	78	11379
12322	78	10154
5898	72	10101
9721	73	1440
12671	27	9230
14883	47	1405
14995	39	2158
13044	73	14138
2386	73	5841
10573	27	486
4711	73	6844
13383	27	11006
7258	47	6356
11997	27	6203
4996	73	7042
11496	78	6427
388	73	8863
10846	64	10577
5694	73	2126
11746	78	9584
11514	40	5053
10726	27	4746
4812	73	9784
5629	73	429
10855	73	7734
13735	73	11333
5128	73	5966
11853	27	5015
1191	73	14343
7113	73	10006
8469	40	7964
11626	73	5630
1230	73	7777
6331	47	14123
11897	73	10303
7499	39	4240
11223	78	9191
12422	73	4692
14555	73	1107
878	73	10302
9288	73	6653
854	47	3619
190	47	4895
5697	73	3253
14531	78	2868
11640	31	10089
12628	78	4706
12432	27	3444
53	27	2978
6759	78	9274
12893	73	10664
1001	73	2932
14368	73	5333
5428	73	1125
14126	72	2843
11631	73	13781
13134	47	7516
2744	31	4169
5247	78	7164
5271	73	5774
2079	73	9705
1055	78	4081
8742	73	7277
14840	73	3955
7811	40	1475
13383	73	4390
4971	78	1016
11580	73	4160
9442	73	10998
12758	73	2897
11033	47	9838
10713	73	6629
262	78	5458
2444	65	11382
372	27	7724
8253	73	14511
13408	73	6272
7408	27	5305
5419	65	321
580	31	6160
5611	73	9800
12205	31	1414
10323	65	1437
11514	40	7706
7447	73	6005
7259	73	666
12923	27	7799
10827	27	3441
7725	20	2180
8580	73	6208
12829	31	2569
11198	27	10109
11088	47	10388
14360	27	9802
7848	73	14124
13116	73	732
8323	31	4100
10884	73	1788
8914	73	10007
1196	73	1554
13818	78	14486
10804	78	1685
8372	27	7044
8696	31	9999
8212	64	4575
11747	73	6005
13076	73	3200
13356	27	11178
12988	73	6678
12408	73	5571
1100	73	10233
12626	18	10250
13823	73	13784
10609	27	7921
10734	47	7041
13497	73	14574
14229	65	10998
14150	73	7116
4739	47	1271
8303	47	7064
7231	78	3842
12423	27	9980
13225	27	4777
9131	65	4796
2194	47	6038
1319	73	414
13924	73	14261
7896	78	6985
14860	47	9641
10219	73	10029
14785	47	3466
7222	65	4080
11677	73	10389
12425	27	9238
14848	73	405
1499	78	4054
5427	73	10039
12068	78	9206
6575	40	2151
6058	72	10148
502	40	14469
10870	73	10057
4865	39	14732
13065	73	4415
9545	73	4725
14655	73	3166
14579	78	4322
12266	27	4063
261	73	1972
12715	31	7598
13383	73	6990
9137	65	6035
4726	73	5756
9480	73	1908
14934	27	8164
7261	73	14800
14430	16	3808
7332	47	4064
12671	31	6006
5791	73	5311
13694	31	9106
12313	73	2816
4262	72	6385
12891	65	721
12831	47	9729
11618	31	7955
14611	47	9520
4815	73	2415
4447	73	776
9560	73	9030
13565	27	9263
13001	73	5978
8741	73	8758
300	73	5859
13996	73	9181
12965	78	4780
11881	78	1850
9648	78	8256
12390	27	6493
11114	73	14473
12223	73	7463
9593	78	13684
10854	65	11178
6790	47	2529
8703	73	4684
14043	78	11139
6007	73	8542
8097	73	7788
5566	73	6005
12446	65	10021
6448	40	4129
2782	73	4390
8564	73	1256
5684	65	11076
14276	37	7781
13178	73	11390
5238	78	6397
14869	72	282
12201	73	1972
5525	73	832
3750	47	2766
8497	73	4504
14839	31	13690
8600	65	2978
14322	73	4774
10137	31	3602
11645	73	3060
13039	73	3520
10286	27	7117
4227	47	7375
4537	27	946
11063	73	3934
241	73	1255
4618	47	7308
5045	73	3432
11594	65	13832
13571	31	2311
13608	73	10114
11115	73	3353
14910	73	5843
4518	78	14753
2528	72	7423
3792	78	8986
6498	31	14484
6747	73	1761
8117	73	460
5193	73	6000
9741	73	6008
8389	73	4684
9022	73	10444
13554	73	832
358	78	4124
3734	78	2698
2570	73	3826
12783	78	14486
2612	73	8416
11086	73	6615
4342	73	6234
4924	73	6919
5239	78	6071
3505	39	7944
3901	73	13762
315	73	5958
13724	31	9069
13494	73	1260
8334	31	14742
8585	39	7050
2315	27	4057
3985	73	7307
896	31	14484
12845	78	6373
8766	73	9637
4472	78	10491
8805	27	10020
14556	47	5627
3275	65	7898
12447	73	13832
4207	27	11130
1099	73	14371
3820	73	813
10897	78	4052
6722	27	4355
982	78	4425
14867	27	1781
9601	27	9263
1782	78	9940
164	47	9624
3864	73	6199
11208	65	14317
12222	78	4112
12859	73	7622
3024	78	10020
139	78	11376
14561	73	6019
11715	47	2449
3911	65	689
3220	40	5732
6954	27	14412
13000	47	7063
5404	73	10192
11256	27	715
215	73	14464
2008	27	4441
4618	31	9505
13640	73	3352
14203	78	14781
11715	73	968
12223	73	6323
13620	78	6031
10324	27	11382
14982	78	4124
2215	73	6204
8151	78	2141
4607	47	1688
5566	73	5864
2186	73	2046
14597	73	6022
4738	73	5759
11369	73	5333
11358	47	4380
14537	73	6288
3774	73	11031
11732	73	6478
14750	45	9283
122	78	3235
2214	31	8878
12369	47	6357
9930	73	4563
10683	73	10080
4865	40	7590
5733	40	10385
6961	47	11067
12706	73	4489
693	73	4320
9289	73	10877
10970	73	10213
10469	73	8168
9870	78	443
5532	64	3177
13283	73	9801
1840	27	6611
10226	78	1253
2013	78	11423
13818	73	1680
10509	78	4297
8126	31	5773
13215	27	6398
12106	27	10489
55	73	7388
8626	73	7234
4238	73	5787
7460	73	1851
2680	73	7736
9495	78	5772
12510	31	5334
13312	47	3639
10812	73	5464
3770	27	10749
361	31	14742
11644	73	2898
2951	73	6435
1998	27	4441
12624	73	10675
13457	73	4690
7068	47	473
9544	31	4892
14802	73	9786
4472	47	10115
13738	73	815
9680	73	7923
14169	64	4538
13930	73	6782
3713	78	9584
12515	73	6304
1473	73	6823
13192	73	4329
5897	47	2783
5388	73	9101
5309	50	14721
5544	73	3546
8726	73	9236
13736	73	11381
10116	73	2216
10643	27	4630
198	78	3588
196	73	14285
6996	78	9304
8261	47	1963
5373	73	4977
2903	73	429
5192	31	1298
10951	27	9623
9150	78	6495
6960	73	6107
8499	27	10370
8913	73	6712
14596	73	1205
3996	31	9999
6341	73	7914
5277	73	10017
13391	31	3354
8579	27	5811
3917	73	9039
2747	73	10759
6600	27	1048
8352	73	7518
4232	73	1138
12977	78	1532
4951	78	387
8626	73	9634
12480	27	9262
14590	27	9585
11670	73	2654
13100	73	11537
5691	78	7989
95	47	2880
11913	73	3454
8219	73	415
5418	73	14749
8606	65	9226
3427	40	1028
1864	73	4402
13071	78	4063
46	31	14748
4700	73	9630
11775	31	6608
12837	73	4104
12901	73	5998
12409	27	9238
14025	73	2567
8179	73	6199
4204	73	1256
13067	47	2149
9864	73	7426
10399	27	14234
5617	73	1851
12164	78	3430
6719	73	7237
562	73	8143
8515	73	777
4304	73	7822
9014	27	1288
13993	73	8596
13333	73	1894
11638	31	9999
10606	73	1547
8694	40	6174
12623	65	6282
14993	27	7650
3992	27	1156
14106	65	1273
10564	73	14471
7320	73	2115
1513	73	1134
8685	73	9032
11412	27	7707
10636	73	1851
14100	73	1198
3770	73	14483
5284	73	14765
4590	47	4901
10056	47	1169
13576	78	10746
11964	78	1031
12026	31	4173
5105	73	2415
5437	73	6902
10482	73	4159
9370	73	10057
10548	31	5945
7288	24	5652
10531	65	10743
3310	73	1287
9617	78	3324
2636	27	10749
4668	78	10988
4732	73	1826
9618	47	2597
4721	73	11146
9530	78	9940
169	65	14339
12794	73	406
13212	27	1049
8354	47	14569
10602	78	13697
11703	73	7083
1246	27	5035
8270	73	2301
13816	57	10029
13368	73	1237
4003	73	10403
3711	73	5847
12475	47	862
3359	74	1449
9911	50	13854
10201	73	9539
11798	73	2324
3656	78	5789
12630	73	4258
8812	73	7695
6716	73	6971
11193	73	9279
11	47	889
3854	40	6292
8874	45	9281
12552	78	6297
11091	73	8473
5198	73	10302
13814	73	1833
10682	39	2118
12405	73	10414
13104	73	3000
10920	73	3524
6742	43	7134
4621	27	6683
5083	40	6025
11615	73	3641
8842	73	7788
1179	73	6075
10445	78	1893
10065	73	6166
143	65	11380
10970	27	6438
1568	27	9980
9711	73	7033
2965	73	7985
9357	73	4248
12297	47	8482
2484	27	864
14833	73	10513
13310	73	276
13291	73	5794
10789	73	6257
333	73	5952
11250	78	2144
12862	47	5627
9668	27	6289
1507	73	10487
6176	39	5719
12455	73	13899
5340	47	7694
12157	47	5648
4271	47	6415
10317	73	5737
9478	24	3609
1093	27	7927
14665	73	4504
2513	31	11144
12847	27	11150
4627	73	13761
4648	73	8434
2228	78	9904
1934	73	2115
8186	40	2988
12834	73	14384
12973	78	11080
10447	78	4909
3593	73	10513
5192	18	9504
359	31	7310
10533	73	10076
14978	78	6246
7578	78	4878
4726	47	5648
7841	73	13804
14180	65	14574
1178	47	8482
9750	78	10960
6482	73	7915
8992	73	6004
4013	73	5059
3796	73	14356
2643	73	7817
13591	40	7808
7113	27	2368
12147	65	6223
14114	73	4386
502	40	3438
14544	73	1788
14368	31	4355
8619	73	10421
3224	73	8416
14624	73	3691
11606	73	8774
10816	65	6158
8449	27	4866
8652	73	6056
14016	47	7361
9919	73	2827
7288	27	5652
4712	78	9304
6787	31	481
12702	78	2142
2781	73	1758
1236	73	861
13527	78	2599
9328	47	6407
6497	73	14039
13537	73	2206
14521	73	1847
1030	78	93
3341	73	9420
8157	73	5928
13178	18	7162
116	65	426
12929	73	14509
6527	40	6396
13281	73	5880
13398	73	1826
2551	73	1770
2787	73	2312
366	73	7027
5365	73	4121
14274	47	4246
1086	73	2284
11877	73	13875
5530	73	9189
13211	73	462
14604	78	956
12729	73	1205
7266	78	10030
7558	47	10381
1317	73	9073
11720	47	6190
5574	27	722
162	73	7389
12049	27	1273
9671	73	9519
13431	73	3223
7035	14	10671
13072	73	8552
14156	78	5988
14447	47	7009
13301	31	6163
14840	73	11262
995	78	8529
13500	73	401
7527	73	7985
7319	78	4054
10244	39	13880
2658	27	1476
2104	73	10302
4602	27	6422
9646	73	10488
9886	65	5742
3875	73	474
2547	73	2409
1898	73	3105
6876	78	5079
556	73	1327
14454	73	11516
5411	73	5472
12767	27	5324
3088	78	11173
11753	73	733
13969	47	14006
5340	73	4879
6658	27	8176
2336	73	6669
12024	27	6280
14035	73	10184
5611	73	5632
5620	27	4320
14583	78	9963
398	73	7008
13249	47	9598
4227	78	721
7099	31	9117
5105	78	7858
5077	78	3367
297	73	11534
6788	47	4086
10636	27	5873
13487	65	4885
11011	47	10167
8599	65	2560
911	27	4142
12611	73	13863
5102	73	10695
10196	27	2603
10066	78	9251
5146	73	4544
10756	73	4248
13271	15	7875
5687	73	772
3833	65	4124
5888	72	9076
11214	78	14722
14651	65	9144
2942	73	7995
11617	73	4429
4657	27	5647
1534	47	1824
14808	49	5564
7534	73	2855
1546	39	2890
7484	72	10028
12179	73	858
7630	73	6181
14675	73	7722
2443	73	3000
12065	73	3625
5143	47	14487
11235	73	815
14552	73	1964
5105	73	7858
6349	73	13878
11252	78	8661
5597	47	14414
1191	47	6301
13370	65	10109
2517	73	3686
2915	78	381
5089	73	3336
12595	73	5919
8033	73	2191
12138	73	9034
7556	73	3038
10461	78	1641
14642	65	2800
12610	27	2281
11463	27	9847
8930	39	2111
3149	78	8531
14135	78	3588
8286	47	7683
6757	27	8539
13700	73	10166
12858	73	2869
5625	73	2269
1485	73	6738
5394	73	3164
5684	73	1798
10948	78	14701
7418	40	4129
7223	20	5999
658	27	6514
5799	73	346
763	47	1300
9618	73	4891
10598	73	6653
7722	40	9684
1557	65	6193
2974	73	7899
14532	73	9629
10923	73	6371
12994	73	10293
13976	73	3187
5460	40	2151
12125	73	7275
8981	73	4121
643	73	6640
6472	31	4887
4155	72	3585
13595	39	9619
5448	78	3399
10536	73	4549
6939	65	6061
12456	31	8882
11709	78	10386
2095	47	4459
11766	78	2759
13286	73	10581
8803	21	722
12952	78	6307
7834	73	2963
13777	27	88
1500	73	7960
13828	73	9159
8494	47	7047
220	78	14695
3982	31	9995
10173	73	6970
5439	50	4048
10920	73	7656
3704	78	1753
11808	47	6608
11372	73	8000
13310	31	7598
2445	73	2117
2483	78	10494
14584	27	4125
11919	73	1635
4038	73	2453
5519	73	7962
5562	73	1278
12949	74	12950
5249	31	828
3129	73	4985
100	50	3658
3444	72	8795
9523	73	4936
12675	73	5929
2926	31	3370
4005	27	9579
5660	47	9120
5530	73	738
12563	31	9960
4188	27	9186
3935	78	8213
13078	73	6300
12252	78	5636
9952	39	4704
305	65	9642
10624	78	9925
11891	73	6022
11479	73	3228
6798	73	4506
7852	47	11151
12570	73	8773
10501	73	2582
609	73	2708
5050	73	10224
6945	47	10299
14894	78	10384
8492	78	5472
12043	73	10241
12303	27	3529
563	78	7058
4232	73	5828
12919	73	2769
1509	73	9032
2728	27	9035
13635	73	2312
11630	73	767
8737	27	9068
10838	73	13761
3463	40	5806
11709	27	10386
10548	65	13832
4733	65	9976
4522	73	2769
14979	73	14696
1955	31	6831
10561	31	2527
6794	73	7980
13518	73	3454
12951	31	3602
13081	78	6100
12404	78	8955
13820	31	9772
14275	73	1163
13518	73	4103
12663	31	1298
3648	27	14762
10926	31	2602
3138	73	10389
6707	40	3189
11814	73	10519
14150	73	6155
13941	73	6916
8462	47	9729
5552	73	6282
14398	40	3412
13211	78	2858
9587	73	14335
2436	65	14318
14209	73	2849
5369	73	11532
6441	39	11044
13340	73	7278
13308	47	10228
965	39	592
729	40	965
11875	73	7114
1460	78	3551
13706	73	1249
656	73	9989
11896	73	6138
13309	27	8665
10836	73	10158
4615	73	11554
11827	31	9235
368	73	2409
1234	73	7876
4214	73	10513
13754	27	11517
6772	78	4004
9771	23	473
2565	65	2841
3850	73	14132
13143	65	9231
13796	73	7045
13928	73	8520
5909	72	10163
10263	73	6272
1483	78	715
11310	73	3826
4644	65	6169
11984	73	9109
6764	73	11156
11225	73	732
11341	31	6236
612	73	14471
13457	73	6057
12832	73	2069
4704	39	9858
6302	47	278
9714	73	3003
1722	73	4205
7493	73	9705
610	73	4819
10073	73	11432
9864	27	509
9345	73	14739
11925	78	7818
6098	73	1691
14601	78	7957
5721	23	599
12774	73	7477
4800	73	14287
7154	73	802
11355	73	594
13517	73	3525
5495	78	10086
555	73	9159
5208	73	7783
751	73	13855
9443	31	9314
3144	73	11324
7147	47	7649
2697	73	10551
7337	27	2159
1918	27	3534
11042	78	14824
12577	27	11512
793	27	6520
1967	73	2298
13818	65	2116
4306	73	6194
5639	73	4665
3299	73	6823
11100	73	5759
12896	73	2409
370	47	4715
2983	27	10489
7414	39	3854
2977	47	2407
3601	31	2267
920	73	7660
7075	72	14732
9531	73	2768
7987	58	6620
2323	72	5763
10558	73	2990
11743	73	5963
14868	73	14339
7834	73	13782
11428	35	10041
3838	78	1306
12600	27	9953
5426	73	5987
14828	73	1687
1997	27	4441
13919	27	4354
14641	27	10109
13362	27	14417
12914	27	5292
650	47	7594
8072	31	9505
11749	73	1992
13083	73	9067
4938	47	2397
4184	73	9629
9141	39	10385
8916	73	6134
8050	40	7812
3095	47	1149
12069	73	9189
13983	78	2828
2510	27	7921
13633	73	1894
11675	73	332
12289	65	509
976	47	2887
5566	73	14394
1211	73	10672
11498	78	3620
14189	78	6225
8618	47	7361
13076	73	2958
5141	40	14958
8002	40	2111
13019	78	3614
11729	73	9097
6646	65	9144
4921	73	10019
14257	73	3408
13924	31	2526
9679	73	411
8258	73	1020
3716	31	14768
9381	78	9251
10466	78	2601
7255	49	3978
1224	65	4535
1756	73	10019
1756	73	5890
12244	73	7027
7265	73	2849
14036	27	433
1226	65	1299
5606	73	2306
2088	78	4081
377	73	2150
695	78	11397
2292	48	2447
3552	40	8874
5616	73	3010
8258	65	14718
12300	73	2117
10321	73	4864
7356	31	7603
12375	73	10495
5449	27	4076
14083	78	4317
3227	27	8762
14327	73	6023
13765	27	1015
12119	73	1128
1379	73	14310
9764	73	8869
9975	40	10250
493	65	10021
6274	40	5325
10806	73	3255
13975	73	5885
6	65	9579
2238	47	6608
4595	65	5742
9379	65	1151
12024	47	13685
6821	73	3342
8248	73	5922
395	65	14822
4731	73	11048
8351	27	6338
8228	78	3842
10865	73	4479
10739	73	9084
11894	73	2961
4372	40	1028
10528	78	2112
12132	78	4361
4261	27	2933
10679	73	7687
2902	27	4132
1375	73	6832
14614	78	7873
13247	31	725
14579	73	7466
13321	27	9607
13298	73	14504
12890	73	543
6527	40	11274
6768	73	6300
11799	27	4398
12340	73	2362
11870	65	864
12265	78	11130
12801	78	1826
11315	73	7636
8461	78	7647
8365	47	2535
3087	73	432
14120	78	2710
8984	73	6141
9343	73	6487
759	27	9230
314	73	14261
3732	65	2244
11548	73	5843
5342	73	2409
1914	27	7724
8836	73	5968
7847	73	9178
13128	27	10234
1998	73	2138
9162	73	7027
10697	74	14885
13551	73	10023
6458	40	3921
14398	39	6327
11212	47	8443
10584	65	9968
14194	73	14248
1997	31	516
2382	31	9995
8266	23	477
8241	78	7520
2539	73	1715
4708	73	1817
12259	27	5650
14223	47	9057
2785	78	3759
612	73	14374
1085	31	966
5248	73	2769
9457	73	871
11688	73	1745
8672	73	2686
12413	73	8013
12312	73	6272
14291	47	4882
8106	73	7959
5508	73	5954
11758	27	9942
8406	73	13803
4668	31	11332
2023	78	8700
7491	73	5737
5559	73	9575
5527	73	4765
136	73	5968
174	73	6516
8293	31	11538
9450	15	9827
13385	31	9260
11738	73	6107
2538	65	10041
6770	27	4141
651	73	505
7616	73	5750
12009	73	7982
5102	27	4357
1174	73	2287
6176	40	4195
5587	27	6265
1402	73	6653
7106	78	6211
3148	73	7090
13138	65	8934
8391	27	6320
11917	73	2185
12282	73	6480
11813	50	2286
7347	73	5725
8465	78	7038
7470	73	11452
11852	47	9266
12358	73	6270
11088	73	2360
12745	73	7226
3109	78	7781
5333	72	6966
4723	73	1425
4949	73	337
11289	73	1757
3951	27	4101
6773	73	7274
3288	40	4129
7456	73	14088
3949	78	14348
12965	65	10162
5349	64	9381
13567	47	2818
13295	78	10113
2043	31	7955
6937	73	3760
13602	73	10108
246	78	7746
13138	73	4318
13653	73	2523
4850	78	6231
8401	65	2247
5720	78	360
14448	47	4193
7288	23	479
2656	31	5773
10597	47	6271
12247	27	1273
11022	73	6662
3780	64	4135
12542	27	9399
13433	78	1773
810	73	9790
7457	27	10373
13638	73	347
12315	27	14725
4962	31	4436
1212	73	10293
8610	31	3440
11624	73	10007
13636	73	9215
14605	65	6279
11365	27	14417
1294	27	5037
2171	78	2078
12711	73	6192
13235	73	3321
6918	73	11529
13079	73	13604
10175	15	7678
10814	78	6654
8218	73	7275
7900	73	10287
9738	64	2685
5138	27	7397
8036	27	10156
11223	48	9502
1711	73	3238
5367	78	476
939	73	10011
4913	73	1256
10688	65	11076
11631	73	14729
9662	31	1479
7888	27	1156
11476	14	3978
3743	73	4636
14121	73	445
14365	65	3455
10121	78	9108
12905	73	5867
1557	73	14088
3530	73	9784
7436	73	14714
9435	78	1767
10142	31	14413
3582	73	14734
12629	78	4004
12712	47	14707
11027	73	5337
128	73	5898
20	73	9666
14837	73	707
1378	73	6376
13032	27	10162
42	73	11521
12731	78	14416
7507	78	6393
2543	73	6103
4816	73	14315
8142	39	3408
5	47	2818
2199	40	6392
14838	74	762
11343	78	9274
13413	78	6287
11059	73	9666
10619	73	2838
4042	73	2394
12798	73	7051
2237	73	10184
1096	73	14471
3742	73	6901
13663	73	2533
1733	73	4104
10264	73	9522
10932	73	6110
14114	73	2360
9392	47	5299
8340	64	14508
13814	78	7820
9038	73	4168
12320	73	4375
4023	27	10746
2388	73	14142
3097	73	7015
3652	47	7064
7321	65	14509
12014	73	9594
13634	73	9581
12098	73	3018
3268	73	9899
11843	73	5993
9156	47	7767
9864	73	5734
2104	73	5022
12165	27	9731
8516	31	2285
8251	27	8654
12681	73	9946
322	73	3825
1648	78	2675
217	31	9572
1077	78	14753
1873	73	6990
8332	73	3433
2292	78	6393
7918	78	9976
13175	31	4355
1062	73	3674
3730	73	7226
4711	73	1640
11898	27	4377
12481	73	4321
5575	47	2089
601	73	6623
2561	39	9840
8313	73	3010
7528	73	1421
6644	72	13851
3721	49	6816
8393	73	10003
4809	73	2191
13573	73	6112
13943	40	7391
13286	73	2891
6466	73	2117
1605	27	722
12456	73	8933
13215	73	8795
1799	73	2287
11037	73	6270
10810	73	9509
1009	27	11006
8230	31	13878
11257	73	14315
6822	73	7167
9038	73	3841
409	49	7293
7198	73	6368
6839	73	10581
10917	27	2978
10429	73	6229
10429	78	7818
8353	78	5655
7336	47	7272
4045	40	4046
1821	73	4055
8783	73	4154
11504	31	4319
8997	78	3934
8340	78	863
8605	78	9504
10838	73	10295
10466	73	2992
5661	47	3553
12884	31	10316
13770	73	9774
5182	47	14487
3011	73	8314
6721	27	10230
3432	72	7169
10882	47	1760
8193	27	6244
9317	73	7711
5328	31	3362
4945	78	8658
7816	73	10292
14561	73	5659
9551	73	3403
13244	73	2958
5501	27	3099
14767	40	6391
13179	73	9804
1001	78	4146
8685	73	6740
1007	78	4754
11215	73	7821
5217	73	2878
13792	27	6612
12597	27	4361
13954	27	11124
4556	78	4513
12658	73	8648
7354	73	782
4041	73	7762
385	78	9191
12042	73	769
8328	73	7960
3025	73	10227
13715	47	1956
7049	40	13676
1511	73	9518
7204	73	3433
10839	64	1515
13518	78	3367
2658	73	5057
5240	78	9036
4197	40	6173
4277	27	6215
14847	27	7997
14838	78	9251
277	65	4414
5284	65	8700
2742	73	2528
11508	73	1157
1929	78	10250
7194	27	964
8993	27	7085
13389	73	10252
14422	27	9507
1531	58	6202
912	73	2140
4015	78	3759
10808	47	11078
7149	27	8164
8577	27	6085
10002	39	950
8268	73	3061
14895	65	2835
8179	24	3609
2625	78	1285
14102	73	14864
10069	78	4764
12187	73	6541
5341	49	2447
7098	47	9974
9346	31	3857
3996	73	2052
8512	78	9399
12567	78	6293
14045	73	808
12681	27	4357
1705	31	7955
10334	73	11171
2500	47	7184
11968	47	7361
12643	73	5847
6935	27	2763
11936	73	9099
5142	73	2452
4231	65	10093
5110	65	2774
8100	31	4631
11730	78	2662
8841	73	9279
4929	27	517
12301	73	9640
9415	73	9285
8640	73	6516
10790	27	10748
648	73	5923
8029	73	6156
13262	47	1012
3764	73	10179
5608	73	3835
4477	39	2561
3264	73	6967
6283	45	9282
9158	47	14414
8629	73	432
1859	47	6262
10523	73	6233
10832	27	11473
13241	73	10039
19	73	10389
3404	20	1989
6060	73	5802
8107	47	2064
811	73	9705
8073	73	3489
1055	78	8539
14620	47	10380
214	27	11418
626	47	11399
11095	78	7646
10464	73	2180
4250	40	2756
1887	31	3535
5510	47	3640
2231	73	14864
6734	73	1687
10079	16	5322
2633	47	1428
1995	73	6680
6458	40	3412
8670	73	6374
8712	27	5036
5641	73	591
11081	73	9789
5964	40	14313
928	47	14010
11056	73	439
14041	73	9086
5100	73	7789
1395	65	9104
1366	73	3047
5206	73	4154
1930	27	4141
3831	73	6486
288	73	4491
2872	72	6069
5366	73	14702
11546	47	6094
3890	65	2971
5336	73	7739
12391	73	5327
12986	73	1547
362	48	9672
58	73	5465
11574	65	486
13639	47	477
10198	27	7654
11905	73	3400
9497	40	11274
12191	65	11076
6978	73	4763
14856	78	4501
12010	73	6372
2807	73	622
2240	78	14529
10911	27	1692
11567	47	1405
7392	40	4196
4814	73	14699
3725	47	2449
9614	31	4175
10254	27	5837
2303	40	14403
4713	47	4086
3778	73	3546
6429	31	9995
4529	73	6648
14071	73	1249
1574	73	7368
1938	78	4016
11438	65	6158
9495	73	5633
13122	47	9624
996	73	6668
12717	73	5846
12052	65	6330
10171	73	9553
8198	65	8656
7697	73	4394
12206	73	14480
1522	27	13906
3165	73	8200
14728	40	7050
1884	47	7694
5388	31	14746
10946	73	1687
12332	27	7124
2183	73	2692
7063	14	2166
12974	73	4256
1603	78	4290
4592	78	9623
8974	73	11403
6847	73	14335
10726	65	4796
8483	78	3235
653	73	933
11639	78	8955
4306	73	3184
8359	73	9127
6473	31	9117
8386	31	4175
12113	31	9824
12518	73	5464
1935	73	11183
11647	78	8598
6643	27	4163
7073	27	2378
14239	73	1338
13267	73	13973
7214	73	6538
4641	31	3001
5269	47	8059
11700	78	8856
12574	27	7952
10338	73	1986
10054	40	5053
2354	31	5644
14562	73	6968
942	73	6245
12853	73	11180
3591	73	7999
12412	47	2064
12741	31	9572
5731	39	11069
13342	73	5864
13757	73	7999
7435	78	6397
4696	73	5992
10282	40	4373
1303	78	7058
14839	73	6648
3530	73	8074
2085	73	11398
2644	27	5752
14067	65	6319
3541	73	13855
100	73	6741
8138	73	7690
77	73	4386
972	73	5774
3988	47	278
2548	73	6823
2651	27	9826
9345	73	13832
4544	72	7055
8022	48	3773
14943	73	275
4230	73	7082
261	73	7914
10614	47	9111
8905	27	6422
1380	23	14010
11463	31	4110
12191	73	7160
4034	73	2205
842	78	3213
11779	73	2021
4207	78	14348
428	40	6609
2446	47	9599
1890	73	4399
4709	73	14483
13453	73	8010
634	73	7226
9481	27	946
863	13	9672
9450	23	1428
11258	78	14753
3265	78	6085
13218	73	6107
7228	78	2076
3549	31	2760
10870	73	4363
2906	31	1436
8901	73	7128
4946	31	507
13301	27	5853
12094	73	14704
4471	65	5717
14733	39	3189
10706	73	5776
2520	27	914
4669	27	2850
13078	27	3430
13000	27	4630
3832	27	9953
4943	73	2708
12824	73	4514
13637	27	10040
3731	73	4058
7468	73	3487
7196	73	3454
2079	47	10311
4810	73	3667
6776	73	784
10927	78	4984
9524	73	7314
8917	73	10513
12767	78	9985
13350	73	2891
1366	73	773
6359	73	10043
8083	27	8669
8568	47	6407
12430	73	6116
7547	73	4480
12429	78	7412
7814	40	14693
11420	73	5515
12841	73	14698
8497	73	9214
9456	73	460
7549	73	1895
9759	72	7160
2840	78	5294
6313	39	6274
3291	73	14480
13344	78	4106
5372	73	6129
6816	14	6382
1184	31	1298
258	78	11080
3908	73	10513
207	73	6270
11635	73	7725
14094	73	936
12302	27	5877
10931	73	9200
3537	73	4415
10499	73	5884
8318	73	14287
12900	73	8778
6196	72	4314
10256	64	9700
12690	73	5057
11816	78	1251
9128	73	2216
5166	73	10672
629	73	7618
7537	78	6909
4680	47	14707
4528	73	10288
6299	73	7655
11923	65	4796
6002	72	460
2806	40	6045
2811	73	8015
14943	78	8472
5351	40	7377
6238	31	14711
13444	73	1826
9025	47	3466
3308	73	1989
10876	73	6411
12186	21	7898
6025	39	9552
10457	27	4398
1350	73	14261
3141	73	14342
3943	78	3430
14111	73	6091
9003	27	3623
14058	73	7789
1710	27	5826
11934	73	10180
11294	73	7422
12520	47	7516
14590	73	9255
5386	47	6301
1651	73	7634
311	73	4415
11967	73	1764
2468	73	5776
42	73	6001
5819	73	6649
14562	78	433
7411	47	6177
13353	73	4109
14195	73	5947
144	78	10125
3015	27	2144
3358	27	5036
12013	78	4685
4238	47	2818
5165	73	4403
8545	78	14412
9131	47	7730
11934	73	470
4182	73	2711
9328	73	5769
7424	69	6170
4804	73	1631
5157	27	2769
14819	73	9819
11304	47	6677
12920	65	10091
2392	73	2381
8369	73	4634
4976	73	10696
746	73	2533
14680	47	7730
1424	73	10023
3128	73	3525
8749	73	11432
2561	40	6174
7872	73	2179
9451	47	9212
410	40	5808
3755	73	13904
6582	73	933
10217	73	4406
7326	73	4047
10852	73	14458
9746	78	1583
8255	73	2897
5201	73	324
13913	73	13934
3905	73	4985
4472	73	812
7248	73	533
3699	73	7278
4946	73	9777
5951	73	9705
7066	73	7018
3153	73	3955
7599	27	4533
3404	72	3517
8558	73	7739
5801	40	10387
8157	31	9198
11123	39	5852
9557	47	3429
13149	27	9277
9959	39	5852
13813	77	6079
1067	73	10696
3944	78	9985
13500	78	7038
12288	65	4885
11591	78	2112
6411	68	7947
12496	27	9623
6996	73	8986
8257	47	4882
10573	73	3504
2440	73	14564
4378	39	8659
14612	73	7407
2	73	5337
2183	73	6503
2136	40	515
8997	49	9672
12686	73	9796
8969	73	7980
10831	73	4489
9635	40	885
4203	31	8932
13365	73	6323
3550	47	14569
2229	73	8410
8510	73	6518
11696	78	1257
11846	73	8764
9649	47	2887
8391	73	1758
7244	73	9971
6811	78	9958
8814	78	14801
3368	27	6421
4236	65	5647
13215	78	6398
9375	31	9234
13133	27	11267
13045	27	9783
14578	73	9786
11489	65	2116
2642	73	2876
9885	78	3551
9431	27	10745
1823	47	1537
11934	23	5997
14877	40	7050
12529	47	6038
11253	73	7302
3039	73	14374
6441	40	4046
1	73	10487
9331	73	664
11581	73	3184
4966	73	2120
10812	73	14700
6467	31	9824
9892	73	1787
14717	39	592
12449	73	14948
7282	31	616
3278	78	4796
50	73	7628
3654	73	10345
4212	73	2233
10922	47	6357
5663	65	426
12648	27	5029
1071	78	9036
3808	73	7307
1734	31	13687
8402	73	7429
2621	73	886
1205	72	1256
13967	74	13968
12237	47	7308
13929	73	6668
13459	31	5860
13505	47	14288
645	27	2280
5607	73	10754
8770	73	7687
6060	73	2963
13607	27	5811
13324	73	2210
12169	47	4086
13913	73	5880
1089	47	2887
5612	78	6086
13141	73	7738
3314	47	6356
7383	78	5934
2413	73	6324
8957	27	87
2538	73	5880
6479	47	10902
287	78	9977
5527	73	774
270	27	4885
12654	73	3694
5414	73	10001
11907	27	10100
9080	40	14717
12394	73	5850
9220	39	5844
7812	39	6530
13421	73	6291
11194	31	3142
6052	73	13865
8510	73	11432
14521	73	14395
5591	73	2221
13544	78	4482
5430	73	9034
6041	31	6148
8153	73	13695
12717	73	6651
6463	40	4477
4003	73	11171
5996	40	14767
8946	73	9509
11530	73	5829
12539	73	1780
13062	73	14221
58	73	6127
13938	65	3536
5635	31	2760
7356	73	10006
6802	65	4885
12067	73	14514
14929	73	4880
3880	49	9502
10600	73	10372
8952	73	14315
13119	73	862
9386	73	9804
6418	40	10385
851	72	445
14950	73	4890
13484	73	7736
12277	73	7402
8573	47	1963
11611	78	7689
13829	73	14574
13925	73	6113
5677	31	963
11126	73	3674
1195	65	4796
8035	73	4491
2170	73	7388
10652	73	10099
5216	73	1687
1199	73	9236
1521	78	589
11248	78	6927
12351	78	4865
1999	73	9880
11106	27	10579
14526	73	9782
6905	47	14487
9374	73	8470
2091	47	8644
2103	73	11432
3494	73	9200
12897	27	4381
182	73	10422
5540	73	6642
579	73	10517
2091	73	5512
6837	73	8063
6866	78	3499
12013	73	9017
13119	47	9520
10333	78	1533
5110	73	3453
3224	27	3846
8235	73	5316
13612	31	13690
2702	73	3076
12413	27	3667
12175	73	6251
1520	78	10746
3122	27	13878
1311	73	1019
8133	47	7988
8316	78	11422
7406	73	4324
164	27	9256
14165	65	2800
8332	27	3361
8516	73	9199
7147	73	4386
5356	73	337
1301	73	9938
10836	73	2894
1356	73	5978
6989	65	4080
2784	78	5844
3831	78	6092
1969	27	452
5535	78	10960
11718	50	2845
1184	73	3452
9462	73	3077
4999	47	5648
12998	27	5649
515	40	3758
14642	73	549
1604	73	6113
12102	73	4138
3195	57	5079
829	47	454
12833	73	1134
3926	73	1833
8148	73	7759
14639	73	10842
10986	73	2583
7640	47	9757
8817	27	5823
1206	73	3061
13268	27	4381
6942	65	2684
3949	27	7011
9158	73	2021
1699	73	2381
9873	27	4082
11297	64	2204
11509	78	14801
14166	47	8078
7145	31	6831
11746	73	3668
303	73	6782
8678	27	14762
13196	73	5085
6548	78	10161
7139	73	783
10429	73	2380
10435	73	4725
10999	78	9993
10466	27	2900
12388	73	13786
6994	78	1806
13462	31	9824
2904	78	7300
10836	47	1271
9426	78	2155
369	73	7302
8215	73	6014
4728	78	14753
13221	27	7921
5231	73	6075
1221	65	14457
12380	73	2600
11436	78	3608
11911	47	4882
3273	73	9097
3537	31	9190
532	72	2368
14118	78	11376
6810	40	1026
13012	27	10517
9895	73	2358
8306	73	1205
6590	73	5952
14389	73	7695
14092	27	14055
5268	73	7156
11187	73	462
5497	27	4509
4809	47	9048
1721	73	8548
1224	78	3835
3590	31	14741
10326	73	4348
2907	73	7423
12183	47	2407
1549	73	5886
6455	78	9732
14273	73	6598
3331	31	963
2022	73	7156
12439	73	13860
3745	73	332
10791	31	13698
7146	47	3254
8359	73	2360
2437	47	7048
4839	27	4401
10924	73	2932
906	27	2835
12984	73	9992
5180	73	5659
4848	73	2117
12466	73	1142
13733	73	6326
14663	47	7311
8304	73	933
7100	27	11268
7030	27	1636
12697	78	10090
13439	78	5959
10907	73	1790
7205	78	14470
13474	73	11259
2488	73	5931
4602	73	2654
309	50	5298
14195	73	13841
578	31	10013
5431	73	5918
6808	73	6208
14584	27	6224
4619	73	5770
8970	73	10251
14905	73	10318
8857	27	6925
1597	73	3673
6103	72	3076
11295	78	4071
2660	73	5870
2224	73	6663
12832	27	5649
13087	27	7126
1968	31	9574
12768	73	7634
11123	39	534
13792	47	4157
561	78	13812
13643	65	2800
10544	73	2827
4956	73	2876
1823	73	8764
357	61	2447
14557	78	9305
11939	73	7787
2616	31	954
9326	73	2257
3133	65	4796
1552	73	406
186	48	6735
12921	73	10007
7803	78	14738
1229	47	3188
207	73	6115
12290	73	9822
12716	73	7315
2623	73	7607
9019	27	8424
14543	73	14474
13335	73	10556
12795	73	6234
3313	73	4761
11566	31	1293
10832	73	5895
8419	65	8700
8697	73	6050
7861	73	11122
6535	73	8045
11990	73	1635
3663	73	6627
9015	73	4316
2442	73	6123
7512	73	5909
7455	73	9779
4365	40	5654
655	73	8200
11440	78	6882
11655	73	5784
3221	73	6345
4604	73	6284
8368	73	289
11421	40	2561
315	73	8005
9359	73	1716
8769	73	9797
4023	65	4095
9439	73	14957
4281	73	7607
7486	49	2447
13205	73	6971
2653	47	3884
53	73	7116
10394	73	3641
6773	47	14123
4789	73	6572
1119	73	11171
7855	73	13807
9556	73	289
2334	73	4391
13368	73	2528
4274	27	8636
5265	78	9274
6472	73	6576
9909	73	9851
12148	78	7978
2505	73	10195
1061	31	5290
12440	27	13909
10819	47	5648
12844	78	8700
4624	31	6329
9336	73	5972
9910	73	6666
11306	73	2325
3130	27	1791
8597	78	2116
10486	73	1847
8917	73	4056
2240	78	5959
14915	27	6206
2779	73	3484
8689	65	8661
9326	73	6661
2007	73	2138
5062	40	14736
5665	73	6199
793	65	486
143	78	8300
7158	31	7604
75	73	2960
10801	73	6483
5503	27	3099
7444	31	1409
13517	65	8548
2060	73	2409
14116	73	549
10755	73	14495
5425	65	9731
1614	78	2710
5276	65	6034
14830	27	14706
9450	27	2850
13386	73	14714
9299	73	5829
12064	31	2831
5692	73	6001
3109	78	10494
5637	23	6168
13811	73	13856
5635	65	5378
14820	73	4293
11104	27	4082
2063	73	9857
14084	73	7177
2539	27	5962
3900	78	2848
12951	78	456
5743	31	5458
12076	27	5290
7896	31	9208
4048	72	6166
8921	27	2159
14033	78	5780
3103	73	3415
4642	65	9943
11291	78	11014
5442	73	3076
59	47	10388
11408	73	2129
156	73	10191
9137	73	13872
10474	73	6155
1464	47	14766
4463	27	3616
11745	73	8089
299	27	6417
9339	27	953
11830	73	1127
8625	73	3760
37	31	9421
1214	65	11080
1469	31	3857
13822	47	14569
3251	73	4259
7990	40	9268
12842	73	11532
4744	40	879
972	65	5855
14136	27	6425
2808	73	11160
6485	72	14352
898	73	7076
392	64	10266
9158	73	1336
576	73	7167
9556	27	4288
6176	39	1947
14896	78	10751
7889	73	9894
6995	27	4076
14986	73	13867
1934	31	8878
11943	73	9181
14667	73	2286
4872	73	5726
5203	73	9854
2785	73	14485
11510	31	14761
3693	73	11146
10121	73	13886
5686	65	7653
14273	73	10313
9497	39	9620
9009	65	4855
11206	65	6048
5308	73	9101
4304	78	14486
11978	31	5945
6884	47	8862
12641	78	10423
12485	73	7963
6763	73	6990
12795	78	3620
868	13	4510
13200	47	4122
3281	73	4981
3521	47	8538
1729	73	14475
7150	73	10511
5357	27	5855
10975	78	8664
7573	27	4515
8645	73	1162
10536	73	2191
403	76	7831
14401	31	7991
2840	73	3504
12146	73	7923
3767	73	7012
1577	73	2827
2108	73	8553
11409	78	14340
11008	73	3342
13600	73	1260
570	47	4387
12833	78	8598
3749	31	9208
13439	73	11122
5339	73	14007
5096	73	8165
4677	27	3008
12040	73	5928
369	73	14062
3151	73	14504
7266	27	14478
14581	73	4636
8732	73	8778
1354	73	7943
3947	73	9651
14001	65	4262
6874	73	8205
13481	73	3691
3273	65	8164
9545	47	4459
12690	27	2122
11943	73	9522
10781	78	726
10590	31	3244
11033	18	9838
12845	78	5466
8175	40	13676
551	78	9642
12269	27	14384
7901	47	5775
10700	78	9304
1484	31	516
1455	27	9847
12867	73	3801
3812	73	5865
8890	78	2169
400	78	3614
14209	78	3544
8241	73	9215
3715	78	7989
10620	73	4394
5352	78	5035
10625	73	1827
4227	65	721
12084	27	6957
2496	73	6324
3221	47	9048
14907	31	14357
3868	73	2217
5613	73	4794
11704	78	768
10853	73	3802
5354	50	6405
9354	65	3226
793	78	7050
12379	47	9501
7247	73	4314
8755	73	14696
333	27	6578
3576	73	6115
10790	73	8165
2741	73	10252
3376	65	7677
3997	27	7680
2758	53	1971
7962	72	834
12837	73	10027
237	73	14039
268	73	795
13755	27	6244
4584	78	2890
1627	73	1262
13069	27	4063
4231	47	336
12274	78	14415
12585	73	3517
5068	27	10030
172	27	4290
8565	78	8700
14205	73	4103
6947	47	2407
12487	73	6020
13097	65	4697
8398	72	11398
1820	78	931
2611	73	11392
3550	65	8432
13167	65	2447
13070	47	14707
11884	73	1036
9740	73	6433
1432	31	13788
4996	73	10163
12186	78	5222
11319	73	4065
4303	27	13698
1926	73	5835
12284	73	9236
8489	65	5029
14808	65	5564
11993	27	10147
3411	13	6856
5962	16	298
2740	27	509
9500	73	4312
14158	73	7606
8406	73	13899
13615	73	1543
1393	73	14657
3795	47	1775
9394	27	2858
12387	27	6224
1748	78	11405
1100	47	7694
12967	78	4829
12003	78	9270
4621	31	475
6965	73	8437
14673	31	5092
13531	73	14338
3277	73	14261
11970	47	4140
11935	73	6513
10786	31	10020
9532	31	11261
8912	73	5770
14117	73	10962
1314	73	6403
8677	65	511
2949	31	7997
3777	48	14276
5110	73	734
2540	73	591
14192	31	11263
8267	27	7306
14946	73	6572
7349	73	5993
11313	73	11338
1515	78	13466
8800	27	481
12192	78	7125
14168	31	3440
5511	73	8410
14087	73	1686
8257	65	713
12732	78	6235
10736	73	7724
13087	78	6317
7443	73	4491
3263	31	4863
12604	27	2281
1629	73	14657
11216	31	7991
7187	73	7637
260	65	13901
13463	78	14801
13042	73	6012
11202	78	4285
3995	73	401
11954	73	1544
13814	73	7739
312	31	7671
4712	78	7058
3012	49	9672
5047	78	7650
571	73	1411
13308	73	2117
5576	31	2773
13810	73	639
3751	31	7955
11761	73	2381
2996	40	3200
14908	73	7821
6546	73	1162
7561	47	7767
10587	73	5881
13231	65	2062
4969	65	2976
7145	73	14704
2679	73	10018
7352	73	866
3983	73	7276
10697	78	6393
12839	31	9785
6570	31	3531
11758	73	10669
14805	27	3555
10897	73	14366
305	78	6611
12492	27	5876
12226	73	6290
12252	27	6320
11063	73	10511
12839	73	5968
3156	73	10353
13431	73	2109
12666	73	5853
14118	78	4896
8186	40	6274
5645	40	14767
118	73	6110
8381	73	14138
14102	73	8104
7914	72	731
837	73	6170
12791	27	4691
12806	78	10406
12260	65	3468
13092	73	7177
11024	78	3426
700	73	7303
11909	65	14055
8478	27	7926
12303	73	5291
33	73	14284
12791	31	4061
9428	73	730
10736	73	11177
11270	73	7166
13070	78	11400
2917	73	10752
11232	73	8986
4824	73	6126
1713	27	11137
8982	73	5293
5356	27	14705
354	73	2371
5817	57	6984
398	73	6405
4304	31	9572
8325	65	5063
5245	73	10081
14160	27	4361
10795	78	1893
7351	78	6269
14206	27	10013
4623	47	4431
2748	31	963
14622	47	5091
9165	47	7399
1834	27	9211
8305	27	14490
10638	73	9228
11920	27	4423
12327	73	9573
6365	73	4051
11419	73	11477
11561	73	6046
10918	73	6333
13980	73	6123
7453	73	2021
10393	73	3345
27	78	4117
5262	73	10023
11272	78	3544
5564	17	2265
5271	73	6637
6485	72	2882
10521	78	2375
4245	40	4646
2327	31	6213
14672	73	8155
13159	78	6416
3738	27	931
10530	27	9632
3416	39	947
5172	78	7412
12132	27	4361
11115	73	8775
7487	27	11724
14186	73	9625
8970	73	10000
12924	73	1422
14378	40	2756
3013	73	7423
2202	78	2276
9446	78	13887
706	47	14381
8747	78	6328
8771	58	5936
10438	73	10353
7487	50	6271
5685	73	14566
11909	73	7083
12880	47	9501
10407	78	5842
356	73	6166
10867	47	2407
10051	72	8529
6729	73	14138
7218	73	9086
10397	78	10582
11583	78	13855
11284	73	5850
14139	40	5852
5195	47	7956
6888	27	3845
5674	31	8932
8335	73	1543
120	73	14344
2687	73	6712
1730	73	337
8872	73	4073
9060	72	11473
9679	73	9539
3463	40	4477
7541	73	6197
14641	73	9819
10874	73	3569
6965	73	2282
7440	21	10020
8102	40	13688
11805	73	883
11349	73	815
2562	78	4081
490	39	14398
2745	73	880
14904	65	8646
9721	73	14765
2621	73	6510
12010	47	14123
11166	13	14010
9681	73	14220
296	31	6163
8291	73	9199
4541	73	4249
13609	73	6305
7880	73	14527
7971	40	8722
3189	40	4129
7025	72	14088
5670	27	4320
11514	40	515
574	48	13466
4946	27	512
12594	73	1415
14364	39	6396
3792	47	4140
12796	78	3632
6358	73	3076
15	73	9074
10465	31	9235
1652	47	6972
5619	78	2375
11205	47	1271
2639	27	6671
14728	39	4250
12503	73	6971
8562	73	6277
2516	78	721
14992	78	14385
11523	31	4092
7185	73	3615
4821	78	2566
14366	72	5742
14544	73	3407
3946	73	2669
11591	73	7462
7092	31	9198
8408	73	804
11408	47	7311
9657	27	8532
12627	73	9720
11780	27	2834
2098	73	4560
10394	27	9607
1810	31	11539
2904	65	10091
13475	73	8553
10603	47	731
11956	73	13899
3681	47	9729
3964	78	9976
245	31	3857
12968	73	5926
12970	73	9215
14308	39	4240
13117	73	6706
12487	27	9858
11567	78	5928
11762	73	7669
13978	73	709
14092	47	7361
11354	27	452
7441	73	1725
6449	73	9082
10885	65	11380
11763	65	4885
1227	73	6032
12586	31	9830
10193	31	1479
8344	78	6201
12212	78	14472
13417	73	4408
583	73	11392
12524	73	7821
10830	73	4295
8567	31	4892
2228	11	2971
12081	31	8476
965	40	2111
13749	73	9097
3036	73	10444
11715	78	4322
12618	73	2306
14056	31	11512
5428	78	2910
14645	31	14774
5743	78	5763
13065	73	10556
2473	31	4858
6954	31	9999
9447	78	9653
5096	27	13882
5416	73	4103
12395	73	11262
8198	31	7299
1035	27	9942
12664	78	4091
14811	73	9094
1495	15	6458
8343	78	14570
1611	73	5970
2950	65	2274
11827	73	7962
14453	47	8447
10275	47	8587
8188	47	9580
12109	73	11533
5500	47	1775
13442	31	954
12819	78	950
6175	39	4194
3830	47	1428
10157	40	1546
12320	65	10746
116	73	1687
7629	31	8476
151	78	5458
12547	73	5057
5396	65	511
3795	73	8986
5376	73	2216
261	73	7161
3329	65	1769
14447	73	2306
2329	73	6040
12631	73	1777
11652	47	336
3854	40	14466
5198	73	6368
8996	73	10039
4835	73	6160
5448	73	10152
11761	65	8164
5389	47	3628
4810	73	10368
7325	73	3824
72	78	7058
12627	31	1298
687	73	5579
1660	73	6630
5248	73	10252
3927	73	14000
12276	73	11171
1339	78	11537
13471	73	10000
1467	73	4506
12994	78	14444
198	78	2076
13523	73	3625
7541	31	9960
12501	73	6239
7252	73	5931
13715	78	3821
8957	47	14381
9020	73	6612
12224	78	2402
1360	73	10627
11901	78	7162
14970	73	1416
13927	47	2818
14873	73	9850
5246	47	868
5011	78	2163
5335	73	3105
9935	73	9718
7433	73	14235
12372	65	10091
8983	31	4858
14963	47	14318
8312	27	11124
11565	73	10351
1197	73	7999
14835	78	7957
8559	27	2979
7301	40	1407
10407	78	4878
1913	73	1687
10991	27	5029
1613	27	4791
696	73	730
12657	78	4881
102	65	5025
12266	31	9239
13254	27	4791
606	40	3293
12105	73	1686
5228	47	2305
4813	78	11418
10875	73	7709
12458	78	6882
13093	78	6531
13691	72	2289
12660	73	6128
8633	27	5975
2702	27	9623
14233	73	14297
9413	65	4689
12848	73	9814
14684	27	1156
9546	73	10001
365	73	5907
3996	73	4159
10464	31	7671
84	27	84
7163	73	3184
14322	27	5065
14454	73	4794
11369	73	4103
14989	73	5825
12751	27	8700
312	73	10627
4102	40	1304
7487	73	9099
4926	73	5840
1621	73	2243
14845	78	9139
4595	27	3471
10321	31	3155
11925	78	14782
6943	73	4008
160	47	7064
1493	47	14568
11626	73	6186
13273	47	7516
12663	73	2189
3079	27	6215
10977	73	4419
8802	47	7361
14211	73	6037
8302	40	6424
7024	73	6702
14141	47	3596
3987	73	7239
385	11	9502
8222	78	6258
2295	65	1797
5592	73	10287
13611	73	2935
11660	65	4124
1033	73	8000
14303	73	10894
1159	72	6508
11699	27	7482
5981	72	5323
14177	47	9598
1452	73	10213
7333	31	2526
7137	31	3856
6773	73	855
4742	78	11422
2417	73	2321
3920	73	1127
4671	73	14971
14153	73	6971
8007	40	950
14280	40	5852
12762	73	7135
3418	73	3641
1639	40	2558
10944	27	2159
5609	27	6319
12070	73	14248
9035	72	7740
11519	72	8598
12851	73	2816
8073	31	3531
14251	73	4544
1225	27	14694
3989	73	3334
1010	73	4051
8387	73	9054
11716	78	6531
9142	23	7683
13976	27	11177
6748	73	6056
3220	40	2125
12281	78	5818
10762	78	7809
11101	78	6414
12921	31	5860
3123	73	1788
4320	72	1320
5211	73	3488
8280	73	2879
62	73	2117
2427	73	2306
13656	73	4248
13174	73	8555
12423	78	6421
8563	73	10006
9368	47	10311
8307	64	8602
12465	73	10303
13569	23	2962
11719	73	7788
8032	78	4114
6480	72	2396
8685	73	1978
12759	73	7302
5426	31	2526
13440	27	5752
10319	27	511
12868	31	1410
171	73	10404
10048	73	11532
14944	73	5847
11958	73	3825
2045	73	6015
1696	73	9312
1562	73	4798
9496	73	5885
569	65	6048
12457	65	14377
11571	27	2499
10781	73	406
2082	73	7518
12438	78	11405
5197	73	6621
4707	73	6705
5357	73	6518
3311	73	426
5706	27	4377
1718	73	10076
10054	39	4300
1435	78	1253
9554	73	3684
11797	78	14720
8904	31	11263
81	73	9202
1910	73	1019
3307	73	8548
4599	73	2211
11769	27	3846
6733	27	14732
218	47	2397
7241	47	1271
9878	73	11071
14365	78	3455
6788	73	9113
5872	39	6845
5271	31	9830
14275	73	11324
9750	73	3242
3437	27	5873
3199	73	6273
7	31	14756
14817	78	6882
3850	27	4509
5370	73	2764
14821	78	3614
12803	73	4880
12326	73	460
11858	73	3484
2726	47	9838
900	56	9884
5628	73	7225
9286	73	3523
12701	73	957
7245	78	10757
14103	73	5759
5423	78	6328
3329	65	6187
10889	47	1678
12387	73	2411
12463	73	1425
7444	73	8778
10719	73	10057
11867	78	10386
10947	73	7607
9346	73	2961
10994	47	2313
8770	47	9520
13365	31	1436
9164	31	4137
4006	73	10046
9701	15	9827
2550	65	5880
13998	73	4883
80	78	3835
3358	31	14741
13475	73	7424
12276	73	4055
8169	65	3637
6924	73	1411
3177	78	6393
6585	47	9152
11471	27	1290
286	73	6650
2974	31	351
9911	73	10520
14051	73	13901
9911	31	10666
10837	73	8439
14655	73	6251
9384	73	14315
11922	73	5900
13152	73	3684
6349	27	2132
8993	78	6325
14111	78	6031
901	27	14705
8131	73	6526
5474	73	10014
7117	25	8967
2078	14	3082
497	40	6609
9356	27	6636
8619	78	4793
14915	73	7404
13058	73	4690
10999	73	7958
8560	27	10749
9435	73	9279
5172	73	5909
14482	40	10392
12396	27	9847
14198	78	11422
980	76	2424
8599	78	2560
3592	73	3377
10464	27	7517
6550	31	3370
11912	78	2895
10379	58	737
3392	27	3444
10604	27	9776
13712	73	7610
13998	27	3099
13389	73	2283
7914	57	6219
4574	27	9980
13991	27	4384
905	27	5875
13290	65	14012
237	78	2985
9180	73	3425
6913	78	9262
12507	73	3696
13028	49	3978
9544	78	5225
12044	47	14123
13396	73	6606
4522	73	9982
13164	47	2529
6201	14	9385
9350	39	1028
9892	27	10312
3093	73	2849
10973	65	486
12809	73	2869
11000	73	6001
5354	73	6405
4773	73	872
12312	31	10243
3583	73	10152
11373	31	11135
14001	73	4158
11893	73	6259
4570	47	6177
10305	78	8199
3859	27	5032
1010	73	2801
14849	73	7943
5049	73	7381
13134	27	6258
11864	78	14010
6729	47	9513
12989	31	616
14697	39	6199
1314	73	7626
631	72	2842
11600	27	6984
9430	73	4103
11894	78	6287
11679	78	948
9605	73	7860
12658	47	3628
5539	73	10080
9873	65	4082
10588	78	1825
2101	78	14415
7506	27	2884
9160	73	13762
4672	31	4892
3278	78	10370
9416	78	6855
7460	73	10349
3096	65	2800
8824	78	14377
13646	78	3561
12661	31	3857
7613	73	6102
1457	64	7329
9608	78	6710
12798	73	14957
7465	73	7477
6555	31	616
12165	73	1761
13728	73	10691
14177	73	9197
13706	73	4320
6473	73	14699
14017	27	6671
3580	73	6170
14740	40	14450
11726	73	13852
8408	27	3232
13837	73	4902
12362	27	9783
12226	73	9312
13021	73	3563
2227	65	9875
3992	73	861
288	73	3616
205	73	10802
11082	65	9502
1971	73	664
7505	73	2180
7843	31	7991
3365	73	10372
9506	45	9281
11800	65	10746
11967	65	7680
520	78	5863
7231	73	1788
11279	78	3544
8053	39	5719
12549	73	1420
2215	73	6021
13184	78	1168
2746	78	4706
1714	73	6390
13086	78	4503
5577	27	10236
13505	73	3620
4215	78	4290
4525	47	2161
11787	78	760
10814	78	14476
11233	73	6004
11216	73	7960
4214	73	10024
8099	48	2447
13985	73	14125
13046	47	8001
5094	73	3415
0	47	7048
1842	78	589
12163	31	9824
8565	27	8700
6044	40	3323
10682	39	9619
8125	73	11346
12838	73	3825
12390	74	13103
2412	73	10160
14202	78	14783
13979	40	14996
12849	73	6042
13650	48	13466
8118	73	548
10971	73	4552
9560	73	9562
12678	27	1288
2624	78	2608
1172	73	2829
10801	27	6421
5197	78	11386
36	73	1684
9603	73	8464
5951	78	280
563	73	335
11472	73	14714
5612	31	9190
12958	31	11263
8725	73	881
8797	73	9818
12785	73	6159
10482	73	6709
154	73	8011
14056	47	5304
1109	73	3047
5524	73	9113
12299	78	9066
5459	13	2971
13964	73	2714
6869	27	13812
10858	47	8528
9688	31	4863
8221	73	6073
14362	64	14648
10545	47	7988
1575	73	5895
11194	73	7128
11765	31	4175
4832	73	3506
14239	73	10149
10737	78	1161
5538	73	5769
12127	27	5037
11505	73	1365
9649	73	2801
2335	73	6316
10972	27	14779
13702	73	3400
6462	40	4686
1119	73	10353
2242	47	9144
4274	27	5807
4833	27	14705
14544	73	13594
11591	73	4576
2105	65	9776
3308	73	9880
9388	65	8129
10473	31	7991
4663	73	2390
1173	78	4072
14671	73	6971
2037	78	3369
14606	78	11379
1610	27	3201
9228	69	5816
4454	73	11533
5705	73	717
11758	50	9782
13930	65	7723
2701	39	5014
6353	27	14479
14920	73	2707
3959	31	963
10135	73	7755
14969	73	6055
5791	73	3726
13935	65	6494
10965	73	8045
1083	73	10351
4981	72	2675
14190	73	6030
12168	27	6493
9317	31	9995
1447	78	9783
8904	78	14476
12772	73	10083
8399	15	7122
14808	48	5564
10950	65	8432
13928	27	2555
1676	39	8002
3711	73	9519
12063	31	1131
8999	73	4296
2973	31	1131
14632	73	783
12093	73	1638
12084	73	480
13821	73	6389
685	73	14704
291	73	14269
6602	72	1320
14482	40	2111
14373	69	7960
13861	73	3423
11435	64	9533
4979	73	2986
8353	73	624
8928	27	3845
12756	73	5726
12476	73	2961
8034	73	7980
12431	27	8884
14664	73	6073
14202	31	9222
3755	47	1405
1453	73	1237
1396	73	6159
14870	48	6816
8803	73	6061
11092	78	9852
8428	40	7050
7601	78	6681
11121	20	727
5210	73	6057
2017	73	10732
7354	73	5298
7851	78	6246
13120	78	1337
8946	73	2252
9605	31	2762
5584	73	1673
12550	47	4512
8855	27	9507
621	47	1271
2485	73	1551
13098	73	2373
10609	47	14707
11351	78	7590
10923	73	623
8128	40	7590
6529	73	9820
9456	78	9622
338	73	10493
13917	73	2990
4474	73	1107
6941	73	9493
11656	27	11268
8962	78	2142
14674	18	5270
9660	73	5972
8077	40	327
9311	40	4365
12082	47	749
12739	47	1286
9612	73	6642
12739	78	760
11421	40	8052
11016	73	1198
924	72	7130
4486	73	5839
14833	73	4504
4332	27	4630
11842	78	14465
6238	73	9789
14304	31	546
3622	73	275
1900	78	7925
9389	73	1547
10375	31	7190
11315	73	4893
5132	78	1014
12548	73	2998
119	31	13586
12321	78	14738
10685	73	6233
12033	73	7725
14941	78	3469
13144	73	7013
4194	39	5083
895	73	6306
8225	73	7007
3028	47	7041
12050	73	3557
14418	73	6004
1624	73	7661
2954	73	7484
5449	73	14132
3581	73	1725
11255	78	4866
1467	78	8700
3702	73	8440
12058	78	3561
1742	73	5976
4192	39	4197
8457	73	2360
5473	27	5858
14979	73	6829
5072	78	11380
3119	27	1151
2516	73	13849
5159	78	7118
2502	65	6753
8583	65	7364
8513	78	13787
4520	73	14463
2944	73	9640
8212	78	4754
13970	27	13691
8179	24	11535
10216	73	7075
14895	78	5875
3781	73	4168
11480	73	6469
3782	73	8081
3931	73	6725
11047	73	10413
2664	73	6828
2728	73	2051
5644	72	1420
6720	73	14259
206	27	7677
12322	73	2554
12444	73	14062
7862	72	883
10990	73	4382
4270	78	3189
1563	65	10494
11751	73	3760
11832	78	7619
10106	78	9958
10855	73	1554
14836	78	8654
10536	78	11379
8948	73	14235
10824	73	9629
8054	40	14996
4767	40	5215
6841	73	5851
10574	27	6674
13531	73	10160
2253	73	6478
10177	49	3978
3089	27	8884
3922	73	2374
8919	73	9194
9931	31	9208
4582	27	481
1021	72	7859
5206	31	3401
1380	65	14010
12876	73	2876
14040	31	2369
12640	78	3759
1892	78	382
838	65	2447
14129	73	8542
8234	73	2405
1561	73	6152
14105	73	6108
4979	73	2769
1098	31	7604
3112	47	8059
2164	73	5833
2175	78	6882
1720	73	11167
12853	31	9235
11992	73	7763
6886	73	3442
14676	27	2763
11915	73	9581
14541	78	13697
6852	27	4076
14409	23	8210
4727	78	10231
10655	73	10057
11675	27	6244
1703	73	10192
11949	73	7946
11924	73	6966
11596	65	13909
8334	78	425
14448	73	9113
10904	73	9821
13109	78	10030
5100	65	14417
403	76	2426
10171	27	14783
11896	73	3634
5234	73	3105
4930	73	6511
13566	73	4500
11855	31	913
9151	47	5879
10883	47	10742
1477	73	1776
13188	47	2880
10235	80	10080
3040	31	2526
9460	73	3073
147	47	454
11436	31	2831
3041	31	11336
10505	73	5472
2232	65	6459
7194	78	13670
2633	78	9827
139	78	10016
10922	78	14470
14438	27	6219
7531	73	530
6733	73	4502
3705	73	10374
12078	47	7674
10074	73	4371
12888	78	6882
11504	65	4885
2483	49	14276
5288	73	10249
9931	73	6257
13769	73	4774
10540	73	6653
5733	40	3753
7827	73	10289
10203	31	10363
12546	73	5770
12047	73	5152
2542	27	6983
12584	27	11140
907	73	7609
13466	14	9775
3344	65	2978
8315	73	6155
375	31	7671
1373	73	7402
11911	73	7131
2543	73	4760
4603	72	1408
9038	65	6224
4211	73	348
684	73	7189
6838	73	4284
12848	47	9120
10264	65	4294
13487	78	427
4525	47	7308
5384	50	9903
13061	73	6032
1742	31	3244
13354	73	6142
3594	73	5350
9242	47	14381
5280	73	13784
1676	40	3761
1452	78	3835
7698	39	9302
9126	50	5948
696	47	2110
8621	73	1573
9417	31	440
12490	73	1598
13163	65	1826
10137	78	4234
7110	31	11261
12661	78	4052
6862	27	8006
5507	58	7724
6941	73	542
792	78	7050
8565	73	14468
4850	27	1695
147	73	5630
4312	72	9725
7099	73	1543
14807	27	1685
14409	23	5648
7108	78	2817
11525	73	2493
8488	73	6784
11671	65	9875
3946	73	6155
9471	31	1436
12453	31	8425
13003	73	5057
6867	78	5722
8604	73	6704
3667	72	14138
11058	31	8878
13176	73	10098
2655	73	3302
14274	65	1048
7169	72	3432
1241	73	2932
9203	39	436
5366	78	9584
2629	73	10368
698	73	4056
1987	73	9762
8167	73	6107
13364	78	1285
7269	73	7237
14531	31	8016
4135	74	3780
4951	27	8879
7414	39	600
1124	73	10034
8591	73	660
4948	65	2274
8351	73	10515
13727	73	7426
9177	73	14731
1799	73	5887
13926	73	6511
2568	78	4349
9335	73	7690
2093	27	2378
13145	73	5741
5939	31	2860
3069	73	6743
8481	45	9282
11592	47	6356
11960	73	9094
3084	78	6397
11549	78	5225
974	47	14778
8453	73	3076
13433	27	11124
12398	73	5832
12573	73	10767
553	27	2403
12541	78	14385
14876	73	6159
9025	73	2385
4646	39	10245
10755	73	1819
9344	78	8474
12759	47	2880
1844	47	9217
6792	47	1963
1443	78	2268
12489	78	2659
13668	73	6018
3096	73	4989
13958	73	9967
11478	73	6115
9898	73	13851
4996	27	7127
3905	27	3465
5190	73	2052
9020	78	2985
10177	48	3978
248	27	8666
13252	73	6053
14621	65	6158
6762	73	1338
2106	73	5832
13215	73	14314
7214	78	10423
2165	78	5736
13610	73	7721
3329	78	6187
4848	31	10100
10537	27	4354
10220	73	6184
10267	73	8420
13576	78	4095
5419	73	2287
2468	78	14476
4546	73	5794
13060	27	481
14909	73	9088
4833	73	7169
5279	73	6056
1838	73	3243
7206	31	507
14408	73	14485
7810	73	1198
12728	73	6024
751	73	1044
11841	27	6308
8110	65	10403
2021	72	1321
14636	73	6249
11029	73	4399
14184	73	930
9173	73	3105
6863	27	5805
12326	31	8878
1345	31	6006
12036	73	6258
10072	73	1952
10549	47	9933
11061	73	9784
2032	78	10960
142	65	5652
10618	31	6713
4462	78	3544
4712	31	3602
3828	73	4694
9000	47	2178
13235	78	1258
4718	73	348
2665	73	4312
3098	73	9097
11736	73	8522
6773	73	2070
11199	31	2359
2652	27	7129
11737	78	4112
9247	27	1685
14870	65	6382
9336	78	6100
6677	25	14575
3756	73	9215
7506	73	2856
2457	78	7720
200	73	1788
3707	47	7272
167	27	14124
2173	73	484
13175	47	3619
11357	73	11334
9761	78	10021
2824	40	4129
13337	27	14055
12491	73	14366
559	73	14319
4028	73	9039
7222	73	4368
11344	73	7822
13733	73	1788
8461	27	7646
1112	73	10014
6999	31	6228
9907	73	1827
12975	27	1695
3813	73	4961
565	73	3454
178	78	6665
13327	47	731
13629	73	9640
6528	31	6213
8675	73	14690
10275	27	1677
4268	78	2375
12972	73	10029
13246	73	3507
7141	73	10318
5243	73	2109
3949	78	7011
4865	39	2868
7752	73	4552
7705	72	8474
12555	47	2131
5015	16	4598
7148	78	9108
6255	25	1889
793	78	6520
13457	27	11473
12765	27	4404
3017	78	3434
14661	73	7115
10305	73	9570
18	73	6015
8925	73	14269
1045	74	3780
8958	73	10313
10609	73	4563
12051	78	14134
10424	78	91
8510	31	13588
1051	73	8522
4832	73	9271
9029	78	7079
8252	78	7296
3973	78	5753
11102	73	3396
13291	47	2128
11909	31	7598
14183	78	6328
10439	78	6201
13919	73	782
14426	31	2121
4212	78	9958
12725	31	6303
14903	73	6036
7200	31	7648
3864	65	6199
11640	73	7866
5135	78	9984
5279	73	4159
14632	73	4760
11113	31	11135
7216	78	9139
10993	73	5870
12833	27	10234
6110	69	8774
6477	27	7046
2400	40	518
1097	47	455
4724	73	6233
11645	73	3843
7927	69	7054
10895	73	9127
8510	27	4063
228	27	4377
9902	69	2454
10432	65	2166
12613	73	9200
6965	73	4055
12750	27	953
5188	65	6256
7261	78	406
14928	78	5903
9895	73	14704
14892	27	2978
14889	78	9193
11033	18	7272
5562	78	3842
13274	31	14741
12228	31	2527
5551	73	10750
6719	73	2117
12572	73	10032
14814	47	5775
3886	27	14751
13038	73	7302
1166	73	2284
3394	27	6330
1441	27	3455
8719	47	2854
12199	65	6083
10812	73	9831
756	73	1669
2253	73	6345
13176	73	4690
8288	78	1736
2256	73	5794
2504	78	6289
10172	73	782
11388	72	11483
8353	73	10493
2186	73	7946
5942	40	8037
4216	65	722
9765	72	4802
3246	78	863
5106	47	2766
7258	78	6379
1830	27	6438
10657	73	6324
650	73	2523
303	73	9947
9422	73	5726
11255	27	5717
14442	73	5998
7411	73	7793
83	73	3159
13918	31	1410
5660	27	3483
11964	31	3535
14323	65	874
10218	73	10357
2013	73	6686
12585	78	6531
5284	73	6966
6718	73	6969
2531	65	423
294	78	9118
11104	78	874
13025	78	3412
12938	73	2875
4472	73	3567
9486	78	9504
1839	73	2798
7350	78	11347
13473	73	347
14201	47	2880
14418	31	11148
2177	73	14505
4596	78	2402
14703	39	3209
2811	78	5225
13954	78	4513
4192	39	7392
13078	73	815
2099	73	5913
9690	73	10372
12144	73	6631
10343	73	9851
12930	73	4880
12028	65	426
940	78	384
12742	65	2800
4289	39	9858
4905	73	4167
10069	73	6029
11290	47	1794
12148	73	820
5369	73	9776
3941	78	5903
7204	27	5647
757	78	2076
1858	78	2901
4705	73	7314
2956	73	2769
3097	73	7632
6945	78	14479
14607	78	5466
884	40	8524
7170	27	6309
9213	40	2124
13606	73	3517
2540	31	3001
5151	65	4629
9289	65	2978
8390	78	10681
2701	39	4240
7461	78	14124
1084	27	10041
6025	39	5016
638	73	6503
9276	72	7615
7074	73	2048
202	73	6189
1220	31	7864
12629	47	7017
13410	47	14777
14108	73	733
11239	78	9584
12917	73	5657
13166	73	2987
13485	73	3431
13219	73	2046
12010	73	6016
10572	78	7057
12954	27	14779
14421	73	6141
11664	73	857
1764	20	6962
10888	78	6427
10661	78	6973
187	73	13587
11630	47	10145
3829	27	10045
13927	73	6056
2422	73	739
5466	14	4387
13485	73	1598
6527	40	729
9535	73	9946
675	73	14527
12416	73	7226
3220	40	3412
14631	73	783
10594	73	823
11491	65	9875
300	73	2050
916	73	1777
922	48	3978
14686	27	4101
8222	31	9574
14303	73	9558
8683	78	6973
7440	73	630
2949	73	6069
3023	31	9694
3304	65	5774
10245	45	9284
581	73	7715
8718	73	7777
2335	78	5842
12143	31	14512
2480	73	5815
10823	73	2374
13600	73	1894
11041	73	883
11965	73	10147
11364	73	7875
7612	73	14960
303	78	7093
5309	73	9798
6120	78	2112
7067	18	14313
13737	78	7642
132	78	10231
9794	40	7805
11060	73	587
7493	73	9563
12309	73	1687
11198	47	9933
526	73	10227
202	73	7823
12239	73	3783
3282	73	4445
8965	73	14235
4600	73	10229
12776	73	9629
8506	27	6182
8241	73	3955
9791	40	4191
12171	47	604
13104	73	1129
10466	73	855
14429	73	8101
12979	73	1329
13576	31	9505
14685	73	14704
285	31	1762
12105	73	2986
6349	78	11400
10793	78	10582
12207	73	662
11428	23	1405
14639	65	2800
14600	73	10487
1341	27	7717
5555	47	14008
10221	73	4695
12143	27	10026
10118	73	5978
14104	78	3100
1926	47	7017
5606	78	1541
1927	27	2873
1174	73	10144
2497	78	10567
8118	73	6055
13202	73	3105
5711	23	7420
13721	27	2978
12710	73	6630
6568	73	2829
3740	47	3626
14305	73	11391
5302	73	470
5896	73	803
12038	27	5037
8215	73	6623
11429	73	9196
829	73	2167
2013	27	4441
14144	73	8155
9664	73	6282
1058	73	3061
642	27	9875
14328	73	9926
12028	73	426
8109	73	406
14214	78	2753
6755	73	11130
14995	39	11424
4731	73	9705
576	27	1949
8151	78	4896
571	73	4387
11938	31	4133
13995	73	8552
1113	73	6591
12172	31	13687
3871	73	6159
846	73	11007
9885	73	11031
12449	73	3543
11799	80	11783
5385	31	11179
14040	78	9976
1043	73	8775
8872	78	9302
14608	73	6401
1187	27	6671
61	73	880
2013	73	6117
6795	27	7127
4207	78	7011
2253	73	514
2675	43	4001
14408	73	6110
12877	73	5839
3250	73	14731
13040	78	7952
11950	27	4324
2639	73	14690
12922	73	3208
3154	21	10247
11870	27	864
8851	73	6653
1983	27	5035
482	27	6227
14551	78	6521
1227	73	7427
3532	27	7905
8396	40	11274
3250	78	2141
13145	73	6800
3033	31	1148
12160	31	7078
902	27	509
11021	47	1405
4532	78	2608
13243	73	405
10539	73	14371
13019	73	6923
4266	47	10115
14359	47	9266
8399	15	13697
11619	78	7707
11730	73	7792
14075	27	6260
13121	27	5742
12416	27	914
11683	73	1421
1061	78	4322
65	27	8532
10365	14	7172
13980	73	10001
5064	39	5772
5709	27	4398
794	47	2783
13736	27	5975
4764	72	7474
1117	73	3038
14856	65	11139
6437	58	3062
6462	40	13682
176	73	3055
14450	40	442
8429	73	7167
3130	73	3082
7180	78	468
152	73	1986
13227	27	6049
1467	73	4408
1116	73	2371
5283	73	10377
8707	78	10998
3277	47	2766
12190	31	2152
13229	73	2304
11726	47	2766
7558	73	7419
5721	73	7951
3286	47	5648
14865	73	7039
6804	73	2304
2478	73	9894
13503	50	8548
12958	65	1797
12530	73	11051
6776	27	10373
5486	73	407
6948	27	4156
12642	73	1540
261	65	9943
3134	73	3237
11721	73	7951
12551	73	4084
3033	73	14764
7037	40	8206
1195	47	7730
13919	47	4364
7766	73	2849
1468	31	9571
8909	73	2282
2490	31	3244
9133	73	3038
9747	21	4165
13338	27	5817
2348	73	8548
158	78	6416
6754	78	14708
9602	27	10373
12721	47	6608
764	73	2774
12018	78	8521
3986	65	2800
6748	18	6747
1457	49	5564
3281	21	6607
1303	78	11339
5089	78	14720
14437	65	5906
13021	47	2880
7165	27	14706
14304	73	9041
3997	47	2818
10001	25	1675
8632	73	6057
7938	40	4129
14991	73	2182
3690	31	11522
2628	27	3441
8341	78	9304
457	40	5080
6785	73	7275
11608	73	3609
12169	73	3625
9727	73	5865
2786	78	320
10864	73	2464
2291	73	4368
558	73	4094
915	73	4725
12858	73	4959
13137	65	9642
4236	23	3553
13056	65	10746
12196	31	6185
13861	27	13906
11012	73	1296
12445	73	4763
4974	27	14009
2265	13	5564
7845	78	4146
4594	73	2390
10943	73	11418
13046	27	2884
5585	73	4880
12953	78	5297
13753	73	2381
7585	73	7713
12362	65	9783
126	27	6330
829	27	4404
12049	73	3432
9618	73	6923
2463	72	4371
7454	73	4682
357	64	8099
10071	73	1952
1470	73	2263
10739	73	10405
14187	73	1307
13630	78	453
14635	73	5974
8557	78	7164
1705	73	7681
7872	78	1275
13125	27	6149
5667	40	6445
2399	73	11386
12845	65	2971
6801	27	423
14577	73	14744
10697	78	4754
11988	65	1797
13638	47	2783
14296	78	9186
2926	78	8199
2942	47	5304
1317	73	5801
1183	73	10083
515	39	2136
9880	39	10778
9706	73	2453
13735	73	5633
399	73	1826
642	73	930
10125	57	4063
14816	65	4855
11348	78	7038
11285	31	11263
3899	73	6644
3945	73	6110
6986	73	7987
4477	39	6530
1891	73	2853
12818	73	13885
9184	65	6679
2421	73	1270
5046	78	506
10625	73	1691
1929	73	7876
7257	73	4397
9418	78	4754
8478	73	6133
9393	73	9563
9310	39	13676
2494	78	3842
5204	78	7978
13978	78	4482
8128	40	7978
8185	73	4725
14680	73	6047
12872	31	11260
11348	78	3241
11102	27	9253
181	73	9017
4528	78	6882
14071	73	2179
8807	73	5974
4817	27	10231
10168	73	10512
3220	40	14398
1451	73	3504
13508	73	6823
4275	31	13588
5397	73	4159
13275	78	8700
5074	78	10582
5924	72	7915
7264	78	3842
3584	73	14700
8581	73	4534
1136	73	6166
12085	73	2207
13543	73	5327
9441	78	2428
12992	73	5958
12173	65	7858
4963	73	11521
7032	13	14299
6509	65	8646
8811	47	731
12378	65	7723
9499	47	9048
4651	73	4094
12310	73	11015
7565	73	14799
7542	73	7986
10937	73	3400
8265	73	10018
5381	73	6290
1617	73	4249
8779	78	1278
911	73	1951
14138	72	4296
2808	80	2807
576	47	9057
14640	73	6800
8748	73	14697
7773	50	2769
8743	73	7789
11718	78	3551
6586	31	6261
10918	73	11439
250	78	5780
8395	73	10517
2720	73	9244
8936	73	6053
1702	31	2369
14204	73	8654
10955	73	4880
553	73	8520
3322	73	10420
11411	73	925
10983	73	6998
13186	73	9539
12174	31	1479
11348	73	2021
11410	73	6012
6673	40	14767
14835	27	4417
5132	31	7598
9639	72	345
2557	73	4158
13819	73	3684
9437	73	5774
12130	73	1737
12020	73	3826
11741	73	2415
1314	31	7604
3375	73	14504
2000	73	4915
1160	73	7800
86	73	14749
6351	13	6357
11313	31	11261
14823	40	7856
3981	73	3076
7074	31	5092
8624	27	5781
4709	73	2801
12369	78	10383
5604	73	3487
2677	73	2533
11565	73	6511
1362	78	8278
124	78	10047
13091	47	7311
12943	73	8550
13360	73	5802
10928	49	3978
13210	73	5034
14422	73	1687
8036	31	9091
14635	73	4636
8102	40	592
6745	78	284
5669	73	13888
6649	72	6203
11155	73	3450
11991	73	6502
10918	73	6237
1423	73	8550
11024	78	13787
7323	31	913
248	73	14284
7416	73	4409
8707	78	3603
11321	78	10294
5192	73	5759
13259	73	8651
8692	73	5579
14323	73	4176
13426	73	9851
9555	65	10516
8338	31	6991
10858	73	3801
5374	65	4080
10074	73	6469
10210	78	384
13399	73	1254
14408	73	9215
4852	47	5775
3725	73	10083
7250	49	1529
10554	73	2889
3196	73	7428
12891	73	14342
1698	31	11332
5410	78	8531
7072	31	2260
14609	78	11380
835	73	13782
8072	47	7308
13759	73	6088
5088	73	7275
7830	73	8480
1509	73	1764
2291	73	9596
7579	73	4478
14934	65	8164
5173	73	14485
12817	65	1138
2303	40	7052
5703	78	4778
11703	73	13903
11946	73	9259
8392	73	10077
3035	73	1635
10623	27	2097
4034	73	13762
757	78	3499
13846	73	733
12513	73	7031
12652	78	10161
12097	73	3460
3848	27	14725
13120	78	5296
5277	73	733
3800	27	13789
13325	73	7401
8994	78	2268
5191	73	8409
14982	78	6363
194	27	2895
11125	47	10388
11839	78	13697
5348	78	4754
2352	47	14123
1480	73	5921
11001	31	14959
1861	73	5579
11929	73	5457
4209	27	14725
629	31	4860
12037	73	2360
8465	73	5633
12173	78	2841
7053	73	2522
12244	73	14744
264	27	4377
984	73	6069
8848	27	7127
1166	65	9528
10608	78	7300
2492	31	814
11956	73	3214
2214	47	473
10485	78	3544
5361	78	2428
11069	39	8586
12359	65	4095
3464	31	9810
8672	73	8542
5777	39	6500
705	78	3835
6562	47	9057
9874	73	11171
13916	73	1551
6932	40	3200
3113	65	6958
8254	73	2120
5396	73	1680
1104	73	7389
8989	48	2976
46	73	7031
5257	73	11269
4652	73	7778
14679	73	7128
12800	78	2401
1901	78	2078
2701	40	1028
4569	47	4364
13048	73	13864
7485	73	3397
14056	73	8693
6793	78	1253
10723	73	883
5665	73	8442
7624	40	6673
2398	14	9672
9131	47	7063
928	50	2191
8224	31	10110
6416	69	5079
12707	27	6338
5931	72	6966
13323	78	10960
13714	73	7815
379	73	4633
10912	31	2569
7068	73	3431
4269	27	4355
8897	73	5312
13984	73	449
12060	31	4631
8297	78	6258
11941	73	9140
9677	73	7813
12112	31	9050
7529	73	4363
14083	27	5296
6940	73	10732
12172	27	9980
12771	73	6829
2723	73	9232
12657	73	8503
12415	73	4058
66	73	3569
12816	73	3452
8578	27	9216
6041	73	13851
3814	73	11007
9935	78	7764
8851	65	7372
7845	73	6485
8526	49	5564
617	73	1021
9921	78	1767
14098	27	4377
4805	73	7518
12808	73	4690
3748	73	9387
8836	78	6495
1786	78	9998
1588	73	2669
5520	76	14324
3833	27	4141
13645	73	2380
3285	73	547
13325	73	3633
11021	73	5880
5017	73	9111
11677	73	7679
4701	27	10020
1201	73	4293
7908	31	4892
75	73	406
4770	73	10184
13209	73	10759
10636	73	7422
11573	73	10179
14537	73	10463
11642	27	864
12074	73	14957
11871	73	3215
1356	31	9222
14757	39	4405
4128	39	3463
1582	69	6726
8429	73	5028
12476	73	8971
13195	27	5063
1037	31	11260
8565	73	4690
8289	73	3063
10866	64	8491
5044	73	464
9161	78	6416
13060	73	8092
11562	73	9214
5500	78	9304
8717	78	2141
1368	78	13897
12264	73	769
2063	73	7862
14448	73	11031
7444	73	4690
9137	73	2470
8614	73	6522
2432	78	9783
6864	78	14061
5389	27	1167
13526	27	3232
569	47	6357
14557	78	459
14615	31	11512
10547	27	9940
2776	73	11286
1100	47	2667
13974	73	6102
8387	15	6496
3340	27	13900
9376	73	1438
6754	27	6843
11840	73	10575
7121	40	1407
5675	73	7008
14994	40	9306
12885	73	8416
2954	73	2877
12570	73	7790
1628	78	5868
9556	73	3841
13166	73	10018
12554	73	7626
13310	27	722
4767	39	5033
911	47	7730
10515	16	8928
8594	31	11135
3918	27	3459
13597	47	5081
10614	78	14509
65	78	1285
271	27	5752
11832	27	10040
3084	78	402
119	47	9501
13740	73	3439
7814	39	13591
11583	73	13855
8336	78	4290
12017	65	10749
12968	27	10109
6858	78	5959
10226	73	4506
11207	73	9279
8712	78	6909
7458	73	14657
6895	78	7430
2936	73	1776
579	73	6471
3927	73	6823
12725	73	9228
5159	78	451
14920	78	14244
12021	15	9220
4338	73	6471
3879	73	6513
11436	78	8765
1615	73	1555
8137	40	3761
1216	78	14313
11972	27	6417
13574	73	10345
8335	73	3236
11990	73	808
14972	73	9797
10891	73	2556
11882	78	1753
4679	73	10575
1676	40	5215
8887	78	3470
12418	47	14423
9224	40	4117
12542	31	11263
7107	73	13850
1058	27	2155
12320	65	4095
5044	50	3007
1034	27	953
8556	27	4630
10942	73	2383
5821	31	9984
9670	78	7978
12762	73	3003
6786	78	2141
13020	47	4364
615	78	387
9512	73	2209
13794	73	1277
7845	73	13852
4623	73	5579
11607	73	5798
2479	73	6154
11778	73	5795
655	73	862
12446	78	10021
13470	27	1946
11874	65	1008
12988	27	4141
239	78	10310
11895	31	7691
3808	65	6338
13129	73	11074
4031	73	7737
5567	73	3514
13908	73	9788
11757	73	5725
8685	73	13816
12317	47	7017
2235	73	1346
5694	73	1133
6613	39	6241
11415	73	8013
11213	73	5931
7410	73	6901
2718	27	4101
12114	65	7874
2716	31	4389
8203	73	9519
7461	27	14124
2645	73	9112
4460	31	14484
7752	47	4380
2028	47	6384
12704	73	14066
11609	73	6273
2469	73	2275
12485	73	2999
7221	73	11031
12465	65	715
12652	27	14779
647	47	6190
12711	73	6027
11757	73	2211
11253	78	14782
2293	78	8856
4739	27	856
3566	69	6503
2750	78	6225
1185	27	4398
7838	27	4160
10067	78	2428
7791	73	10776
4214	27	11517
1877	78	863
3157	73	593
3854	40	3412
12534	47	495
9530	27	2666
5365	78	8432
13248	73	4314
11984	78	961
12193	73	9759
7387	73	2191
3180	73	508
1176	78	10384
345	72	9639
1807	73	14432
3338	73	6291
13719	73	10296
14165	27	4097
12801	65	10112
2009	73	10732
525	73	7993
14667	73	5999
9397	73	7823
14637	47	7017
2240	78	6927
2274	40	3408
11535	43	8177
10797	73	4975
12111	73	6189
8026	27	6310
8358	73	4259
1987	73	9517
10614	73	5784
7779	40	14300
2627	73	6196
8581	27	3835
5277	73	14471
12120	78	9976
1215	73	4399
5698	27	10230
5097	73	9065
1922	73	8548
1588	73	9801
185	27	10223
1749	73	7939
922	64	14446
8610	47	1271
159	73	3726
12020	27	9732
10634	64	10633
5611	73	6005
11372	73	9989
14105	73	2801
1088	65	874
164	73	9768
11798	78	510
8368	47	278
11365	73	8480
9462	27	8539
13482	27	14384
10333	27	1533
8350	78	760
3413	40	965
10770	73	4331
3776	78	9191
13375	27	13886
9174	47	14707
11760	73	6696
12874	78	3367
7352	73	8771
11064	78	6264
7165	73	10288
5610	49	14893
8510	73	8542
4575	78	2268
52	31	7310
7320	27	7044
10784	40	7760
2913	73	11390
14579	78	1309
8704	27	4441
9516	73	7958
9534	73	14697
11802	27	2662
9162	73	2179
4102	40	5977
558	73	9259
14387	73	9236
7599	73	2990
10993	47	4411
1501	73	5890
1955	73	10517
13666	78	4428
14894	65	1571
4592	73	14799
12816	73	13899
1194	73	13899
2623	73	14504
6532	73	2823
450	78	14289
6863	78	5805
1609	73	10211
7698	39	4432
11785	73	14948
4000	73	5785
203	73	416
8505	73	1716
3773	17	8042
9175	27	7292
3123	73	3407
14040	73	9849
5493	78	4482
6822	31	6377
5517	65	4298
621	78	9583
12671	73	2415
2339	73	10034
11371	73	9508
6285	73	3439
2033	73	4109
7221	31	3857
271	73	7789
2748	73	800
7868	72	1251
14628	73	4693
2276	14	3978
8622	78	7093
9359	73	2255
8269	73	10694
14875	73	9804
10873	78	6225
1902	73	2842
5547	73	13886
4337	73	1235
12965	73	786
4994	31	4137
1820	47	7017
5344	78	7394
677	27	4413
2648	73	6706
3349	73	8464
10913	73	10694
3154	73	9097
11055	73	7744
14406	31	4631
7702	27	13696
13013	73	4374
10976	27	9623
7019	73	2801
8744	73	4665
5366	73	4560
8925	73	3077
14630	73	4937
4542	78	447
14597	73	1894
4035	27	468
10787	73	2533
4235	65	1634
14047	31	7991
12949	73	2233
2647	73	6345
895	73	2556
11745	27	4357
11568	15	5928
12998	78	8700
3297	31	5823
75	73	7018
2727	78	6414
987	73	3453
13697	16	9467
4814	73	10095
1393	73	865
12260	78	4982
12357	47	4086
6936	73	9197
12827	73	10668
8812	73	1254
4815	65	8646
8146	27	8048
12885	65	3226
396	78	5764
4839	78	4401
12268	78	1337
11940	31	8878
3326	73	4690
3749	73	6725
14617	73	1774
4265	65	4174
10407	31	9824
11835	73	1134
11822	73	4408
1575	73	484
6498	27	4162
13554	73	1322
4800	27	5788
13795	73	9987
7021	73	6380
10467	73	6703
10401	78	7716
11223	78	7989
6954	31	9787
10348	78	4755
11065	73	406
1096	78	8064
3647	73	1573
13390	73	3826
8913	27	14822
5047	78	7647
13307	73	5796
6174	39	8694
14531	47	4380
3649	73	11159
2387	27	9725
12964	73	6423
13087	65	7126
12409	18	3210
9545	73	10313
8640	27	9188
9413	27	4689
12432	73	337
8725	27	11150
12845	78	9904
10764	73	6273
212	73	815
681	27	9098
14717	40	6263
13332	73	859
10139	78	476
10117	27	8656
10455	73	3487
14174	73	4959
13001	78	11167
3814	27	14352
12491	73	2179
3066	40	592
3960	27	4101
242	65	4381
11674	65	284
10479	78	7646
2610	73	10302
1083	73	8464
13686	39	13679
13755	73	6212
14462	78	3426
8107	78	6521
988	27	5752
4580	78	5718
11490	73	6026
12849	24	6083
8909	73	4008
7546	47	6311
25	47	10388
4626	27	7724
8682	73	6423
10970	73	8130
2495	31	3258
5122	65	2978
13242	73	6127
9457	27	4747
5517	73	14345
11604	73	6684
13126	73	4480
518	40	5014
4740	27	9119
10103	27	2410
5546	27	13763
8833	73	9643
7180	47	1959
7601	73	6726
11280	47	7048
1618	47	7694
1627	27	5290
14873	73	6113
13411	73	4336
5606	73	4296
13022	73	8200
10700	78	382
13000	47	7730
13114	78	4508
4332	47	7730
7213	65	7898
13299	73	11156
3081	73	9570
7718	40	7392
2964	73	7305
11818	73	6057
179	65	7949
11209	73	3726
14207	78	4754
13988	73	14851
13159	27	88
376	78	447
3964	73	10012
14328	73	4768
584	27	4802
6953	73	9124
6924	73	5910
10020	58	10195
12734	78	8700
9710	73	5022
13407	73	862
7098	31	3531
4045	40	2111
8840	27	8656
1752	73	4391
5134	27	14715
12547	47	9812
8802	21	722
1204	31	1479
12735	78	6264
8720	21	11177
11654	73	10222
11598	31	2527
5229	73	4870
10446	31	6991
2017	78	11423
11659	73	11157
11883	27	914
2716	78	9843
12043	73	14000
10862	78	3632
4660	73	7821
10219	78	5323
11003	78	14695
1698	73	1779
8106	47	430
3137	73	407
14674	73	7226
161	27	9607
1902	73	5507
5686	65	10040
10948	73	2114
1950	45	9283
8911	73	6091
1622	73	8005
13113	73	10802
7768	65	14478
8591	78	10087
11563	73	4320
14521	73	10032
105	47	7361
11412	31	8878
6979	73	7010
14122	65	2247
14965	73	14473
3189	39	2847
7347	73	3234
1240	73	5989
9524	73	6539
2739	73	5757
10870	47	2667
5267	73	4883
6530	39	5083
6592	73	10308
12017	27	10749
8087	65	1797
13451	78	9592
10201	73	6739
1809	73	9929
14025	73	10001
3375	31	7310
7697	73	2308
7909	31	4892
9429	73	11162
14607	64	11229
8450	78	2863
14298	73	2672
12295	31	9995
10672	43	13380
668	27	2978
3770	65	10749
5669	73	7963
1352	73	5850
133	31	9999
10803	65	3324
679	73	3616
8708	40	2118
4702	47	6407
6457	47	10381
12325	78	5876
5523	73	8956
11189	73	10235
9320	40	1950
4733	27	3458
2974	27	11072
5231	73	2709
10711	73	6682
37	73	5859
12035	27	10230
5591	73	7994
3914	73	10842
4612	27	14706
5245	31	10363
6353	73	10495
10594	27	6674
12199	15	6039
8103	40	6530
12289	31	9117
9886	73	785
8508	27	14417
14425	73	1254
831	78	9262
9004	73	407
7447	73	9929
5620	31	351
10879	73	11164
3940	65	931
175	73	2115
11367	78	1532
2583	72	747
12332	47	9773
8323	78	14351
3006	73	4628
1390	73	5462
12648	73	4058
11427	73	6742
6511	72	1476
5347	65	9942
14589	73	7755
5053	39	4191
13124	73	10492
9037	73	1338
6900	73	4884
14153	78	879
7841	73	3507
11489	78	2116
309	73	6250
1037	65	1151
12458	73	2069
9415	47	9812
12937	73	6257
13091	27	5290
5332	78	3934
5256	73	13942
12904	73	11051
4187	73	8522
6842	74	6840
8269	73	9857
7564	78	6416
11233	27	4161
9366	73	9195
11987	27	8471
12428	27	4097
6875	27	7292
10951	47	4874
2482	27	5037
12040	73	7025
4976	78	6521
8887	78	1309
1696	31	3370
3740	73	3684
9472	73	10368
11662	73	1535
1859	47	9569
11194	73	4549
437	73	5888
6936	73	9221
12329	27	9632
2558	40	3921
5448	73	724
14436	73	2857
14880	27	9238
3248	78	14801
7259	73	441
7000	73	6651
7911	73	3501
11069	39	13681
8980	73	6828
5506	78	6595
13656	73	9811
10908	47	336
11230	73	2714
12707	73	876
14789	73	6021
12643	73	441
141	47	7308
8372	65	7044
5184	32	2602
13344	31	7310
82	73	6300
2081	73	4158
5155	73	2140
1187	65	8080
3839	31	11336
10274	31	7671
12023	73	3528
4564	73	6079
14	73	5770
5093	73	10490
12036	73	1650
8113	47	8046
12641	73	6630
1860	78	7586
10947	73	5726
1462	78	6373
2239	73	7419
10981	73	10076
1712	78	1278
267	27	3361
5400	31	2369
12724	73	11130
12482	73	2050
2749	27	4141
13809	47	6168
8325	65	8646
5996	40	6673
9868	73	6077
10770	31	2832
13623	78	5636
13178	27	14725
8024	74	220
9612	73	2821
10879	27	10038
1848	40	6274
6876	78	14443
8573	65	3468
13104	31	11128
8948	73	8978
4806	27	7126
3869	73	8520
5009	73	13905
4011	27	11168
3818	73	3061
8456	73	5751
4265	73	3480
3971	73	5757
8344	78	5461
11353	73	4336
12786	78	9843
9741	73	10368
8968	31	9995
12297	73	2374
3960	78	9833
9743	73	6519
9470	73	6132
310	73	9589
1618	73	7042
615	73	7477
11689	27	2979
9008	47	10380
9899	72	3074
12717	78	11400
10924	78	5856
5380	78	7642
11657	47	7594
14170	78	3821
5286	73	1157
13486	73	10495
277	27	2375
1091	73	6335
247	73	777
12152	73	5878
3286	73	14369
8511	73	6156
4023	78	4095
5166	73	6109
11611	65	6416
10636	73	1687
2183	73	13674
9287	65	2900
5373	73	8417
686	73	10308
2085	73	8943
11514	39	1407
11001	73	3554
11105	73	14241
122	73	1964
12705	73	14350
10063	73	13804
11166	13	4882
3103	65	10358
14425	47	9809
14795	47	8274
5416	73	8384
12674	73	3525
644	73	2893
13366	18	6193
14878	47	10311
5126	39	2864
3297	73	4506
11980	31	2526
14562	27	433
14829	73	9231
2458	73	7679
13292	47	9501
7902	31	3976
13051	31	9421
8185	78	280
14180	65	14479
12241	27	3451
8509	27	14952
4020	31	13857
841	73	3058
2010	27	4441
5589	78	9976
5298	25	8967
3918	73	5293
8374	73	14138
1188	31	2212
13893	78	9191
12950	64	12949
10789	47	6677
10786	73	1268
13619	73	784
4799	73	2119
3804	73	5313
13432	78	2377
5587	73	865
14663	78	948
13801	78	2817
14613	73	5900
13880	40	965
5692	73	1564
8791	73	14329
8509	27	8093
14193	73	13879
1465	31	913
12482	78	2881
9462	73	1305
12136	73	1198
6818	47	7729
6929	57	7747
1903	48	14258
3033	73	347
13651	27	14705
7814	39	6575
8161	73	2374
12705	47	3553
13103	64	12390
1584	27	7079
5407	78	3551
10688	31	9960
14644	47	4380
14862	73	6122
3153	27	5811
5161	73	9125
3048	73	591
3368	31	9824
1648	73	2114
12391	73	3497
2965	73	9734
8111	23	2113
2614	47	7694
13313	73	872
12429	47	7034
13066	27	935
11235	78	9697
8987	73	9558
5445	73	5911
14159	73	8173
3796	73	6508
2682	39	6458
12059	27	10040
1729	73	14504
3119	65	7941
5617	73	429
1934	73	7275
11316	73	14471
626	28	1856
437	73	1691
12417	73	5917
1822	73	9774
9390	73	2774
2073	27	8884
9435	73	8466
6897	27	3361
13651	78	595
10669	10	12883
14889	73	3609
5268	78	9808
14537	65	1893
9846	40	6402
14502	31	2846
10659	73	9946
3910	73	470
12595	65	4248
1343	31	7991
6556	73	5922
5432	27	1331
9007	47	9599
5197	73	14800
12056	73	1806
14128	78	14695
14728	40	13682
4341	78	8213
12444	78	5738
3913	73	1427
7443	73	6395
7919	31	9106
12355	78	10491
10723	47	4882
270	73	4987
11232	78	10086
1714	73	1530
14735	40	10390
8122	31	4173
14936	18	950
10662	47	7694
13417	73	337
13579	78	2141
13406	73	3539
13125	73	9112
2677	73	8657
152	73	3454
7254	73	709
11709	73	14350
9458	78	6614
13273	73	8555
5670	27	11072
5480	27	11147
13153	73	6474
11648	65	9776
4702	73	14371
14026	27	433
1460	27	3551
1690	40	3412
11494	48	9672
13525	27	728
13794	73	2360
2475	27	9507
2441	78	863
4599	73	10190
8282	73	2321
4843	73	7747
12528	73	7679
14119	47	4894
11483	39	11388
5417	78	4515
4279	27	10749
2824	40	6327
13265	73	9589
10724	73	3408
13323	27	9847
7835	73	6075
1085	73	7953
1895	25	8953
14906	73	4985
11609	73	3524
8625	27	6260
8492	27	5472
7201	27	14705
13330	27	2159
13946	27	4165
1284	13	9385
10728	73	1129
5951	27	8941
3395	73	4050
12763	78	456
5133	78	1300
8834	73	8466
14804	73	6844
7456	73	10694
698	27	9929
6349	73	9045
519	39	3209
1181	31	14742
1009	73	6780
2697	73	6005
8224	73	9639
3773	17	10082
10707	47	6311
12359	31	8873
4712	27	456
3288	40	1599
3005	73	6014
8602	78	2820
5719	40	6176
7049	39	3617
12558	73	3695
3949	73	4610
5508	27	7120
1079	73	407
14995	39	9308
395	73	14739
11524	73	2583
12142	27	3459
2024	47	7694
1093	65	6035
9521	72	2837
10738	27	3443
601	73	4055
12546	31	2899
2406	73	8637
2610	73	6019
9613	73	9221
9919	73	2307
14579	73	9568
2919	78	8865
2363	73	14657
653	73	2289
11981	78	6297
8331	73	7175
10634	15	1282
577	73	8435
3814	73	3517
3058	33	640
2584	78	5215
13243	73	594
9471	73	10495
3278	27	10370
12732	73	8555
132	73	9622
12084	73	6601
929	74	7322
11982	47	7056
13675	39	10054
765	73	9181
11553	73	2415
13383	27	14456
252	73	3855
12224	73	401
2221	19	6777
5563	73	2470
4274	31	9096
13514	73	10188
174	18	5016
14204	78	958
7350	78	5810
14096	48	6816
5455	27	3099
10831	47	7420
11247	27	914
11858	65	981
14854	73	6181
12384	31	10743
14016	73	14432
1783	31	6991
1508	73	7474
1611	65	9978
13543	27	6149
14991	73	10963
12366	31	13687
10870	73	2396
12925	73	7946
13092	78	661
2474	73	6704
13506	73	6022
3217	78	7647
7387	73	5909
9316	73	1328
2678	65	2116
6864	78	3587
10396	31	13857
5017	73	2672
11271	73	11271
10468	65	4746
14914	73	3569
3132	27	9313
9067	72	6016
14436	31	2846
14775	40	7689
7938	40	4781
13401	65	8661
9771	27	2850
9649	78	6927
14539	78	10566
11008	65	7941
12573	47	469
5212	73	4018
12065	65	6136
13018	73	11165
12233	73	5843
11224	73	14729
7142	47	4193
237	73	10404
10710	47	2131
8082	73	6028
8118	73	10372
1514	73	6124
6891	73	4635
12026	27	9204
1093	47	14010
11011	27	5760
8901	78	387
11527	65	5855
11692	78	2675
12307	27	5742
3893	47	2149
918	73	2381
11245	73	8200
12996	73	10669
8604	65	4262
3755	73	11386
9005	73	9272
11954	73	7251
2685	49	3978
13522	73	4018
8753	73	14668
8825	47	7311
5178	73	10595
4236	23	7064
8686	78	7520
11897	78	6375
14767	39	4747
3320	73	6540
3193	65	4063
7529	73	2179
11823	73	1631
10864	78	13677
9383	31	10005
941	72	1008
14735	40	13688
7869	47	9606
60	73	8542
8888	73	1686
9911	73	734
8981	27	9629
9038	27	6224
3837	65	4689
620	73	4409
10936	73	6133
13962	73	14350
6647	47	4246
7451	47	2401
11608	78	11534
3355	73	2114
5692	73	6101
1524	73	3450
4133	72	5015
251	73	7734
13173	73	2380
14112	78	4795
12904	73	5928
2218	31	7726
12006	27	10109
13066	47	336
12958	73	10249
14994	40	7812
249	73	2150
525	73	7866
12078	78	6013
5264	73	2109
9470	73	10672
5704	47	5081
14094	65	5717
3156	73	432
14113	47	6301
4812	73	1198
8233	73	11518
13891	47	2826
11094	78	9304
5486	73	14319
12325	47	7017
10475	27	11178
1592	78	6269
11525	47	1632
7014	21	722
10949	73	7363
10137	27	7397
7830	65	10040
14183	73	9097
12233	47	6407
8731	73	5880
2038	73	9034
9930	73	3883
11540	73	8430
9500	73	9600
6302	73	9625
14626	73	4329
3872	73	2849
12822	73	9092
8517	73	5843
14680	73	4126
14080	73	7381
13152	27	14352
13361	65	486
14094	47	9598
5159	73	3415
5372	73	1260
8821	78	3469
14905	78	413
3708	73	2021
13724	78	8172
3403	19	990
5077	31	4355
7019	73	11516
12593	73	9778
8462	73	3436
9770	78	3447
260	73	14329
6778	78	4780
8622	78	6416
13949	27	11124
14093	73	6105
12592	78	9806
2296	47	1775
10984	73	8000
11767	78	8432
14112	73	1421
356	27	3459
11765	47	6038
12012	73	10575
10624	73	7724
7416	31	14747
11374	73	10186
5155	47	7516
12718	50	9786
7283	78	2867
5346	47	4086
14420	78	2141
12515	73	6239
13730	27	4076
4205	72	14367
1741	73	13774
14985	78	6363
5558	27	499
8493	47	10146
12929	27	4417
5924	57	3060
13158	73	2714
13987	78	948
11576	47	2766
9650	78	9270
10523	73	7160
14937	65	4796
1118	78	2683
10756	73	6506
10526	73	1421
8072	78	10746
5205	73	4368
4586	65	13898
994	73	7727
12753	23	599
2824	40	14728
8485	78	10086
8996	78	2698
11995	73	11162
5106	78	7820
13927	78	3483
13190	47	9812
11083	73	1992
338	47	8382
12430	73	6199
12474	78	9064
3269	27	9118
1090	47	4193
4033	73	1981
13699	73	10099
8290	73	7609
13656	73	10378
12796	73	5987
9888	73	6306
12892	73	10165
14599	74	10177
7032	13	6485
12463	73	8763
14584	15	10079
8890	73	1421
8385	73	10037
6853	78	7647
12652	78	1155
1502	78	4149
6731	73	9631
9586	39	6396
5	73	406
4488	73	4445
2780	73	2856
4214	73	9140
9648	21	8256
13285	47	7017
8128	40	7689
9137	31	10089
8145	73	1544
9063	73	5922
14418	73	10761
1079	73	332
8597	73	7876
3318	47	2449
1	73	14509
13823	73	2306
5618	65	9976
3289	73	6513
2032	73	11007
8360	78	4384
10448	47	7184
14596	73	8470
7215	73	4248
5049	27	10312
11923	73	7744
8734	27	9776
3276	27	14725
942	73	14366
7346	31	3602
1312	73	7404
7291	73	7638
12689	73	3526
1548	73	10776
13951	73	13952
10175	73	4008
643	73	10488
13079	31	9190
12651	78	10161
4934	73	5756
7850	78	5782
10893	73	14475
5576	78	3845
10603	73	785
9245	78	6287
7698	40	14403
10611	73	5214
1923	78	4706
2040	31	7677
1313	73	9017
9554	47	6351
6810	39	2118
14041	31	11128
5302	73	5847
12539	73	3085
1714	78	8474
14506	78	1649
4768	57	1769
8600	73	11392
3293	40	4978
12681	78	5079
4608	47	3333
2479	35	8040
12865	73	1036
6987	78	9904
14857	73	10694
1222	73	6504
704	78	476
13243	73	3450
14610	78	9940
8198	27	8656
6891	73	6957
6807	27	14055
778	40	6327
3813	27	5021
80	73	2383
4118	78	6307
11840	27	2860
3851	39	5806
12668	27	11267
11842	73	9112
8870	47	9598
2398	13	9672
7279	73	4075
9184	73	5315
13023	27	8669
4721	31	3155
5371	31	8878
4551	73	6712
13951	27	11124
9670	73	7080
7150	73	2049
6811	73	9034
12241	73	3211
1604	47	4193
12797	73	5848
602	78	484
14614	73	1543
14098	73	2533
6364	73	5649
2015	73	2138
7570	73	2048
10813	73	7758
10552	73	6823
14173	73	8473
4308	27	4101
5156	73	6642
10999	73	2309
7829	73	1036
5602	73	1134
14521	73	7622
8743	73	401
13516	73	3826
14587	78	1641
5745	40	14703
1665	78	2802
13266	73	7095
10066	48	2976
12330	78	1168
13985	31	9106
5402	73	4684
11387	73	1530
6993	73	7787
6095	64	3780
4035	78	4535
53	78	2428
10324	73	6502
764	65	11159
5285	73	14379
5049	78	1253
11938	73	4254
409	65	2829
11103	73	14953
6334	40	9636
10467	73	7960
5272	50	5649
8670	73	5921
12756	73	7427
2501	73	6700
7049	39	9840
14099	73	4649
10698	65	4796
8780	73	5472
14522	73	5973
315	73	730
743	47	14569
632	27	8940
8733	73	6081
14964	78	9829
14678	73	6056
13945	78	6269
5387	73	10669
6791	73	2021
5481	73	4048
1783	65	6416
6482	73	8000
1243	31	7096
11751	65	9797
14785	27	10004
14767	39	13877
1820	27	931
14320	40	2151
10269	65	4698
3481	73	5057
14861	31	2760
13967	73	13780
14136	47	11078
14785	73	8442
6938	73	1044
12203	73	3163
3970	47	487
7208	27	415
11236	31	7775
13958	27	6843
12332	73	11338
156	78	14476
5386	73	2692
10854	73	5948
11021	73	7967
11233	73	6380
12651	73	14727
5575	73	10641
9463	73	10842
11279	27	5305
2699	73	6354
2595	73	6061
9432	73	10032
13664	31	6213
1247	73	1766
8030	73	6640
5344	78	3434
7461	65	14124
13108	73	3514
3092	78	961
10558	73	7914
7133	73	1942
13962	78	10010
4197	39	10834
8287	78	3369
8169	73	5987
918	27	8129
4519	73	7778
4752	39	4483
8935	78	14006
1230	78	9825
12008	73	5298
11044	39	13880
857	72	14967
13570	78	11380
5581	73	4893
1397	73	2360
5673	47	1678
13633	27	10087
3838	78	1337
2991	40	8524
14086	78	8655
12464	65	953
9172	73	7235
14155	73	4318
13976	73	7401
12336	27	9942
5533	73	1982
2517	27	3458
6571	73	1990
11241	73	5859
9707	73	1162
10346	73	10377
14796	65	10230
8180	73	6199
7411	73	10028
11111	50	5927
5813	73	9194
13055	65	4262
12748	27	4388
14048	73	2066
6765	73	3511
983	78	5736
4644	31	5945
12480	73	3162
1652	73	10962
14401	73	6664
236	73	350
7842	73	4256
1069	27	512
12745	47	2880
8087	73	7664
13295	73	2530
2072	19	9853
12632	47	1428
3049	31	10243
5682	73	5751
4815	78	8646
1179	27	6169
13114	27	7650
8114	73	5313
2317	73	9799
14056	65	5304
14654	73	9148
13941	73	9094
2972	73	6704
11609	73	6005
10574	65	6674
9646	73	6156
12951	73	9719
11185	73	9040
9897	73	14574
8769	15	2125
6752	27	10030
6467	73	14285
13954	78	1773
9481	78	5789
14767	40	965
14937	73	5754
8957	73	7429
5385	47	11182
13228	73	3695
890	73	5880
10610	73	4768
14151	65	6256
9409	78	1258
9722	27	2314
8794	47	2529
14294	65	9993
10521	78	7798
1892	78	458
9168	78	1404
8989	78	6143
3870	31	10316
12519	73	834
3899	50	4008
11500	47	9838
9442	78	10998
10327	47	469
3509	40	6317
11527	73	2769
7852	73	3342
2940	65	5458
1623	73	6138
13957	78	9108
13635	73	14000
13953	78	1773
3965	73	4871
8946	47	14381
1078	31	3401
2647	73	663
1981	25	8953
765	73	9236
6866	47	7649
10940	27	4112
1909	73	4399
14796	47	7041
13224	73	2067
2671	78	7425
14177	78	324
4565	73	6644
10976	65	8080
4183	65	7854
4993	27	4124
11876	31	2410
36	73	3461
1487	65	7898
3786	27	6438
2950	73	9691
8254	78	10383
11448	27	4398
704	64	1203
13630	31	9505
8453	78	6048
14906	73	7015
12493	78	468
12126	73	1171
1483	73	3166
12652	73	5728
1501	73	6444
4522	78	10524
4434	39	9728
7327	78	4112
11950	73	9965
4606	31	2267
12955	78	5780
2562	27	8669
1439	78	1637
4276	27	5837
4736	73	319
14646	73	11334
14092	73	8589
7171	73	800
11249	65	6158
4847	27	9114
11695	73	8412
7387	27	10013
11509	31	4892
8297	73	10744
14150	73	2669
6588	73	6591
8119	73	10956
3383	47	7056
1141	47	7034
5617	65	6244
299	78	4865
10856	73	3483
2095	73	9705
1607	78	5959
9726	78	6325
13666	73	6107
13508	27	7404
14520	78	9977
12080	73	771
5578	47	1760
14388	27	14706
4034	73	2838
6690	27	2835
2229	73	6186
5125	47	9773
12405	27	726
13725	27	9847
2303	40	442
4767	40	4751
1584	73	5759
1424	73	9236
6760	73	4890
11089	47	5775
3993	73	10496
9886	27	3471
12262	73	13875
3379	73	4576
1517	78	6319
4032	73	9090
14536	31	14512
11869	73	5894
14798	73	4902
4965	11	5950
942	78	5854
6451	78	6405
1782	73	1951
14042	65	448
9747	73	3772
13146	73	1949
13635	73	14730
3069	73	2324
11632	73	3454
13233	27	5060
2007	73	6117
11979	73	6103
3990	73	9967
8191	27	2763
13119	73	7784
10501	73	4936
12287	73	14485
4994	73	3696
14500	73	6333
11437	27	6618
1904	73	7305
13015	73	8018
3812	73	6625
11296	78	4234
11800	65	4095
7570	47	10563
14034	73	7042
7321	73	9303
4907	40	3761
12255	31	6217
3965	78	5788
3150	78	8531
11792	27	3459
13398	27	6224
1123	73	6166
14809	31	6831
12828	78	14470
10790	73	3253
13066	78	10079
66	47	14010
7100	47	1632
8679	31	3244
12029	47	11078
12978	27	1288
976	27	3443
13082	27	340
3882	27	14497
13998	73	8596
14152	47	3640
14540	73	10349
8452	73	3538
13990	27	1979
14023	73	3855
7006	40	4373
13491	73	9782
11579	27	7306
11394	27	14705
12864	78	9274
9460	31	13687
14229	78	3603
11524	78	9050
3117	27	9980
628	47	5627
14999	47	8547
10257	73	4871
10504	73	1411
3935	78	14728
10601	31	6006
8815	73	14514
3730	73	9577
14818	73	10641
6418	40	14398
8935	49	14893
8192	65	9098
1504	31	5092
6119	73	6483
11416	73	6612
3881	73	9244
1435	73	7711
3177	74	5532
10726	73	1421
14524	78	9584
195	73	4768
3556	40	13683
13225	65	6416
3101	73	505
12517	78	8655
3897	47	11442
5111	73	8596
12142	47	14487
6535	47	3466
8899	27	7519
13993	27	3821
14205	27	8164
13304	73	7789
14050	78	5079
12137	73	7690
7907	73	7297
9341	73	8008
2701	40	1475
2435	73	13851
10925	73	10408
13452	78	2868
1578	73	734
7879	73	8104
12021	27	11136
9228	72	7483
1208	27	869
11549	73	1157
3252	78	9843
14728	39	6458
4022	78	863
14143	73	3415
10061	73	7277
10064	73	1770
6798	78	3213
1909	31	14742
3371	73	7379
3907	73	2211
11017	73	1715
10981	47	959
1380	23	6366
3222	73	3302
12256	73	10081
11397	40	5727
9333	31	3399
688	73	7854
671	47	6356
14533	78	4503
838	78	4754
8901	73	10418
12959	47	9599
8964	47	9729
655	73	8554
7989	13	2268
12620	73	7015
7262	73	5776
10623	73	9269
1685	72	4262
12273	78	1253
8121	78	2566
1335	47	7956
5916	73	6113
11955	47	8001
11021	78	9990
7218	73	7156
7548	73	6850
5020	40	4093
9502	37	9191
12752	73	7303
11650	73	9285
5410	65	5065
3898	65	4885
14304	73	2269
7840	27	1856
966	57	963
10645	73	5848
4840	47	6301
8631	73	7745
12054	73	11497
1730	78	4829
10131	65	2368
11295	27	7644
11692	78	9829
8788	31	9223
8825	31	4323
13742	73	3489
11790	78	4124
8632	47	5299
8968	78	6409
13207	78	5780
13610	47	9501
1907	73	6179
1713	78	11137
10210	27	8424
14631	78	8432
8066	78	6048
690	27	8884
1342	73	10169
294	73	9522
3199	73	5657
7362	78	14415
14873	31	4355
6475	73	5784
2575	73	10368
12777	27	9114
11393	27	4689
3491	48	9502
7882	27	9070
11658	78	2666
10644	73	1788
43	73	7390
3766	73	7494
3087	47	7956
658	73	6514
12074	73	5776
9530	73	1421
7256	27	13859
14931	73	6725
8182	73	4653
2059	47	14318
4019	73	1684
5257	65	6048
6547	27	3441
5438	27	1846
13324	73	4176
1529	17	2704
10605	73	10841
11578	78	10383
9395	73	6625
2372	73	10023
3917	73	7055
3120	73	348
13681	39	9284
10613	78	3934
8457	31	507
14421	73	3508
8366	47	3640
14141	27	468
2440	27	11006
14942	73	3397
12420	73	11536
12994	65	6416
2998	72	11116
4109	72	7914
79	73	6129
1113	73	9509
5474	73	7868
1903	78	7925
155	27	5838
14359	73	824
1101	73	14527
8317	73	14007
11874	73	10493
498	39	9081
3815	78	9984
987	78	14234
6285	73	4362
12322	73	6005
9678	31	4863
8272	73	2226
3716	78	4895
5526	73	1777
4426	73	348
14302	78	9236
3025	27	9263
11315	47	599
13175	73	6229
2341	31	2832
12792	78	1257
4680	27	10746
1032	31	9835
14165	73	8552
12729	73	3321
10116	27	7517
12634	73	5841
6274	39	13686
10974	73	3347
3965	73	3055
4135	64	1045
12531	47	7184
8983	73	1125
11350	47	7311
12768	27	3637
4818	73	797
1772	39	7812
6863	73	5893
4470	65	5717
6351	14	5749
9339	15	284
11656	73	8384
4933	27	14779
4751	39	4129
6860	31	7772
8998	73	2247
850	31	11328
5437	73	1981
7209	78	325
9541	27	10373
4107	40	11274
2532	73	6245
2047	78	458
12756	73	9640
11731	27	2994
10242	73	9962
13305	78	10386
14627	73	1670
9158	73	3414
377	73	6694
8928	65	3009
10913	78	6298
8839	31	6336
5615	50	7958
12157	27	960
11765	73	3452
5634	27	4691
13097	73	5887
14888	31	4858
10847	73	10627
12841	73	416
13640	31	2527
8385	78	6408
12073	31	4389
1455	31	2569
8489	73	6612
6458	40	3558
2630	31	11144
13595	39	6845
5691	48	9502
14559	73	10209
3913	73	1127
3294	21	10162
10990	78	10097
13922	73	4067
5432	47	9805
14902	73	4044
3584	47	4882
4613	73	2180
5667	40	6391
1994	73	9192
13961	73	2026
11874	31	1008
9489	65	427
2392	78	14443
5592	23	4151
8270	65	1544
13294	73	11518
8148	21	6330
5168	73	2371
13050	73	14329
11671	73	10367
14363	73	9705
162	73	6623
8241	73	2998
3252	73	10349
7200	78	9023
1606	73	3488
8820	73	6166
13733	78	2428
9664	73	1770
13158	65	6320
12805	73	3003
7282	27	7123
11312	73	4017
10074	73	9154
226	73	3443
8968	27	1015
5523	78	6086
10238	73	2245
1578	73	5750
1491	73	2534
12559	73	3625
10680	65	10237
11559	73	5776
4736	73	14432
14587	73	14957
12590	73	8651
5102	47	4193
3337	47	1689
12579	73	11015
9164	73	5716
14300	39	7779
4771	39	9791
10585	47	7119
8322	73	6091
14874	73	7587
12988	73	6990
5790	73	1992
2622	73	4794
13828	31	546
2468	73	8466
5213	73	8155
12727	73	6008
14644	73	14007
5439	73	5843
9391	78	3610
10221	73	3783
1458	73	10180
5193	65	11076
8565	73	1737
8305	47	1271
13152	73	9784
1597	78	9978
12532	73	3425
703	73	7167
4002	73	10024
3394	73	3127
10038	25	14588
5505	47	8055
10261	73	13871
12128	73	10842
5397	73	9107
3425	72	8412
647	73	2251
12871	78	8064
11569	73	4090
8344	49	9385
2078	13	3082
14740	40	9105
7002	72	6234
6750	65	7895
14081	78	92
6175	39	4978
2382	73	10039
8150	72	14344
14037	47	14414
3715	49	9502
4305	39	2561
7262	27	14706
13237	65	7898
1884	31	9824
3079	78	10903
3391	27	2160
12030	27	6843
8242	78	1259
5575	21	722
2331	27	9035
7701	27	6383
3103	47	4874
7912	73	7051
3160	73	6640
12079	73	6268
2193	47	3347
789	78	5722
11596	27	6137
257	73	6628
8998	73	597
5011	73	10232
3519	73	462
14809	73	3608
11184	73	10518
11244	73	2493
11663	73	5330
12965	21	4758
928	73	1770
10395	78	9085
8805	73	883
14186	73	6739
7901	27	9778
978	78	10082
3793	78	9304
12518	73	10018
229	73	4291
2563	27	14456
8580	65	7587
14875	47	9839
11728	78	14242
7944	40	4646
5130	31	9572
2731	73	10664
2618	47	2397
1754	27	5752
3473	31	6322
3910	73	623
11344	73	8552
11302	78	1476
13447	65	6219
1858	27	2901
14013	78	3195
3343	73	857
13981	73	4315
7849	73	10289
12994	78	3213
1102	73	6220
2713	78	9207
8561	73	4983
13239	73	2156
103	73	6485
12816	47	6191
8803	73	10186
1040	73	7033
4614	73	5769
175	47	6262
13481	73	3487
7461	73	3230
13180	73	4774
2061	31	4511
396	31	2569
2003	65	9226
1521	31	6991
1270	72	11433
4611	73	5057
8717	73	2932
10473	73	406
11845	73	7039
5191	73	6782
2951	73	318
12766	31	9234
3241	39	8646
12314	73	7483
11720	73	4716
12704	73	4429
14922	31	546
9616	73	11174
7657	72	7374
10390	16	5322
8614	73	10096
166	27	6655
13255	65	4095
9492	47	6351
3930	27	11124
4577	73	2312
5557	78	6240
12200	73	337
632	78	8940
2561	40	4305
11061	65	11072
1930	73	4665
14386	73	6968
1765	27	11006
8309	73	1668
12642	73	4331
917	73	1338
2366	73	417
6763	27	11006
5687	73	7083
4303	47	9773
13443	78	5722
14253	73	1547
12646	27	14133
13746	78	11169
11786	31	9785
7771	73	8548
13529	65	6493
5047	27	7650
1926	78	1168
6907	73	4725
8453	47	6357
14205	21	6607
14449	73	6970
14791	73	2365
13778	73	7653
13053	73	10023
4676	65	1943
14860	73	10379
12330	31	616
11583	73	11171
6728	47	6147
11571	73	10039
12297	31	4323
6853	78	4234
10451	73	6648
1795	73	11337
14344	72	8150
893	73	10640
12282	73	1327
2146	40	1027
9994	40	10085
4235	73	7234
4571	78	5463
4241	78	4124
13145	73	10513
5095	65	4796
10571	27	4097
649	47	1405
14902	78	7058
5259	73	14458
14826	47	7311
4339	73	14463
3703	47	7956
13233	78	14824
12613	73	3625
2487	78	1407
4242	27	11006
3303	73	2187
10704	65	14006
160	65	2147
8922	73	14496
222	73	6967
6	78	5856
1617	73	5337
12752	73	14514
8995	78	1759
5371	73	9566
9426	73	930
14175	47	10492
2017	65	9226
5280	31	10166
7451	31	814
14664	27	6260
13010	73	4158
7046	20	10517
8363	73	9698
13519	73	3163
6587	73	5512
12092	73	6508
14858	73	10027
14833	73	9581
5064	40	2988
11527	78	5855
5108	47	6685
69	73	5728
3271	73	1256
12131	27	14762
2333	31	7096
73	73	5944
13630	73	14734
12573	27	14384
14143	21	4417
13827	78	11339
10712	48	7172
2459	73	14700
11500	47	7272
3492	73	9228
1662	73	1336
7551	78	6414
3119	73	7943
12633	73	6541
2248	47	9949
12062	65	8656
397	73	11159
7416	73	429
6974	40	7367
14846	73	7628
1991	73	4291
1083	78	4866
9534	47	1271
4344	47	7184
12102	73	5922
650	73	1416
13361	73	10325
4907	40	5727
9706	73	5992
10718	73	7653
12885	73	5878
11896	73	6346
3901	73	14432
8643	78	6296
5554	73	9637
13851	72	8081
10044	40	9268
9543	31	7955
130	65	3495
4934	78	6136
4300	40	10054
334	73	4632
14386	27	4630
5199	73	9954
2991	39	6176
14983	73	10148
11818	73	7177
2517	73	14511
13486	73	7985
5483	73	8013
13992	73	14393
5710	73	9834
13328	78	5643
5238	73	739
2617	31	9239
6788	73	9576
6723	27	512
11671	73	2026
11010	65	2841
11682	73	4794
8298	31	7804
208	73	5792
13137	73	13902
13135	73	4168
3678	31	9810
8373	73	7755
3717	78	476
2813	40	9684
11936	50	7518
12933	47	6799
7240	78	6427
9491	73	6234
7546	73	6157
2419	27	9776
13373	31	4791
14909	73	4368
2852	27	5837
10760	47	7420
12158	27	5320
14882	78	7937
14969	27	6636
5542	73	7297
5821	73	7788
11867	73	5827
11773	73	3431
13341	47	14766
12303	73	10293
7471	73	8859
13977	47	3884
9650	50	6110
14082	31	1131
14279	27	5032
3832	73	10551
13169	78	715
11039	73	7042
4967	18	4896
7439	73	2774
8907	27	1167
3332	31	2212
8511	73	5350
7199	65	6246
7572	27	4354
7334	73	5885
9405	73	6478
2792	73	6016
11672	73	3187
14970	73	1260
221	49	3773
10507	73	9784
5491	73	11162
2006	73	5755
12639	27	10043
13435	73	1134
11467	65	2166
6966	20	10366
10918	27	6911
7701	73	7787
6760	73	10025
10834	39	342
928	78	6385
11043	27	3441
13293	31	5768
14919	65	7722
1548	73	13854
6025	40	2124
12387	73	4008
3918	78	1767
9817	40	6575
7344	73	11485
7583	73	6508
8331	78	14722
2565	73	9084
21	78	4501
5830	72	4262
10722	73	6273
14355	27	5024
8734	73	6200
12940	73	4514
11703	73	7481
13666	78	2759
8965	27	6578
1524	73	2877
10699	73	14287
6988	65	9978
13358	27	8174
3876	73	1686
4025	78	7950
10539	73	7224
11228	73	5649
3271	73	5649
13653	73	10192
14674	31	4420
3408	80	1018
14841	73	9097
12391	47	5299
4524	73	3621
14926	78	969
11816	65	7868
806	31	4892
13608	73	7876
1916	27	7647
14283	73	4293
1735	73	4403
2413	73	5659
6930	40	14466
5044	73	5462
142	31	9571
4594	73	8168
9476	73	5850
11531	73	5769
4490	73	9074
2665	73	7787
5205	78	9264
12866	78	11077
4520	73	4053
7383	73	8200
3781	73	9521
5729	40	14767
5260	73	9778
12621	73	1826
9921	73	3825
2340	27	512
1702	73	10211
3314	73	4121
3652	73	1687
8960	73	7946
182	73	625
11557	47	10388
13197	73	798
14433	27	11517
11490	73	5874
132	73	5765
12341	27	10745
11292	65	7089
3122	73	1330
13731	78	2978
13191	73	6355
3580	73	1766
6465	78	360
4573	73	10023
14855	73	7986
13231	73	2140
1735	78	3235
13450	31	3142
62	73	4109
13034	73	6511
3751	73	3826
14989	73	11066
1950	39	3636
6728	28	11418
10589	47	5748
155	73	10519
8741	78	6414
3916	73	4316
5368	78	4766
9296	27	3465
10320	73	7376
8320	78	3405
13940	73	813
11903	73	7464
1422	72	9237
13101	73	4985
6418	40	8659
9322	73	3336
13775	27	4080
3774	73	3219
11221	73	4628
3836	31	4177
8107	73	7314
10871	73	7042
2972	73	2394
11829	78	8080
4974	73	4550
12201	73	5770
8179	73	3609
9767	78	1437
1905	73	6704
660	72	1636
14172	73	13878
1756	27	11268
12739	73	3228
3301	73	8409
9952	39	11167
6890	18	8861
12787	27	7997
12691	73	1420
4528	78	4322
14159	27	9507
8517	73	7381
8125	27	2979
12714	73	9231
9866	31	7310
13579	31	9572
11901	27	964
5433	78	1253
13800	73	791
208	27	9978
102	27	5975
1315	49	3978
7451	65	2062
5605	65	1791
10608	27	3458
7073	73	4443
8835	78	3551
266	73	8464
13963	73	707
11747	31	1977
7546	73	2768
8457	73	9568
8334	27	4377
4567	73	3625
12779	27	7123
1482	27	6219
12758	31	1789
6670	47	7730
14228	73	10998
2447	17	4754
13155	73	6474
3862	73	5022
10785	73	8542
141	47	2161
1046	31	4427
11804	73	9231
3049	73	9629
5744	73	6022
1869	15	9966
1940	73	9570
1042	73	596
10443	73	9508
7846	73	2959
8603	73	6488
9341	73	13934
1017	78	4234
1087	73	13594
10798	73	1931
10322	80	10319
842	73	10006
1366	73	4725
4702	73	3501
2303	40	4405
4623	65	689
12392	73	6027
12425	65	9238
2459	73	8426
13619	78	10757
4923	73	6103
12843	27	3529
8186	40	13689
7062	73	13764
12002	73	4693
12768	73	337
13486	73	2875
3973	73	6037
1611	65	4796
2408	73	5337
2917	73	10663
13944	73	10900
5283	73	7271
8455	73	14744
4784	73	10374
3920	78	8700
5363	78	5780
4710	73	14714
1088	78	5715
9038	73	7946
10739	27	489
3977	27	2555
1507	73	7968
13555	65	8849
5713	40	14398
11356	27	6602
395	73	4552
10945	31	4389
13351	73	3783
3284	31	10666
10801	73	6629
11035	27	14779
13714	47	2818
5719	39	4751
13471	73	9637
5990	27	4416
8162	73	6239
2422	73	1406
14809	27	9108
8715	27	13781
10462	27	4206
11186	73	14730
1691	57	9991
9013	47	4894
14508	78	863
11498	78	1849
7549	73	4176
905	78	9219
7480	78	9653
3892	31	4886
6468	73	10773
5375	73	10293
4657	47	959
7451	73	6649
14915	65	14126
3153	73	6182
2274	40	11167
5777	39	4373
8744	31	9824
736	73	7128
8923	73	14221
3577	27	5651
5608	27	3835
13923	73	812
6752	78	10113
1081	73	10861
13995	78	6269
1876	27	5063
14816	78	3470
5475	78	9977
12700	78	7011
12275	78	7124
11232	78	7058
1900	49	14258
134	73	3783
4477	40	8549
4468	27	9218
1665	65	2802
14875	78	14470
1591	31	9694
5766	40	14767
10470	73	10292
13250	27	2566
12024	73	7727
5692	73	803
12851	73	11170
13412	47	4086
3764	21	4911
13413	73	6221
3148	78	5753
5066	47	4086
1375	78	325
5308	73	6902
10634	73	5311
12682	27	1437
14053	73	3841
1997	78	11423
2022	73	7755
12625	73	14799
14044	73	11259
2689	73	3408
1395	73	11337
1274	40	7812
5490	73	10767
261	73	5293
8951	73	7958
7049	40	1950
7106	47	3628
534	40	11123
3577	78	6298
9486	73	4375
12988	73	9992
9862	78	6240
8679	73	3763
10393	31	1538
1743	78	3632
2909	49	9502
8810	78	6100
6884	73	10039
12288	47	2880
613	73	3659
2239	73	733
13472	73	3625
11562	73	4139
11952	73	505
11505	73	5886
1656	31	6011
10908	73	10011
8029	31	1436
4742	73	329
8136	46	14237
1865	73	4694
7574	73	10568
4281	78	6048
14927	73	5765
12509	73	2961
8313	73	11192
1639	40	6458
11394	78	13677
4270	73	9972
14841	73	3486
1025	78	8535
10724	73	883
7236	47	9144
6467	78	1767
14789	73	4008
9936	78	7794
9453	73	8013
3738	73	6545
11672	73	7996
10526	65	4796
13098	73	786
9062	73	8440
3926	27	4004
5026	47	4793
9370	47	4193
11855	27	10751
5174	73	9090
13321	78	6531
5679	73	4403
12160	73	5999
4938	73	6698
690	73	7013
9295	31	14768
10887	73	7610
4788	47	14569
6950	73	13843
13648	73	441
13914	27	5752
4990	73	8523
3996	27	2301
5556	73	6304
8131	27	8646
9451	27	3009
10618	73	6009
14326	73	2957
2044	73	4350
2776	47	8644
10717	47	6440
12280	73	14977
10382	73	8959
4825	47	4064
8985	40	9939
13848	73	14689
6587	73	11434
13970	15	3071
12992	78	5959
12341	78	3632
144	73	7741
4914	73	330
13301	73	389
10604	65	9776
6810	39	6218
12245	47	731
10659	73	10190
12655	73	464
4487	73	3432
14391	73	1336
9447	73	5219
11709	47	9077
11494	78	863
3555	58	2987
5064	39	2151
3901	47	7361
3022	73	4682
5679	73	4293
6196	10	640
8559	73	5890
7877	73	1438
107	73	4089
10535	73	535
2036	73	1826
11960	65	2800
9427	78	3544
9316	73	5757
8984	73	1564
8685	78	7619
11676	73	6073
801	64	7513
8874	39	5038
10885	31	4631
12091	73	9196
14603	73	530
8739	73	2274
14767	40	10385
11254	73	2995
6907	47	11399
7074	78	10127
3593	47	2313
4180	73	5515
6498	73	4794
12320	27	10746
11029	78	4796
7151	73	8205
3129	65	6648
8029	73	2995
14910	27	9628
3267	73	5633
11044	40	6441
9393	73	9705
7403	19	14576
12573	73	5778
12671	73	2274
1176	65	1365
8906	73	14374
6764	73	10669
12588	65	721
2592	47	14006
11625	73	925
12067	73	7607
173	73	6508
3384	73	14754
12027	47	7516
11251	73	5849
13343	27	4417
8993	73	3425
8277	73	6016
3418	73	784
4178	73	8094
4200	73	9041
11092	27	452
14786	47	2161
8226	73	13587
5601	27	3672
13667	47	9809
10580	40	2862
746	65	6244
7022	73	2245
3743	73	14399
11863	65	2800
619	78	5378
8779	78	8432
2950	73	5859
13030	78	5079
1389	73	1982
7943	57	6782
14171	47	473
1469	73	819
9002	73	5771
6885	47	2867
12564	78	10494
7187	78	2881
9434	73	11474
13415	78	13897
14306	27	9883
4005	27	4163
4204	27	960
14842	73	6411
12261	27	11267
13953	73	13952
7500	73	10039
1890	73	1951
629	73	9629
13893	74	3359
2347	27	689
9	78	6256
848	78	4052
10637	65	14822
13654	73	5847
10178	73	9090
12339	73	416
8002	40	1676
8835	73	4628
6146	73	9041
12409	73	10019
8022	78	8042
7106	27	7591
13259	78	8164
10652	73	2396
4032	27	14352
9893	73	7043
1937	73	3611
11668	73	10358
8355	31	475
9770	78	4706
1424	78	2910
10170	73	14463
10119	78	14752
13935	73	7817
3330	13	14276
10931	31	9694
13256	78	3632
2500	78	9833
296	47	7035
2171	78	863
8721	73	6389
493	73	4875
14686	73	14731
4751	39	14996
8366	31	9571
2326	27	14573
9559	47	4246
10324	65	11382
2736	31	8873
2232	73	7965
13837	27	8761
6342	47	8482
13607	73	329
3290	27	2555
3309	73	2992
13361	73	6541
5777	39	5947
2852	73	3698
5199	27	9507
13245	27	10373
310	78	9843
8232	27	511
9876	73	5972
5502	78	458
2224	73	2770
14	73	2583
6555	73	5337
12745	73	7665
4455	73	4891
14985	78	4124
11126	73	4403
12868	47	11067
9240	73	8778
4201	31	9069
7339	73	6109
5336	73	7426
12378	78	11142
4835	73	796
10820	27	8665
13615	21	10247
617	31	7955
8954	73	5907
11266	73	4312
8267	73	3696
9300	78	9207
10648	73	8552
7208	73	415
11555	73	11402
9311	40	8549
7904	20	4563
13806	31	11260
13636	78	9270
6535	73	747
204	65	4387
4127	73	4873
1372	73	1976
11446	73	3243
309	27	14706
11649	27	4377
8316	27	4097
6726	69	1582
2812	27	5717
8818	27	4377
6548	73	4440
12588	73	10027
685	73	5864
9356	73	6188
6041	65	5855
267	31	4389
8792	73	10083
8364	73	2693
4505	27	7127
539	15	7122
1657	73	2836
12421	73	4358
12788	73	4884
2591	73	9637
11899	27	4630
10258	27	3853
13801	74	7359
5623	40	7391
12610	73	2383
3299	78	6231
10123	47	7399
8332	73	7789
8929	73	14668
7196	73	4549
928	27	7927
13239	73	14727
2337	73	6442
13137	73	14432
1115	73	10046
10909	31	9505
9680	73	7867
11281	47	7516
13303	47	11151
7490	73	14739
3146	27	10489
8277	73	724
7883	73	5725
13089	73	5895
11838	78	13697
3575	27	4876
1082	27	5873
8808	73	14259
8815	31	14357
8741	27	914
1793	72	4442
11113	73	6054
753	73	9899
13994	78	6013
3310	73	6523
9325	27	6139
1003	78	14753
1891	78	425
11089	73	5999
7109	73	8662
13029	47	959
7065	73	7090
628	73	9065
12165	78	9731
2003	47	3613
7106	73	4287
7030	47	13685
14212	47	4151
13990	78	1253
3819	73	10188
12700	73	8520
809	73	10114
259	31	1977
11557	73	9215
1387	73	8522
11059	73	10841
5820	73	7042
13418	73	1972
13461	73	5728
5155	65	2860
7442	13	4894
8146	73	3169
4633	72	10158
13251	78	950
8290	47	10145
1175	73	2770
8114	27	9623
13474	73	936
10659	78	5857
5827	20	6430
5471	73	10953
13191	73	5972
95	73	1817
10825	73	4691
13600	73	7007
3895	73	3686
8753	47	3626
11191	78	7057
5934	40	3637
1357	73	3682
8716	27	1685
12085	78	9642
5746	27	14455
13539	73	5018
4627	73	7224
7340	47	2147
12508	73	2843
208	65	2166
12058	73	9279
1373	27	4080
7969	40	13676
8349	48	9385
2902	73	5802
14978	73	8934
3710	78	4754
2618	73	5741
9743	31	4100
3903	73	6687
8687	78	3470
185	73	7628
9913	73	6544
13483	73	1737
3180	78	6010
10282	40	11167
12657	73	871
12466	73	4893
8303	78	9970
10573	65	486
1920	73	10211
13323	78	14753
1860	47	4364
5193	73	11158
5947	40	4373
14436	73	7401
11044	39	3438
12231	73	783
2746	78	14772
12866	73	3452
2382	73	8759
5937	73	9045
10711	73	10291
7877	73	2891
4107	40	14460
1482	73	815
10450	73	5464
14218	73	5919
10909	73	2323
14030	73	4665
1391	73	9121
13422	65	11380
4219	73	6178
10170	31	4892
6771	27	14779
5189	27	2258
7475	73	8398
13829	73	11192
7279	78	4881
6860	73	10449
14898	73	2068
488	40	10385
1065	73	11167
536	73	2021
7624	40	13683
12521	27	6279
2927	78	9070
7196	27	7905
132	65	10231
8584	40	11274
13508	73	7404
14208	73	11259
8062	73	5847
2348	27	1636
13869	47	9580
12266	73	4386
1862	27	4866
10027	71	14588
13506	73	474
10257	73	3055
6656	73	1787
1523	78	9064
5115	73	10758
1371	73	876
2191	71	8953
4837	73	13841
7199	73	8934
4575	49	2447
12820	73	7951
11764	73	593
1802	78	4776
12477	78	7079
11873	73	1419
13191	73	2371
258	27	7947
13272	73	9768
135	27	1476
4811	27	2873
7220	73	7720
4237	73	3085
14336	73	8959
7845	73	7608
3340	73	9084
13197	27	11076
9059	73	9811
9166	73	3520
902	73	7617
2000	47	3429
702	31	3401
8154	73	14657
13507	73	10956
13027	27	9211
9472	73	3612
3087	73	1770
14879	73	7935
14176	73	10032
11687	27	721
5273	78	7642
11058	73	6194
2710	68	6236
4477	40	13676
14552	47	7442
11819	73	14261
3746	73	9086
12775	78	10161
13591	40	4129
11951	73	10640
13925	31	3976
2790	31	2267
13177	73	8041
11069	40	5731
13365	73	3496
3137	73	2669
11318	73	14504
14849	73	4055
12771	73	6624
14793	27	5960
12989	73	4902
13925	73	4879
3769	73	2771
8036	73	9692
11913	73	777
10882	73	865
2440	73	10227
1062	73	14142
1584	73	7606
6949	73	10153
2697	78	10488
1186	47	1286
9063	47	2826
9686	73	6186
1184	47	14778
2918	73	6923
4457	27	1685
10715	73	4989
1403	78	3398
12902	27	6258
11974	65	1826
2951	65	1533
2721	31	7604
632	73	2247
8593	73	5291
8028	73	4058
12683	73	6070
1904	73	7792
4588	27	9623
8312	73	9301
3147	31	4355
13462	73	10227
3854	39	410
14020	73	2849
3949	73	4635
10705	78	7619
4987	10	640
1395	31	6006
5004	73	14299
3744	47	5648
10973	47	9773
11943	31	2359
5251	73	9236
4063	20	10125
10707	73	10750
7186	73	719
66	73	4960
9533	78	1404
11849	73	8200
1590	73	2308
12838	73	6166
2791	31	9096
5586	73	6708
5445	27	1015
9618	31	9091
9441	73	4862
12326	27	7905
4663	27	4355
899	27	3396
6142	25	1675
12453	73	3461
4517	47	8382
12634	73	6027
6041	73	5948
10854	73	13886
12029	27	7937
57	73	14504
9356	73	9055
12356	73	14958
10054	39	2118
12587	73	11439
5415	65	6246
12220	73	733
4741	65	426
4966	27	3637
5227	73	10060
2589	73	784
14296	73	1894
4455	73	5659
5076	73	6982
5510	47	7311
4127	27	10127
3671	52	7393
12098	73	4249
12697	78	2659
10210	73	8596
10941	27	4141
7870	73	10233
8835	78	7978
8066	73	6916
4033	47	959
4223	73	10349
10555	78	11339
13869	78	7689
14168	78	864
13801	78	2276
14180	73	7985
5808	39	410
12912	65	3604
9879	73	14947
7072	27	13859
2231	78	2608
5216	73	2360
12266	73	406
211	73	10271
2256	73	471
304	73	6611
8400	78	4145
14274	27	1048
13525	73	9811
11472	65	4796
8902	31	14774
8909	73	10368
13375	73	3347
414	16	4598
7553	65	8937
6722	31	4173
14212	73	10408
10221	73	7777
4036	78	3835
7889	31	11179
9419	73	782
4785	31	6330
845	73	4176
564	74	13801
9490	78	9592
7191	65	14783
11318	73	7027
4671	73	5991
4601	47	14707
10304	73	6511
12636	27	860
7383	73	6433
3752	73	6908
13717	73	8422
11707	47	7311
9136	73	11334
12936	73	6405
7514	73	7788
12997	31	3857
11155	73	10000
9494	78	2401
11472	27	6843
3849	73	9654
5118	78	1736
5045	78	9584
13813	77	14005
12218	73	4153
6841	73	7388
4309	78	443
4033	73	6648
1838	73	3502
5536	47	959
7285	73	2115
438	40	10390
13402	31	4892
8892	73	14977
12715	73	10186
3040	73	10032
703	73	7787
9018	73	2371
9891	47	4900
6282	72	4555
11752	27	3361
8270	73	1544
3752	73	5940
14452	73	6354
8396	40	3854
11856	27	14718
3299	65	1695
4736	21	722
497	39	5806
7143	31	9999
14577	27	3465
4917	73	6233
5080	39	2682
7262	73	11007
2040	78	2910
178	73	9186
13102	31	5823
7490	73	7865
3318	73	7381
5180	73	1766
4279	73	2049
6353	47	10299
10208	33	7280
12996	73	2768
6894	50	10006
4654	13	1529
2501	73	6152
7344	73	6622
6967	72	6075
4838	47	11067
3037	65	1571
12719	31	1131
8981	65	7300
4039	73	1125
12582	47	3626
3781	73	14057
12600	73	6121
13068	27	2244
9316	73	11262
13467	65	6048
6839	73	2842
669	73	9795
4912	76	7522
4185	73	708
14143	27	4796
3703	73	10361
1102	47	4151
1948	40	14998
5397	73	8009
11791	15	2472
13120	78	5988
5240	73	9789
9547	73	6159
13436	47	4369
8616	31	14745
14652	78	9697
1782	73	1421
3699	73	9033
10564	78	6258
5011	47	6677
1074	78	4796
154	78	1158
256	73	6142
2084	27	14236
14922	73	7389
8309	47	9805
12837	73	7610
1078	73	9292
11946	73	4296
104	73	5801
6839	73	7388
12627	73	10376
14998	40	6274
2094	73	7756
10633	73	10512
7392	40	4192
13223	73	4104
11359	47	1760
149	73	859
7802	65	10231
180	31	11328
6899	73	6661
2721	73	8089
12804	78	10010
6920	73	5751
13057	27	4141
10723	79	10722
9659	78	2139
13536	73	7494
7069	73	9821
1246	31	14741
6566	47	2880
1909	47	7730
7491	78	6595
5160	78	9085
5078	65	2800
12429	73	2961
13851	72	8550
3644	31	13857
8182	78	8177
12896	73	345
10620	73	11165
2678	47	7420
7879	78	14486
217	27	1476
8455	78	3529
12750	31	2832
5953	73	6598
10583	73	6712
5443	78	3195
2354	31	4792
2525	73	9954
1358	73	10841
11226	73	14734
10645	27	8534
11008	31	11260
6925	19	6777
1222	73	3524
12128	73	2114
11365	73	4104
12896	78	14282
12535	47	6440
694	27	10101
5168	27	10373
9132	73	7789
1765	73	14021
12029	65	7937
1599	39	606
3819	73	3783
12963	73	7788
4730	73	7738
5362	73	7670
5050	31	4892
13404	78	11529
3267	73	3234
359	73	4329
3786	73	7082
11490	31	7188
14093	73	6848
9383	73	587
12918	73	7128
13305	27	10386
9408	73	9950
10677	73	14668
9332	73	8949
1082	78	4984
6729	73	14394
13219	31	725
3754	73	4649
2412	78	14415
9871	27	5056
8821	73	5895
8679	65	5029
557	73	14509
11298	78	7369
5613	47	7931
8715	73	7857
10067	73	1788
8209	73	9067
14667	73	7659
11609	65	14412
13017	73	4400
11028	78	4501
101	73	11156
9400	73	1582
12434	27	9218
10698	73	7734
2682	40	13675
14059	73	7663
13351	73	318
608	27	9229
12118	27	5651
7218	73	7958
4955	65	7653
12578	73	2114
144	73	9040
9183	65	9197
7838	47	2880
12902	65	6258
14015	73	5632
2906	21	4911
13238	73	9637
14258	14	7925
12956	27	4057
10800	27	2662
6805	73	2046
10738	73	2859
1355	73	9043
928	78	13900
1010	65	2801
12594	78	4359
9371	27	7126
14627	47	3553
13050	73	6015
14441	73	1426
1508	78	2705
10860	73	9900
8262	27	869
223	73	7018
3066	40	14460
11717	31	9835
12312	73	9092
14231	73	14297
5729	40	5852
9683	27	2868
12671	73	325
12344	27	14718
11882	73	14514
8388	73	2471
10611	73	1715
5198	78	8529
14935	47	4122
3189	40	14728
13575	73	4320
13221	73	2855
6051	78	8700
4539	73	9099
5808	39	6499
73	27	6412
9887	73	7087
9338	73	883
13116	31	9824
2519	27	946
11216	73	3159
14047	78	9498
13827	73	459
3026	73	10227
1189	27	14706
10605	78	4439
14086	73	6522
7410	47	9217
7825	78	9904
891	73	2409
5147	73	5738
12343	73	1018
3048	73	3204
7469	73	14957
3798	73	7987
13748	27	867
14108	78	4106
3149	73	7090
2275	72	11334
11087	73	4873
2420	73	1263
8606	27	4441
5374	73	9261
1229	73	2856
8728	65	5717
14834	73	10293
8615	65	4796
13525	73	9784
3413	40	4129
7539	73	7665
10907	31	7648
12605	27	14779
3777	78	10829
2026	69	6129
7447	73	6848
14015	73	5829
13196	73	9233
13463	73	6300
1906	73	2877
9868	73	13832
14119	73	6102
10972	31	4863
8411	73	3566
10857	47	4901
269	78	874
13128	78	7094
3107	73	8063
3916	73	7968
8179	24	11534
2088	78	1437
13412	27	5472
1614	73	7777
7485	31	6185
5212	31	5871
9487	78	10294
6786	27	14352
3020	73	5974
6905	47	2147
3517	72	9784
14428	27	9216
13003	27	1476
9151	73	2207
1179	73	7948
6062	27	1846
14228	73	10772
11199	73	2102
7137	73	543
10602	73	6405
9371	73	14852
701	73	2110
9495	73	2114
2744	78	2112
1364	73	2226
11750	65	10224
10807	78	9191
13958	78	7224
12131	78	14770
12350	27	6320
1146	27	4691
5228	73	5936
7351	73	4058
8650	73	8094
12289	47	7048
2644	73	2360
3654	73	6741
2486	78	9273
2273	57	3478
8853	73	2119
1712	27	1831
4581	73	7755
14887	73	4750
3794	27	8484
12363	73	9899
11322	73	3760
14820	78	6219
12058	73	3206
2840	73	10114
1497	73	3844
8259	78	6531
6096	73	7042
3864	27	4156
13709	47	2147
14802	78	3761
12146	73	10511
3948	78	2985
9935	27	10567
14118	73	9034
1940	73	5843
2524	73	429
3769	73	3091
6473	73	11153
3713	73	2323
3537	73	2270
13147	73	9215
10601	47	6164
141	78	7975
4663	73	7821
8648	72	3658
3493	73	6282
7171	73	4408
9614	47	11067
8642	73	2708
9488	73	1687
1719	47	6038
937	73	419
7828	73	7859
2921	73	7928
2509	73	827
2942	73	2072
8341	73	335
13991	78	4384
9745	73	7419
4620	27	2160
14535	73	866
8525	73	10744
3729	27	5837
7547	73	9521
13924	78	4052
5682	73	2997
1090	73	9215
5157	73	5741
11874	31	11336
14044	27	5029
14228	73	14297
8193	47	4894
7504	27	10364
4343	73	5905
8271	73	3003
2700	73	8101
5469	27	14351
9630	40	2862
10050	73	7427
1212	73	6195
12522	73	8470
1666	48	9672
10806	47	9606
13846	73	10752
10821	27	4004
7721	70	14576
10704	65	14010
5701	31	1479
13324	78	4113
12352	73	14284
6795	47	336
14632	47	7034
4626	73	9625
12473	73	8018
11927	65	8164
41	73	6026
8710	27	7650
12945	73	6199
3023	73	3105
1121	73	14264
8620	73	2179
5161	31	3142
1218	78	661
13373	65	8656
2222	78	4414
8689	73	13899
8209	27	2858
9175	73	4325
11718	73	9200
11652	78	1437
5355	47	14008
4447	73	9542
13250	73	10782
10262	73	5350
9176	73	7607
14091	65	931
14905	27	413
12862	27	9230
7214	31	9572
8122	27	14719
10598	73	4099
11579	73	6150
14984	47	4715
7406	73	3953
10497	78	14863
5670	31	351
9016	65	11475
7285	73	10351
1396	73	9992
13253	73	2686
4272	73	6850
12923	78	5962
10530	31	616
10157	40	4373
12515	73	6079
11742	31	2499
12904	47	1149
14798	78	1168
1568	27	4860
13519	31	13687
12997	50	2069
11648	73	9776
14063	27	11264
11809	31	14748
12484	73	8439
8808	27	9579
5440	78	10041
13614	27	14417
14606	47	7028
1832	73	2534
14896	73	2932
9477	27	7086
14427	73	9954
4486	73	10956
12432	78	3444
4826	73	4610
571	73	7970
8288	27	10237
11201	73	2046
4727	27	9607
4930	78	2698
11783	73	6433
13033	73	2301
8652	31	7188
10416	47	7730
2983	65	6035
10881	73	10301
14928	78	9578
3837	78	6654
9306	39	4435
10863	78	6264
7256	73	740
11820	27	11006
10620	73	7960
7199	73	1260
312	73	2606
2581	73	4879
9250	78	4360
14191	73	1162
10333	73	5851
9380	73	10595
3972	31	9995
1144	65	11169
13207	73	1543
582	78	9191
11429	73	9051
2293	65	4535
4201	78	2428
9644	73	13678
13253	27	11382
5011	73	4387
11954	73	4150
10866	49	2971
1858	73	318
14627	73	8076
126	73	13971
1693	40	5852
2181	65	13855
5189	65	6256
10534	78	1434
8395	31	6163
4921	73	415
10044	40	6396
11723	31	4100
111	47	9122
8706	73	2185
8251	73	6194
8855	73	10227
11550	27	7123
7553	73	4516
5173	73	5904
4942	65	2800
10946	27	14486
10058	27	4112
10846	49	14276
12698	73	6850
11023	73	10076
6771	73	3336
10254	65	5837
12983	73	13876
162	73	14000
7301	40	4373
13611	73	2245
11103	78	2566
3769	47	2178
4221	73	9272
9688	73	5895
3032	78	4114
8058	73	779
3393	65	1634
12668	47	11267
9746	73	8090
12921	27	14718
13109	78	10746
2931	40	5783
13998	73	10556
6854	73	798
10825	73	14514
11670	73	8764
10966	73	3456
13999	73	813
12135	27	9836
10860	73	2211
14386	73	2686
6869	73	7061
6791	73	9633
11923	73	9792
11567	73	7725
273	73	1852
7450	78	8521
10929	73	10060
158	73	7175
8950	27	87
13815	27	10312
193	73	484
8799	73	4480
1042	73	7483
7843	73	1634
1085	78	1541
7701	73	8009
5719	39	6404
8823	73	4058
1870	73	2209
581	73	10019
11959	31	4367
8793	73	8596
1056	15	9123
13047	73	6189
9080	40	5766
1491	78	10162
1723	73	1416
11224	73	7996
7022	73	276
12984	78	1168
12138	31	8932
6637	10	14872
13060	73	7737
10471	47	731
6945	73	2312
1218	73	1583
3004	73	10525
13279	78	4428
10706	73	10191
2713	73	6281
7547	73	2692
9879	27	2555
801	49	5564
10160	72	1269
13441	78	2666
12893	78	9504
14337	73	1198
13123	31	9803
6868	78	11339
14388	78	1253
11752	47	959
11695	18	14758
10937	73	6653
10246	40	6174
12324	73	3240
9487	73	7484
10653	78	1850
10967	49	9672
12387	27	13909
12044	73	10731
1800	78	360
1033	73	10034
11019	65	3495
8679	73	11183
14956	73	14953
8995	73	4055
14670	65	5935
13417	27	11147
12364	65	11076
7104	27	4377
11621	50	1684
3189	40	5852
238	31	7797
3311	31	2369
8131	73	11167
9353	73	9961
10687	47	4364
4252	73	14480
5009	27	5747
62	65	9942
12110	73	5935
13554	73	2959
14736	39	9213
2080	73	3487
3350	73	1899
6803	73	9926
2576	73	13785
7155	65	3468
8508	73	8480
12625	78	948
7599	73	5465
2954	73	9236
10712	78	14570
13142	73	1564
11803	78	10127
11942	31	2602
4681	31	9995
13372	73	3616
3136	27	10331
4531	27	4357
5393	31	954
3349	73	2686
11556	73	5886
12729	73	14142
8641	27	10030
10949	73	7380
9287	47	4882
2081	73	8200
8049	14	3773
4907	40	879
1922	47	11152
14883	27	6224
3305	73	441
14945	73	7660
1697	73	807
3041	78	10489
2008	65	9226
12796	65	3637
2636	65	10749
14558	31	1293
7269	47	8458
13405	73	332
11045	47	9152
3601	73	6027
2532	73	5630
3503	31	7932
1593	73	5908
12081	73	462
11921	27	14352
3388	31	3142
2551	47	4861
6540	72	11262
5138	78	14383
4745	73	9509
10322	27	511
10170	27	7085
7544	73	7010
10680	73	8552
2916	31	7190
4569	73	4870
7133	73	11433
127	73	2865
4446	27	10045
1741	78	6085
10054	40	13675
6940	73	1289
2465	73	780
1724	31	7603
8290	73	10007
4929	73	7381
37	73	3443
11647	27	9623
14815	78	8700
13187	73	10963
8676	73	10017
14596	73	2154
12943	78	466
3386	73	9041
606	40	6441
11831	27	6256
1712	78	1258
5494	78	7593
10135	47	7729
11281	27	6416
3705	31	8016
11653	27	10749
7067	65	2800
11907	73	2257
13160	73	4295
133	73	5741
11506	27	1759
12482	27	11382
11014	69	7517
13024	31	4367
4556	73	4044
11673	73	9784
12952	78	6253
11478	73	6478
13175	78	5772
9328	73	10295
8766	73	14062
10240	73	4139
2194	73	5778
1648	73	9991
6947	31	11328
12123	27	13909
13426	73	4475
13107	73	5756
11790	27	4141
10194	73	779
9840	40	13681
11394	73	886
6756	73	14504
2074	47	9624
10708	73	7690
12804	31	4404
1999	27	4441
5441	27	7998
11775	27	4885
8169	78	1594
9708	47	11067
1215	27	9978
10682	40	7689
5269	73	6517
12013	73	7135
11394	31	481
4024	31	7040
12782	78	3533
10432	73	5792
3356	78	5032
5276	73	2958
165	31	7188
3809	65	6258
12706	73	6091
13201	65	7997
6122	10	640
556	73	3431
11020	73	6015
6600	47	4246
2551	27	6711
11344	65	511
11540	73	7025
6647	73	11398
126	73	10551
13393	73	14690
8180	73	7970
1676	40	4751
6340	27	5975
8031	73	10096
13776	27	9850
2907	73	14743
11800	47	2404
68	73	4506
1994	78	11423
12069	27	5301
6757	73	5726
4790	73	3127
14675	73	9625
3871	73	9034
207	73	3621
8217	73	11520
4845	73	9199
3968	27	867
11119	27	5035
4035	47	469
9382	73	9055
12509	73	5931
2092	27	14705
5098	73	2250
11603	73	8651
14054	73	6508
1811	31	9960
12303	73	7438
919	31	8883
1276	73	8763
13156	73	3674
13024	73	4688
3028	73	10163
397	73	7983
120	78	2302
13310	21	722
1386	73	13781
13637	73	7876
3548	27	7124
3388	73	3439
5185	78	14863
403	76	14324
77	73	6157
4522	73	14960
1063	73	5756
13553	27	4377
5112	73	14689
14686	78	9833
8159	73	11159
7340	73	4049
5688	47	9641
11789	47	14707
5767	40	5857
11984	73	6101
5356	73	2937
3532	73	6142
1370	73	3546
14642	47	959
10795	27	1893
1487	73	9946
12599	73	14000
10712	49	7172
9610	31	5773
14895	78	714
1423	73	11174
8498	73	6084
5132	73	4067
257	50	8000
11848	65	2062
2643	73	10556
1462	49	2971
12584	73	2358
652	73	9225
13105	47	604
11256	73	1827
11257	78	5854
8530	50	8442
3530	73	533
2628	73	6682
8899	73	11520
12713	73	9856
1077	78	3785
13606	73	6390
12773	73	14961
11224	78	5830
8212	78	2268
3865	73	6828
13956	73	13952
11942	27	10019
4469	78	10903
5578	73	9040
3176	73	4399
11906	73	5849
13171	27	10749
10462	73	3454
176	73	10291
11388	40	14378
11308	73	7935
557	31	4177
11871	78	8531
7810	73	7390
3371	73	5850
12635	73	6079
12663	73	4875
9176	78	7164
11552	27	5862
1050	73	10033
13109	27	14478
11759	73	6508
11993	73	13855
12890	73	11129
14224	73	6640
9921	73	9568
10221	27	6206
1835	78	3544
11345	72	14134
1172	73	1268
10957	78	6048
1906	73	6133
6899	73	7692
4473	27	6193
1140	73	3826
13575	73	2767
5170	31	8883
654	78	14061
14519	65	4387
10984	73	5849
14904	27	8646
8146	73	6783
1432	73	11167
5399	27	5837
7356	73	10114
3701	65	2978
11723	73	9941
13532	73	7169
8782	73	2686
14368	73	8104
13489	78	7372
3901	73	10780
11647	73	4249
9163	65	4416
6348	27	8762
13247	27	7430
7111	47	7956
10828	73	7728
9177	27	7306
5188	27	2258
6852	73	1235
11839	78	7749
10400	73	14953
11834	27	14573
4847	73	6189
9342	73	3525
4802	72	9765
7496	73	7314
553	73	10387
379	78	11400
993	78	9956
3811	73	10357
2539	73	4206
7917	65	6383
1348	73	2823
14549	27	6308
10171	47	1286
10605	73	9757
7269	78	4360
11630	73	10007
9867	73	14495
842	73	4983
7585	31	6078
11431	18	3412
10517	72	7474
14199	73	10208
1301	73	2554
9416	47	7308
5101	73	9538
11082	74	11223
10445	27	1893
14896	47	14487
11278	73	8863
4841	47	7676
7019	73	1686
7917	27	4359
12689	73	6622
113	73	14739
4584	73	9032
13584	73	10842
2619	73	6512
5211	73	4370
1814	73	2987
102	78	4052
11937	78	3614
11781	47	6038
14155	27	11484
10829	13	14276
2073	78	7957
11948	73	4873
10969	27	7591
14301	65	2801
6798	27	10373
12785	65	4796
1441	73	3450
7140	27	11484
13290	65	7782
11225	27	4357
10734	73	4760
4701	73	4167
14086	73	3215
2585	27	6169
5090	78	10406
1597	73	1421
11619	27	4777
7582	73	6105
8099	78	2268
7030	73	1425
13528	73	13782
10797	73	3486
11256	73	930
2269	72	10202
11315	27	1825
2100	73	623
2782	78	6408
1754	78	3213
11370	73	3524
4643	27	4479
13651	78	2800
11816	73	6826
6446	13	5564
672	73	7464
5713	40	7391
8994	49	2447
12381	27	3319
7523	73	855
3284	73	6020
4618	73	14697
13331	73	1766
12985	78	14457
13730	78	7764
8279	21	6330
581	73	5931
12333	31	10089
8322	73	4126
11614	73	6650
10847	27	9277
3357	73	3003
9365	27	9218
3387	73	8410
10262	73	6503
8477	73	3589
12413	73	6964
11733	47	9057
7773	73	3546
2328	73	3007
13429	47	5299
11801	27	9595
6761	27	11006
11499	73	8139
1874	73	14668
457	40	8939
5540	73	2306
13180	47	10388
8343	78	10365
10476	73	593
2347	73	5829
14522	27	10746
11654	65	11180
12713	73	4419
14502	73	7276
12710	73	8869
5475	65	2368
10660	73	2381
1204	73	7466
6978	31	3354
1750	73	14527
2092	65	7898
6816	17	9693
11092	73	14475
6463	39	4435
12462	78	7425
1372	78	7684
7578	73	14315
12851	47	9569
6051	73	8412
12250	78	768
3402	73	14657
64	65	7895
10855	73	4898
7496	27	4876
6787	73	4103
11374	73	1716
5125	78	3604
11548	73	6355
10788	65	4423
6491	47	336
8346	73	10954
3925	73	1833
11687	65	721
2912	73	1438
3194	73	14714
12434	47	3466
14979	78	6246
12886	73	8693
9177	73	7426
6988	73	5970
9247	50	10079
10327	27	1966
3378	65	8164
2495	47	1286
10216	31	3258
8919	73	1322
3655	73	9841
8322	73	4084
11824	73	1255
14980	31	7933
9674	73	1270
12293	73	3204
8361	78	513
246	73	2707
6449	47	14487
2093	47	2376
9466	47	14225
12470	73	1270
10224	25	8967
8817	31	3401
3176	73	1421
8852	73	4402
8894	73	10556
13276	27	7123
11804	27	10013
9411	73	6615
13483	65	6983
388	47	2783
14810	65	6909
12454	73	6471
10546	73	1631
11684	73	9652
8915	73	8173
14026	65	9943
13016	73	14007
11103	47	8055
375	73	9303
7073	47	4064
13237	31	4404
14079	78	14009
7897	73	2129
13143	21	9826
5684	27	11076
12834	27	4509
3886	73	7080
14877	40	6810
3942	73	10693
6501	78	14753
12858	73	3260
13063	78	10084
14286	40	2841
4602	47	1405
12274	78	5458
2301	68	13899
12174	78	6427
3391	31	4328
536	27	8669
6551	73	13887
5134	73	10114
7907	78	6240
9000	31	5334
4202	78	14782
2234	78	6114
10571	73	8466
9367	73	11324
12154	78	11052
13312	73	3184
5480	73	4408
9536	78	8664
5689	65	5768
14151	73	6192
13118	47	9979
3775	73	14776
2268	72	4768
8265	73	9303
5671	47	7308
14867	73	3783
11504	27	4775
7071	73	5965
13583	65	1048
13371	73	4506
12447	73	6644
8377	73	8013
12112	78	10524
4675	47	9598
11214	73	10039
4771	45	10896
13510	73	14374
9881	27	10567
2018	73	8934
8900	73	4977
9952	39	1546
3148	31	516
12371	31	9421
8735	73	7666
393	73	9972
5821	73	2140
13287	31	4092
2016	73	6686
11866	73	10039
2629	27	1759
2903	47	479
8197	73	1770
14542	73	4478
64	73	10235
552	65	9642
13372	21	722
1189	73	14261
14404	78	9139
5484	73	7039
12459	73	3423
3293	39	5714
7912	27	7085
2648	73	9155
3707	78	1275
13983	73	3667
11610	27	11150
8654	72	2381
11297	48	1529
12971	73	9966
11698	27	728
1242	78	5782
1117	78	87
2242	27	9553
5573	27	8484
4668	47	2398
5116	73	6024
8337	73	6966
7193	31	8932
14038	65	2456
14810	73	2898
8852	73	783
13272	47	5326
11240	73	6538
10737	73	14395
1488	27	7117
10223	43	9910
10824	73	2381
2947	73	4176
2478	73	4336
11320	47	9598
7046	20	2273
13004	78	8521
13923	27	13904
11255	73	10519
10452	73	4682
784	72	4368
5673	47	7308
2840	73	4096
13366	47	7596
10459	47	7311
8930	39	6292
8517	31	5761
56	27	6420
918	31	3142
6775	73	13899
7613	78	10386
4944	73	6696
4332	73	10209
1645	73	6012
12599	15	4359
6839	73	5465
5590	27	11014
4418	40	8077
10073	27	11386
14330	27	4417
14152	73	951
4178	73	7725
14733	40	13671
12210	65	2403
1042	73	6082
8189	73	3425
2175	78	4984
110	73	4296
9570	25	11466
1145	31	2121
7342	73	9307
11918	73	8430
14208	47	14423
7215	47	13685
13916	78	6196
11119	73	1238
338	27	1008
11708	47	5626
7541	73	4875
8151	73	2120
1520	73	11532
3917	50	4147
11855	78	10751
11253	73	3233
1909	65	4796
4954	47	336
13473	78	7430
13967	73	6827
1196	73	8653
5248	78	10524
1144	73	14496
14042	73	6181
5467	27	1292
14128	78	6393
6370	13	9385
3653	78	10047
14784	47	3466
12255	47	487
4710	78	6031
5130	50	3208
12388	73	6257
13737	78	10567
177	73	1134
13171	78	879
12760	73	3487
13821	73	862
14896	73	6040
12368	27	6421
5628	73	2464
3473	73	2306
8886	73	4497
6756	27	10748
775	69	14480
12068	73	5311
14053	73	10367
2562	73	535
9490	65	6048
5360	73	4875
7701	73	462
7322	78	11161
9336	27	4082
3343	47	14777
9737	73	2273
9135	47	9624
8835	21	10162
45	73	5468
12744	73	4368
1809	73	7733
10593	78	7395
9063	27	4685
3386	73	13674
5465	72	5465
8475	78	8474
6776	73	2120
11851	47	2766
6327	40	8446
2227	31	3354
9816	73	7484
11793	73	5319
2744	73	9323
12747	31	4427
12270	73	6028
9360	47	4481
13582	27	11534
101	73	1725
8508	27	10040
6809	31	1674
2413	78	11014
11786	73	1598
9348	73	9573
5474	73	6198
3199	78	8037
14986	73	2065
4183	27	6984
11796	78	463
13999	47	10902
4701	78	9498
8634	73	4408
1565	78	5224
13086	78	969
2058	47	6799
14692	39	9620
7103	73	14961
11654	73	6975
12970	73	9252
9474	73	9149
14434	65	4063
7341	73	2067
8028	78	768
238	27	5636
12710	73	9090
4305	40	1027
8677	73	3684
6805	27	11529
7360	73	13783
11913	73	6612
5356	73	13852
11292	73	815
12440	73	11334
6752	78	7950
3365	27	860
12351	73	3511
3141	73	4983
12944	27	953
12067	27	4775
3048	73	6640
12865	27	5036
14204	27	88
4877	73	1133
1601	73	1162
11968	73	1973
764	73	3453
13615	73	3236
3081	73	2148
14110	27	6494
4734	73	9290
7906	73	8435
9300	73	548
1334	73	6229
1575	73	3234
8381	73	6388
8540	40	465
65	78	9274
1623	78	9978
3272	73	9851
8388	73	4819
1998	78	11423
5097	78	1685
11471	73	1290
13267	73	406
7496	73	8168
9353	65	4296
4642	73	2411
4581	73	2306
10887	78	7818
10535	73	5769
13557	78	7412
14182	73	9954
14398	40	7050
14088	72	7025
13961	27	1677
4557	73	1582
4580	65	5718
7920	73	707
14934	73	8654
3326	27	6753
14404	73	9159
12046	78	4285
551	27	506
2812	73	10761
11647	73	3435
12621	73	2383
11601	73	10358
4681	73	14714
3371	27	4746
10590	27	5029
4232	73	8778
10689	73	3076
14168	73	2323
3174	47	14487
12733	23	2113
8799	78	7372
1187	78	1285
5719	40	8053
12917	15	712
7214	73	9214
9704	40	13745
8358	73	1982
7049	40	8524
8776	73	8200
4655	40	5033
12534	27	13859
12124	73	2179
3147	78	3367
4434	39	442
8920	27	2608
3645	73	8651
3312	78	10960
6020	69	2026
2570	73	1989
8429	27	9943
14059	73	5909
10710	73	7962
2042	73	5303
2080	73	9639
1697	73	4321
8399	15	5016
5582	73	2798
8671	73	10802
12053	78	1275
10729	31	1789
13692	40	3427
5364	73	9762
14630	31	7804
2947	65	3362
7626	72	14705
12896	73	7737
1514	73	6612
12701	27	8532
6554	27	10364
3382	73	6032
12213	78	6416
7121	40	1546
4397	19	990
9496	73	6696
10126	39	2379
3144	73	6824
12826	47	9077
14245	31	11261
8004	40	4432
12609	47	2604
4518	27	8665
4599	27	9578
14525	78	6973
5244	27	10370
6566	73	9257
5580	73	6430
8673	73	871
602	27	14716
3786	73	7792
3281	73	2869
8364	27	4101
10439	48	9385
6166	72	4048
12736	73	10114
5675	73	10083
8518	31	1008
7832	73	14509
3027	31	9223
13618	27	10373
12366	73	5472
6890	27	960
1084	73	13672
12559	73	957
12264	73	4368
12274	78	5724
847	73	2995
2446	73	3450
7528	27	4746
14338	72	10077
3693	27	1759
14637	73	9637
12284	27	1167
14041	50	5870
11467	73	1788
11367	73	2289
10244	40	13671
13029	73	9789
5283	73	6622
13290	73	7782
2996	40	2932
11039	27	3441
2589	73	9034
8927	73	7307
6797	78	6614
5853	72	5906
7212	73	6073
13741	78	718
12178	73	11330
9806	72	14515
576	73	11167
6791	78	6531
12749	65	10373
11019	31	4323
10265	78	9123
7288	27	7046
7319	73	6234
3039	27	512
5410	27	5065
12070	78	6904
11775	73	14511
7969	45	9281
11952	73	11477
13699	73	9088
3968	73	14754
4820	73	3525
3732	27	6338
6143	14	2976
9660	73	4058
4131	39	465
8645	73	7043
3861	78	3842
9315	47	1962
7049	45	9283
11858	73	7234
3793	47	1775
12126	73	8648
12257	73	3063
6724	73	14007
7333	73	9577
5602	73	6166
12783	73	8104
6744	47	9598
1343	73	10169
11562	73	4320
2720	73	1573
4036	27	9313
1835	73	11068
10255	73	13782
5430	27	9980
5532	65	2447
13756	73	4362
11836	31	351
13668	47	10775
750	78	13787
13358	27	10091
3725	73	5893
12374	73	2990
8499	78	4796
5126	40	8481
8117	73	2117
10643	73	14374
12281	73	2769
13602	31	5458
989	27	7646
12244	78	92
10597	73	3214
166	78	6655
5180	65	10154
5250	31	8425
7612	73	10773
8965	73	9510
4546	27	9578
5245	73	6708
13987	27	3444
7497	73	2453
11319	78	10848
8230	73	6024
9183	73	7667
14114	47	2880
10948	78	2027
4701	47	10020
6498	73	5931
12985	78	7794
1136	73	3454
3356	73	14321
1721	78	9108
8335	47	9974
12921	73	6460
2421	47	7676
8181	24	7970
7205	27	14470
5228	73	2298
1860	27	1831
3710	48	2447
10577	78	10829
11720	73	7059
9330	73	5902
9816	27	9828
10892	73	9090
1098	27	4080
11323	47	5504
2656	73	10057
656	78	2825
2795	78	1476
14933	73	10596
283	40	511
11770	73	13934
5601	47	10388
11093	47	7729
10471	78	2153
1625	73	14511
9377	73	4442
3427	39	14736
562	73	5319
5684	31	9960
6881	78	6219
11674	73	7725
2647	73	11337
11050	47	2178
6730	73	6127
5283	73	505
3892	73	10227
4127	78	10127
13230	73	9539
2559	40	4191
11416	65	3226
2199	39	1425
5525	73	389
24	73	9097
42	73	5870
2399	73	9121
14043	78	11145
14251	73	6252
11206	47	2766
8227	73	5936
10701	27	10386
12269	73	10962
12682	78	1437
4617	27	3099
12695	78	14055
12157	73	4506
11723	78	2659
12129	78	5753
14522	73	11183
9393	65	10413
11755	73	5794
10915	27	5292
2580	73	3003
14050	73	4176
4666	74	10439
13505	47	6318
8461	78	10253
4969	78	9251
11851	47	7034
9888	65	5296
11653	73	851
3951	73	6142
14398	40	5852
11669	78	13897
2234	73	9225
2445	27	11517
13415	47	7399
6947	73	3685
7162	58	2805
295	73	6242
13806	78	1151
4517	73	3500
4144	73	6712
11367	47	9057
177	78	4317
11277	31	4860
5526	73	14345
8423	72	1778
10678	73	587
13523	31	7299
11371	31	2527
1397	73	3216
357	78	2268
5212	47	10437
1498	73	3211
14024	27	14055
4426	73	10249
13286	73	8542
12098	31	966
1234	73	5784
11792	47	7375
11033	47	604
12521	73	2069
4245	39	5731
3704	65	3367
14049	27	452
11822	73	5794
5199	73	7712
5476	73	10578
13929	31	1436
12562	73	8301
1354	78	9211
13073	78	10746
7065	27	4377
13725	47	731
13008	73	5843
3481	27	867
13330	31	6213
13427	73	6969
366	78	2675
5570	47	2867
11196	65	7943
3389	78	11380
12521	73	14350
14500	73	7784
65	73	2191
515	39	1047
2107	47	14225
5370	73	6157
9494	78	864
11874	47	8382
14605	73	5630
60	73	3408
8838	73	7051
8714	11	2447
8789	73	5317
10583	73	4768
5564	17	8044
12948	47	1965
5947	40	3200
13554	73	2415
2727	27	9623
12045	73	7275
9354	27	2368
674	73	8864
14610	73	1554
7806	73	7784
14901	73	6284
14912	65	7724
5250	73	8542
11839	73	6640
8984	65	7651
9795	72	3694
3192	78	10101
13388	47	8528
10794	73	14471
1343	31	1436
13511	78	6269
1450	27	1049
13720	73	11013
2502	73	3844
5088	73	545
6066	47	7041
6580	73	7429
14709	25	8967
12626	73	10160
3154	73	14480
5567	73	7776
7037	39	13884
3969	65	9226
14558	73	4862
5896	27	4078
2792	47	749
12033	27	7724
3292	27	4860
8411	78	718
1319	73	8139
5678	73	14473
13044	73	6374
4458	73	7424
14203	27	4876
1086	73	13863
4957	73	11485
1523	73	7953
12812	73	6250
12500	47	6301
1558	47	9319
5209	73	2360
6750	31	5962
5425	31	3401
8072	73	4633
3289	73	9181
3786	31	14741
8463	73	343
12637	73	8015
11495	73	6696
9353	47	2597
584	73	10750
1876	73	414
13797	47	14869
13753	73	4543
9906	73	4153
13553	73	10184
10411	31	4355
12345	73	2055
632	73	11398
13951	78	1773
14786	78	11052
3390	78	10565
12963	78	2892
745	73	1162
11861	78	5033
5613	27	10517
3887	73	10730
308	47	336
11876	78	3604
9616	73	9110
9267	40	3416
4925	64	7359
7856	40	9455
6327	40	14398
10002	39	10250
1219	73	11262
12783	73	13587
14907	65	14573
1110	73	1269
12433	73	8550
12251	73	5769
9620	40	14692
8100	73	4699
8922	47	10272
13027	73	7670
5355	27	2600
14604	73	1328
8379	73	5850
7549	73	9782
8489	73	1691
13325	73	13843
11055	73	5792
2092	78	10423
6468	78	10524
6095	65	6816
11594	73	7135
3299	31	2883
13042	31	3401
13503	31	2607
13731	73	2290
9543	73	7725
6875	73	1982
1597	73	1951
7232	27	9978
6787	78	14312
7437	31	2260
10239	73	8436
5080	39	2558
6681	53	4275
10893	27	1253
1084	73	6998
8217	73	5985
8226	31	9995
10765	73	1431
14368	73	9596
9439	27	14705
129	31	10363
4673	78	6651
12666	78	5853
10435	65	6581
12068	73	5915
6794	73	10389
14283	73	5756
6834	73	2889
683	73	2055
4385	69	5626
6348	47	5504
6714	73	2360
1074	27	9978
9345	73	6101
8389	47	11152
1244	73	6743
8091	20	4870
13493	73	3555
8307	78	4654
4339	27	7085
3974	73	4139
14868	31	2267
6580	73	11403
6930	40	6402
11526	78	3544
11595	47	14010
6786	31	351
12953	31	2369
1488	78	4896
3597	73	5936
4244	65	931
5140	73	14702
5572	73	10403
1610	73	8438
8118	73	7687
13129	73	8436
1189	47	7034
14796	27	10230
675	73	10163
12190	21	10162
7270	65	8548
8465	31	814
4043	73	9698
243	27	6911
2795	65	1476
12852	27	13789
12773	27	5975
8823	27	5752
7335	78	9079
4009	78	9262
13471	78	7794
12407	73	3612
562	31	4860
7472	72	13911
7703	73	7953
14050	78	6654
11570	31	10089
7242	31	3155
11833	78	7753
9436	73	2381
8726	27	5065
9905	73	4419
1969	65	4885
10431	73	733
4030	73	4048
32	65	486
2074	78	3367
13861	65	13906
12233	31	4137
6755	73	8520
2361	73	6601
13024	78	11779
10304	31	9572
6468	27	10524
581	73	4794
13104	73	10368
12713	73	7381
5424	73	4335
7	73	8063
10725	73	6825
8905	47	2113
11851	73	7662
1844	65	10749
5906	72	5853
10913	73	7709
14606	73	6254
973	78	4322
8824	73	7462
12367	65	9924
14507	47	2604
10045	20	5657
8597	78	1437
14295	27	10419
836	27	4417
2781	73	2148
4702	73	9094
8954	73	7422
8152	73	6682
12662	73	2930
12523	73	7039
12018	73	6835
5239	73	6701
11783	31	1414
10172	73	4704
14930	27	14706
7454	27	7905
238	78	9049
1815	73	9257
12737	73	5039
6854	78	7397
12370	47	5748
2632	78	9498
14693	39	6609
10858	78	3235
13305	65	10386
5622	73	8859
1347	65	14415
4510	14	2957
13772	73	6252
8141	27	4108
13404	73	10517
1862	73	7967
13890	27	5649
1900	48	14258
1202	73	2798
3548	78	14289
8994	78	1689
6936	78	2157
6238	73	10694
13752	73	5834
8156	31	963
12998	73	10083
12847	31	1538
3474	78	4351
10975	73	8173
3549	73	14734
13407	73	5931
2532	31	913
12747	73	1440
843	47	6205
11044	39	606
8738	73	4656
13895	78	9855
7346	27	8006
11917	73	6964
697	73	5057
7024	73	9067
9711	31	725
6222	40	2682
7489	78	10423
4965	78	7989
3486	72	6753
641	73	11378
7880	73	6337
14879	27	4866
9477	27	856
11021	27	11484
13375	65	7364
6566	78	6099
4782	39	9975
8712	73	4691
8193	73	5899
11875	73	11519
8311	73	6186
10614	27	4791
3045	65	9958
9233	72	9521
5412	65	3616
11614	78	4383
8486	40	6527
13828	73	6484
637	73	6221
2303	40	2757
3975	78	6211
8319	73	4664
14217	78	5826
12114	78	7874
9923	73	7952
1648	73	8144
12823	73	6507
9645	27	14706
13304	27	14477
3687	73	14496
12557	73	10019
6952	18	11507
10721	31	7671
1124	73	6070
2793	73	6110
11703	73	10186
2030	27	7719
4666	64	11407
3015	73	1691
2342	78	1476
11664	73	7080
4992	27	5877
4217	27	1536
9016	73	5935
12806	78	5722
5166	73	3694
6549	78	2398
8969	27	14402
4540	47	1271
4620	47	2529
2613	31	4892
14686	73	9774
14517	65	9226
4365	39	89
12442	73	5841
14831	73	401
12718	78	5718
4786	73	13774
12494	31	5458
12220	78	10848
12181	73	6220
12673	27	8046
12007	73	5319
1616	65	931
12606	78	7809
167	73	6642
5467	31	13690
8608	73	9796
4768	69	5818
9137	31	2267
12737	73	3501
10679	73	9519
5454	78	384
1191	31	10666
2561	40	4477
12011	27	7933
2343	73	2764
1357	78	2499
14250	73	13782
10725	27	6589
5813	78	6144
11719	31	1298
12596	78	14863
12642	47	425
5698	73	7039
293	31	6713
523	73	7651
13387	73	3409
9774	72	6131
10803	73	485
8475	73	777
1950	39	6575
8853	78	9970
478	65	2800
559	73	2669
4573	73	13808
11984	31	11455
10066	78	6143
13373	73	3826
14019	78	3009
5766	40	5215
2417	31	7366
10053	47	5326
5679	27	2368
12738	73	9215
14205	73	4335
10980	73	7559
8518	65	1008
9447	73	4768
10785	73	445
10859	47	8447
9455	39	8533
12241	73	594
2690	78	517
13960	65	689
1717	72	11386
14583	73	2929
12666	47	10299
10821	73	9946
520	73	9237
4505	73	5797
10804	31	9091
14358	78	9302
6865	78	14385
10476	47	7063
3160	65	11475
3160	73	6189
5501	78	10086
14296	73	6371
11685	27	953
5126	39	3209
12870	73	7424
5080	39	9064
3863	73	5926
14786	73	14697
8769	27	13898
11455	20	4255
7072	73	4991
10163	72	8416
1585	73	820
8682	73	8480
12616	31	7598
2713	73	11160
7469	27	4885
1092	73	7722
14411	73	3507
10979	27	14479
4813	27	11418
1733	47	10093
4839	65	4401
11857	73	5898
11194	73	3259
882	40	2682
5198	73	5885
2354	78	1849
13957	73	10815
9412	73	6929
12106	47	2313
9482	73	8314
8748	78	5736
3860	73	10301
3049	65	511
10069	73	13856
4275	73	1894
2192	73	2409
11699	47	2870
3923	78	8664
7888	78	3398
7512	73	10025
9874	73	1726
14145	78	8865
14989	73	5759
5453	27	3099
4525	27	1979
9461	31	4110
10844	73	1255
14666	27	2368
9754	73	6518
14669	73	14514
1723	27	3783
14685	73	2634
10602	73	7438
5609	47	9089
14078	73	14005
13192	78	8866
1869	27	5642
3289	73	10513
8799	73	4386
14076	27	6711
5939	73	9581
12821	73	5774
5278	73	1328
12673	65	8046
6161	73	3667
2787	73	10551
3035	73	7778
10853	27	2850
1830	73	1326
6559	73	784
13976	21	11177
9062	78	8529
11462	73	7789
5451	27	4511
10572	73	14350
6747	27	3624
13346	78	2759
10704	78	14010
2096	27	14716
502	40	13880
5331	73	6131
10964	47	9974
4276	65	931
10893	73	6252
9347	78	5666
7595	78	3099
392	78	476
4577	73	6324
14163	73	3432
14855	73	7483
13647	47	2404
5401	73	4862
999	73	389
670	78	5753
2310	73	2452
7382	73	7042
8923	78	9977
9458	73	9568
970	27	5292
10071	73	1828
3873	73	2129
5144	65	6244
13209	73	5330
4451	73	11386
1491	73	7609
9172	31	4177
3942	73	14951
9496	73	6282
3178	73	6040
12153	31	2526
11546	73	10204
5574	73	876
7878	78	5930
3938	27	10041
9794	40	2931
4181	78	2710
11686	73	1129
12540	47	14777
13612	27	9607
8227	73	10520
2954	73	7914
552	78	14348
926	73	6108
1473	73	14574
12286	27	11512
7624	40	7050
4453	27	1156
14499	78	3551
10846	48	14276
12061	31	7188
7346	27	1957
12246	73	8468
7512	31	2369
12108	47	1149
3332	73	7789
7536	27	14719
918	73	2998
10343	73	5982
12341	65	448
11417	47	9089
12346	73	5478
3301	78	1685
5040	73	9529
11353	73	10024
14263	73	9159
7343	47	2113
12188	73	4875
13020	73	2065
5743	73	5763
8430	58	9501
6851	73	412
6579	78	6617
771	72	8403
7487	65	4387
12053	73	2409
9544	73	9596
9	73	4552
6937	31	6336
7490	73	6508
9754	73	952
9516	73	3230
8511	73	9630
5405	73	9097
1939	78	3630
841	73	6008
12399	27	9607
11756	73	1564
7893	73	6653
12064	73	14241
11843	73	771
6475	73	2891
10409	78	4351
10214	73	11434
124	73	3215
1880	73	2365
11610	78	11150
4827	73	9609
9936	73	1758
11009	73	5847
4557	18	6196
14613	73	4396
145	73	6273
2423	73	4399
10503	47	7081
13359	78	727
6587	47	8644
13248	78	3472
7049	40	4130
4301	73	1430
7640	65	9607
3023	31	9553
12467	73	2606
11302	73	5849
143	78	11380
11495	73	7404
3111	27	11136
12136	27	6671
450	47	7516
161	78	7412
4827	73	9966
14703	40	10245
2482	73	8972
4301	73	1951
8618	73	8011
12291	73	10414
13912	78	468
14808	78	8044
14767	39	6673
11578	27	8884
13444	27	6258
9435	78	4285
10966	73	9508
10760	73	6128
10102	39	10390
10724	47	4882
13396	73	3163
13915	73	6121
4588	73	10249
5412	73	11074
5251	31	516
7511	65	7044
380	73	3342
685	73	2385
5510	31	14746
1033	47	4411
8718	27	11177
5202	78	5842
8240	78	463
13496	73	6111
10688	47	3626
12237	73	1598
5433	27	4080
38	47	9805
358	44	6215
1721	73	9040
14434	73	3826
5346	65	9942
5189	78	6256
14212	27	10008
3720	73	7403
10458	73	780
5208	73	4399
9403	47	6356
14654	73	14248
10750	72	6125
11680	78	1943
12454	78	11534
12585	78	9264
4804	73	14730
5132	65	14430
8496	73	464
8851	31	9572
5204	73	873
3176	78	4795
10198	73	6186
6723	73	4164
14924	78	7798
10206	31	1762
9959	39	5727
4014	73	14765
9370	78	14377
1998	73	6680
13282	27	2601
8238	73	6324
793	73	6727
13983	73	3003
5434	73	11330
8114	73	4549
3027	73	862
1027	39	5064
5343	73	2290
11904	73	9358
1120	27	1151
7151	73	9982
566	73	3230
9248	78	3412
12367	73	5880
8593	27	88
3033	73	5828
13738	73	4497
11646	73	3105
11296	73	6634
4192	39	6174
3332	78	14477
11395	73	13781
41	65	7980
4531	47	6407
70	73	10780
14331	47	4438
3687	73	11160
7577	73	9563
11548	27	7123
10461	78	7312
11565	78	1476
4194	39	9552
1358	73	5784
4274	27	9632
14032	78	4754
13801	48	3978
1606	73	14366
7552	73	5888
10806	73	2694
187	47	7028
12980	27	914
6782	20	7943
10197	73	10780
12431	73	6233
4701	21	9498
13646	73	3561
12532	78	9783
14500	27	6180
4213	23	14487
14995	40	8175
14670	47	2783
9919	73	2605
118	27	4417
12451	31	2526
7913	73	3953
9791	40	10182
13083	47	7675
13935	27	6494
7900	15	9185
12349	27	1167
2737	78	7820
149	73	7226
5274	73	7951
5157	73	6695
28	73	2770
10631	15	1282
10940	73	5905
11220	73	4368
3918	31	9824
6714	73	3454
251	65	9978
7491	73	8943
3947	73	9154
1318	27	2566
2467	47	1829
7281	31	9810
13941	27	14719
1213	73	4176
14860	73	2067
898	73	6237
6867	27	456
7132	73	11007
12918	78	2139
5159	73	1328
2525	73	14668
13413	27	511
2836	58	1129
13789	72	8105
6429	73	6109
1370	65	14822
12095	73	10096
12787	31	7997
5447	27	4691
1035	73	14284
6364	73	9094
10620	73	3612
12230	73	5472
9478	74	8181
13265	27	2368
5386	73	6962
11414	31	2152
2888	66	6816
5691	64	12928
12723	73	11127
9249	47	13685
13636	78	8654
8817	65	11379
13616	73	7618
10508	27	4859
6883	78	9023
8440	69	6170
10261	73	6784
5417	27	7060
13027	73	5784
8672	73	2127
8786	78	14722
11695	31	14512
13358	73	1598
3098	27	4860
11320	73	2052
12604	73	13952
13040	73	9859
1068	78	7772
11033	73	6982
12115	47	7596
54	65	1943
11543	31	13857
11297	65	1529
1919	73	951
5428	31	10031
13818	73	10034
8908	73	1780
12607	73	5925
3690	78	6618
7114	72	4506
41	73	6376
14001	73	6696
6528	73	6233
13303	73	9197
209	31	14755
10787	31	2760
9382	73	4008
14834	78	8663
3063	72	6430
5169	31	2760
4539	73	1776
11574	21	10247
13033	73	2275
2092	78	6521
12414	27	10748
7771	65	10041
2862	39	2503
4785	78	6330
9436	73	4988
13007	73	1640
4838	73	1150
4844	73	1551
14122	27	2247
6552	73	14269
14187	27	451
1801	73	3528
5449	27	3099
12803	73	4500
12624	73	9901
2457	73	8772
10073	73	1717
1085	73	6998
12727	73	2878
8891	31	3142
11813	73	2286
479	25	8953
13619	78	1306
3087	78	11173
4928	73	4403
12124	73	5571
260	73	3063
9515	73	5828
1054	78	768
607	73	2284
8395	73	6969
14187	73	5716
7301	40	5300
12462	31	9096
14257	47	5739
11358	73	7743
1465	73	11537
11830	27	4886
2719	73	6544
14199	27	13898
9478	73	4653
9350	39	9455
8872	73	8595
1916	27	4076
8377	73	3568
3915	78	4754
8132	78	11014
3791	27	8484
11917	73	862
3950	31	2311
6877	78	9976
2168	65	7081
4566	27	3451
8337	73	14689
3284	27	5717
9753	65	1476
1240	73	3439
1075	21	6607
9886	78	14781
11252	78	7874
13656	78	7749
940	78	14385
4252	73	6605
5808	39	10834
8344	48	9385
5125	73	2732
5066	73	2415
2478	73	9851
7101	78	7647
13279	65	4080
9081	45	9284
26	73	5948
135	73	11482
8822	31	2899
4997	73	2233
12414	73	9807
14405	73	8043
934	73	6969
1072	73	9124
3791	78	7058
10709	31	4105
13420	47	9520
10207	27	2866
8652	47	477
47	73	7866
4242	73	10076
5382	78	5946
11583	73	3665
9003	31	954
8812	78	10364
7836	78	7925
4499	65	14377
13844	73	4164
2497	27	10567
1648	18	7805
4782	39	5740
13637	73	8384
6450	73	10039
1003	73	5904
14238	78	7644
11704	73	9589
13218	73	7876
5147	78	8761
12248	73	10163
2439	78	14720
10264	47	2313
9006	78	4984
1468	73	13942
11895	78	14738
8391	73	3538
13094	73	7135
8271	73	6679
11969	48	6330
3900	73	10001
7360	73	4552
11753	27	4404
3654	73	10083
249	73	8763
571	78	3609
94	73	4987
4572	78	4171
5916	78	387
4951	78	595
7346	47	7649
12526	78	14708
13392	73	14290
5328	73	2365
9840	39	6575
2238	73	14505
4799	73	1687
1782	27	3458
10777	14	13466
13277	73	827
7810	73	2271
4182	73	6725
8928	47	2089
11240	31	3401
11117	73	784
12598	31	5823
11625	73	3245
3722	47	7308
951	10	640
11815	27	13906
12399	78	5875
1363	73	773
3344	73	2210
14937	73	3634
11605	73	3166
5615	65	10147
14398	40	6496
8336	73	2021
2011	73	9834
141	27	1979
12543	31	3856
9526	65	4124
830	27	5761
5819	73	1847
64	73	777
7452	27	14352
11899	73	4761
10995	73	8383
1871	73	14714
4196	40	6174
13208	78	4360
2082	73	4650
1599	39	3288
12746	73	7226
4266	73	432
6341	73	5456
12874	27	88
11458	73	1150
13833	73	4406
12360	73	5085
13682	39	6413
11099	78	8862
10699	73	11068
8268	73	7860
10921	47	7956
12915	31	725
386	73	14734
3739	78	2841
11673	27	6417
2680	73	2462
8979	73	821
3717	49	14258
8946	31	87
10716	73	8774
13058	27	10013
11044	39	4045
11787	73	1171
14978	47	2826
1589	73	14287
11064	65	10040
4970	31	6336
12745	31	4137
10196	73	6481
6475	47	2397
3490	78	8047
8809	73	2257
4801	31	1410
6840	73	3342
4729	73	10403
3390	78	14354
3933	73	3239
1890	65	4796
11446	47	8864
1014	16	14070
9912	78	3934
1740	73	9159
2461	78	3759
4913	47	959
5555	73	2755
3171	73	6056
11365	47	14312
11030	73	631
2788	73	4480
7213	31	5768
13609	27	9188
10541	73	10165
4833	18	3430
11111	73	7087
4626	31	13588
8408	27	4381
12699	73	5908
3929	47	4715
2584	73	6056
1084	65	1541
12139	73	4017
7221	47	7034
10571	73	7114
114	78	1258
8188	73	3184
12771	73	6055
12280	73	4880
12849	27	6083
6945	27	14479
5994	73	776
10528	73	10039
1088	73	2732
1332	73	7518
3986	73	9312
1615	73	7042
13100	78	7874
9620	40	9497
12203	73	9140
377	73	13783
2008	47	3613
13622	73	5849
4181	47	14008
14537	73	761
12823	73	775
8579	73	813
2039	73	7157
14552	78	6614
3935	73	9768
2330	72	1408
12123	73	3524
1841	73	5931
14226	73	8959
12078	73	6687
4931	23	14487
7435	27	6397
10820	78	8669
12564	64	10650
10990	27	6297
9419	27	452
8515	31	14741
8202	73	1289
8898	27	11347
9492	73	4506
5491	31	3602
8097	73	6300
8608	78	948
7247	27	2873
13481	73	14527
12386	73	813
14526	78	9262
6801	47	7988
6861	73	930
1042	73	7863
5332	48	9672
1999	73	6931
8161	73	11121
2848	53	11245
13992	78	5807
6736	73	13678
2561	40	9105
10118	73	9654
11069	39	2559
26	73	2814
14850	47	2398
14184	47	1405
1279	78	8469
3295	78	4802
14410	73	10368
5264	73	7999
5518	73	6484
13226	73	2322
5033	40	2125
14939	27	5021
10973	73	3431
4333	47	2818
4499	27	2159
4996	73	4249
10570	73	9765
13994	73	5798
13361	27	13789
9500	65	1411
10561	73	9303
4970	73	4684
2593	73	9621
4673	73	14248
12289	73	3527
10621	40	2111
3098	78	10113
10646	27	4775
3482	73	6237
2980	73	6023
5126	45	9284
627	73	445
10387	12	9859
2699	73	6526
12809	73	3686
6600	73	10308
14877	40	6404
11845	73	7407
4218	31	3244
11023	73	5129
3120	73	4987
12214	27	9781
7924	72	1127
10822	31	11261
13630	47	7308
13074	73	5756
7384	47	4380
160	31	4110
11395	73	14749
4458	73	9193
13461	73	9637
502	40	3288
7511	73	1336
5437	65	8080
4728	73	9765
1815	73	9214
219	73	390
14532	73	3668
13514	27	6387
13116	78	5225
7037	39	2814
8419	78	4317
835	27	6258
1041	73	6249
5282	73	10778
1102	78	5783
4187	27	3757
1923	78	14715
14521	27	7905
8813	78	9111
8419	27	4398
356	31	8883
5325	39	13676
13920	73	7876
2795	31	9239
14436	73	10303
8332	73	14485
11667	73	3668
4841	78	325
5448	73	8551
3171	73	13786
12157	78	11142
13407	73	514
14054	73	2843
10919	47	4899
4119	73	7622
478	78	6909
1496	73	2849
1435	78	10751
2029	47	1824
8899	47	8001
11991	73	5925
6382	13	6816
3651	73	1673
14041	27	5063
14607	49	2971
1601	73	1687
14193	73	9718
12540	73	1330
14692	40	4498
1260	57	6046
6428	39	2111
11817	73	4392
12922	73	8104
12434	73	10353
5307	27	10373
8544	47	945
3969	73	6117
9345	73	9116
13430	27	3223
8307	78	2820
13773	31	14357
4834	78	6845
12837	27	4080
11575	78	14722
9398	65	11076
6961	78	5753
13844	65	1850
12524	73	9034
10585	73	14463
9565	40	6926
7920	73	14749
4310	73	4079
1948	39	7393
4280	73	5316
7836	74	1900
1510	73	4682
140	31	9069
6917	73	3612
13104	31	13868
3555	57	7725
9361	73	14712
10417	73	6598
7855	73	14696
13827	78	9305
11873	73	1336
12620	27	7707
697	47	3254
8247	73	8536
567	78	7818
11569	31	2569
12254	73	6142
14669	27	9623
11605	47	6294
2564	73	9596
5611	27	6265
9602	73	444
9622	72	6510
1165	47	6295
12391	73	5462
14112	73	10209
9339	27	2892
12047	31	2062
11899	73	14284
2545	73	5127
1653	47	14008
9750	73	10842
8393	27	9632
1402	73	833
13880	40	4107
3791	78	8484
8179	73	7970
7877	73	5901
8021	27	4384
8407	73	4725
4808	73	5462
3144	73	4516
11292	73	6291
577	73	4386
13749	78	10741
12094	73	6524
14536	73	9101
14183	73	10288
2303	40	5658
8911	27	9507
14087	73	4318
11679	73	9060
9293	27	7941
1567	73	8843
12652	73	10000
11621	73	5127
11929	47	4060
7047	13	9580
6937	73	936
14070	65	14430
2195	73	6255
13345	27	1792
13456	78	8711
11731	73	2889
11797	73	1547
12965	78	3604
10799	65	10513
9682	27	9507
9683	73	3560
2568	31	9505
9469	27	2886
5069	27	1677
13405	73	3253
11905	73	1851
13303	73	9041
231	73	1758
5767	40	3627
8331	73	14314
4657	73	7663
3897	73	7315
2984	73	1706
6813	78	8940
9404	73	4880
3594	47	4380
1579	47	4431
1515	64	4667
5357	73	6170
5696	47	454
7889	27	1156
5331	73	2223
12436	73	2069
13723	31	9069
12807	73	8417
3146	73	9519
12589	78	5842
6793	78	2141
19	47	4253
13283	73	7587
8610	78	6153
8235	73	6126
5072	78	9226
12847	73	3345
18	73	9197
13985	73	6324
560	31	9198
9126	73	5948
14286	40	7782
4457	31	4092
3975	27	4095
2018	73	13910
7697	73	3567
7358	73	10694
4848	27	14479
2035	73	6379
4660	73	7739
12807	47	5648
7814	39	4771
13032	73	7484
1007	49	2447
1746	73	3187
11623	47	4193
644	73	3772
7488	27	6279
7384	73	13786
9439	78	7798
2627	73	5878
5213	47	14288
14877	40	4129
10504	31	4177
8351	73	10379
14064	73	10155
2371	72	1982
1394	73	6435
13103	73	10083
1936	73	6016
11810	73	13855
11990	73	3058
14006	13	14893
4539	73	9884
4339	73	419
14254	78	4982
11900	27	13906
10711	78	3842
14732	72	5991
7789	20	7914
12613	47	4086
7257	73	13808
13246	73	9894
4231	47	10093
3699	73	10200
907	73	11532
49	78	9934
13573	15	10231
850	73	5462
14382	73	14724
9912	64	1877
9443	73	7945
8166	73	6850
12509	27	689
3940	73	9946
6501	73	4682
4870	57	10360
10701	78	10386
2758	40	5740
1607	65	412
10838	73	1427
8357	78	1158
10497	27	9632
1647	65	2706
7396	40	5852
5481	47	9809
5122	73	3334
5942	40	6404
9545	73	9563
12784	47	7311
12171	73	1170
7936	16	9467
5556	73	9625
14561	47	7676
12132	73	3372
3177	48	2447
14946	73	5984
3974	78	7118
1822	73	7738
12300	27	6320
14839	73	9573
7273	65	4401
11293	73	10227
4606	73	4514
1722	78	9940
7238	73	4692
13588	72	7978
3337	73	10767
11296	78	384
4785	47	6330
7550	73	9084
9040	69	2827
14064	78	8459
11677	73	10463
5049	73	4058
14144	27	4876
8690	78	9963
1748	73	2681
8032	27	2314
9548	27	6215
9384	73	3425
12338	73	6270
9533	49	9502
11923	78	4796
9516	78	6116
12936	73	6070
1140	78	2118
147	78	2698
3794	78	9304
2594	73	7160
7566	73	6678
4700	73	6526
1656	47	8382
13716	73	5298
3509	40	9939
10999	27	10156
12100	73	1415
10328	73	6306
890	73	406
3339	73	9104
7840	73	8959
7847	73	10012
11305	73	10205
12156	27	1846
13438	73	7815
11696	31	2212
14209	47	7694
13325	73	14730
4012	73	9094
8582	31	10352
5556	73	1827
7139	73	6485
12545	27	5154
10124	73	3127
2343	73	4986
3545	31	2760
2107	73	8314
1803	73	9695
6090	27	1151
6948	78	4156
8429	73	8464
9063	73	10581
11420	65	741
11622	78	1309
1483	73	10841
7566	78	6408
8259	78	9264
7074	78	4772
12677	78	9270
8677	47	1286
5181	31	4355
14518	73	9097
12218	73	13589
7693	78	4757
11943	47	455
3121	73	14505
1145	73	10251
323	73	1044
2983	78	10489
835	73	1972
3571	73	9814
2319	73	10081
3093	27	3441
12524	73	11073
56	73	6040
9939	40	10250
12273	47	4385
4456	78	7860
11706	27	6416
6762	27	9225
14406	78	588
6402	40	13682
14305	47	9266
14827	73	10740
11204	78	4114
1196	27	9978
14559	73	925
12038	73	4397
10661	73	6126
5678	73	3563
8812	78	4766
12498	73	1826
5202	47	3553
2006	73	1135
4786	73	4055
1636	72	660
1073	73	925
8991	78	7058
8099	49	2447
14252	65	1781
12342	73	10184
14675	73	6323
1118	27	10313
13581	49	9672
2442	27	6310
926	73	5219
8485	78	11124
9869	47	2149
13208	78	1437
4707	27	2994
11605	73	10232
6096	78	3426
9531	73	3067
12371	47	7675
8216	78	2375
8351	27	14430
8285	73	1833
9001	73	10672
12208	73	6968
5516	65	9502
5942	40	7590
11409	27	7117
12669	47	7645
11816	73	6640
2274	39	4394
6859	31	7040
12698	78	4388
737	58	10379
7349	47	10388
10588	27	1792
5551	73	7008
2381	72	8654
9348	31	475
11670	47	10146
10453	73	10962
12990	27	4423
2073	73	2560
12671	47	11486
3519	65	1893
12148	73	1974
12375	73	2772
5017	73	2768
14078	73	9928
14220	72	6208
2718	73	329
7247	73	14483
11357	47	9805
3702	73	5310
2040	73	13849
9480	73	9841
8877	74	1877
12462	78	7586
7910	78	6409
7121	40	7037
5918	57	9811
10597	47	9099
14148	31	2569
1626	73	6742
10409	64	339
12853	73	707
14789	73	2692
8561	73	8384
9917	73	5059
1837	27	5752
882	40	11388
12905	73	6345
11851	27	10312
6989	78	4054
8376	73	7157
3000	72	7854
12231	73	1419
7541	73	10962
12056	73	5967
12225	50	7086
12603	47	10129
8157	73	335
7359	74	4925
1077	73	14284
10175	73	803
8804	65	14055
3382	78	5875
11229	64	1462
5006	78	2355
11943	73	2771
13488	78	6909
14559	27	5873
13311	65	2773
11774	78	4057
590	73	2360
14980	78	7933
12429	78	4425
5896	73	14749
3867	73	6155
5407	73	10096
13577	73	501
13043	65	10041
12283	73	9797
12796	73	7792
8794	27	11072
9	73	6115
8545	73	10301
5342	73	2179
488	40	2558
6585	73	773
6473	73	4916
11546	73	6171
849	78	11077
12207	31	9091
3315	78	10903
8533	40	7856
14812	27	4868
8283	73	13782
11709	73	3527
8814	27	4101
14619	47	8382
153	73	3056
12490	73	1336
13319	73	795
14607	78	9904
6184	20	2993
14038	73	3605
7918	73	9042
2484	21	10162
7192	27	3471
11527	31	9830
6820	78	1285
12526	78	4895
12339	73	13604
1055	73	5019
11407	78	1284
925	72	14573
8848	73	7095
12306	27	10008
10175	27	9277
9332	78	8949
4476	40	14130
8452	73	8480
13504	73	6379
2183	31	11332
7929	40	3921
11737	73	3625
13144	65	1979
8392	73	8143
682	73	6022
7136	73	545
2868	53	13452
2546	31	4427
13452	27	1685
5212	73	7660
7352	73	7656
7020	73	10551
7358	73	5832
14295	73	9518
1110	73	8060
12122	73	14489
11793	73	7942
11017	73	5898
3039	47	2766
14144	73	6290
12294	73	9577
14186	73	2879
3034	73	2056
9736	31	8425
929	78	6143
14283	78	10112
13540	73	9039
12466	73	14483
12323	73	11133
13701	73	6511
1739	73	6323
572	78	864
11208	73	2066
13404	65	1634
6067	73	6272
3014	73	6250
13073	73	7160
2502	78	14486
365	47	8444
13025	73	9629
5276	27	6043
9406	73	6743
13796	73	786
12909	73	7234
13488	73	6782
6007	73	5841
6876	73	4362
9463	47	14487
6499	40	5808
2685	65	3978
11758	73	10080
8153	73	8081
10203	73	9568
2012	73	11513
1462	74	11229
8909	73	14975
908	73	1427
14819	73	6625
11726	27	8665
11239	73	5318
3583	27	5960
12054	73	9818
10670	78	4501
8723	73	7973
249	31	14774
3406	40	11167
6439	47	6164
1924	78	360
4190	47	6205
7563	73	9088
5157	78	2868
3717	78	3411
9317	78	3367
10598	31	4427
5723	65	14716
3733	73	7227
11659	73	3683
11976	47	7308
2174	78	3369
11708	73	4139
2015	27	4441
14018	73	8662
6554	73	1254
5277	73	13587
14826	73	7666
12424	73	14726
14925	73	7427
9133	73	11403
12774	27	2314
2781	78	1155
10658	31	4319
4230	73	6040
13822	73	5749
2778	78	4766
11104	31	14747
8566	31	2762
9846	40	4197
11361	27	9035
1932	73	2929
9162	78	3759
11842	73	4314
13377	78	9945
4723	47	5031
293	47	10115
7714	73	6204
8925	78	2608
9919	73	2304
3538	72	2140
4010	47	749
11599	73	14138
13951	73	459
3385	47	10093
6762	73	9901
13260	27	2145
11694	73	3163
5557	73	7297
14578	27	10026
11428	23	1760
11364	27	7875
11277	73	2373
11302	73	7518
10260	73	10080
8722	40	885
12211	73	4445
1802	31	963
13140	47	2313
3887	27	415
7037	39	6045
4238	73	1827
4930	73	7815
6852	73	5632
8394	73	7182
11644	27	10038
13548	73	6481
14686	73	957
9025	73	822
2310	27	13882
2229	78	9399
11667	73	5849
4615	78	14124
1103	73	10744
2649	78	14510
6736	31	8016
11718	78	7978
14097	78	4063
9489	73	6212
1730	73	3076
8798	27	7947
11604	78	7124
3478	72	7046
13533	78	9998
12121	73	8015
13203	27	10038
10171	73	5962
11824	73	3523
13149	31	11539
13392	73	3397
13038	78	3213
2678	73	3425
1527	27	9098
14798	73	3073
6814	73	11449
97	73	5976
10600	73	7176
13654	47	5031
8258	27	14718
4645	65	10041
8822	27	9204
11408	65	2800
1369	73	1960
316	78	10292
3556	40	6496
653	73	6823
3618	39	14758
519	36	9282
850	73	4318
3864	73	1942
14266	40	10079
14792	73	5751
636	73	9804
10774	50	6075
7067	73	4176
6323	72	6669
230	73	6037
6161	78	4116
2029	27	6419
11371	47	1169
10431	73	6355
12335	31	8016
10868	73	1819
7218	73	4991
12769	47	4151
13505	31	6398
8769	15	11150
10821	73	3216
12022	73	2470
6452	73	10372
9541	73	2877
903	78	8531
4958	73	7602
1005	73	6626
10486	73	11127
1727	73	14749
10221	47	2313
4852	78	9108
1146	73	6715
10605	27	14779
10854	73	6701
10915	47	11139
8607	78	13677
14163	73	14315
1095	73	862
13747	73	1670
4974	78	5016
4378	39	13682
2253	73	7033
843	73	3561
12003	78	8866
4714	78	1767
1755	27	856
1341	47	4861
2781	78	4124
10809	47	14381
9617	27	5029
8625	78	9185
657	73	7605
4229	47	8059
34	73	740
14885	48	2447
8804	47	14055
1109	73	6598
8724	65	6611
610	73	6014
13036	73	4560
13974	73	4176
4567	47	336
4931	23	9182
8650	73	6431
1143	73	8090
14834	73	10076
7504	73	2191
12507	78	11142
5240	65	9036
13193	73	9279
13015	73	2801
4927	73	11133
4578	73	6701
4912	76	7831
14932	73	3555
14546	73	2266
2170	47	3466
13514	47	9598
12512	65	11076
12957	47	11182
1556	73	10143
8123	73	7789
3917	78	9976
5561	31	6329
9688	73	6002
13940	47	9217
6140	73	2996
4517	73	2385
9137	73	6433
9451	73	772
10248	73	5928
5133	73	13589
14179	78	10010
5846	69	3452
2514	47	7676
11946	73	10357
12502	31	3564
14878	73	6824
12044	65	9934
6942	73	9112
6965	73	6620
13078	73	2405
11752	73	14505
11595	73	7980
12730	78	6248
1114	78	1790
7567	73	11141
4379	72	2415
7911	73	2065
14341	73	5886
9267	40	2118
9540	73	6648
14811	73	9900
12038	73	11391
6913	73	10758
10488	57	5828
12716	78	7895
13071	65	7943
12056	73	11273
3971	47	1797
8997	48	9672
8947	73	10982
13729	78	6903
65	78	9984
13925	27	4163
56	78	6420
12453	73	6054
472	14	1529
13198	73	4665
2570	73	7274
12250	31	13857
556	73	11262
1105	73	14513
6181	20	6212
13543	78	720
11875	78	8598
8096	73	1142
11284	73	9946
7838	73	3528
11975	27	6781
3104	73	5152
10274	73	2278
5990	73	6742
13629	78	8080
14388	73	3825
2972	27	11150
72	73	9718
2074	47	7041
11296	27	3099
12189	73	6623
13385	73	1787
13631	73	3184
8369	73	1680
7371	78	4579
6877	73	6916
13549	73	8384
100	27	3551
12271	31	2526
13074	73	1254
5174	65	9090
7416	27	6520
1924	27	9607
10446	73	7739
3269	73	9692
580	73	13763
7448	73	14957
11372	27	7921
11857	73	11528
11864	78	6366
8670	73	3497
1010	27	2301
57	73	4506
11274	39	8722
3882	78	14497
7848	73	7602
13550	73	4489
1182	73	3000
3285	31	1545
7499	40	4059
9132	27	7292
2441	49	9672
8828	73	593
4271	27	9964
7378	73	13812
8616	27	5742
3034	73	14714
11410	31	14741
353	65	8937
10504	73	6221
7230	73	11482
14217	73	6323
12804	31	8878
9392	73	462
630	72	6345
9676	73	6513
9310	39	6274
3818	31	11128
7201	73	7297
2588	73	3072
1802	27	7306
13660	27	8539
8135	76	7522
8181	24	6199
152	73	4109
6530	40	6463
13104	73	3396
2789	73	2530
894	73	3219
607	27	14234
5614	73	7161
8276	78	2867
2916	73	10517
13229	73	6442
8896	78	14010
8178	15	11534
8885	72	4381
11959	73	4798
11736	27	7517
7753	72	9167
4194	40	6175
7640	73	13875
12495	47	3613
10104	47	495
13618	31	13857
14218	73	6437
3789	78	7058
1653	73	3726
2474	78	1434
371	73	7297
11954	73	5865
927	47	2089
3701	78	3842
14375	72	2990
1941	73	8089
12554	65	4097
1866	78	5789
12593	73	9609
5471	27	4775
3644	78	5079
11775	73	8759
14277	27	7859
12192	31	13693
5566	31	2831
3379	47	7308
2414	48	2447
2224	73	11131
1525	73	2849
13149	78	6385
10207	31	11263
11202	31	14761
9675	73	6076
14266	40	3412
1690	40	9956
1013	78	5854
13580	73	10232
14337	73	13816
8876	65	8656
4226	11	2447
12831	73	962
11624	47	585
10529	78	8664
12385	73	10513
9316	73	6485
10820	73	5797
12199	27	6083
11501	73	7641
11057	73	14495
2795	73	10060
12804	27	6203
8460	40	14735
2225	73	6824
568	27	1540
12954	73	6990
2445	78	6099
7840	73	6577
13609	78	9188
11703	47	7361
3977	73	2555
1651	73	8168
5518	73	7560
13892	73	5318
1307	72	5183
12260	73	7995
6659	73	783
4407	40	4781
3912	73	14498
6978	73	7916
3128	73	979
12887	47	7596
3264	73	9894
104	31	7598
14206	73	7657
2905	73	9589
11738	73	11129
3032	73	3414
569	27	14351
3853	72	3662
5389	78	1167
125	73	1320
5767	40	9636
322	31	4061
12990	78	4423
8831	73	1899
12179	73	3169
5576	47	2089
14946	73	7743
5622	73	1960
12850	73	3323
220	48	2447
2822	73	2275
12658	78	5845
12884	78	11529
3644	73	14765
632	73	8398
13797	78	7395
5645	40	5852
5929	69	5796
3795	78	7058
12982	73	5865
5392	73	1788
10851	73	3164
14532	73	1982
1223	73	445
921	27	5873
12843	73	545
7245	73	6650
13264	11	14893
10959	73	7476
1811	73	10511
12980	73	7086
4608	65	3333
7892	27	9623
5367	78	3411
5476	31	11135
3144	73	1163
13358	27	5774
2201	27	14478
11370	27	1476
10992	73	7923
7701	31	2602
13168	73	7939
3636	40	2111
7497	73	3525
239	73	10160
577	27	7921
13558	73	14739
14889	73	6199
1600	73	2930
562	73	5061
10891	27	9836
649	78	8659
13709	73	6166
8915	27	9263
14056	78	10030
13325	73	3065
8082	73	4480
2731	47	1271
4701	73	7928
3110	73	2606
12605	78	1049
8947	31	87
8530	73	8442
14524	31	14768
11875	50	7114
5410	73	9759
10592	73	8772
3890	49	2971
6350	78	7400
11389	73	3431
13143	27	9231
7148	47	13685
5580	78	9114
190	78	4112
678	27	9238
10462	73	2708
6161	27	4116
4591	47	404
14968	73	4916
6849	40	10390
11238	27	4155
11340	78	3614
14050	73	2365
8906	47	1963
6752	73	2069
14544	27	2978
10625	73	5041
7733	58	1426
13568	31	6011
1245	73	2877
8739	73	14696
1892	31	3602
9431	31	2526
7097	78	5955
1396	73	781
4782	39	5038
10396	27	14417
1906	27	8666
14037	65	3637
13048	78	13864
1700	73	1132
3173	27	14762
11842	73	9199
8477	27	7395
12078	73	7083
5144	73	6195
10320	73	2167
12550	27	8006
11214	78	8432
1821	73	6282
13775	73	14489
571	73	6183
9603	65	4639
1380	78	6366
1078	73	767
12993	31	7796
10735	73	2056
13743	73	13903
7601	65	11382
4024	73	4534
10258	27	11268
4344	18	6409
8944	73	5737
2717	73	7381
6590	73	10308
4308	73	6544
2491	48	6816
2573	65	14457
11912	31	3001
11222	73	9075
8296	27	4876
3727	73	11005
14148	65	4802
13470	73	4386
12814	73	2211
4825	73	8764
4938	27	6674
5808	40	4432
5878	72	1019
13912	27	468
8577	47	13877
13352	73	7002
10466	65	2900
2074	27	6227
11885	73	6024
13633	73	5176
5201	73	11432
8734	73	5967
12435	31	7796
10762	73	14702
14176	27	14352
12571	73	5832
14083	31	4319
303	73	5888
6816	13	6382
10734	73	2119
9644	73	2774
1110	78	760
3304	47	2887
4038	73	8041
9295	65	10040
8196	47	11078
745	27	9263
11037	73	2957
2273	69	10517
13238	78	14459
2944	78	9273
12207	73	727
14156	73	4293
12714	78	6419
2545	73	8090
11710	73	8651
11222	78	9854
4549	72	13690
6597	27	9943
6943	73	6725
6937	78	14738
14306	73	13903
1559	73	2283
7281	73	13851
2031	27	10516
552	47	9641
9384	78	6325
11340	47	7956
12234	73	9303
13700	78	2698
13483	78	6983
8292	73	6272
14522	73	6291
3988	73	6743
12082	73	2325
6871	27	5930
168	27	7905
3406	40	6044
11676	73	14138
12070	73	9639
8683	31	2526
1313	78	2301
12463	73	514
11041	73	1954
10976	73	14961
356	78	6253
5366	31	2760
12178	73	4154
8816	31	9787
10586	78	10079
3721	65	6382
13139	73	4875
6014	72	1634
2274	40	10359
8938	40	4498
10803	78	485
5372	21	2026
13337	73	10387
13811	73	4296
13662	78	4063
14439	73	4260
77	73	2889
1403	73	14769
1276	73	2711
5427	73	7876
2158	40	7795
8073	73	14566
10765	73	9094
12984	73	1237
765	15	4405
11737	31	3244
9688	73	9312
11276	27	5742
13411	73	1683
13975	73	3184
9426	65	4603
12739	27	511
8035	73	10515
11292	47	1271
3310	47	7966
5662	78	9273
11213	73	6127
12499	27	6224
13256	73	7792
13728	47	6177
14275	27	352
9366	73	6628
5170	27	4377
13319	27	7365
4026	73	1157
3545	73	7626
11777	73	10081
271	78	10113
3519	78	1893
13182	27	2302
10880	73	1819
5148	73	549
13641	78	1161
13158	73	819
1995	47	3613
14	73	3457
3290	73	14948
13171	31	422
3011	73	279
878	31	14959
13062	27	7978
12363	31	8873
8035	73	1944
3123	73	4897
3706	78	6393
11607	73	9073
2636	73	813
4789	73	3010
6208	72	14220
7439	73	2200
153	47	1271
11663	78	3495
3498	31	9117
5746	73	2148
13578	73	5913
5429	73	14007
1357	73	7657
12277	21	6607
13930	73	11330
186	65	6735
5704	73	4103
3714	78	382
249	73	9053
8338	73	2932
13096	73	4371
11211	73	9575
14117	73	1958
12602	31	10579
3968	73	6000
13476	78	4706
9551	78	14476
14245	78	6675
9957	40	7944
13236	31	4427
14635	73	6150
7896	73	2216
11603	78	448
7444	73	7010
13517	47	749
13537	73	14290
8153	31	9627
13676	40	4059
9425	73	4576
13933	73	8384
2025	73	501
6809	73	7087
503	73	439
611	73	14710
11765	73	9782
7339	27	481
3150	73	5866
11908	27	5826
3296	73	2021
9163	73	2707
11573	73	10163
5402	73	10420
1661	27	5021
6714	78	9783
6714	27	6258
11906	31	10031
12934	78	1168
10303	72	10463
4250	40	4129
7440	73	2774
10871	78	3426
806	73	7381
2029	27	10013
5170	78	3213
2204	49	1529
3986	73	8466
10521	65	3362
14982	78	10161
7751	27	10030
13122	27	9607
7470	73	2070
11629	78	4114
13505	47	336
8025	73	4988
6582	27	11177
13294	73	6395
5013	78	6232
1003	73	7302
13823	47	6294
4102	40	1026
9484	73	4058
13492	73	6653
5553	27	8884
7912	73	7407
10545	73	3302
3200	39	2862
4038	73	5653
13252	73	1544
8	73	2257
12857	73	8470
14097	73	3523
6966	72	5931
12590	73	1170
1691	19	1190
12620	78	2705
10917	73	11392
12374	78	5458
4580	73	9799
10933	27	14318
13694	73	9631
4659	73	14731
4823	39	6499
11730	73	1330
4950	73	14369
3913	18	6496
6802	27	4885
6889	78	6211
13591	40	14469
12164	65	3430
1937	73	2360
4102	40	5016
11349	73	14471
14022	27	6710
3845	16	5574
890	73	3000
7515	73	11434
3270	73	10640
13914	73	8384
8915	73	10227
6659	21	6607
12580	73	462
13817	73	7777
10262	73	9075
12609	78	6985
7969	39	6241
2638	73	8627
8598	72	11519
5766	40	3627
13422	73	3683
3712	73	5643
169	27	3757
14151	27	6256
3804	73	4103
9143	73	10153
9470	73	11079
4856	78	3408
12390	23	7801
1209	73	8104
14682	73	1412
1738	73	822
11746	27	8665
1443	78	14695
10882	73	8420
5366	73	7015
14887	27	486
1319	73	865
10135	73	10148
7872	73	785
3392	73	3662
7903	73	8657
9749	73	797
14853	47	9580
4921	27	11382
1214	73	10692
13948	73	6054
8062	73	6430
11299	73	14370
14404	31	6447
14187	65	451
3004	78	4778
8603	73	6326
68	47	10022
13204	73	7915
5500	73	8596
14195	73	1633
14409	73	9777
9869	73	1784
2338	73	13587
10360	72	8091
905	73	785
9357	27	6180
6870	78	7040
8376	47	959
2036	73	9199
12431	73	3007
13626	65	7905
8990	78	5753
9300	31	7673
10474	73	2290
4267	73	8412
10533	78	1168
9470	73	6155
14843	27	9607
12242	73	6662
3102	73	2893
2447	17	14695
1814	50	8049
7453	73	11390
12082	73	10754
1068	73	14339
5160	78	2705
13606	78	1989
11024	73	7042
11649	31	2760
850	73	1530
5443	73	11330
1739	73	10377
4573	73	460
7558	73	14505
7616	73	2321
3940	31	14761
12961	73	786
8643	78	10365
8110	73	14771
11735	47	11070
2319	27	4630
1707	73	3546
3271	31	2121
13004	73	2935
7266	73	508
4588	47	404
4719	73	5784
171	78	11400
7065	65	10437
13000	65	4796
14300	40	8177
8262	73	14749
14804	73	6668
2010	47	3613
5259	73	2307
8497	73	4109
8154	73	10195
3966	78	10491
14445	73	6084
899	47	5997
7144	27	511
12801	73	1826
4021	31	7775
12674	73	2262
5576	73	876
14661	73	390
10432	78	4796
3380	73	6687
5130	73	13852
10947	73	8431
9	73	6001
1000	73	7788
5473	73	623
527	78	381
14109	73	3454
265	78	5079
13892	73	4693
11659	73	11659
9770	73	6525
3881	73	13888
14380	31	6078
3170	39	3288
2240	73	6027
579	78	11181
4658	73	7733
14184	78	1151
673	65	6398
6812	27	1856
5501	78	3100
7439	31	10020
3290	47	5879
11246	78	4285
2408	27	3441
13799	73	6506
7216	31	6447
1590	73	14005
8805	73	10241
7977	43	9284
11837	27	6243
12460	73	10270
5275	73	11474
2339	73	10204
14938	31	3535
159	73	1894
10504	73	505
14503	27	6422
12183	31	5949
179	73	2891
11827	27	1331
2564	73	3522
11087	73	7669
5432	73	7518
376	73	8384
14195	73	2770
5363	73	3228
13799	31	8046
2082	73	9046
4810	73	3065
12392	73	7946
13915	73	6003
11558	78	8700
9130	73	5948
1381	47	7041
11734	73	785
9831	75	14723
9463	73	4065
3744	73	10025
9557	78	3429
8037	39	7689
13590	73	1427
11543	73	8384
13275	78	5323
554	73	1951
4948	47	7600
3109	64	3777
8680	31	302
2561	45	9281
11636	27	6925
13175	73	3454
8591	73	10802
11623	27	14705
3638	40	4748
7203	73	5776
3189	40	14733
12740	31	7796
3406	40	11015
9711	47	7594
2558	40	5080
13314	27	2062
2103	73	7710
2434	73	3237
8099	78	4754
11766	73	5900
8299	27	88
13498	73	10367
13458	47	7017
8960	73	6484
2991	39	14998
11879	31	14711
2001	73	6686
3937	73	547
13491	73	10204
13920	73	4154
7138	65	8700
8469	40	14222
7828	73	1171
4310	73	587
14349	40	2558
9748	73	3487
2435	27	10092
5187	73	7481
12329	31	616
9593	27	4108
10612	31	14745
12797	27	4639
2941	78	8300
14016	73	8520
13014	73	3433
5120	73	5059
12171	65	14705
8886	78	5903
3836	78	1437
11686	78	5826
11211	73	10046
13469	73	14690
12301	73	337
14658	73	13973
6961	73	4375
8083	78	6266
13189	78	5655
5371	73	4691
5430	78	1753
1441	31	14768
2505	47	14123
12491	78	9998
12229	73	9786
5676	73	7943
7566	27	11006
10135	73	4056
3394	78	6330
1918	27	6215
8321	31	7188
1910	78	2884
11609	73	2306
4186	47	11182
11652	78	5378
409	48	2829
8146	73	7483
14215	78	2268
2973	27	5035
12244	78	10423
1614	73	6101
2014	73	4915
3140	73	10081
2786	73	8662
4030	73	2114
2926	47	7017
14733	40	8585
7151	73	6386
12157	65	960
8098	47	1760
3744	27	3458
1709	27	2835
13538	73	1419
12538	73	2929
893	73	11334
5145	78	9998
6609	39	4830
7562	73	9563
13926	47	4411
1424	47	888
8120	78	2116
12924	31	11261
3145	27	4113
5561	73	9841
534	40	879
12566	73	7175
5044	73	9109
1034	73	14057
9369	65	2800
3081	27	6215
265	73	7876
6749	73	740
5766	39	6271
7037	39	2842
12581	73	936
522	78	5857
5421	73	9125
5587	73	3200
256	31	14746
8156	73	6104
2756	39	4405
11900	78	2163
11289	73	858
7938	40	7590
12024	73	2321
11977	73	14864
758	73	784
10771	27	6984
7479	27	6071
5188	73	2764
13340	73	3457
11545	78	7930
2438	27	10147
2973	73	2714
2824	40	10385
14644	78	7979
12166	31	9421
12866	73	4109
2874	40	9064
14936	27	1151
8358	73	530
13502	27	10236
13485	73	9768
3775	27	6843
11650	73	9017
14885	78	14695
13372	27	6611
435	14	14893
5790	73	7160
10503	73	445
14865	78	5323
11478	73	2206
10	73	1531
7330	27	9553
8921	73	2120
12018	73	13762
1017	73	2383
12906	73	14471
8071	73	2245
999	73	6273
11608	73	6388
13091	78	6414
12408	73	14485
14542	78	3499
4907	40	9635
10599	73	7862
9160	27	3009
3622	65	2769
12478	73	3953
4264	73	14060
2807	73	6017
3165	73	979
11887	18	8955
8793	73	7641
8828	65	4796
12565	27	4160
12577	73	7617
4343	73	10249
3880	78	8047
138	73	5866
12149	73	5987
10606	73	6088
579	27	11181
14213	78	9123
6796	73	4549
2084	73	10894
12407	73	14496
9603	73	514
11756	73	2286
2625	73	4324
5700	78	9731
13476	78	3447
1090	73	11381
13544	73	10767
11685	31	9960
1026	39	5016
10618	73	2876
13266	73	7303
9735	47	7596
1056	73	9033
8671	73	8008
8992	73	7087
13746	47	9981
10393	73	1954
13324	27	4113
6454	73	14373
14048	47	9979
2524	78	10310
5813	73	5999
8024	78	2268
11407	78	2799
12003	31	14357
11278	31	14748
1348	78	2981
13352	31	814
8916	73	6155
8747	78	3430
7344	27	433
8282	78	3614
669	78	3213
1834	47	1428
9503	73	7733
8065	47	959
13397	27	5029
3862	73	3352
2023	73	769
8451	31	1682
7139	78	387
1208	73	4865
13114	73	10962
920	27	5862
6989	73	14957
5013	47	6311
2724	73	2371
938	74	8877
8305	73	1974
11876	73	4563
2354	31	6991
13390	73	8713
2545	73	10367
14435	78	7820
3651	73	6053
3358	47	473
13337	73	10626
10981	47	3553
12288	73	769
13820	73	6627
4199	73	7662
14693	39	7814
6767	31	1131
4843	73	10249
13815	73	7662
2582	58	7958
13192	31	5823
11857	73	7135
11720	73	9961
8023	73	4065
14145	47	7308
12317	27	7123
12393	31	14768
383	73	7466
8921	47	7694
2060	27	4097
14931	73	3555
6735	37	9102
8440	57	13906
10263	78	7300
3577	73	11519
775	69	2771
6647	73	8398
11012	73	1763
5105	78	511
7490	73	6189
11531	73	8470
12887	50	13973
5240	73	7223
4469	73	4390
11276	73	4104
5937	73	8648
534	40	5719
699	73	4239
4283	73	2681
5505	73	2673
11366	27	4113
7859	72	1021
11551	73	981
268	73	5965
7213	73	9097
9645	73	3403
1866	73	5057
1483	27	7858
8390	78	931
12200	73	9034
14079	31	9190
10974	27	3347
5007	27	4775
8611	78	3213
13980	65	1476
4625	73	3191
1590	73	6079
5269	73	4603
603	73	13764
8592	48	13785
6558	47	3188
3150	73	3105
4458	73	6233
1343	27	13909
5522	73	2958
7317	73	10015
678	47	5299
4905	65	2828
12291	73	6005
6339	27	5029
5137	73	5905
14548	73	10287
4365	39	13689
10699	73	3334
2737	78	14801
12928	78	8047
14910	73	7381
2788	47	8547
12093	47	6038
8738	27	7591
14616	31	4177
1523	73	10200
14116	73	3207
4522	73	3569
9478	73	11534
350	72	2761
7548	73	3507
5615	31	9627
12667	73	7924
2237	73	2371
12926	73	1954
527	47	6205
7146	65	7124
4046	39	5714
14054	73	1426
8377	73	6478
9709	65	486
5522	73	6706
5953	27	2803
14291	73	2046
7624	40	3412
11784	78	463
8058	31	2899
7067	73	10057
12121	27	1979
14215	11	2447
1901	64	13581
12215	73	7010
10440	78	3544
7497	73	9041
14854	73	9768
980	76	2426
11585	27	3637
7533	78	14443
6847	73	773
2000	73	3606
13457	73	4543
11936	73	4387
1228	78	4482
7742	73	8092
3713	78	11052
1802	73	6252
14637	78	8199
1823	27	2706
12985	73	4123
11572	27	9847
5558	78	499
8578	73	6998
4928	31	4323
9531	73	10578
6858	73	543
13126	27	7647
13394	73	7876
13257	27	689
1478	73	11183
8987	73	3038
602	78	4755
11862	27	5807
12852	73	4910
8900	73	10672
7295	73	10998
9702	27	867
13084	47	6177
11175	40	14398
13167	49	2447
5286	78	8655
11488	27	341
10720	73	11327
8289	73	414
13054	73	14259
2352	73	7778
12869	73	10152
10256	78	11145
5708	31	1293
13329	47	9641
12454	31	8016
2225	73	1163
99	73	1633
10466	31	6377
1938	73	1420
7203	31	4389
14280	39	8584
12073	27	5837
6757	78	7164
13378	73	13782
14630	47	7516
9701	73	7424
6477	73	10517
152	31	14747
2476	65	874
7259	73	9157
7101	78	11339
13776	27	5036
6716	73	2191
9889	73	9782
4557	73	4371
6585	73	10413
11443	47	8078
11764	73	5792
14688	73	6055
14684	73	10353
9871	73	7709
14611	73	1130
11759	73	6239
5363	73	4099
13478	73	3529
5331	73	4870
6751	73	4415
7557	73	6577
11989	73	7407
2100	73	11382
392	78	7925
3587	40	14383
11186	73	13872
14148	73	1128
491	57	11122
1508	73	3643
3709	73	5993
1186	73	2654
9020	65	2985
1510	21	6607
628	27	9210
11233	78	4161
11703	73	276
8231	11	2447
11753	47	8447
6441	39	3438
2790	73	6394
10226	73	4402
7851	73	1260
13370	73	14345
12717	27	2132
3359	64	13893
12844	73	5630
7533	21	6607
14179	73	3695
208	78	4796
3491	78	8047
13631	78	2868
3301	73	6665
1199	78	6614
14167	73	10861
3729	65	5837
4469	65	4124
12574	47	10387
9914	73	1543
12298	65	13855
11663	73	2961
13196	65	3185
11202	47	2667
7851	47	9599
13720	73	10449
8386	73	7940
110	73	6075
2745	73	10350
7236	73	7641
1701	73	8417
2010	73	1135
2631	73	4296
12076	73	329
6762	78	9225
11740	47	945
5528	27	2978
13099	73	5333
11582	27	1949
14232	73	11449
2032	27	4416
3394	47	6330
8590	73	8550
9487	73	861
8291	31	7603
10711	73	3055
8455	27	2368
12512	27	3446
11657	73	865
1724	78	9584
11043	73	10672
3971	78	7224
12830	73	11269
13649	47	5326
10704	64	1380
3530	73	9225
12881	78	1253
12959	78	2858
7340	73	7275
10908	73	2877
12671	73	14729
2297	78	2258
5377	65	5350
4446	31	3602
13722	27	4775
4808	73	416
3750	27	4162
6537	73	6132
825	20	1260
10059	73	5730
2661	73	6650
3382	47	2149
4470	73	1411
574	78	13466
2977	73	3507
9374	78	3447
11243	73	9148
12271	78	10309
14985	73	3336
9180	47	9624
5198	47	14010
10416	78	2169
5027	39	7050
3565	40	5023
1520	73	7183
14025	47	2397
8785	27	9847
8427	27	6137
7488	73	10032
9754	73	3191
13470	78	1946
277	47	9974
7546	73	10490
12063	47	2128
14183	73	3559
8359	31	475
8419	73	14315
10647	74	4667
2939	73	2102
4043	78	14459
12799	78	8667
12812	73	2056
283	40	5058
9020	73	2381
12956	73	8081
6980	31	5334
14890	73	10578
10909	31	5458
10650	78	10829
14380	27	8075
8298	73	335
1123	65	8700
227	27	3465
12077	73	14338
2420	73	6664
10722	27	713
11837	73	3360
11506	31	14756
12770	73	462
10459	47	3640
7460	73	3674
11664	78	9049
12469	27	10517
12462	78	11142
14793	73	13860
12082	31	3564
12852	73	14366
14904	73	2814
12478	73	4321
3308	73	10144
14398	40	950
4714	31	14761
1074	73	5754
3769	27	8762
75	31	9198
10476	73	8653
13272	73	337
7538	73	3524
5369	47	10145
12455	73	3612
2693	72	10233
13732	73	416
11245	73	2309
7969	40	3427
3742	73	4159
10809	73	7429
12283	47	2818
14068	73	9189
13708	73	10372
12933	73	5315
13747	78	9085
11983	73	10782
109	47	430
12563	47	6356
12575	73	9202
1481	73	2815
393	31	6185
11932	73	11378
13075	73	761
9567	27	7044
3721	64	14870
5912	40	9552
1495	15	6459
14265	73	4248
3121	31	6398
14508	78	2819
1804	31	14357
70	73	6601
236	18	950
7107	47	7956
14146	78	7805
14794	31	5860
13793	73	9801
490	39	7050
13177	78	8041
921	31	7310
11105	73	9517
12920	78	7300
11745	73	9279
10616	73	770
8206	39	7037
11968	73	10684
3114	73	11391
14308	39	9586
10286	73	4902
13818	73	1020
13446	73	6290
75	73	660
11644	47	4495
1868	27	728
1282	39	4407
11086	73	14960
13591	39	5058
5954	79	5954
13264	65	14893
1209	73	2069
1207	47	6972
2966	73	7637
13618	78	10423
7132	78	7798
108	23	11152
12840	73	6823
13403	27	6258
12012	73	3400
14836	47	959
14106	27	867
8197	73	1411
1424	31	5758
10557	47	2880
14116	27	9256
10921	73	8081
3756	78	2659
13377	27	4416
229	73	1138
285	73	7166
9327	27	11006
12053	73	5656
12760	73	6742
5357	73	8542
11358	73	4158
8362	73	1440
1456	73	13872
986	47	3613
794	73	6661
13359	27	727
3957	73	4049
8791	73	659
12139	78	10903
6428	39	1950
12297	73	14971
2665	31	9572
13222	73	4893
9478	24	7970
11258	73	14366
1400	78	14412
4557	27	10749
7153	31	481
1593	73	2714
2588	27	9507
657	73	7959
2996	39	2889
12743	73	733
13402	73	4497
3137	78	451
10820	73	5794
10173	73	5085
9902	72	13855
6792	27	4630
14928	73	4987
6057	72	5330
2687	73	8775
996	73	1763
1368	78	456
13481	78	6328
1376	78	7647
9411	31	7190
6861	73	1763
12010	73	6652
6790	73	5298
2656	73	10696
2477	73	9596
6979	27	7997
13265	73	14505
12695	27	14055
7371	78	5722
2649	27	7685
575	73	4176
1318	73	13843
478	73	3668
4678	27	7719
13493	27	3555
7350	73	5893
576	31	1789
113	73	11137
11279	47	7694
687	31	1298
5600	47	6295
3315	78	8664
2498	21	1156
4178	73	7695
11617	73	429
11763	78	6409
2779	73	6367
10574	47	7035
13387	73	9946
9532	73	3497
5445	47	2667
1347	73	4543
6953	73	10351
11371	73	5919
14931	65	6158
12547	73	3528
4128	40	4771
10710	73	5787
9368	73	10894
6276	73	10163
10585	73	4636
7014	73	276
3582	73	7607
11737	65	5025
4458	65	9595
14058	78	8663
8379	27	4746
5149	73	862
13963	73	4289
14094	31	10666
39	47	6295
12733	73	5853
12844	73	3883
9001	73	1278
4276	47	454
14017	31	516
1835	73	14287
10074	73	6371
10542	78	7930
2676	73	6380
2332	73	5958
9335	78	7678
5473	73	9625
14147	73	3450
12871	73	6314
4701	31	10352
10722	73	1894
9469	73	7680
12246	31	11538
12402	47	4369
189	73	4870
8058	65	6048
11556	27	1048
8924	27	7895
10589	73	3432
10737	27	13789
5260	73	14483
9353	73	420
12375	73	7526
14274	21	6616
8294	47	2313
8288	73	5892
10533	31	14456
5818	57	1530
4569	73	6195
11229	78	5466
2655	73	14696
2292	74	3710
11646	27	8700
5536	27	4398
11430	78	1253
13040	47	10387
11010	73	4248
14227	73	14297
3704	73	7653
9485	31	7775
1620	73	1129
8622	73	7175
5240	73	14246
7345	78	10090
1920	73	8774
6312	39	8533
13920	31	14755
12834	78	14354
12050	73	10773
10892	27	1292
9463	73	991
8451	73	13886
11889	27	7126
11299	73	6159
6752	78	4782
460	72	6002
13161	73	2838
2232	73	10750
3911	27	689
11600	73	14749
11589	78	8418
6732	73	1154
10909	78	5763
1115	73	8693
3272	31	3244
5167	73	4977
504	73	11334
7353	73	625
3741	73	14310
10042	31	14745
1877	74	9912
11741	73	7167
6258	20	775
8824	73	9043
10977	73	4368
12737	27	2608
5362	27	1536
3167	47	7675
6358	78	10021
3192	73	1715
4435	39	1950
1221	73	3696
6791	73	5954
10446	27	721
1379	73	6073
12473	73	630
2225	47	10311
5364	73	7743
1399	31	9572
12347	27	6224
3022	27	14317
12361	73	1976
14673	27	413
12191	27	5651
13304	78	14477
12363	47	7649
5460	40	13681
8515	73	1416
6670	65	4796
600	40	14313
9433	73	5895
270	47	959
12435	47	5326
12415	31	11263
5675	73	3612
12249	27	7085
540	73	9938
13284	78	381
9386	31	725
11389	73	1680
8026	73	3342
12921	65	14718
3962	27	4141
12339	73	11190
1143	73	3342
77	73	6832
6834	73	6239
9710	47	8382
3794	73	8986
3299	73	2692
4587	31	9235
9709	73	3445
1914	73	6141
5487	73	6726
12282	73	3611
14097	27	4063
1370	31	8476
4506	72	7114
4821	47	4253
149	78	510
11288	73	1763
4477	39	5658
9886	73	10029
5444	31	7804
11824	47	2783
1146	73	14504
3339	73	5921
5340	73	5019
5026	73	5874
5455	78	384
6896	27	5752
1079	78	5788
12402	73	6844
9015	65	10386
14090	73	11334
12755	73	14221
1656	73	6964
3132	78	3588
12861	73	2549
1604	73	14961
11703	31	7598
1361	73	9705
10911	73	7733
12980	73	3073
7493	27	6589
3995	73	5579
14024	78	14055
8811	50	5829
12333	27	6137
12765	78	6031
6736	27	6280
14112	73	4399
9297	27	1299
369	73	10744
3813	73	9776
10412	73	7712
7835	73	2259
107	73	2897
13459	27	10236
6441	40	8053
2536	47	6799
14892	73	14287
5585	31	2867
7791	73	6489
1702	73	4321
13083	73	14344
4595	73	7004
1058	73	10368
3505	39	3209
10307	73	2855
11845	27	7224
12324	65	4417
5377	73	1198
11560	78	4052
4208	47	3254
12944	73	10408
11433	72	1270
14118	73	1687
1035	78	5981
3030	27	4061
14030	73	9987
4941	73	11262
410	40	3854
2341	73	406
13899	72	5914
8427	73	2216
13	73	6931
4216	73	2257
8558	78	7038
13779	40	5300
11910	65	6083
12821	31	11128
13397	73	11390
4958	73	1474
14936	47	1760
14823	40	515
1611	73	593
25	73	9596
13371	27	451
4979	65	727
1812	73	2055
8124	31	790
11948	27	4063
7102	31	4323
3043	73	6290
5133	27	7682
13304	65	14477
12013	65	1899
5537	73	10861
13628	31	7299
2351	73	7721
5481	27	4097
1596	73	329
2408	73	7042
4624	73	13899
572	73	9759
13472	47	7649
14767	39	2829
135	73	9112
3919	73	4018
6763	78	1168
9441	31	14413
5496	27	10566
1179	73	14241
7194	73	7715
2234	65	4698
1822	73	2154
4966	78	10383
7035	13	6038
2487	78	13780
10878	78	7989
13729	27	7905
9952	39	10309
3170	40	442
12356	78	2601
10466	78	9036
5036	25	1889
2620	27	4061
6720	78	595
13039	78	3071
10965	27	7517
5720	73	3517
7530	73	7737
14391	65	4417
10821	73	1430
11219	73	6107
11810	65	1685
11465	73	6362
8034	73	4991
3118	73	5303
9907	23	7048
14114	65	6251
14916	78	5877
10541	73	4693
8660	40	3627
1736	25	9853
12377	73	6487
13653	73	13804
1562	73	14657
9390	73	347
14831	73	4403
9531	73	6518
4620	73	9214
3029	73	9989
11185	73	9527
11757	73	7027
5328	73	2409
10683	73	10495
8114	78	9219
3277	73	6715
8705	73	6326
12279	73	14977
12372	27	10091
1557	47	6193
3306	78	2265
10726	73	7783
12136	73	2560
7037	39	3406
8526	64	14808
5272	73	797
9126	73	13910
1741	73	10627
9389	78	1155
10434	73	4138
14100	73	7715
10850	78	6225
11321	73	3169
1607	27	5805
947	40	3462
1055	27	2169
12976	73	2179
5325	40	4070
4614	27	7654
5402	73	9303
4752	40	4978
2507	73	434
14460	40	4412
12233	73	10289
11789	73	873
13823	73	6444
3914	73	5571
6936	47	342
5162	73	9205
12226	27	5649
14580	73	13876
3676	47	9729
11671	73	10368
1699	31	4169
5709	73	2958
4433	39	9308
1364	73	3363
12353	47	4899
2640	73	2869
9367	73	10444
12126	78	8658
4041	78	8986
4547	78	6393
679	73	7307
12757	47	13685
9180	65	5786
12521	78	8700
12798	27	7085
10920	73	979
12328	73	2298
11799	78	9636
13959	27	9507
13336	73	11158
2739	78	5842
13505	73	3825
14025	73	14704
9386	73	6513
2296	73	2283
5641	73	10301
14686	73	925
11820	73	2708
10120	78	6296
1485	31	422
7142	73	5794
9342	73	7463
4214	73	1289
12906	73	2714
5000	65	4422
101	27	6416
4526	27	7369
12258	65	1797
13886	16	4598
14180	78	14479
6774	31	3155
2722	49	14258
5096	73	10077
13819	78	6459
1448	73	3570
6558	78	489
5043	27	6971
12083	27	7978
5416	27	14417
1886	31	4100
12893	47	7516
12631	73	7976
4804	73	7518
7461	73	14124
4611	47	2404
7417	27	5975
11416	27	9783
14838	78	9855
14133	16	4598
11597	47	4369
4645	27	7772
11058	73	4362
11629	73	4560
5010	73	8758
14173	73	2992
9336	65	4082
13570	73	14248
2496	73	10761
7447	73	4688
11766	27	3203
6594	78	7716
9339	23	473
3860	73	14773
12633	31	2132
12661	73	7662
12884	27	11529
5149	73	10463
4710	73	9818
5675	27	9595
9364	47	2957
2171	78	6225
10168	78	2868
193	73	3372
8593	73	3827
5957	65	4749
7446	27	2566
12126	73	14691
5443	27	10038
3069	73	14124
2512	78	6531
2351	73	7743
7326	73	6014
5246	47	8046
1198	57	7223
13344	73	5905
12769	73	328
7917	78	4359
14853	27	3232
13165	65	8199
9061	72	6179
99	73	1583
3152	73	9789
9309	40	3638
13217	73	5954
1731	73	7419
14174	73	1737
12959	27	10147
12947	73	777
3789	73	8986
5149	73	7996
13900	69	2710
4196	39	4830
8577	73	4314
10924	73	5214
13365	73	10517
14365	27	3455
9889	65	2899
2291	27	3471
14250	73	6257
12358	65	7430
11575	73	4152
4204	27	6421
12103	27	6911
8712	73	2140
10425	73	5972
11728	65	4095
9038	73	3058
13377	73	14259
11851	73	2233
5444	73	6291
6564	73	3480
9909	31	5823
13469	73	7183
13567	73	9821
609	47	959
5596	73	9633
8925	73	6272
13953	78	4513
8701	73	9938
10159	72	2109
7969	40	4353
2988	39	4412
10452	78	6614
3021	65	4080
12091	73	2961
8031	27	1979
3867	73	4977
13467	73	2997
273	78	5940
13219	73	6508
14174	73	5726
14943	73	660
13580	73	5915
6347	27	7905
13423	47	3640
8263	73	1416
11229	78	6373
8022	74	221
14083	73	1982
13133	73	10372
10460	31	4169
14594	73	5829
12956	78	4057
7913	73	3501
13650	78	10777
5577	73	14754
4455	73	708
2083	73	10353
12815	73	7010
4222	73	7466
11018	73	6192
14140	47	13705
13466	17	9775
8820	65	7898
2186	73	290
130	73	7013
840	73	6648
13500	73	10095
10124	21	6330
3054	57	6181
8756	73	7130
301	73	3077
614	73	7813
14253	73	6088
5418	31	828
2790	73	8009
7108	64	2202
11585	73	7899
4268	73	1269
1859	27	1540
12661	27	14352
8852	27	914
3740	73	9214
2014	73	6680
11744	47	4411
587	72	10663
1511	73	6345
11524	73	7005
11743	78	7364
12723	73	332
10527	73	4158
8835	65	7978
11019	27	3495
786	72	2860
1624	73	3520
13632	27	5655
13407	73	6848
5729	39	5969
6737	47	731
14581	78	2608
3482	27	9216
3519	47	8421
12000	73	5840
12958	73	2381
12869	73	3760
14172	73	6200
10994	73	1255
13064	73	7981
13374	73	9303
14185	73	5859
610	73	1776
13651	73	14315
3225	73	9272
1811	65	14509
9397	73	6075
9905	78	5861
5093	47	9057
13063	27	13698
1491	21	10162
12619	78	2705
14804	78	1980
7510	78	7975
12268	31	814
8818	73	5987
12223	78	14738
2042	73	4635
11561	50	13905
13754	73	10513
1073	47	10388
12369	47	7034
11935	65	10019
8640	73	6305
11396	27	1778
1994	73	10732
5	73	5784
13984	78	3417
5281	73	6199
6719	31	11263
5102	73	8155
8950	73	1852
14028	27	2314
14172	73	11066
5951	73	773
9446	73	4205
11748	73	1687
3803	73	6290
7706	39	11514
9679	78	798
12597	31	4892
12644	73	10696
12756	31	475
9020	31	8932
12051	65	14134
7001	78	5903
13659	73	14248
13520	47	14569
3385	73	6485
9454	73	13971
6352	27	8532
13273	27	2860
2279	40	511
10925	15	9964
12851	73	6083
8525	73	10279
5283	78	5891
3493	73	7177
249	73	6712
12148	73	7080
8322	47	7694
1103	73	14957
3209	45	9282
7437	73	7652
14680	47	7063
14431	47	7048
1823	65	2706
9111	13	9099
1504	27	4716
8386	27	2666
9164	73	10842
13579	73	3439
5590	31	1148
12101	73	5968
11358	73	5984
610	78	6246
8678	47	7017
8134	73	3105
1807	73	5801
10819	27	10362
11154	73	3396
467	40	7814
11498	73	6181
1885	31	2569
12912	47	14707
918	78	1437
7341	73	4393
553	65	9642
3768	73	7894
12916	27	10162
12770	78	8474
1123	73	1134
3582	47	7017
13582	31	8016
1180	73	9991
14578	47	7048
3060	20	5924
9515	73	952
7021	73	6709
11799	73	14714
4283	73	7756
14666	78	6269
7861	73	2189
12171	73	14710
14965	73	4335
8058	73	14961
10964	27	10748
8510	31	11328
5417	21	7060
7893	73	14261
5696	73	710
14883	73	14246
14790	27	4377
11743	73	9110
8571	47	6191
14494	27	511
9320	40	9733
6349	73	4134
8289	31	1436
5735	40	511
1689	14	2447
11773	27	5472
4877	31	9694
7814	39	11424
10785	73	10627
14843	73	14315
1374	78	7164
10588	65	728
8857	73	10151
7255	74	2202
6119	73	6032
150	11	2447
181	78	2301
12683	78	2112
12741	73	6511
8591	73	6152
5188	78	6256
8980	73	3347
1623	73	5970
1807	27	6332
6472	78	11173
4470	78	4866
11614	73	10032
13391	73	2259
5027	39	4366
4242	78	10161
11937	31	3244
13222	73	9782
10344	27	7961
2419	31	7078
12317	73	5762
1084	73	7953
3080	73	10861
11106	78	1778
12189	31	2527
2225	73	10313
13081	73	1737
14162	78	10154
9894	72	788
12638	73	401
7897	27	5035
8540	39	9620
13248	47	3466
12656	40	8177
7495	73	13873
11716	27	4082
5449	78	9304
9868	27	741
8025	73	4408
10926	73	9625
9382	73	6823
9618	73	9692
8902	73	10019
4944	73	3514
2229	73	1784
8603	73	14287
14517	73	6680
12925	73	2893
9746	73	10001
14937	73	5792
7191	31	9222
10788	73	2533
3679	47	11078
8350	27	14697
11587	73	9292
12131	73	4665
1813	27	8665
9169	73	10296
7133	73	877
13040	73	10387
6840	73	5851
12236	73	2138
8142	39	9684
1727	27	5855
1490	73	4494
5540	73	9054
11627	78	7724
13436	27	8666
3138	27	9498
12152	73	4109
9334	73	6199
12694	50	5991
229	47	1138
2480	73	6615
1050	47	5627
7533	73	10184
1465	73	9774
7232	65	4796
4789	73	6663
13999	31	9995
12608	73	5981
7791	73	2990
235	27	4554
13351	73	14800
621	31	516
12788	73	11334
8369	73	4419
10649	47	5824
5426	27	14417
12927	65	3978
8146	47	9520
4042	47	8382
5345	73	8384
13430	73	2109
515	40	5014
2948	27	7997
8889	47	7063
6690	73	9807
12006	31	2831
1926	78	14863
8022	78	10082
14330	73	827
9635	40	5868
1068	73	8014
1520	73	4375
8944	47	14381
8581	78	3587
11807	47	8447
13373	21	4911
12980	73	5333
14928	27	14705
14735	40	14222
5451	73	4074
11480	27	953
927	78	14348
13961	73	7784
896	31	7188
9431	73	8651
12256	27	4112
7803	47	9599
6548	27	6215
2822	73	10372
13136	73	9946
99	73	6712
14972	73	7031
2418	73	7463
7938	40	14767
10116	47	11070
8284	78	7296
8488	73	761
14003	27	14479
14892	73	7277
3276	73	10292
10999	65	4312
5191	27	1685
14038	27	14822
10445	47	9805
5187	73	8014
1731	47	7041
3722	31	2152
14300	40	11015
13957	73	2312
6586	47	11078
9882	73	6305
1830	73	962
12689	65	6622
4029	31	9571
8449	78	6256
14812	73	4496
5624	40	8524
9916	78	5780
8335	31	3531
13982	73	9200
10642	47	11182
9914	27	4797
3283	73	329
3797	27	6310
12394	73	7788
4203	73	5829
14167	78	1325
2425	78	4866
7316	31	6991
4144	73	6640
7471	27	4072
13280	15	9220
6804	73	2752
5307	78	1849
6723	73	8552
2498	65	4108
14388	27	5296
2924	47	4828
4641	73	1686
1377	73	9768
8324	73	1328
1892	78	3835
6490	73	5462
9464	78	6617
13980	27	1476
10101	72	1715
2146	40	6428
13837	73	14492
12277	27	10745
5733	40	8037
1176	65	8942
242	27	4381
11598	78	5830
10729	73	5881
13712	73	10032
14843	73	3432
4931	23	4157
11818	78	10294
5672	31	790
5635	73	10694
11414	21	1288
10558	73	5784
6656	47	2149
14903	73	444
11636	78	6925
7543	31	1298
10411	73	8774
901	78	1767
3936	47	4861
10734	27	10230
13767	73	8520
5051	31	3142
1236	73	2287
4578	78	10109
5200	78	1637
7003	39	965
14449	73	1931
12	47	6207
12171	73	3238
215	73	3442
8245	73	9193
12924	73	4690
1905	73	9762
1067	27	4888
10614	73	7008
2164	27	7592
1863	73	10027
5106	27	4101
6717	78	11384
2475	31	2121
13614	78	2675
14407	73	3826
5103	73	7223
12303	73	426
28	73	2249
2919	47	731
6774	78	14760
1602	73	5901
12633	65	5458
617	21	8040
5136	73	3245
6816	17	5869
13765	73	10099
8526	48	5564
6445	40	5082
2444	73	8550
937	73	14463
8587	13	2829
5400	78	14416
1610	78	3201
4734	78	955
1999	73	6080
5277	73	4690
5190	47	9520
98	73	10962
6949	78	5032
12234	73	8772
8575	73	8523
2905	73	6605
5104	73	10754
11215	73	5769
14666	65	2368
12825	65	14470
4464	73	4248
3702	73	13894
12169	73	9200
10717	73	3409
6580	65	11402
2609	73	5176
10140	73	10235
5982	72	2993
5256	31	4420
9248	27	10230
7890	73	1951
3800	73	7080
6745	73	9121
6360	78	9273
11954	73	591
4667	64	10647
5477	73	3407
6943	73	2362
12647	65	2800
5119	47	6440
13985	27	7927
5896	73	6115
11663	65	3495
11454	73	9788
13778	78	9584
4595	78	14781
11109	78	3459
14524	73	7027
13230	73	10962
10590	73	3454
2638	31	9803
14946	47	6321
3113	73	6958
13216	73	11073
11565	73	10001
9342	73	10513
5343	78	2428
5184	73	7965
12322	47	7600
117	31	516
14950	27	4101
8999	31	9421
14262	73	9564
1073	73	4079
9959	39	9167
5165	73	6181
6041	27	1893
8282	73	7772
12035	18	8862
7556	73	1365
12833	31	11538
5040	73	7404
2086	47	731
8509	47	1012
12857	73	5968
848	78	768
8707	73	10772
2303	40	2472
3867	73	9272
5612	47	9048
5821	65	2140
12697	78	4095
8989	65	2976
13813	23	14766
5719	39	5033
3663	73	6075
2004	73	6686
5395	73	7005
8561	73	2371
12816	18	381
11607	47	11487
3810	73	4552
7488	65	6279
12616	78	14055
12615	31	11261
8687	65	6753
11314	73	4094
11558	65	2800
8930	39	9167
4930	73	4318
13537	31	9803
10797	73	337
3327	18	7372
3947	31	9999
1821	73	1634
10562	73	434
2054	73	9539
2958	20	1989
5535	31	1131
12865	78	448
3572	73	865
12548	73	10293
11638	27	9929
1001	73	6040
5010	78	8432
2099	73	5840
14192	27	6843
11590	73	4248
13023	73	1981
1370	73	8763
62	73	13380
9667	31	9198
13626	73	3460
13467	73	3487
12522	78	3454
14991	73	9181
1246	65	6048
13214	73	9951
6067	73	11031
8958	73	3363
10969	78	7079
3653	73	5784
339	49	6735
13020	73	5330
4393	39	3377
658	31	6514
4651	73	3007
13425	78	6855
3723	74	978
13622	73	4794
8615	27	9978
5812	73	9562
13912	73	10962
13718	73	2714
12041	73	6971
2641	73	535
5349	78	9251
2788	78	13897
3931	27	6169
6664	80	2856
6815	73	2528
10284	73	5512
6522	57	6291
13817	73	8442
2630	47	477
13262	73	719
3474	78	9079
2085	73	6577
14098	73	7876
6802	31	6217
4913	73	10349
8900	73	6132
1024	47	8443
9712	78	433
5349	78	9855
10505	78	6325
1739	27	6332
2742	27	9256
6051	65	2800
6548	78	8664
13708	78	5868
10870	73	6335
3803	27	14318
8244	73	1555
12861	31	4110
13720	73	2394
13523	78	10364
7214	47	336
13449	73	8013
8818	27	3637
8578	47	9187
10781	73	14800
10439	78	2799
6866	78	13897
7885	27	3555
1367	27	4377
12527	73	1036
497	39	7049
11318	78	10310
758	31	8932
1707	73	9734
9699	73	3667
8742	78	714
13244	47	4899
6811	73	4263
12232	78	6904
7318	73	9084
4769	31	1298
14508	78	2078
3080	73	9570
8194	73	5816
13180	27	10230
11459	73	1531
4433	40	5014
2519	78	3008
2386	31	9421
10805	73	5886
13148	73	7743
5096	73	6195
14200	73	10389
2042	27	6957
9483	65	7653
11605	73	7045
11971	27	4398
11593	73	9795
11703	73	9834
10467	73	8140
13003	73	7075
2955	27	7091
1923	47	7730
2613	73	7015
12200	73	3450
8252	73	9992
1007	78	14695
1439	27	2873
9351	73	7007
14041	73	7560
12684	47	5326
2682	40	6025
3823	78	4793
5265	31	4858
14219	40	8038
11929	73	6291
2809	27	9980
363	27	10234
5735	40	8302
14681	73	2207
3982	27	4691
3719	73	9929
4556	78	1773
1058	65	8414
8696	73	6050
12190	47	3628
13474	73	5756
10321	73	936
8929	73	6780
5180	47	477
9340	27	7905
12030	78	6843
7298	24	5855
8360	73	10551
11106	73	9241
5874	19	1190
14534	27	9623
13403	78	6258
5263	73	14126
1311	73	6653
12672	73	6486
4580	27	5056
11697	31	7299
12788	73	10192
1482	73	11156
14004	73	2804
3337	73	6576
12629	73	4123
1303	78	7647
3331	78	7874
7437	73	10514
11001	73	11334
13922	27	14430
12680	78	950
10630	64	10628
3893	78	3630
10765	47	10388
5422	27	5035
10532	73	7223
7631	73	6484
5384	73	10200
13610	78	5863
8186	40	14750
9604	47	10311
5623	39	5624
12271	27	7084
5052	73	14485
7331	78	9775
8583	27	7364
7545	73	13807
12938	78	9220
8838	73	11262
12973	27	1476
8877	78	6225
4596	78	10423
6528	78	6416
1449	64	3359
5272	65	2800
2646	78	9191
12881	73	9094
12182	47	731
11308	73	10581
12585	73	3219
9417	78	2705
12192	27	7680
4198	27	8539
12186	27	7898
5744	31	1152
1730	31	4355
7837	73	6557
1034	73	406
4939	73	8063
182	73	2182
10382	73	4284
1265	27	11006
13442	78	9843
10997	73	2754
11421	40	9213
4799	73	4989
9469	73	6239
12322	73	5883
4832	73	6919
9329	73	9529
612	73	6178
10522	73	1255
11921	31	4427
1219	31	14745
7843	65	7717
3866	27	9847
11679	31	14746
12551	73	10017
8797	73	14220
11437	73	2070
12605	27	1049
136	65	2116
4877	73	11183
6767	73	11537
3859	78	5032
13204	73	5832
3888	73	2681
10201	73	9221
6697	40	5727
10527	73	2968
13822	31	3244
1887	73	3219
681	73	6068
10977	31	2369
12182	73	5770
7995	72	7606
14449	27	3446
10607	73	9841
8131	73	7135
3183	73	1328
11266	73	7953
4950	73	329
8324	73	2707
504	73	6471
8914	65	1979
13921	73	9373
12347	73	4318
6575	40	5058
13991	47	9981
7913	27	7085
12537	27	11517
4609	73	7086
13312	31	14467
9809	13	7898
4933	78	8664
13279	47	4828
9028	73	10287
12655	73	7981
2537	73	6388
7418	39	11447
7468	27	4775
1400	47	6193
7702	73	1670
1919	47	3640
4669	73	2191
9027	73	332
3929	78	11124
8021	78	4384
14611	73	4991
4378	71	5123
4009	73	9807
3393	73	1426
5025	20	8646
4597	78	14472
14531	73	2987
14080	31	4892
13768	73	5728
7768	73	2894
20	31	2734
5338	73	803
14899	73	4403
12536	21	6607
3790	27	8484
12185	73	9044
1911	73	3166
5532	78	4754
5376	73	5836
3157	73	8017
13291	73	4164
14918	78	4330
1916	73	14474
12519	47	2887
695	47	4064
14551	65	2800
10511	57	9061
651	73	13781
8712	73	815
14767	39	5645
14889	73	9193
12597	78	6264
1358	73	9189
502	40	8584
8119	73	7161
63	73	10511
12186	73	3825
14516	78	10016
6556	65	6282
10847	78	6144
12470	73	6270
9344	73	7790
14304	73	5941
11254	78	10223
8331	78	14801
11677	73	2262
14156	50	2062
11464	27	6243
12498	47	6972
10304	73	10036
2966	73	13832
5282	73	4500
12309	65	1797
6450	65	3226
11546	27	7947
13712	78	3761
7836	49	14258
5549	73	6485
5341	78	4754
14909	73	4321
12429	73	11381
14098	73	10114
4498	39	2400
3548	73	10732
2543	73	3076
8237	73	968
3304	73	1764
5163	47	6135
12636	73	13803
4561	78	4322
11234	73	7438
1314	73	4694
1455	73	5726
12104	73	4406
14223	27	10041
13364	73	5784
11425	78	9940
13094	78	8137
13210	73	3504
9704	40	6176
13499	73	2877
12092	27	8471
4424	73	11536
9079	13	6735
9342	73	4314
2722	78	3411
11819	27	5029
2923	78	6092
11211	31	516
4593	31	2369
11569	73	4937
13487	73	3522
14256	27	10492
8641	78	10113
11086	73	881
1869	15	6087
12553	73	11183
9663	73	6282
8469	40	9939
9300	73	8763
4719	73	9651
14389	73	5976
5025	20	2981
11525	73	2282
14798	27	9632
3262	27	5647
1494	47	1829
2871	40	14733
10738	73	3443
294	27	9118
2949	73	14347
6970	72	7606
8469	40	5740
8161	73	6194
9345	73	5741
1644	78	720
1500	73	1438
365	73	4665
9898	27	9070
3996	73	2301
7191	27	14783
9881	73	8986
10107	27	4630
6473	73	5018
12501	31	4105
13951	78	4513
6546	27	10362
8134	73	11516
7722	40	2070
11100	47	14707
13348	27	3257
8854	73	6712
14982	73	3428
4378	40	2184
9296	65	4796
8786	73	3076
10638	73	11171
1569	31	7603
8389	73	4819
386	73	14957
8619	27	4793
195	73	7943
7336	73	8384
10542	73	6221
1458	73	6696
11641	31	4175
1613	73	2836
1454	73	1438
4843	73	1329
12030	73	2056
9397	27	10147
13538	73	4104
12124	73	7711
13933	73	6181
10924	47	1824
6810	39	13682
11008	73	7135
12517	73	2872
3718	31	6185
6564	73	7789
4281	73	6300
12606	73	5968
263	73	9090
7525	73	6155
14794	73	6650
4332	73	4399
7256	32	7864
7901	73	2287
1010	47	7962
3967	47	4369
10401	47	2766
13255	73	7609
13703	31	828
13521	73	3406
14091	31	4886
7145	27	9108
8340	49	9672
14428	47	7988
1626	73	13905
13535	27	7365
7532	78	9123
11413	73	4109
2170	73	3302
2019	73	6324
11213	27	7668
11599	73	10368
10123	73	10556
5555	78	6086
11757	78	4054
3831	73	9196
10348	27	6223
12982	73	2053
7290	73	1411
11043	73	14287
13089	78	9976
9547	78	8199
13458	73	14668
2054	73	14007
8358	27	4689
12060	73	7082
12461	27	7947
14583	65	4885
4217	73	3514
2531	47	7988
10400	78	10290
1910	73	8542
742	27	5873
1494	78	4896
11217	73	6640
3385	47	6351
13123	27	7927
3438	40	4046
5710	27	6611
14804	47	6311
13819	73	2053
11741	78	6985
1865	21	10162
1239	73	9596
11594	31	9106
7355	73	6784
7356	73	7466
11810	31	1414
9914	73	3236
1136	27	5296
4968	31	11128
6980	47	14008
10941	73	3428
9372	47	9122
3102	23	14008
12587	73	6653
10042	73	5630
300	73	5816
7211	73	9992
410	39	9497
2225	65	6817
1522	73	13886
13257	65	689
1323	73	2877
11983	47	4828
13271	73	7875
218	78	4378
3421	40	7083
2423	78	9940
9438	73	5784
3754	27	3451
3984	73	3641
9820	72	6742
13112	73	3760
295	73	6291
7417	31	3244
1836	73	7010
10959	73	2166
12214	73	429
14951	72	14370
12345	73	9154
5694	73	9786
8233	73	9834
2344	73	11390
1837	31	13857
11775	78	4330
2789	27	14317
7492	47	9152
14672	73	2360
1242	73	10233
13779	40	2867
13171	65	10749
8377	73	6679
12722	27	1792
5090	73	14474
11850	73	9797
287	31	4389
14302	27	9236
14501	78	6531
1796	27	1437
14068	47	9122
3154	73	2877
4926	73	14702
12771	73	2249
14584	27	2850
9135	27	14705
2741	47	4380
8906	73	4368
1041	73	6518
11598	73	7928
7269	27	4360
12621	78	9023
4562	50	6284
5201	73	2836
12026	73	2065
13101	73	3211
4773	73	3105
8768	27	2410
11974	47	14707
8793	73	4478
2274	39	2814
1562	27	8656
13052	78	3587
4210	73	9938
5507	69	7876
5331	78	6100
7353	73	2251
11431	73	14350
11615	73	8774
11453	73	4318
4939	31	1148
1002	65	7905
14100	47	2131
832	69	10694
7006	40	7121
11564	73	4139
10784	40	5014
3924	73	13803
12429	73	6653
10320	73	9087
3937	73	13785
7037	39	4373
4527	73	2453
5540	73	2879
1735	31	440
12857	78	7224
3246	48	9672
3314	27	5823
14410	50	10368
6669	72	6323
10541	78	14242
7341	73	876
6529	73	10033
5529	65	10040
3331	27	4797
5497	78	8856
12412	47	604
2063	47	1169
8611	73	4058
8214	73	3612
9132	78	3632
11820	73	4239
1648	27	10247
10901	73	10413
4269	73	6272
167	73	542
10199	73	2114
6874	73	10014
1923	65	4796
12970	73	6040
11582	47	9057
10940	31	3401
13220	27	4414
8345	47	7048
5640	73	1992
3512	10	640
233	73	4904
8782	31	9996
2903	78	9274
5668	73	4765
1656	73	10302
251	65	4796
11985	65	7089
4768	72	2268
7163	73	3439
8322	73	4374
14981	78	6363
3574	73	9047
9468	73	7401
6195	72	11116
6452	73	14954
13018	73	1855
5328	31	3401
4814	27	2835
12969	73	7653
7442	13	2932
4722	73	11402
7704	73	2709
1182	73	7404
13102	73	6593
6811	73	10163
13211	73	13782
392	74	2722
3814	73	9088
12190	78	3417
5069	73	6257
262	27	5060
13989	73	4312
3115	73	8649
2277	14	14893
7449	78	6264
5380	27	4509
13708	47	6972
6436	40	3189
14931	78	6226
5329	73	3772
2012	73	10732
1493	78	2402
3170	40	3438
10939	27	10312
12610	78	2753
4302	47	446
14551	78	10250
13997	73	1162
8618	73	876
903	47	1271
14922	73	6430
8954	73	6423
12059	65	10040
7816	73	7560
14094	73	6669
1118	73	10313
4701	27	9934
5767	40	2558
6565	78	4778
2315	73	8859
2718	73	5974
2632	73	4318
8070	73	4665
13993	47	4715
6219	72	7789
9142	73	6969
11373	47	2313
13455	73	7632
10929	73	10750
9138	73	2287
14253	78	443
2625	78	9852
4998	73	426
8907	31	5758
4241	73	10227
8550	72	13851
14597	47	7676
13569	73	6239
96	73	6181
14168	78	10084
9176	73	769
11830	73	1819
5113	73	5793
12499	73	14241
2811	73	2381
13143	31	9231
3087	31	4092
10622	73	4879
816	40	10783
4350	20	6526
13322	73	8759
9550	73	14246
12499	73	3772
9909	73	5472
2700	73	10271
12085	73	2257
12176	73	8971
2723	73	2876
8776	73	747
9166	73	7025
3804	27	14725
7534	73	6012
6005	72	4312
13162	73	14668
8794	73	4109
9889	73	3425
2085	73	8398
11283	73	9639
3984	47	4193
14610	73	7734
8792	31	4137
5173	73	10083
4789	73	10422
14218	73	7274
9488	73	10732
767	72	873
5348	78	14695
13601	73	3261
9723	73	1847
5402	27	3256
13568	73	2182
8822	73	784
8860	78	5782
11653	31	13586
11549	73	2381
11959	47	2313
4407	19	1190
644	73	624
11195	73	8417
9975	39	4407
7241	31	13586
8510	73	4480
3935	73	6605
12074	73	6203
3020	47	9624
2956	27	2769
14362	49	2447
9660	31	7603
2484	78	14242
908	73	14066
8853	47	959
3949	27	11130
4838	73	2877
2965	78	6381
2839	40	9268
837	73	2893
12886	47	14778
12909	73	14373
14154	78	9719
10910	65	2931
1218	65	5717
11228	73	8654
10634	73	2777
14562	73	10351
11670	27	1167
13146	27	8656
12874	73	4403
10887	31	3401
6347	73	10032
5500	73	7762
928	31	4548
10682	40	5719
12423	73	6245
7553	47	8937
9170	78	6408
10855	73	6138
14877	40	13675
9549	27	9978
10828	73	6040
10699	73	2290
9392	73	7854
13750	78	2800
8083	73	530
14349	40	3189
13095	27	3446
14867	73	5464
7850	73	14316
64	73	2370
14915	47	7594
10698	65	9978
8621	73	14314
11844	47	9077
10402	73	3555
12268	78	5988
14054	73	3685
10677	27	9507
13159	78	3447
12796	31	351
1714	31	1977
5474	73	8205
1463	73	2360
4191	40	7392
5365	73	1543
10346	73	5836
14501	31	14747
4474	73	11286
2467	78	14476
13704	73	6291
11754	73	11165
10326	73	8074
11678	47	4122
13961	73	14126
9523	73	6156
8797	73	6208
1901	78	6225
11681	73	2191
14853	78	14987
10070	78	11386
3177	78	4754
133	73	2987
13409	27	2603
12595	73	4248
6989	27	4080
8039	40	5624
2546	73	11269
3711	73	9232
5044	73	6478
12110	78	11386
12173	47	5299
8875	73	6969
14547	78	6258
7699	47	8482
3485	73	6003
4604	73	7670
10531	78	13698
1087	73	2669
14215	78	14695
987	73	6664
14541	27	10215
10849	73	9625
14208	73	11051
12538	73	7815
7830	73	6181
2099	78	10960
11188	73	5836
12080	73	2533
3393	47	2783
8097	73	3431
2085	73	773
10628	73	2777
226	73	2051
4589	47	4901
8606	78	8655
4031	78	1161
13396	27	2368
2347	73	4084
13299	73	6545
354	31	4110
12362	73	6221
14107	47	2887
86	31	7955
10428	78	8711
13966	31	7955
14093	35	2867
1524	73	4293
4242	27	14779
9335	73	9084
4582	73	5716
9424	73	9237
9897	78	7941
2643	47	3626
12606	27	7304
5455	73	8859
3993	73	4399
9240	73	7859
7214	73	3517
12037	31	4319
3776	49	9502
7528	73	10496
14070	78	1014
5004	31	4427
4283	65	4063
8683	73	11007
5885	57	13899
10360	20	2223
4488	73	2308
13308	73	7715
4973	73	2066
8230	73	5853
5197	27	4294
3712	27	5845
9683	78	2868
10804	73	7615
6590	73	9510
3172	65	931
11553	78	9188
3917	78	10903
5495	27	4482
8853	73	6186
14543	27	7593
9597	73	10160
11056	78	9592
7811	40	5014
2236	31	5823
11779	78	1437
3693	73	6507
3089	47	5091
8734	73	3105
6960	73	8470
1454	73	3612
10225	73	10667
8660	40	2558
2558	40	3627
13262	73	6573
11320	73	5848
7714	73	10963
3374	47	446
2327	73	4893
7469	73	5776
2970	73	8200
4073	69	10566
1367	73	11183
14254	27	7677
307	73	7518
8179	73	11534
14805	65	10038
217	31	1298
7878	65	5930
5407	47	585
14854	73	4050
9461	27	5742
11600	31	1977
13513	78	9093
13712	31	4110
168	73	9622
8977	78	4285
14787	73	7183
4584	27	2890
13259	73	2528
4658	73	11167
10538	47	5031
2461	27	509
13450	73	4260
4567	78	9592
79	65	6169
5275	47	8001
14978	73	14696
11956	23	599
1065	73	2901
2013	73	2138
6392	39	6075
14079	27	14009
9454	73	6966
10970	31	9995
5509	47	7048
4453	73	2769
2092	73	7376
7722	39	13973
2919	73	5971
7732	73	13803
9815	73	9581
1094	78	11473
1382	47	5031
2406	78	10954
4933	73	13847
4022	78	2078
1333	73	4058
2498	73	7736
13537	73	11334
11714	31	10013
3710	78	2268
4045	40	605
13382	73	3228
10932	73	11519
11105	73	6152
13822	27	3637
7475	47	4246
13012	31	5945
2425	73	9221
2969	47	14010
12535	31	814
8065	27	6223
1840	73	6611
12991	73	9127
438	40	9268
1179	31	7686
8729	73	9034
6867	31	7040
5469	73	9784
965	39	14767
4956	47	8382
7218	31	6148
13533	73	7662
4031	78	7038
669	27	7044
1524	78	2116
6930	40	8659
9395	73	8522
14440	47	278
5712	47	3884
8887	73	771
9250	73	6742
1301	73	813
4069	73	11269
13199	27	6671
2460	73	936
7515	73	5512
3867	73	407
6418	40	10436
14972	73	2307
13658	78	10097
13538	73	2167
13777	73	7314
13298	65	2062
1658	64	8400
502	40	9552
7108	78	2276
9890	73	3428
1246	73	2961
13065	31	4175
5622	78	9304
1579	27	8884
3284	31	2715
12894	73	5931
10826	73	11068
4972	73	14319
14775	40	442
10442	47	13685
12997	73	9214
14597	73	2274
12497	47	1271
14014	27	9883
13937	73	1419
12272	47	8444
10498	73	3302
656	73	1908
10242	73	711
14818	73	6395
2295	47	7048
7599	73	7054
2361	73	14498
3636	39	6530
12728	27	7749
9037	73	9075
12967	73	7128
899	73	3396
12510	73	11554
14023	78	7400
1004	73	10331
437	31	913
1390	73	5657
7893	73	14485
8990	73	13947
14898	78	1031
9375	27	4758
9712	73	871
12294	73	7665
1363	47	10311
10883	78	948
5361	73	5771
160	73	5895
8834	73	10953
13420	78	6383
7316	27	5647
8373	73	6726
3068	47	5879
12070	47	6205
10547	73	6138
10819	78	2934
11937	73	4392
7555	73	8959
10497	27	424
24	73	9215
9137	31	11176
2650	78	9833
12651	78	4124
12928	49	9502
14856	78	1291
12290	73	9630
9275	40	2558
7248	73	5919
8718	47	2854
3299	27	6231
8806	73	1289
8364	73	10233
9446	73	13887
1488	73	9087
12709	73	4259
1324	73	8008
12380	73	10511
2312	19	990
5702	27	4888
11494	74	10873
9390	73	13934
7551	73	4664
1327	72	6351
7812	39	1274
5391	27	7947
2842	40	8177
8350	73	14697
1800	73	6166
873	72	767
5380	78	9304
5103	27	9263
14301	65	7960
6889	27	4095
695	73	10023
8217	73	10667
2745	78	11517
11364	78	7875
1658	78	6296
1597	31	14742
7065	73	6650
11211	27	13878
9203	45	9280
6364	73	9695
117	73	10046
1659	73	3682
3326	31	14742
10830	73	6306
13201	27	7997
5570	27	2867
5572	78	3256
5339	73	5853
14558	78	3842
12053	73	7462
5347	47	4086
11718	73	6242
3891	73	3763
6812	78	1856
4645	73	1287
5511	31	4404
5396	73	6612
13800	31	9830
2399	78	11386
5182	73	6040
11000	73	6154
11498	73	7313
8931	40	3635
12980	78	9977
13282	73	5884
7332	78	2378
3973	73	8668
9390	73	14493
10884	78	3842
6045	40	5947
12544	73	2069
992	73	8442
10992	73	11171
502	40	11044
224	78	1437
5541	47	14707
11955	78	14470
885	39	8722
13946	78	9956
10734	78	9623
9448	31	10666
1663	73	8777
12031	27	11076
11105	73	3065
1520	73	439
9359	73	2109
8716	73	6273
10863	78	3213
13479	73	6683
8009	72	9210
12054	73	9576
6842	73	10581
11613	78	9977
3834	47	2667
5203	47	1760
99	73	4936
14623	73	4760
3350	73	14345
8870	73	14771
10529	27	4004
1712	73	6142
7341	73	276
4619	73	8043
10651	78	948
11155	31	4886
11672	31	5945
6896	73	6423
1578	73	10488
12390	73	8884
240	73	2712
3028	31	10243
374	73	1725
13594	25	1889
9743	27	9823
10957	73	6103
1651	27	10745
7869	78	3759
13414	47	9974
2414	65	2447
10785	73	2050
7222	31	14746
4713	65	11076
11648	31	860
1450	73	6682
10616	27	11487
13206	78	3677
8633	78	14416
13138	73	7404
14610	73	8653
12555	31	13868
5667	40	2118
10549	73	11160
4210	47	14008
3130	78	9990
806	47	10022
12843	27	5845
521	73	3342
12201	73	11334
13665	78	4638
7887	73	13886
2928	73	9651
11033	27	6223
2035	73	2770
13607	27	3361
14995	40	5064
14901	73	5786
568	73	6056
5358	27	9842
11890	31	11522
11071	72	4559
11903	78	8474
1387	47	9805
11309	73	8986
12882	78	8521
3994	73	3660
13488	73	2560
2337	73	6333
10203	73	7914
1751	27	9229
5672	27	790
11647	73	784
13646	47	8274
12311	73	14691
3081	27	14779
14036	78	433
7207	73	415
5078	78	8080
12648	31	3531
5097	27	1685
12799	73	8933
4338	73	8550
12304	73	7720
13796	27	6417
2525	31	2121
11276	31	5761
11878	47	10146
63	73	9932
683	65	1151
7847	27	9585
13819	73	13782
14421	27	4697
6841	73	5750
11492	73	4126
2553	73	10761
7185	27	4125
4272	73	7390
4941	73	549
1066	65	10040
8958	73	9509
5822	78	5782
12704	73	8057
8369	73	10184
12396	73	6084
14194	73	9807
2580	73	10490
5077	73	5829
7417	73	2694
2495	73	7876
9183	27	499
9368	27	352
12802	78	6414
764	27	11159
3731	73	11262
7836	78	3411
2414	78	14695
8993	73	10017
9141	39	4195
4203	78	10582
10930	73	7756
11816	47	2305
8308	73	4664
2703	73	9121
11975	73	2415
1519	73	10861
377	27	2150
6935	73	4986
7616	73	6324
1478	73	14248
5939	73	3504
14867	73	9054
7473	73	2133
6822	73	9797
202	73	6706
12740	31	3458
12466	73	11326
5200	78	443
2536	31	14528
12952	73	3208
4748	39	515
12378	78	8866
1442	65	4766
10218	23	9187
3893	73	3054
6291	20	4937
10137	78	7397
4229	31	9198
11671	73	14977
9267	40	7689
5912	40	2184
12769	73	3506
14161	73	1975
13106	73	10288
13383	73	587
12180	73	7695
12404	73	4371
11649	73	7086
14170	78	9717
13867	72	11346
9548	78	1155
12170	78	11173
1616	73	4988
2194	73	2117
2623	27	7947
2679	73	13843
1070	73	2120
14359	27	1167
8376	65	1797
10905	27	11177
12853	73	10627
3879	73	6627
10922	73	7639
8979	65	1476
7113	78	6286
7506	73	8777
5477	73	14287
8469	40	10102
12405	73	14749
13095	73	7817
99	73	6500
7445	31	4441
11911	73	6073
8379	73	7427
3850	73	11385
8685	73	5757
1752	31	4389
4847	47	6369
10999	73	4312
699	73	1431
3386	73	7189
12289	73	14514
9545	73	9705
4818	65	4206
10509	31	14737
12355	73	14958
3331	73	1329
3915	49	2447
1215	73	7783
9454	78	9943
1366	73	11324
2218	73	7388
8703	73	8200
13449	73	7720
4216	47	2089
2320	50	11136
7885	73	6664
13970	24	13971
493	78	10021
13757	27	4629
9349	73	13971
309	73	2371
4729	47	10115
5027	40	6274
5264	73	876
12180	27	6228
10258	23	9182
3034	78	9274
10682	39	3627
10653	73	14475
2977	73	10303
12869	78	5295
14899	65	1797
10888	73	2396
4959	72	9573
1395	73	6823
10107	73	4396
4701	73	7741
9735	73	4008
13316	78	7798
6015	72	499
4192	40	327
4266	27	7949
13388	27	8665
10206	73	6379
1319	27	414
10460	78	4867
11443	73	7621
2589	73	9420
9653	72	2755
12242	73	13887
13115	73	3208
9360	27	11124
7880	73	9420
10909	78	5736
2351	73	7628
5683	27	10373
6498	73	5898
12813	73	8934
6339	73	3439
7576	27	4759
11932	73	4904
13245	73	10006
8701	27	6387
9551	31	963
6810	40	7267
742	73	5907
1184	73	10024
3967	73	14284
10552	73	1686
9486	73	3105
3972	78	7094
9885	31	1131
12266	31	14484
5105	27	7858
11099	31	2832
8852	47	7442
398	18	399
5566	47	2826
9393	73	4725
7781	14	14276
7920	47	9599
297	73	6123
8146	78	7678
2361	73	5303
10572	73	4980
10935	73	1108
2479	27	8040
7035	14	6038
9934	13	5300
4919	73	533
8964	31	3602
13169	78	441
12918	73	5152
2234	73	6249
39	73	10192
1369	78	7058
261	73	4443
3896	73	14314
10135	73	3323
12562	73	4371
8152	73	10877
2024	73	7376
14910	78	6031
14482	40	2775
13725	73	924
249	73	1669
13334	47	7729
12542	47	7048
2649	73	7685
14844	73	7876
12398	73	10841
3306	78	1649
8784	73	1138
3505	72	9203
10673	31	8878
5679	78	4982
1995	27	4441
12342	27	5037
12857	27	10224
12118	73	5850
6763	65	10161
12161	73	4883
608	78	7984
10999	65	9725
7468	73	2714
4236	23	3626
5172	65	2899
11790	78	10903
7878	73	6020
11314	73	6712
3070	73	6783
246	73	10179
14680	65	4796
10552	47	6038
2848	10	14872
1189	78	10016
8712	78	1259
7332	65	2378
12053	27	14317
1192	27	14709
9418	78	14695
3947	27	9929
12515	73	7478
12688	31	3440
9338	78	10154
4925	48	3978
4600	73	785
5343	73	10672
3318	78	1797
7435	73	6829
8875	73	4254
9450	73	2876
76	31	4747
3807	73	9946
12887	65	10581
6418	40	14733
11616	78	13836
7858	72	813
997	78	2751
11272	73	6682
2294	27	9204
5267	65	5780
566	73	2287
9674	73	1988
12784	73	951
7861	73	2185
13470	47	10902
1460	73	2845
5052	27	486
14658	73	6050
1433	78	325
12936	73	8076
7217	73	7042
13731	73	14319
2624	73	5333
33	73	14261
8580	73	460
1607	73	5965
5462	72	9155
5597	78	10113
11707	27	4381
11609	27	14412
9492	73	4104
12198	73	1774
7544	73	6519
11941	73	13673
12378	78	2934
14692	39	2757
1212	78	9963
6951	73	4402
8377	47	495
3395	73	9629
8832	31	7190
13080	73	2814
12194	78	6983
13964	73	1761
12573	73	2322
7531	73	3460
14168	78	4349
6458	40	2184
12235	27	3623
13039	73	9231
13216	27	5649
9300	73	9041
7757	72	2867
14983	78	6363
8230	27	8459
1354	27	9211
1730	78	10757
2966	73	2987
11989	78	4496
12043	31	3001
10617	78	1850
122	27	9847
9515	73	774
142	78	4171
12801	27	10112
10342	27	452
153	73	2072
3272	78	11376
11224	73	13872
11681	73	11338
12716	73	10669
8285	73	4910
12293	78	6381
10843	31	14755
14841	73	6525
1701	78	2428
2735	73	7313
3416	40	10250
9365	73	11482
10348	73	6142
3503	27	5024
2491	64	14096
3720	73	3302
1808	73	6103
13093	73	10404
10382	73	2247
2047	27	7646
1387	31	6688
12485	73	5759
11806	73	1598
12502	65	11177
12581	73	10088
13164	73	2560
13800	73	7727
6734	73	779
5386	73	8009
4906	31	2883
13305	47	9077
9457	73	5914
14827	78	5294
11430	27	6520
11848	78	1849
4971	73	7664
528	73	10289
529	15	8543
1626	47	4086
13318	73	1134
8207	78	14353
1622	73	4443
13284	31	1410
11218	73	8843
14523	73	6040
2532	73	8384
12240	73	13853
4120	27	11512
13722	78	14244
11240	73	1758
8378	78	5666
7539	73	11005
4452	78	3330
2717	73	7303
2871	39	2847
3786	78	6438
3897	73	2856
13631	73	10018
4657	73	7466
5518	73	5312
8721	47	10775
12524	78	6048
7771	65	9875
13507	73	9629
10484	27	7997
9716	65	9157
13082	73	857
6974	39	600
8191	31	9810
10240	73	5904
6616	73	10444
2494	73	10672
2335	31	3244
7065	78	6298
1390	73	13910
42	73	9098
5080	39	14728
8392	27	3672
8136	76	2426
1384	78	4317
9751	73	6270
5404	73	8090
2340	73	10037
7159	73	14509
1913	73	11330
14589	73	6189
12418	27	4161
1516	73	5741
6920	73	5909
12286	78	6235
3920	65	2899
3152	73	4318
12645	27	728
5496	78	10566
11467	73	14319
6057	72	5759
4594	27	3441
12818	78	513
14275	47	9152
13391	73	9652
13259	73	6234
13137	73	5798
12496	73	10296
5398	73	10025
4199	73	3240
2972	73	5925
9478	24	11534
5072	31	4631
11552	73	7821
11053	73	6700
3074	72	9899
9179	73	7277
8516	73	8548
5514	78	2302
10338	31	14755
6897	27	3455
7413	73	4368
11734	73	7015
14186	27	6206
9183	73	9197
9334	73	3345
9516	27	6116
12941	73	13873
2025	73	8301
11372	73	7179
9733	39	6530
13933	78	1275
12463	73	11159
5517	78	3472
12167	78	9584
1193	78	7300
11547	78	3235
12645	73	7363
4953	73	10802
2236	73	7422
11571	73	14485
12982	73	14000
692	73	2286
13205	47	6177
10426	78	2027
9817	40	9840
11094	73	1960
12116	73	2714
10106	78	9980
10002	40	4767
9007	73	11167
5820	73	5337
14032	78	14695
7338	73	7639
5604	47	336
14651	73	4822
9755	47	13685
6222	40	2125
5514	47	4380
12555	73	5999
6555	73	1430
689	72	8104
4979	78	2868
4680	78	10746
3246	64	1901
8115	73	2272
7479	50	5948
1565	73	4408
8002	40	5215
14419	27	9836
10269	31	725
13155	73	2859
9009	73	3450
11100	27	10746
103	78	284
14127	73	13680
3770	78	14470
11801	73	14723
4969	48	2976
8892	73	6637
11845	73	7876
65	73	3952
7417	78	9262
11560	73	1543
11933	73	6166
12619	27	10748
9151	73	1716
193	31	4860
12210	27	2403
13591	40	8874
8921	21	10247
8701	73	5915
13068	78	14055
2331	31	6261
6210	40	950
12824	78	11140
9679	47	3596
13276	73	4987
11054	73	1426
5243	73	7481
2414	78	4754
1252	40	6045
13724	73	407
1247	73	5925
1120	31	11260
7514	73	7438
13134	73	14007
523	31	14737
1025	73	6389
7506	73	13843
8262	31	6322
13668	73	2051
1053	73	2046
10619	78	2097
1136	73	8104
8994	74	2172
2237	78	5854
3113	78	6611
12465	73	441
1919	27	5154
7808	40	14693
2591	78	14720
2792	73	13786
3705	73	6661
8747	73	8104
3879	31	7775
2020	27	1966
12481	27	5036
14662	47	2398
5336	73	5726
11061	27	11072
8170	73	9962
4325	72	5987
9378	15	11173
1234	47	6356
12133	73	10184
12270	73	14138
11884	73	10962
14101	27	10312
12718	27	2659
13206	27	2377
293	73	5219
13344	27	9607
11801	65	9595
10459	73	7626
14149	78	3411
691	73	11402
12695	47	5879
12920	73	9146
11431	50	14350
5783	39	7936
14889	73	4653
13502	73	14221
3657	73	727
13136	73	8057
10138	73	14039
7436	73	4559
14165	73	2381
844	73	6389
9770	73	3242
11241	73	3168
13473	65	7430
3300	27	3672
8575	27	5811
14148	73	6043
7036	27	1540
5155	73	6291
13430	73	3479
2279	40	6256
13230	78	7394
9775	14	13466
4661	73	5849
12876	73	10389
377	73	7854
10964	78	7873
71	73	2838
14592	47	7594
14223	31	7955
12258	27	11264
2757	39	9793
8488	73	4255
13224	27	14430
9767	73	7747
14217	47	9569
1323	73	7484
7345	78	4322
1364	73	9705
3521	73	14394
11291	31	1148
5437	78	3346
8602	78	2704
10317	73	10313
3123	31	14755
12445	31	1545
4447	73	330
7265	78	3544
8796	65	4698
9535	73	10752
8132	73	14574
106	73	862
12953	27	5297
6176	39	5023
10699	73	6155
6900	73	5931
1385	78	5842
4236	15	9843
10066	78	11161
5684	73	6392
3076	72	6103
11584	78	11080
14695	14	2447
766	73	6183
7853	73	747
3138	73	2298
11668	73	7302
6757	78	5651
14736	39	5062
2938	73	4563
7844	78	689
10344	73	1899
2651	73	2275
13844	73	2069
13914	78	6973
5162	73	2318
2005	73	5755
4968	73	724
1093	73	9232
14022	73	5847
1460	65	7978
4597	73	8130
6921	47	7028
11739	31	7775
5391	47	10902
10736	73	6652
112	65	4796
14813	27	4697
6476	73	7817
12196	18	6222
8243	73	530
2219	73	4819
10654	31	1293
400	73	412
12385	27	10749
11275	73	9034
1752	73	5968
7146	78	14289
14439	73	4489
5389	73	2072
5352	73	11330
286	31	7797
13570	27	2499
5529	73	9589
12961	78	1253
12395	73	5751
228	73	5751
12229	73	9097
13104	73	10490
6532	78	6385
4673	73	6291
8317	73	7695
7330	73	4822
1623	65	9978
4181	73	3555
8914	47	1688
9246	78	4439
10530	73	10391
10297	73	7303
4036	73	4504
12352	27	3203
12848	65	6083
982	73	10694
12876	27	3757
8121	31	4133
7411	73	11051
359	27	8884
12763	73	10189
14866	73	14668
9063	78	8537
12937	73	2606
10029	72	785
13848	27	7129
11234	73	10841
8208	73	1708
11562	73	2958
12306	73	9639
1802	73	6181
7180	73	14132
7233	27	7921
7577	47	11399
13572	73	9205
5495	78	8424
11587	78	6210
362	78	2078
12955	73	9946
3351	73	5653
11243	78	8300
14554	73	9880
4412	40	14750
10393	73	9084
10978	73	6544
8026	73	6379
3730	73	4050
14254	65	2899
13333	73	9017
3043	78	9843
4451	73	9517
3464	73	415
13027	73	7854
13652	47	1962
6995	78	10086
2481	78	1259
69	73	2179
14053	73	14739
10844	73	9938
14666	73	5972
283	40	7037
4918	65	10161
628	73	1989
9762	72	2769
9470	78	3441
12415	73	14292
6555	47	2149
14617	31	2300
11777	65	511
10719	31	5773
6945	73	1764
1591	27	6417
5116	73	9221
12246	27	4061
10685	31	2602
11229	78	5459
3562	73	3726
14436	73	6572
1203	74	704
10547	27	9978
904	27	5037
4928	73	9034
9184	27	6679
14278	27	9847
1515	74	10839
13575	73	2048
14422	47	6089
5357	65	5855
2001	47	3613
13963	73	14509
3987	73	5921
6808	27	8532
1105	65	11529
10218	15	6289
8389	73	1260
6737	27	14317
235	78	11507
13704	27	13669
8680	78	5861
917	27	6675
7882	73	2271
1750	73	9420
11963	78	2698
8909	31	2883
9439	65	7898
14678	73	2987
1876	78	8474
12213	73	5776
9240	73	3520
14994	39	8004
6400	73	7951
12450	73	7656
13436	73	11346
14052	47	8443
5356	78	9399
1360	73	8773
1526	73	5751
3906	73	1125
9817	40	6209
3776	78	8047
10628	15	2163
8180	73	3609
12501	47	7035
3186	73	4507
1002	73	4704
3002	73	14483
6907	73	9705
14296	73	6029
7447	73	7954
9008	73	7709
10260	73	1691
13376	27	8700
13158	27	6320
14560	73	6124
5822	73	9088
8509	47	8382
4972	73	6488
13571	73	3410
6926	40	6199
12500	73	7690
5347	73	3476
11882	73	7607
5454	27	3099
14331	78	4359
12272	73	10233
68	73	14475
1340	73	5885
3595	73	5750
10892	78	1292
10131	78	1309
217	73	3520
4824	47	9077
14950	73	6779
1072	73	1543
13152	78	2698
3384	47	336
8579	73	1691
9881	78	1773
4804	78	9934
12848	73	2816
2531	27	423
5535	47	10742
14821	73	3065
9551	73	9689
1212	78	4172
2031	73	10667
14793	47	4253
10071	73	1817
4465	73	4139
5641	78	2155
10993	73	6919
12460	73	2453
13059	73	2768
12323	27	1415
5236	73	2668
612	65	874
7144	73	6250
5373	73	2669
11350	78	9262
8386	78	2608
11220	73	6648
11393	73	9768
7841	73	6053
264	65	14317
11312	78	6408
8456	73	5796
4584	73	6145
14079	73	4991
10961	78	8669
8021	73	7404
3898	27	3232
2776	73	330
7887	78	3398
10895	78	2364
291	73	6159
10922	73	2932
13644	73	7857
2750	78	863
8951	27	6310
2497	73	13879
14093	73	10277
14233	78	10998
1667	78	5962
1967	73	6627
9680	31	6711
12123	73	14574
14882	47	2870
4565	73	5948
315	73	9307
5703	27	1979
4232	47	9217
10439	64	4666
11580	27	5037
7539	73	4409
12091	73	6291
12492	78	1168
12948	73	9055
8133	78	8529
1077	73	11330
12524	73	5909
528	27	9623
6796	78	4324
2675	43	11465
9740	47	6928
3771	73	14977
3998	49	9672
9815	47	14778
1144	78	11169
2024	73	6142
4224	47	11487
9722	73	9568
12711	73	5841
11564	73	4320
10075	78	1155
10484	73	412
1369	27	1960
6373	14	2971
2931	40	14738
3070	27	718
13903	80	13902
8279	31	6330
10631	73	533
10445	31	9830
104	73	13902
13283	78	1168
11841	73	3454
10561	73	775
11360	73	780
6822	47	1760
34	31	14011
10824	78	589
9459	73	7587
12959	73	4552
1651	73	5633
12785	73	4649
12584	47	14123
10049	73	7815
1323	78	1778
11874	73	10303
5679	78	5666
4180	78	9825
5088	27	14706
5185	27	5876
10591	73	7227
5623	40	14998
1065	73	4684
4740	73	5878
8490	73	6189
10774	78	7684
10808	73	4089
14050	73	9758
4039	73	9777
9555	73	6202
11663	73	6782
14488	40	6391
294	73	5312
3978	17	8441
2718	73	11262
3592	78	11138
14301	73	2801
1769	20	5818
1747	27	11418
8039	40	8038
3106	73	4392
1941	27	6683
10409	78	5955
3171	78	14783
11416	73	9851
12850	73	7167
5332	78	2078
67	78	6416
313	47	8274
10572	78	1767
129	73	11334
13401	73	7010
9442	73	14297
8350	47	3628
3035	73	3772
4430	73	9841
1811	27	14509
12880	27	9802
11037	73	7894
6818	73	14483
4530	73	331
8151	78	1253
10835	73	7226
9635	39	9943
2966	31	11328
6527	40	442
646	73	8439
810	73	6252
909	73	6506
12142	78	360
12758	73	6635
13613	47	3628
9586	39	14750
8407	47	7767
13013	73	4018
3758	40	4197
10771	73	6005
6945	65	14479
2971	17	10094
2786	27	320
2088	73	4154
12559	78	11376
10394	78	427
5517	31	1538
7331	65	13466
13228	27	14318
4271	73	14947
13831	73	7663
6176	39	4197
2387	73	7401
11023	31	9824
312	47	7956
8277	21	4911
5189	73	6157
6834	50	2889
12721	73	4134
11730	27	2662
294	73	13894
12742	31	14746
1213	31	14357
3045	73	8774
11601	73	14565
8481	39	5126
647	73	5919
8121	73	5770
7848	78	14124
8815	73	7617
2511	73	9196
70	73	3616
11793	73	817
9446	73	5954
1456	73	3726
1059	65	6315
12057	65	4097
14409	23	7034
7839	73	5935
7515	73	776
14632	78	8432
12235	78	14770
1343	73	591
12734	65	8700
3985	73	3479
12174	78	4114
13537	73	5774
14523	73	767
12369	27	4416
2303	40	3463
9042	72	6405
12175	73	5885
4593	78	9958
9761	73	6113
12310	78	6419
14102	78	1272
8766	27	14417
13038	73	2961
4673	21	4758
14648	78	14695
7754	73	389
4976	73	7750
2726	65	7898
6807	73	9932
10934	27	6934
7697	47	2305
3050	73	5214
3693	73	389
13080	73	6635
11545	31	14755
14956	27	2566
2041	65	6035
5476	73	6053
6575	40	13591
13838	78	3346
10996	73	6257
14074	27	7591
7445	47	1271
9673	31	14512
5203	73	6314
367	78	9108
11853	65	5015
2691	73	2714
3635	40	6176
1109	73	10313
4848	73	6069
10105	73	791
11978	73	2876
8454	47	11399
3851	39	5808
13536	47	11078
13712	27	4080
4465	73	533
12219	78	1275
4470	27	5717
295	78	10047
10809	31	6578
5827	72	1138
13131	73	6644
3140	73	3228
11785	73	3085
5197	73	2362
5452	73	2322
4345	73	7669
14097	73	1764
14875	27	6310
7839	73	2853
2231	31	1479
14914	73	6901
7253	65	7898
6570	47	3553
2016	47	3429
4280	31	5823
14949	73	9272
5613	65	10517
13618	78	92
13502	73	2066
399	31	11263
2782	78	1168
13758	73	14241
12696	27	2132
10304	65	1476
4662	73	1855
704	78	3411
13457	73	3208
2653	78	1960
13440	78	6427
11812	47	1012
5053	39	515
14677	73	7426
4551	73	406
8676	73	401
7919	31	14737
8390	27	8879
10789	73	8553
7703	73	6074
13450	27	7120
8797	65	6208
2108	73	9051
292	31	4887
4832	73	5889
13290	27	14012
5534	78	13842
14533	78	3346
5688	73	13903
3805	73	13845
11630	78	381
13732	73	6971
14250	73	8772
13511	73	8384
5285	73	5770
3890	78	5459
11879	65	4802
8388	73	1827
2062	69	14715
11056	73	7995
3316	73	319
13058	73	1289
179	73	1287
12068	27	9206
6750	65	5962
10819	73	5793
8336	73	4259
201	78	9313
11606	27	7124
399	78	4414
10927	73	14392
12965	27	2860
7444	47	9501
6547	78	3441
12551	27	4097
973	73	4975
12068	73	861
11028	78	11139
3646	31	2369
6914	73	14527
8995	73	6507
2023	27	10373
5241	73	14287
3033	73	1777
4836	73	7666
4118	78	9980
7149	78	6427
9334	73	6572
11621	73	347
7929	40	5772
4708	73	2801
14089	73	14773
14003	73	14769
5640	73	5774
12637	73	5958
10402	73	7993
755	73	9056
5217	73	734
13232	73	2695
2701	39	13591
1607	73	412
14671	47	10228
13838	73	4058
4033	78	4984
12549	47	604
8744	47	8444
3886	73	3952
210	27	10019
2237	65	448
7327	78	4870
12443	73	5827
2246	27	728
11602	73	11519
5485	78	3934
11674	15	284
10987	11	2971
647	73	14704
637	47	2887
7467	73	9196
11634	73	14066
2029	73	2877
5234	73	11385
3935	31	14768
190	73	4704
8997	78	6225
11763	47	959
79	73	8548
14587	31	2121
13572	73	7016
6190	13	1689
7883	73	6335
5588	78	6187
9775	13	13466
4025	27	4630
8805	73	2774
11792	73	7427
12361	73	6709
1888	73	4853
12352	73	3425
13589	25	8953
14135	73	10767
7462	72	11156
11850	73	5985
14059	73	10163
5447	65	8700
10609	73	5829
8272	47	9152
699	73	9596
11367	27	6383
13070	73	6651
11526	73	1788
14692	40	10245
8336	73	9596
3393	73	5941
10269	73	11174
6760	73	4687
13306	73	13808
12940	73	775
13709	73	2877
14836	78	418
11802	31	4355
13730	73	335
7693	73	1237
11831	73	598
4467	65	6282
13452	31	1414
7006	40	2274
13626	73	2380
13386	73	1737
13767	73	1780
11050	73	2453
11069	40	5979
9661	73	3516
8993	73	8412
14304	73	9652
925	25	14576
5639	73	9757
13422	73	6970
2350	73	6542
13079	65	9924
4907	40	4129
2408	47	7694
9739	73	10361
1939	27	7682
3220	40	10002
11720	47	1689
10117	73	6251
13492	73	5298
8365	78	7164
13983	47	7675
652	50	4373
2785	31	14761
13385	78	14476
14811	73	9072
7612	73	6027
4275	73	7131
1023	65	727
11374	31	7598
13236	73	14374
5542	73	1787
12514	73	4479
10459	27	9623
12728	73	4443
1843	73	3082
3565	40	8867
8137	40	4907
3724	65	4288
1030	73	2323
1213	47	14569
11560	73	4975
14164	73	8200
7242	73	9634
246	73	815
6476	47	3626
9025	73	708
13127	73	7293
10915	73	3615
7357	47	6608
13625	31	3536
4523	73	1642
1011	73	6178
4723	73	623
1549	73	9562
10479	78	7593
13289	31	4548
10044	40	4129
11047	73	4725
13573	65	10231
1476	43	10
11725	73	4387
9409	73	10057
2640	73	780
9321	31	10005
13355	73	7178
12449	73	7481
6465	73	6229
6837	31	11149
9455	40	9350
753	65	1253
6716	78	9945
3985	73	10727
8235	78	9592
