8701	24184
1255	16205
11636	27058
14740	22034
3799	19098
1726	16684
1970	16916
5864	21222
8917	24424
9708	25184
3130	18053
8579	24062
14490	29441
3545	18840
5832	21198
13634	28589
2944	17788
649	15602
802	15755
4239	19569
13109	28349
1580	19934
6586	21973
2591	17490
5996	21344
9857	25326
3868	19160
4429	19769
1676	16633
6266	19237
10395	25833
4309	19739
14901	29888
7239	22658
14017	28971
10256	25696
13604	28564
5734	21099
6407	21787
14167	29119
3239	18162
11082	26499
8813	24318
5579	20934
12388	27815
10900	26317
1874	23326
6405	21785
10973	21473
9393	24869
9299	24788
8020	23493
8155	23633
1914	16866
6435	21812
327	15283
725	15684
1017	15970
4834	20176
4617	19959
11719	27149
11236	26661
13180	18471
14409	29363
11115	26532
13221	18710
10665	26098
9749	25231
1263	16224
11367	26786
1333	16289
12903	28273
5193	20551
12658	28076
5002	20352
10508	25944
5491	20844
1887	16836
3317	18234
4402	19731
7960	23444
4265	19657
1081	16033
3394	18311
207	15168
11199	26620
6494	19448
11170	26589
12737	28163
6061	21418
13375	28441
11283	26704
2788	17652
3154	18077
6533	21910
14331	29282
2939	17783
14896	29884
10460	25899
11852	27328
1034	15987
1663	16632
6505	21884
7595	23054
6254	21614
5780	21151
2015	16961
4842	18607
10791	26216
13318	28418
8901	24408
5960	21303
12919	18029
5775	21148
3498	18794
10201	25640
13037	28325
9359	18444
201	15163
7008	22409
11878	27336
10611	26046
7098	22504
1907	16859
6464	21844
8986	24701
10964	19215
1859	16811
10648	26082
5942	21294
6202	21583
7052	22459
4179	19527
10560	25992
4488	19830
7593	23052
10111	25551
10310	29799
664	15618
1991	16937
10185	25623
4379	29012
11034	26453
7553	22989
9285	24025
10039	25492
3272	18702
429	15384
6240	21604
814	15768
4538	19883
11465	26890
134	29718
10990	26407
8548	24031
10120	25561
12951	18473
7301	22740
475	15432
13191	23159
8823	29819
2142	22703
14630	28871
4480	19825
14781	22520
3816	19114
3740	19021
13218	21724
13891	28839
8291	23770
8858	24365
4042	19387
12868	28257
1976	16922
10459	25898
11684	27108
8340	23819
870	15828
8441	23924
13096	16385
5463	20815
7471	22913
6112	21475
8536	24020
7728	23209
3896	19240
12267	27705
12856	28247
6309	21677
13888	28836
5162	20519
12352	27183
6157	21521
6382	21762
14832	29809
14383	29326
1541	16498
4916	20259
8799	24287
9860	25329
11741	27201
9308	24796
3215	18139
7030	22433
3319	18235
6958	22358
13552	28516
544	15517
12189	27628
7912	23396
6165	21532
12325	27755
2781	29136
2509	17420
5201	20546
5360	20717
11539	26959
605	15553
13629	28587
7154	22561
8089	23562
4939	20289
11051	26471
1576	16538
13381	18401
11150	26568
9564	25038
9216	24708
8518	24002
4846	20188
13653	28608
11968	28653
11998	27441
7704	23184
8600	24084
1867	16823
10899	26316
10661	26094
8800	24288
4454	19797
11792	27255
7715	23195
14519	29666
7266	22692
7083	22487
11807	27266
1345	16301
14015	28969
14132	29091
9291	24781
10074	25515
1828	16781
4199	19549
4066	19408
7563	23010
12175	27617
1933	16883
5184	18019
6886	22284
4125	19471
4131	19477
11720	27154
11379	26798
2555	17457
7286	22719
3314	18230
4288	19607
4287	19606
9135	24631
9003	24512
8364	23844
12695	28121
13455	18709
6699	22097
812	15765
13419	27568
10649	26083
14529	29485
1226	16176
3895	19239
4009	19354
10797	26221
4211	19558
7847	17988
5489	20842
2320	17243
7618	23079
1115	16070
1761	18436
2925	17887
13042	27602
553	15495
4452	19793
8706	24190
9415	24892
4578	19921
5878	21237
2846	28881
6297	22180
483	15441
14093	29050
10507	25951
13796	28752
14004	28947
4262	19624
6415	21795
14577	29546
3465	18764
11535	27226
13245	18374
1099	16052
9999	25456
11363	26782
4108	19452
13433	29200
12790	28213
9745	25221
4228	19560
11824	27288
10965	26384
2804	23031
3553	18856
10566	26000
2062	17006
10837	26265
5658	21018
12651	28067
13509	28484
13465	28464
11411	26834
13513	18696
9136	24632
9944	25401
1383	16339
3886	28048
806	15759
7785	23265
8350	23830
4466	23332
5744	21109
13816	28771
3810	19107
3386	18299
13481	27169
655	15609
181	15142
8528	24012
1691	16648
6798	22198
7863	23353
10794	26219
376	15183
11042	26462
8192	23672
2280	17209
6469	21849
1641	16598
11544	26964
14092	29049
12257	27695
484	15442
6263	21622
4349	19748
5371	20721
9779	25249
11018	26437
8863	24372
3496	19260
12223	27655
7870	23358
3582	18875
2633	17518
90	15071
7100	22506
4546	20089
671	24299
9342	24827
1468	16422
7166	22582
7924	23406
9910	25378
1028	15979
8502	23986
14696	29693
10552	25987
7463	22905
12764	28188
7279	22712
12524	27952
35	15026
12323	26259
1948	16894
14735	29729
10293	25743
7072	22477
14824	29800
14444	29396
2152	17091
10602	26036
13286	28403
9853	25323
12623	28039
11346	26763
4938	20288
10690	26121
8098	23572
8138	23612
1079	16031
14877	28002
2139	17085
11951	19165
14727	29722
9672	25145
12553	27982
1385	16340
14894	29881
8156	23634
5946	21296
13232	29145
8618	24105
6147	21511
3295	18437
551	15493
3086	17927
4563	19906
5791	21160
14893	29880
10967	26386
13194	18728
1987	16933
10962	21524
12867	28253
6801	22201
14838	29818
11908	27366
2864	17711
8650	24136
12598	28024
2747	18408
3298	18739
12313	27746
12376	27802
13023	28318
7352	22796
194	15155
9230	24719
545	15488
13473	28468
1978	16919
11529	29463
6934	22333
11229	26650
1395	16352
12289	27724
11931	27384
2312	17238
1374	16329
14310	29269
1879	16828
12406	27833
12770	28194
7042	22445
7976	17998
1952	16896
9847	25315
13334	18581
2442	17353
7505	22942
6031	21380
10107	25547
4686	20032
5381	20731
425	15380
7417	22860
11486	26912
3259	18183
836	15798
7596	23055
6036	21384
6223	21590
10065	23532
7344	22788
10274	25714
14711	29707
11284	26705
13676	28631
14068	29016
4030	19374
8919	24426
2681	17560
3201	18123
7804	23288
14203	29178
2829	17684
14415	29367
12873	28259
11161	26579
8745	24231
2808	23035
2232	17166
11738	27198
161	18606
6913	22312
7677	23146
10194	25631
3774	20268
10431	25869
4708	20051
5163	27162
4988	20338
3728	19008
5525	20880
2216	17155
5061	20423
13358	28430
10072	19703
9890	25358
2860	17709
1683	16640
10269	25709
3268	18192
7561	23008
12290	19724
14055	23080
14525	29477
5462	20814
7394	22837
433	15390
10457	25896
2880	17724
9717	25192
11763	27223
14032	28986
3382	18295
7943	23425
11770	27234
7161	22577
12722	28146
4923	21141
462	15420
6732	22131
10929	26347
14617	29590
2919	17764
12703	28129
14960	29951
5921	21276
7474	22916
9741	25218
14505	29400
5737	21102
6672	22070
10320	25759
3224	18148
6528	21906
6688	22086
11271	26692
9352	24837
9635	25109
14889	18926
10671	26104
12476	27904
1372	16327
11724	27182
9789	25255
392	15346
7784	23264
5276	20636
13437	28460
1082	16034
11973	27420
12008	27719
2164	17102
6951	22349
12670	28095
3515	18814
13997	28956
10815	26240
13196	28374
12510	27939
486	29882
10141	25580
12278	27714
4917	20260
13931	18382
2506	17417
10421	25860
4781	20117
11249	26668
1290	16249
12470	27898
1774	16728
6925	22325
1256	16206
13335	18661
12281	27717
3010	17853
1389	16346
360	15311
12363	27789
3890	19230
263	15218
7269	22699
8710	24194
13580	28541
4568	19923
13384	27084
7362	17481
14659	29365
11862	27313
14689	29685
7408	22851
7853	23344
9834	25303
2997	17839
2761	17629
13312	18429
63	15052
402	15356
10852	26279
11847	27310
10213	25652
6210	19480
10032	25487
2704	17580
4788	20124
11786	27250
7723	23204
14277	29245
340	15290
24	15016
13031	18048
11028	26447
8193	23673
4701	19167
10019	25476
3676	18956
12675	28100
2685	29861
6276	21642
13269	18998
13506	21144
8554	24037
5872	21231
9247	24739
6633	22035
1820	16775
2725	17600
14254	29523
3149	18071
10374	25812
4656	29151
3202	18124
4653	19990
1743	16700
1608	16566
6555	21934
13374	28440
3857	19154
4444	19780
4296	28884
11519	26941
9115	24611
3550	18859
14996	29985
4397	29822
9799	25265
6924	22323
5382	20732
1159	16126
3103	17944
10704	26132
5289	26215
8913	24420
7432	22876
7643	23111
2279	17208
2820	23042
1198	16152
6399	21779
712	15669
5937	21290
4894	20238
7719	23200
977	15927
12862	28250
5634	20992
9886	25354
12249	27689
36	18610
130	15110
13360	18405
10056	25509
4084	19426
817	15772
8365	23845
3431	18533
12540	27971
7879	23367
4721	15906
8978	24496
10532	25970
4601	19945
12690	28116
5173	20530
13340	28425
10938	26358
2213	17152
14298	29260
12322	26260
7649	23117
8937	24446
176	15137
6638	21722
4530	19875
14479	23093
3255	18179
8527	24011
4873	20209
4137	20026
13034	17975
12929	18588
1184	16138
2240	17174
74	26971
10703	26355
5566	20920
4953	17124
13290	18659
2990	17834
9587	25059
8097	23571
10002	25459
525	15473
788	15741
10718	26146
13486	18319
12639	28057
3607	26993
3779	19074
2419	17330
12349	27542
7777	23258
13157	21449
811	15764
7897	23383
5423	20780
1455	16409
6596	21983
14212	29503
7168	22584
3381	18294
10478	25916
4567	19910
7260	22687
10053	25506
4219	22029
2878	23727
6293	21663
9069	24576
8179	23660
873	15831
1072	16024
3916	19261
3457	18561
1920	16872
6211	21571
11155	26573
2008	16953
9071	24578
9896	25364
2059	17003
4606	19949
1161	16112
3402	18500
14311	29270
6792	22192
12539	27970
9807	25275
14034	28988
13959	28941
3424	18521
7340	22785
9588	25060
698	16433
13564	28524
7064	22469
8274	23753
5639	20998
4892	20236
7139	22544
3342	18258
12834	15280
13875	19701
10865	26292
507	15556
2847	28882
3139	18060
7542	22697
1717	19575
7015	22416
13389	18724
5449	20803
3485	18784
3232	18155
13765	28722
12000	27444
9268	24759
6989	22388
5623	20981
10134	25575
9310	24798
4135	19489
14411	29364
14887	29875
11295	26716
9578	25048
14651	29651
3792	19088
4205	19637
14497	29459
8761	24243
14260	29229
9529	25009
3952	19299
9864	25332
9448	24972
5768	21136
6018	21365
6574	21958
1253	16203
2582	17482
1884	16833
10650	26084
7040	22443
13945	28891
757	15716
12615	28035
9122	24617
5613	21000
14850	29832
11671	27095
4508	19849
6230	21596
14969	29959
674	15629
12190	27629
11175	26595
12554	27983
14335	29286
12196	28090
829	15784
2012	16957
12763	28187
14077	29035
6028	21374
14433	29387
6271	21629
3776	19069
9016	24511
2958	17801
7446	22888
9757	25239
2327	17248
14353	29301
14074	29025
14574	29543
7633	23101
12154	27599
9015	24526
13342	18420
13044	18600
9194	24685
7111	22515
7403	22846
4318	19647
12716	28139
232	15189
3828	19133
12505	27934
8083	23556
13507	18623
3864	21942
12597	28023
9756	25238
1528	16485
200	15162
3450	18543
5553	25317
13311	29290
5126	20485
6354	21733
3942	19288
8285	23764
12694	28120
4115	19459
10369	25807
10027	25483
14756	29747
625	15583
6632	22018
819	15774
5279	20030
8251	23728
6990	22389
12126	27574
13826	28781
10380	25818
14240	29215
3530	17721
2709	17584
2229	15044
6104	21463
3336	18251
14432	29386
2560	17460
1946	16904
5877	21236
10251	25691
10219	25658
9369	24850
701	15658
14742	29734
2106	17187
2909	17755
8136	23610
3558	18858
14119	29081
12661	28079
2019	16965
1768	16722
14226	29199
13367	28436
4758	20088
2916	17761
13372	18735
13458	28463
5387	20736
7651	23119
9221	27148
6840	22238
3594	18885
11558	29331
13322	21405
13541	28504
7809	23292
9790	24272
4909	20254
11441	26867
11822	27286
12311	27744
8616	24103
4561	19904
10090	25532
9024	24449
135	20533
14469	29423
9466	24950
8288	23767
620	15577
13979	28914
8240	25224
10066	25511
11315	26856
3129	18052
6310	21678
1837	16790
14805	29776
11620	27040
8198	23679
11721	27157
5487	20840
13296	18493
10887	26802
7810	19189
9775	18262
7300	22739
3204	18126
5606	20962
4690	20037
5845	21023
11591	27011
2495	17406
9716	25191
3600	18891
8264	23742
7761	18677
11512	23196
10637	26072
9667	25135
4762	20096
13814	28769
1046	15998
4718	20061
4615	19957
13214	17993
14559	29527
13983	28918
993	15943
3116	17956
14211	29184
14232	29504
13171	28366
78	15100
4197	19548
12876	18613
8159	23637
12751	28174
2838	21292
8289	23768
9476	24958
10781	26204
13021	28316
8461	23945
5155	20511
8008	23483
7425	22868
8420	23902
1935	21026
2484	17395
2651	17536
8158	23636
7184	22598
12956	28292
11290	26710
12971	28296
4374	19699
10621	26056
11630	27051
14348	27012
1145	21426
7208	22623
2021	16966
12268	27706
520	15469
11690	27114
6759	22157
1482	16437
1141	16097
8953	24471
9568	25040
14255	29225
11680	27103
7123	22527
13764	28721
7415	22858
10203	25642
4513	19854
11241	26843
14061	29142
4657	19993
9612	25085
5669	21036
8244	23720
3510	18809
742	15701
9497	24977
13175	17974
108	15094
6976	22376
3315	18231
10724	26152
2255	22774
8698	24181
1219	16170
13695	28647
255	15210
5559	20914
10453	25892
10282	25723
2222	17160
10109	25549
14436	29388
1601	16560
13647	28602
6037	21385
5161	20518
4808	20144
1589	16551
10261	25702
13268	28396
9518	24999
13006	18303
11533	27224
1610	16568
5434	20788
10981	26396
8394	23874
12798	28220
2673	17555
13887	28834
14064	20272
139	19166
14822	29797
1106	16059
5326	20683
1922	16874
7622	27461
2187	17125
6244	21606
8243	23719
5952	21338
10404	25842
10978	29817
740	15699
10108	25548
9563	25036
3074	17917
7695	23165
5534	20888
3043	17885
906	15862
14723	29720
3763	19059
13559	15021
5425	20781
14300	29261
3063	17906
7523	22964
1363	16319
14181	29134
6711	22109
11909	27367
10909	26325
7037	22440
10479	21336
1410	16365
6845	22243
9066	24573
2090	17047
11444	26868
5994	21343
6474	21854
12735	28161
8726	24211
14632	29628
14569	29537
643	23628
9123	24618
1244	16193
8968	24486
1430	16386
7256	22677
7687	21050
14532	29482
14114	29079
5763	21127
8608	24095
14141	29348
9605	25078
12715	28138
12367	27793
14208	29210
2858	17704
12861	28249
13988	28923
7871	23359
12187	27626
4987	20337
4256	19585
10405	25843
7668	23137
3379	18292
4399	19722
13520	28486
3699	18980
8054	23525
2231	17165
10287	25727
8281	23760
14544	29510
7274	22707
3514	18813
3211	18134
1533	16490
13569	28530
14813	29787
2322	17244
12983	17970
10987	26403
9780	25250
12697	28123
11863	27321
6803	22203
986	15937
2363	17278
5840	21207
13795	28751
3586	18877
12840	28241
11019	26438
6313	21682
2833	18660
5325	20682
13173	18404
4934	20280
8033	23505
9555	20967
10306	25746
8341	23820
1472	16427
5359	20751
13711	28665
10015	25472
13246	17516
9407	24885
10314	25751
411	15366
9006	24516
12332	27762
11885	27342
7700	23180
7632	23100
79	15058
12083	27529
1065	16018
11978	27425
11810	27270
7820	23297
7598	23057
493	15451
9905	25373
14947	29932
11128	16967
7833	23310
3096	17936
3053	17896
8980	24498
6270	21628
5293	20652
4883	20226
6046	18652
3148	18070
2379	17293
1120	16073
4591	19936
3979	29771
7270	22702
9851	25321
2395	17309
2525	24705
1276	16240
9138	24634
4064	19406
2202	17140
2035	16981
1733	16691
10240	25680
8830	24335
10060	25512
4165	19512
14118	29335
5192	20550
8056	23527
93	15074
9872	25339
2146	28333
13199	18732
10678	26111
11581	27001
2149	18352
11604	27024
3219	18143
600	15547
14610	29583
7240	22659
929	15884
11159	26577
1944	16891
7209	22624
9839	25307
5876	21235
8124	23598
14053	29121
5313	20671
14679	29677
12485	27914
11244	26664
5065	20430
3113	17953
2703	17579
6808	22208
7204	22619
5860	21220
5923	21281
12380	27807
2126	17077
941	15895
4974	20322
6174	21540
7921	23403
3111	17951
1704	16664
163	19199
9858	25327
7931	19653
4544	19888
13174	18403
4087	19430
1447	16400
3003	17846
10218	25707
920	15875
10895	26312
13307	28415
12395	27823
1048	16000
639	15595
11432	26859
10934	26353
8974	24492
13426	18423
2095	17053
13450	28236
4733	20071
138	19197
6763	22162
12159	26957
9470	24954
6734	22133
11926	19683
10773	17992
3153	18076
4005	19350
14230	29207
485	15443
178	15139
8335	23814
13409	18674
10113	25554
11058	26478
8151	23629
11151	26569
8868	24377
6267	21625
11266	26687
6365	21745
8999	24307
12827	18566
1719	16652
8806	24292
14197	29172
11112	26529
12372	27798
4069	19411
6814	16681
1352	16307
12383	27810
13080	20629
7314	22757
2438	17349
4105	19449
2381	17296
12400	27827
746	15705
11483	26909
1615	16573
7740	23222
8571	24054
5700	21066
10917	26335
14305	29266
12239	27677
4890	20233
11835	27298
10305	25745
2776	17644
4756	20158
215	25076
1202	16156
4968	20314
6953	22351
12759	28183
9233	24723
4688	20034
11945	29973
2133	17088
5477	20828
2965	17808
11698	27122
6855	22253
13254	28388
14793	22572
8007	25780
7265	22686
1728	16686
2486	17397
11070	26488
9923	21522
14600	29573
887	15844
11692	27118
14180	29133
10004	25460
1074	16026
9137	24633
3352	18268
10848	26275
9548	25024
11672	23168
13715	28670
14343	29078
4874	20210
3757	19051
4434	19774
11245	26665
14900	29887
9192	24683
14904	29891
2299	17225
13085	28343
6777	22176
6812	22211
6602	21989
3884	19233
10335	25773
9763	18737
12474	27902
6636	22038
2350	17268
1000	15950
982	15933
5259	20616
14736	29730
12804	28226
8887	24394
12411	27839
6570	21954
616	15573
5460	20812
13725	28680
4928	20274
12408	27836
2169	17107
12784	28207
11467	26892
5205	20559
3540	18835
5274	20634
8076	23549
5879	21238
1518	16474
4329	19654
8107	23579
8211	23690
5751	21116
257	15212
6001	21347
7119	22523
10565	25999
10672	26105
4155	19502
9484	24965
14891	29023
11571	26992
7775	23256
1522	16479
2145	29033
4357	27141
596	15555
12841	20907
11269	26690
4495	19837
10587	26022
14797	22573
11048	26468
680	18741
9113	24609
3853	19151
1549	16505
14441	29393
11700	27123
4897	21729
8218	23697
5	29999
14333	29284
11095	26512
11117	26534
7708	23188
14663	29663
13238	18698
8117	23588
10315	25752
13488	28476
7582	23039
13466	21416
1154	16109
12635	28052
4322	23038
10500	25937
2942	17785
13170	18362
4732	20070
10301	25734
4420	19759
10302	25735
277	15233
11900	27333
11891	27349
11239	26659
5135	20493
2259	17189
14088	29045
723	15538
1895	16847
2943	25529
7792	23273
8229	19172
4504	19845
12806	28228
11166	26585
2639	17523
4213	22021
14229	29206
8057	23528
6843	22240
13152	18328
10217	25655
416	15371
9772	25245
14882	29870
13156	18490
5570	20924
12450	27878
5586	20942
1957	16901
6039	21387
3703	18986
13774	28731
11848	27311
6736	22135
10761	26188
3123	17963
12116	27562
5040	20404
3481	18780
7134	22539
1950	16895
6150	21514
943	15897
10504	25940
8775	26401
2656	17541
4233	19566
1492	16449
3200	18195
12768	28192
14695	29692
8023	23495
7526	22967
13348	18443
10839	26267
9093	23676
4166	19513
6456	21835
1573	16530
8439	23922
14350	29299
14044	28997
4850	20192
7682	23151
11921	18744
4749	20081
13648	28603
12791	28214
8680	24164
14159	29112
6879	22277
13975	29862
6790	22190
8614	24100
3662	18943
888	15845
11769	27233
13261	24349
1478	16434
10798	26222
4075	19417
1841	16794
2567	17467
7861	23352
11511	26931
8258	23737
9980	25438
1032	15985
2627	17511
6325	21693
7982	23464
10081	25522
6409	21789
9350	24835
718	15675
7031	22434
3531	19366
9473	24957
11892	27354
6488	21868
2185	17122
3333	18248
12981	21145
7470	22912
11258	26679
5605	20961
11349	26766
2737	17610
14389	29334
3513	18812
13923	16293
5809	21134
13595	28556
2017	16963
8595	24079
3429	18531
6444	21823
1062	16015
3237	18160
9852	25322
11789	27252
4274	15385
7125	22529
4442	19783
9842	25309
8096	23570
3943	19289
2396	15537
12938	28285
14278	29246
1390	16347
3206	18128
13405	18479
593	15562
6857	22256
9368	20181
4129	19475
5564	20918
9090	24589
8328	23806
1347	16303
10688	19614
7499	22940
14718	29714
10535	15089
4192	19542
309	15266
12455	27883
13499	18754
5893	21251
3055	17898
13212	28380
2024	16970
8943	24461
5930	21646
12594	28020
14558	29526
8521	24005
9030	24538
727	15686
6892	22290
885	15841
5912	21266
13016	19186
1225	16175
2806	23033
1360	16316
2236	17170
8564	24047
5165	20521
8247	23723
1911	16863
2831	17686
11415	26838
9229	24718
10345	25784
2212	17151
5839	21206
9388	24866
10205	25639
3592	18883
8442	23925
6215	21574
852	15794
5351	20708
3363	18279
5388	20737
9643	25122
5805	21174
7186	22600
6116	21481
10869	26296
11541	26961
8631	24118
9784	26328
7500	22935
5336	20693
13139	18476
5678	18354
12632	28049
6795	22195
10204	25644
9485	15088
13801	28757
4150	19497
9391	24867
12709	25755
2893	17738
1792	16743
13161	21472
3891	19234
8959	24476
8448	23931
7437	17305
11669	19679
9503	24984
3652	18938
5213	20568
10495	25933
13512	18603
6096	21455
1642	16599
9918	29146
9186	24677
2313	18679
5202	20557
3005	17848
14964	29954
1388	16343
1409	16364
4523	19865
1947	16893
13404	27155
9379	24860
11384	26804
9909	25377
4141	19491
13824	28779
1503	16457
6891	22289
4110	19454
6762	22161
13456	18327
6541	21920
7495	22933
8836	24339
11314	26737
14821	29796
10896	21433
11404	26826
2565	17465
4905	20248
14266	29235
7925	23409
8175	23656
8085	23558
3177	18100
8757	24254
564	15512
9679	25152
10760	26187
11272	26693
4946	18808
260	15215
5834	21200
1002	15952
11773	27237
8222	23701
635	15592
5189	20547
5527	20882
3081	17922
6612	22000
519	15468
7653	23121
3904	19248
13143	28358
5989	21331
8558	24041
4234	19210
6811	27489
14081	28471
1075	16027
7729	23210
11	15003
6076	21434
14242	29505
8669	24154
11181	26600
7782	23284
12769	28193
5811	21179
5897	29005
4242	19572
12235	27671
12113	27559
3626	18910
6522	21900
10331	25771
8658	24143
914	15869
3633	18919
10095	20097
6241	21633
7726	23207
2762	17630
13297	28410
12832	18568
6696	22094
8551	24034
3573	18867
9439	24926
14555	29521
10612	26047
7904	23390
13631	28588
7054	22461
12269	27707
11334	26750
5725	21090
2598	17013
12102	27546
381	15330
13123	18047
3840	19137
7079	22483
2390	29288
226	15333
9027	24535
7261	22688
101	15085
4396	19720
3827	19124
14691	29687
4651	24368
11130	26546
662	15616
1767	16723
2270	17199
14299	29262
9859	25328
13642	28597
6525	21903
3646	18932
9615	25089
5013	20363
5019	20368
3520	18819
10719	26147
3716	19736
8223	23703
4416	19754
3383	18296
103	15087
4678	20015
11993	27436
9817	25284
4037	19382
1674	16626
5547	20901
3007	17850
14934	29918
14694	29691
13740	28695
4107	19451
1640	16597
5022	20371
4945	20295
2660	23078
14834	29811
3367	19029
6004	21350
11305	26718
6713	22111
33	20050
11234	26655
8664	24149
13001	18435
4182	19534
3745	19031
7442	22883
13505	18332
6982	22382
9509	24990
2716	17590
12910	28276
4201	19550
5603	20959
7891	23377
12028	27471
10598	26034
8371	23850
12514	27943
1958	16902
10098	25537
6538	21916
8103	23576
1366	16322
2876	17719
13792	28748
13022	28317
9761	25230
6737	22136
3060	17903
2243	19808
3340	18255
9118	24614
9269	24741
11826	27273
7683	23152
11188	26608
6083	21444
5918	21272
10446	25885
5903	21256
8478	23962
3696	18981
4669	20006
14204	29180
5436	20790
14187	29160
6521	21899
1791	16742
11397	26818
12641	27107
14358	29617
2117	17068
12646	28063
12899	16621
5632	20990
13283	18039
2206	17145
13655	28610
6508	21887
6901	22300
7039	22442
4220	22019
13990	28925
1423	16378
239	15195
4208	19555
11615	27035
4099	19442
9816	25283
11853	27554
7086	22491
1614	16572
2271	17200
6690	22088
11233	26654
6015	21359
6042	21388
13162	23619
5269	20627
1147	16102
11366	26785
6695	22093
4971	20318
9752	25233
4677	20014
10707	26135
2291	17219
12563	27998
1846	16800
2541	18715
12566	27995
12334	27763
7069	22474
13591	28552
4210	19557
11510	16476
3928	19273
7502	22938
3023	17865
5849	21213
9021	24531
25	15017
1939	16886
14039	28992
8816	24321
12945	29490
8715	24199
12580	28007
7835	23313
14755	29746
11966	27414
1926	16878
14545	29511
8677	24204
10275	20333
12375	27801
6979	22379
6943	22342
3576	29814
12706	28131
1322	16280
5933	21285
5465	20817
14899	29886
3599	18890
5955	21300
3228	18152
12507	27936
3248	18171
8062	23534
1762	21059
5428	20784
14724	21943
3151	18074
280	15236
14001	28960
5651	21011
14789	22570
12786	28209
5769	21137
13909	28857
14622	29598
13876	16234
4417	19755
1144	16100
14937	29921
6828	22226
980	15931
971	15923
11904	27362
4300	18807
13877	28827
5692	21056
532	15480
14819	29794
6154	21519
6698	22096
5261	20618
2777	17645
9164	24656
10499	25936
5881	21240
8828	24333
4542	19886
8522	24006
2760	17628
4142	19493
14761	19043
12347	27775
12679	28103
49	15041
9218	24710
14268	29237
3026	17868
8803	24291
2665	17546
2505	17416
12318	27751
11949	27398
1311	16270
7985	23467
7099	22505
8300	23779
4390	29641
14943	29928
8337	23816
11498	26922
6662	22061
14856	29837
9103	24601
706	15663
14194	29169
14431	29384
11946	27395
3253	18177
2039	16984
14953	29944
7825	23301
413	15368
12662	28080
4023	26237
9538	25016
14721	29717
9976	29863
7606	23065
13493	24303
11210	26632
13054	18602
2959	17802
1877	16827
14058	29011
9081	24451
4261	19649
7570	23020
9278	24770
11143	26560
6138	21503
8060	23531
7564	23011
7667	23134
5256	20612
8458	23941
5215	20570
6480	21860
5838	21205
14661	29661
1015	15965
10814	22995
12788	28211
14297	29259
13317	17971
8950	24468
3087	17928
11504	19565
5352	20709
14478	29429
12629	28045
2063	17007
7231	22650
10183	25621
14540	27276
11527	26951
12359	27785
12727	28154
1060	16012
11682	27105
2574	17474
8148	23626
6593	21980
9196	24688
13889	28837
10575	19673
5648	21009
12350	22981
13248	18378
4111	19455
8133	23607
3663	29456
2361	17276
5200	20556
9849	25318
3563	18854
10735	26157
12472	27899
4139	20023
14633	29629
7062	22121
1904	16856
9491	24971
9225	24715
1538	16495
3173	18096
14127	29088
9683	25161
3638	18924
14131	29090
8127	23601
10947	26367
5125	20484
12506	27935
7001	22402
8234	19192
13440	18442
4221	22022
14959	29950
235	15191
1540	16497
3275	18200
10721	26149
8791	24281
10190	25633
6334	21703
8633	24121
7591	23050
11619	27039
6340	21708
10106	25545
9648	24923
7173	22588
9987	25442
14366	29309
2688	17567
10607	26042
13099	20713
4519	19861
10339	25777
12534	27964
13504	18334
2852	17699
4757	20087
1254	16204
13806	15984
5318	20677
10600	16231
3788	19084
7071	22476
9990	25447
12219	20270
1162	16113
5710	21076
8027	23499
10215	25654
291	15247
13707	28662
10333	25772
9457	24941
14647	29647
7975	23458
12621	28037
1981	16926
7182	22596
11969	27416
7424	22867
5706	21072
13688	28640
9770	25243
1125	16080
4812	20147
11827	27290
3357	18266
1745	16702
2879	17723
10017	25474
11196	26616
12978	28300
8409	23890
14012	28966
328	18700
6605	21992
5392	20745
515	15466
13351	18736
13527	28492
8131	23605
7824	16840
3831	19136
13693	28645
932	15886
66	15061
14261	29230
9447	24932
6124	21488
6718	22116
1164	16114
3463	18762
14359	29613
6566	21949
12461	27889
8174	23655
10470	25909
10811	26235
2712	26213
6087	27185
12403	27830
5441	20794
5083	20447
11791	27254
12074	27520
2003	16949
10740	26166
3722	19005
10480	25917
12020	27463
9474	18023
8736	24221
6671	22069
10273	25713
534	15482
554	15500
3456	18560
9373	24854
14375	29318
13577	28538
702	29997
8795	24283
7282	22715
2932	17776
7193	22608
12054	27502
10604	26038
6107	21466
9274	24763
11431	26858
13872	28825
11066	26485
2825	17682
14626	29602
7911	23394
11590	27010
6942	22341
11139	26556
2799	17665
208	19591
5568	20922
7377	22819
4574	19917
5758	21122
2929	17773
13943	28890
7944	23426
348	15298
3107	17948
3738	19019
14042	15641
13607	28567
8190	23670
9506	24916
4410	19745
11152	26570
506	15551
4195	19545
2794	17658
13662	28618
755	15714
1135	16091
446	15404
645	15600
11599	27020
12340	27769
6797	22197
371	15320
6344	21712
6754	22153
12756	28179
7755	19228
3408	18506
10469	25908
8333	23811
10768	26195
9820	25288
1653	16609
1928	16880
13382	22693
11074	26492
13013	18433
2102	17058
1239	16189
13856	28809
3479	18778
3198	18121
3436	18537
2057	17001
2969	17812
3766	19062
7626	23097
4795	20131
2953	17796
12814	20024
5743	21108
9871	25338
5014	20364
4559	19902
10491	25928
11766	18482
11578	26999
13739	28694
4432	19772
3547	18841
4598	19943
7146	22552
5800	19177
14416	29369
11435	26861
6108	21467
116	15103
12017	17981
6810	22210
5985	21328
1376	16332
14885	29873
8877	24386
11774	27238
14446	29406
12835	15363
2657	17542
5561	20916
5846	21024
9051	24558
10245	25684
13418	28450
4942	20292
14669	29668
14783	29784
4119	19464
5448	20802
11300	26720
2816	17021
4183	19533
1249	16200
12550	27979
1834	16787
11584	27004
13920	28867
2970	17814
10229	25669
8738	24223
11168	26587
11226	26647
451	15409
2339	18368
7973	23455
11169	26588
1394	16351
337	15288
6893	22291
1953	16897
13690	28642
7297	22735
12736	28162
2899	17745
5314	20672
6697	22095
2490	17401
12487	27916
7418	22861
12659	28077
3170	18093
9570	25042
14089	29046
8100	23574
13970	29008
482	15440
11737	27197
7503	22939
13347	28428
12166	27611
7615	23075
7197	22612
13165	18629
782	29998
11842	27304
12295	27729
4191	19540
11659	27082
12068	27514
12260	27700
11547	26967
10961	21527
9911	29972
9095	24593
6547	21926
9204	24694
12209	27643
8295	23774
2605	17030
8152	23630
14031	28984
4582	19925
6283	21654
10105	25543
13797	28753
5842	21209
5766	21131
13899	18411
8213	23692
2308	17235
7961	23445
9340	24826
5414	20769
2328	22731
10409	25847
10823	26247
4276	16105
1855	16807
5129	20488
10326	25765
3072	17914
3863	19158
3	15001
5300	20659
14378	29321
9791	25256
13468	18758
6611	21999
9639	25118
10783	26206
5310	20669
8924	24431
2736	17609
2529	17436
457	15414
13935	18385
3919	19264
747	15706
8874	24383
1308	16265
13097	20712
538	15483
11256	26677
3878	19221
9895	25363
12962	18467
14847	29826
6761	22160
3996	19340
13820	28775
13446	18456
11285	26707
3616	18899
3135	18058
9394	24870
7488	23082
6350	21718
6838	22236
7046	22449
6043	21391
13402	27390
11492	26918
6432	21811
9678	25151
7997	23477
1302	16259
7588	23047
940	15894
7878	23366
1417	16372
14733	29727
7074	22479
11203	26625
5857	21219
3711	18997
10538	25974
11098	26515
7304	22743
11075	26493
10351	25790
587	15552
2253	17186
6851	22249
4	29993
1759	16715
6870	22268
4209	19556
14993	29982
9611	25084
11594	27015
11635	27056
7281	22714
8849	24356
7160	22635
10853	26280
3325	18240
2964	17807
4339	19668
14450	29407
10558	25995
6436	21815
14291	29327
10579	26013
11023	26442
12426	27855
3902	19246
1851	16803
8451	23934
5656	21017
13305	28414
9597	25069
5947	21337
7232	22653
8908	24415
582	15464
6426	21805
8488	23972
13114	29205
9636	25115
4516	19856
13522	28488
1238	16188
953	15904
10513	25949
8280	23759
13810	28764
7075	22480
13030	16214
4091	19434
13987	28922
2129	18634
7922	23404
2368	17282
8711	24195
3512	18811
347	15297
1031	15983
13491	28478
6335	21680
5870	21229
1565	16522
12423	27852
14355	29303
2111	17064
3244	18167
12409	27837
5794	21164
1985	16929
5308	20667
4102	19445
11142	26559
8676	24161
2859	17706
7138	22543
5558	20913
8067	23541
10353	25792
3941	19287
3692	18976
9720	25196
3981	19325
8909	24416
8343	23822
4817	20151
7378	22820
13933	28877
2325	22728
13713	28667
946	15900
3142	18063
7583	23040
9868	25336
6617	22005
7028	22431
12098	27543
14386	29330
3046	17889
3701	18984
7345	22789
2261	22763
14645	29645
6144	21507
9928	25388
4680	20017
9222	24712
14521	29474
143	15115
8196	23677
992	15942
4394	19718
3501	18797
10477	25915
9964	25424
2629	18593
3430	18532
7736	23218
2996	17838
3801	19100
10523	25962
6567	21950
12392	27819
3499	18795
3518	18817
8242	23718
6575	21959
8225	23705
14460	29417
6339	21707
14743	29735
5229	20586
7229	22647
756	15715
11748	27207
13557	17994
9971	25431
5938	21291
12613	28033
6501	21880
8584	24067
6337	21705
14170	29124
5249	20605
8408	23889
13048	18031
1045	15997
2044	19616
13092	18462
11332	26748
6647	22047
1760	16716
11140	26557
3380	18293
2233	17167
1407	16362
10519	25957
5456	27184
5123	20475
9545	25021
2993	17787
11550	26970
4573	19916
4071	19413
14774	29761
9315	24803
6140	22255
10482	25919
4979	20326
6599	21986
3033	17875
11755	27215
3143	18065
13087	18394
10702	26130
10729	26160
10867	26293
12994	28308
3222	18146
14295	29257
5415	20770
237	15193
1527	16484
6677	22075
9585	25057
7295	22733
10214	25653
3265	18189
5179	20538
12952	17427
195	15157
11609	27029
4903	20244
9455	24939
963	15917
11386	26807
601	15559
11364	26783
7581	23037
6471	21851
7580	23030
3596	18887
12170	27613
2436	17347
11446	26872
4446	19786
2269	17198
1544	16500
14849	29831
10660	26093
7188	22602
14644	29644
4754	20086
5035	20386
69	15068
7987	23469
8685	24169
10425	25864
9130	24625
4663	20000
3230	18153
6545	21924
6355	21734
1177	16132
7435	22879
466	15424
8407	23888
9074	24581
14746	29738
6802	22202
3433	18534
4368	27778
3998	19342
14674	29673
12354	27779
2034	16980
14315	29625
2251	17184
2089	17045
1234	16183
2754	17623
3051	17894
4085	19427
8651	24137
8356	23836
14693	29690
12878	23247
14581	29550
7496	22934
5544	20898
6937	22336
7225	22643
9217	24709
8550	24033
6246	21607
3636	18922
12056	29455
12244	17598
14129	29089
11689	27113
9271	24761
13550	28514
6721	22119
6935	22334
6184	21550
1744	16701
8851	24358
7324	22771
14730	29724
14027	28981
1446	16399
3749	19038
311	15267
9537	25012
6360	21738
5277	20637
7421	22864
3656	18939
1285	20861
10975	26391
1030	15982
11994	27437
3194	18117
4122	19468
83	15060
2305	17232
2311	17237
13848	28800
11872	27326
8945	24463
11783	27247
1438	16393
1617	16575
3643	18707
14364	29307
2154	22873
7983	23465
2029	16975
5594	20949
8444	23927
187	15149
995	15945
7216	22632
5802	21171
7410	22853
6222	21589
9108	24606
10255	25695
5607	20963
12511	27941
434	15391
2128	22685
23	15015
11202	26622
7776	23257
9389	24310
13128	22827
7127	22531
8526	24010
503	15545
9173	24673
4438	19778
10647	26081
3714	19000
12124	27571
1847	26052
1071	16023
528	15475
12896	28268
6068	21427
9450	24934
13529	28494
828	15783
393	15347
14916	19091
1872	16818
1104	16057
5412	15536
13395	16535
6581	21968
9702	25177
5807	21175
117	15104
10593	26029
7459	22901
5099	20460
5645	21006
4750	20082
840	15799
5329	20686
8207	23686
8388	23868
8926	24434
3407	18505
11806	27265
7642	23110
1908	16860
5886	21245
14259	29228
13636	28591
13154	17991
11860	27314
2317	17241
126	20285
8808	24296
10043	25496
11185	26604
647	19594
6622	22010
14979	29967
14457	29415
2862	17708
11436	26862
14794	22574
4171	19518
12308	27741
13449	29868
7227	22645
13702	28656
363	15313
8744	24229
4951	20298
7999	23479
5670	26028
2402	17314
6123	21487
5749	21114
7009	22410
8740	24224
10280	25720
12143	27590
13651	28606
10051	25503
1317	16273
5199	21502
10871	26295
3615	18898
3264	18188
4094	19437
6190	21558
3406	18504
9623	25097
7289	22722
8379	23859
5957	29252
1596	16554
3409	27308
13583	28544
9202	20515
3372	18285
2453	17364
5804	21173
6584	21971
12921	28281
13258	24767
2908	17754
8743	24228
5767	21135
1557	16513
6888	22286
3521	18820
7814	23304
4823	20157
14576	29545
10166	25605
8557	24040
5583	20938
9106	24604
13451	28529
7895	23381
12128	27576
7180	22594
12712	28135
10442	25881
12640	28058
8755	24240
13260	28392
3702	18985
728	15687
9571	25043
4078	19420
9561	25015
2048	16992
9029	24537
9797	25262
2450	17361
10984	26399
7370	22812
13185	28371
9676	25149
3924	19269
3189	18112
10581	26015
1647	16604
12329	27759
14732	29726
14084	29041
925	15880
12481	27909
7148	22537
11569	26987
1123	16078
9238	24721
743	15702
2676	25182
7082	22486
8438	23921
6780	22179
8249	23725
2316	17240
6806	22206
6860	22259
10501	25938
9297	24786
2512	17422
10795	26220
10727	26155
6984	22384
14467	29421
7038	22441
2256	18636
13728	28683
1211	15067
4178	19526
8883	24392
1909	16861
14787	22576
12229	27665
10524	18222
7850	23341
6649	22049
6369	21749
7950	23432
654	15608
3922	17976
3705	18991
11037	26456
3419	18516
14607	29581
7102	22508
777	15734
13262	28393
7808	18612
7918	23395
10595	26031
14768	29754
12356	27780
4789	20125
2352	17270
8425	23908
9986	25448
8483	23967
14120	29110
1894	16846
13540	20027
14057	29010
1070	16022
8493	23977
4080	19422
6441	21820
2648	17533
11065	26430
2285	17549
9170	24661
14535	16208
8996	27158
5170	20527
14000	28958
12541	27972
4040	19385
11100	26517
13275	24830
3742	19022
4785	20121
9631	25105
3455	18559
5240	20596
10562	25996
3842	19138
10659	26092
9324	24812
11799	27261
5701	21067
3623	18906
7601	23060
9929	25389
1327	16285
3416	18512
12342	18381
9922	19485
9055	24562
2663	17544
14687	29683
502	15561
5212	20567
12072	27518
9387	28664
9365	24846
5141	20500
13000	18210
276	15232
4728	29203
13536	28501
6265	21624
10746	26173
7041	22444
13974	18975
3263	18187
5731	21096
11495	26767
4294	19621
5914	21268
354	15306
14654	29654
10393	25831
14914	29901
12943	28288
2411	17322
12114	27560
12743	28171
7430	20332
11545	27572
10695	26125
11706	27128
12530	27959
4260	19595
4887	24305
2626	17510
5149	18522
9606	25079
8095	23569
14613	29586
6883	22281
14162	29115
12965	23334
14612	29585
5494	20847
13614	25213
1440	16395
1672	18740
9898	25366
3528	29864
3583	18876
832	15792
13599	28560
8981	24499
3188	18111
13075	18342
52	15043
4835	20177
8296	23775
6837	22235
12701	28127
6363	21743
10434	25872
5609	20966
10528	25967
3197	18120
10756	26183
9510	24991
9825	25294
10209	25648
10622	26057
979	15929
5263	20621
13562	28523
570	15524
12562	27990
6130	21494
11937	27389
1520	16477
2100	17057
7624	23460
14482	29432
4007	19352
13946	28892
7926	23410
1864	23172
2168	17106
11145	26564
12171	29139
8352	23832
216	18578
4027	19371
9080	24450
9711	15027
8469	23953
9438	24925
14244	29216
2519	17972
2362	17277
11526	26039
2094	17052
4618	19960
1304	16261
4784	20120
4833	20175
5001	20351
13172	27152
9223	24713
4622	19962
7811	18605
13038	28326
12120	27566
13064	18348
4888	20231
2165	17103
10289	25728
5333	20690
5072	20435
11663	27087
11053	26473
4636	19975
4597	19942
12666	28089
660	15614
12987	28305
14153	29106
2177	17115
1742	16699
8369	24029
137	15113
4647	19985
14293	29255
1824	16779
13620	20902
12618	27180
726	15685
7076	22481
12226	27658
2695	16213
11421	26845
3908	19252
8137	23611
5888	21246
3283	26989
700	15659
11331	26747
4267	19674
9304	19663
14997	29986
12928	16900
6853	22251
3577	18869
19	15011
13142	28357
1208	16163
5057	20419
12163	27607
10979	26394
13786	28742
7939	23420
10641	26075
496	15478
11076	26494
6362	21742
7199	22614
4083	19425
1751	26575
2207	17146
7795	23276
10454	25893
669	15625
4551	19894
13263	28394
12946	18324
820	15775
8069	23543
4797	20133
8640	27269
8747	24233
12894	28267
1504	16458
13330	27931
6296	21666
6844	22241
4620	19963
12525	27953
7902	18472
7549	23001
3373	18286
7165	22581
1732	16690
10898	26315
4331	19656
8946	24464
5401	20755
10023	25479
13359	28431
9166	24658
1192	16146
4316	21400
13779	28736
13461	18396
11902	27360
2644	17529
1484	16439
14667	29578
5528	20883
715	15672
4500	19842
8952	24470
10699	26115
12828	25950
13839	28793
3361	18277
7604	23063
2975	17819
6312	21681
10977	26392
921	15876
3947	19294
14678	15530
8038	23510
7527	22968
5565	20919
14590	29561
13745	28701
7919	23401
9272	24762
709	15666
10047	25500
3871	19211
5557	20912
14138	29093
4113	19457
5827	21192
13394	18415
315	21130
7506	22943
8765	24244
5082	20446
4992	20342
5358	29660
8029	23501
12478	27906
771	26322
13644	28599
7436	19757
6926	22326
11732	27192
13002	28310
12801	28223
6374	21754
10462	25900
10927	26345
2250	17183
3399	18497
346	15296
12002	27448
1605	16563
13845	29855
1387	16342
1587	16549
11577	26997
11627	27048
2952	17795
7674	23143
4391	19713
10925	26344
1558	16514
3285	18206
12985	18486
10522	20019
9335	24821
9120	19661
14976	21569
6975	22375
6998	22398
5753	21273
11192	26612
6482	21862
4092	19435
1986	16931
7569	23019
9972	25432
10464	25902
4269	19587
10390	25828
6514	21892
14830	29807
9333	24819
2448	17359
3578	18870
3971	19318
3257	18181
14809	29780
13298	25319
808	15761
3041	17883
9912	25379
5085	20429
6580	21967
1013	15963
11339	26751
6639	22039
13880	28830
11645	27067
1546	16502
428	15383
14408	29362
1769	16724
3555	18849
10970	26389
4043	19388
10556	25993
8938	24447
9658	25132
2787	20523
2620	19982
10594	26030
10125	25566
12218	27649
737	15696
1101	16054
7497	23073
12880	16534
5703	21069
8519	24003
568	15476
13852	28804
5833	21199
7539	22986
13345	18400
10418	25856
10025	25481
10155	25594
14155	29108
1462	16416
12958	18594
11638	27060
8084	23557
11898	27357
10257	25697
4343	25875
14121	29082
8028	23500
10083	25524
3821	19119
7073	22478
1102	16055
7235	22649
3427	18529
10267	25708
3025	17867
3349	18269
7874	23362
5243	20599
14854	29835
9902	25370
7019	22422
4034	19378
3437	18538
8773	24261
13726	28681
7144	22549
7024	22427
13062	19992
2140	17086
274	15229
4132	19478
4116	19460
1802	16754
5816	21183
7233	22654
5770	21138
9809	25277
5421	20777
14974	29964
7292	22727
191	15153
967	23084
11681	27104
8906	24413
13610	28570
9083	24453
4097	19440
14752	29743
4589	19933
10664	26097
4203	19552
460	15418
7731	23213
12565	27993
7613	23074
3534	18832
2023	16969
8777	24265
9321	24808
8714	24198
5604	20960
12812	28235
11020	26439
7401	22844
223	29202
5841	21208
2122	17073
10036	25490
6987	22386
10838	26266
11472	26897
6619	24091
1396	16353
9960	25420
11942	28445
11513	26932
1067	15721
10966	26385
1287	16246
2180	17118
105	15091
9183	24674
4186	19532
2662	22978
2302	21441
12552	27981
12200	27635
9163	20092
6466	21846
11490	26916
6387	21767
6950	22348
4321	23036
719	15676
4222	22030
11277	26698
3274	18199
9361	24764
5025	20374
5705	21071
9096	24594
3420	18517
9023	24533
11291	26711
12303	27736
11392	26813
1667	16625
11440	26866
3162	18085
12926	18587
8955	24473
1318	16276
6546	21925
1875	16825
3504	18800
6822	22220
9428	21479
11959	27407
12624	28040
1012	15962
172	15133
14820	29795
12558	27987
55	29201
2340	17258
9430	24907
2843	17695
5176	20536
864	15822
1496	16453
6044	21398
4705	20049
12573	28001
6268	21626
359	15310
8168	23649
12761	28186
14271	29239
11643	17017
1796	16748
2273	17202
3017	17860
13781	28737
11583	27003
2968	17811
6848	22245
11845	27307
10617	26051
231	15272
8979	24497
844	15788
3448	18541
12997	18431
2854	17701
3785	19081
14045	15388
12440	27868
10520	25958
3488	18556
5076	20439
9459	24943
3889	19229
14749	29741
6327	21695
3468	18767
8514	23998
13603	28563
11485	26911
10972	26923
10266	25657
3183	18106
489	15448
13373	26775
11057	26477
4283	19600
572	15525
12305	27738
8547	24616
2132	17080
14895	29883
6485	21865
12253	27687
8338	23817
11820	27284
5102	20464
5998	21346
13873	28826
3612	18896
248	15204
4342	25507
6483	21863
4351	26827
4955	20301
13501	18755
877	15803
10854	26281
10207	25646
7088	22494
6707	22105
13667	28623
1967	16914
14122	29083
10143	25582
5485	20838
233	19161
8426	23909
3568	18863
6188	21556
7318	22762
14908	26005
10029	25485
13895	28845
2087	17046
6949	22347
5063	20426
4815	20149
9234	24724
6401	21781
13009	18682
10468	25907
6089	21448
6665	29157
7131	22535
1040	15993
8294	23773
4457	19802
10050	25502
12936	28283
12443	27871
5863	17392
4415	19753
6885	22283
8572	24055
6578	21965
352	15304
179	15140
8681	24165
10924	26343
13972	28910
5908	21262
3328	18243
13735	28690
14403	16218
9576	25169
12853	28842
642	15598
146	18729
8637	24124
5631	20989
11562	26980
11350	26768
9955	25194
6923	22322
4029	19373
9411	24888
4775	20111
12465	27893
2661	22979
2710	17585
8132	23606
2989	17833
6145	21508
14516	16650
9054	24561
13840	28794
10281	25722
2354	17272
5855	29489
10228	25668
5474	20825
14324	29276
1805	16757
1839	16792
12328	27758
10124	25565
7716	23197
9390	16432
10694	26124
5812	18033
6208	27847
4093	19436
13494	17986
2552	17454
9651	25125
497	15486
8960	24477
1525	16482
2708	17583
3421	18518
13641	28596
9012	24522
14263	29232
2891	17736
92	15073
8374	23851
10860	26288
5286	20645
11731	27165
760	15719
11325	26742
14265	29234
4377	19704
4702	18496
4832	20174
3712	27913
10129	25570
14091	29048
414	15369
6315	21684
12453	27881
4922	20265
10820	26930
12452	27880
8812	24317
14780	29765
9688	25158
13963	28904
10068	27664
8046	23518
2587	17486
5513	20857
13544	28508
12430	27858
14911	29899
6177	21543
290	15246
1736	16694
11345	26762
11507	26942
11324	26741
5756	21120
552	15514
4352	19678
8413	23893
13124	17985
6804	22204
14666	29667
5746	21111
8768	24250
7447	22889
13623	28582
12696	28122
4217	22027
431	15387
2945	17789
6971	22371
9193	24684
4950	20375
11439	26865
4588	19932
4008	19353
13251	18379
2083	17029
3837	19134
12644	28061
11255	26676
2478	17388
10742	26169
13588	28549
3057	17900
6007	21353
11929	27382
14533	29483
13112	18261
6597	21984
13033	15678
461	15419
875	15833
1424	16379
14404	29358
2356	28289
9913	25380
331	19035
7675	23144
8570	24053
3850	19147
5907	21259
862	15819
8194	23674
3752	19041
1501	16464
11625	27046
12494	27922
3697	18982
3870	19164
4020	19364
6749	22148
10613	26048
11686	27110
10165	25604
7035	22438
13747	28704
8881	24390
8663	24148
12082	27528
6970	22370
9226	23622
9879	25347
2175	17112
8043	23515
4683	20029
11005	26420
13324	28419
12182	15170
1863	16820
14282	29609
8	23421
14369	29312
8665	24150
5145	20504
705	15662
6658	22057
96	15081
6510	21889
9798	25264
2819	17677
1840	16793
13415	18418
1724	16678
6050	21394
5046	20409
6200	21581
1566	16523
9371	24852
10547	25982
13029	18316
12846	15908
9375	24856
4498	19841
5517	20865
816	15771
11593	27014
14567	29535
3803	19102
7363	22806
1194	16165
10191	25628
12555	27984
11194	26614
3102	17943
5327	20684
8957	24475
1899	16851
13585	28546
11068	26487
5642	21003
12177	27620
3882	19225
13406	16235
10163	25602
3990	19332
12358	27784
12044	27494
51	28572
408	15362
8411	23891
2321	22729
7205	22620
6548	21927
95	15077
9018	24529
4350	19677
5005	20355
4003	19347
1609	16567
6598	21985
5124	20483
4880	20762
14936	29920
11409	26832
14340	29075
8815	24320
3826	19123
7788	23269
13183	28369
591	15620
8077	23550
5451	20804
8209	23688
10610	26044
8075	23565
9034	24541
6981	22381
3012	17855
12186	27625
222	15182
9704	25179
4794	20130
7135	22540
689	15648
524	15472
9101	24599
13244	18654
11389	26810
6395	21775
4776	20112
14779	22616
7547	22999
3893	19236
14067	29015
12760	28184
8753	24238
259	15214
14788	22568
284	15240
3734	19014
11418	26842
13316	18010
1712	16670
1858	16810
5597	20952
10192	25629
2170	17108
2055	16998
8925	24433
1201	16155
10698	26128
10582	24895
14144	29097
4053	19398
12092	27538
12726	28151
2423	17334
10830	26256
3403	18501
13386	21406
4731	20069
9698	25165
4989	20339
84	15066
6517	21895
4803	20138
7587	23046
4016	19360
5997	21345
5355	20711
9565	25037
1049	16001
9075	24582
7453	22896
5717	21082
4305	19631
9087	24586
10328	25768
9125	24620
8927	24435
13329	28421
1139	16095
569	15523
7530	22971
2407	17318
7791	23272
13106	18616
10252	25692
5949	21340
13077	18346
14870	29851
13613	18973
4443	19784
10322	25762
14984	29974
9560	25014
12886	18692
4673	20010
2503	17414
12475	27903
7369	22811
10448	25887
366	21439
12975	28298
6455	21834
750	15710
14451	29408
4401	19730
3484	18783
8270	23749
5905	21257
556	15516
7628	18670
5147	18524
12815	28234
10983	26398
8607	24094
14168	29122
1134	16090
7713	23193
1460	16414
7268	22695
4830	20172
5801	21170
12491	27920
10737	26161
3665	18946
10342	18007
13568	28528
10435	25873
391	15345
1889	16842
14918	19096
3841	19139
5821	21188
14296	29258
8375	23855
9062	24569
2984	17828
6868	22296
1849	16802
4929	20275
10363	25801
10889	18625
2298	17224
2276	17205
13850	28802
13225	18474
4047	19392
14288	29605
10073	20859
1296	16254
6176	21542
11276	26697
3105	17946
13532	28497
3242	18165
2954	17797
12905	18579
3083	24090
5922	21280
10112	25553
6307	24306
8471	23955
14955	29946
4818	20152
3962	19309
5346	20703
1491	16448
2730	24527
9424	24903
11156	26555
11841	27303
8293	23772
14975	29965
10195	25632
2647	17532
1654	16610
3182	18105
12799	28221
7375	22817
6027	21373
5339	20696
6410	21790
14498	29460
5852	21216
2601	17018
12821	18665
7311	22753
4518	19860
1260	28770
3091	17931
7095	22500
4517	19857
14631	29612
2214	17153
2553	17455
11085	26501
10222	25662
401	15355
2049	16993
2118	17069
1695	16656
2734	17607
4764	20098
13326	24731
11054	26474
8985	24703
4425	19764
3541	18836
8542	23827
13431	18678
3054	17897
9762	16838
2631	17513
13206	18733
10754	26181
7283	22716
9098	24596
14477	26329
2337	17256
8150	24876
5543	20897
13281	29148
4648	19986
10670	26103
1868	16819
3071	17913
3780	19075
2099	17056
7087	22493
2203	17141
8415	23896
9653	25127
9973	25433
8427	23910
9265	24756
12719	28143
390	15344
2812	21402
11297	26719
3989	19331
59	15049
679	15632
4918	20261
8922	24429
11915	27373
12275	27711
6621	21422
5476	20827
6730	22129
2617	16197
6664	23116
1918	16870
14438	29390
11965	27413
10955	26376
8544	24028
11443	26870
3598	18889
13632	19931
13598	28559
5748	21113
10514	25952
3281	27144
4652	19988
10866	16537
9701	25176
3659	18350
310	15265
1146	16101
12989	18445
1306	16263
8729	24214
7317	22761
4225	22032
10553	25988
10741	26168
1370	16326
268	15223
9099	24597
9409	19665
13868	28821
8261	23739
13120	20964
893	15850
14334	29285
4576	19919
11164	26582
10150	25589
11108	26805
10790	26214
10890	26309
13600	28561
5098	20459
12930	22957
2263	17192
10272	25712
3526	18825
3238	18161
9827	25296
959	15912
12037	27485
13771	28728
7923	23405
4238	19568
13208	28378
14578	29547
8696	24179
13657	28612
7559	23091
9131	24626
14302	29263
13052	28153
8482	23966
6789	22189
2123	17074
6178	21544
571	15518
7477	22919
9460	24944
14748	29740
724	15683
11521	26944
2889	17734
12084	27530
11990	27432
5052	20416
12908	16679
8869	24378
1537	16494
214	15174
8114	23585
10115	25556
6356	21735
11879	27337
2537	17443
6992	22391
5551	20906
8381	23861
9000	24509
10186	25624
12387	27814
12628	28044
3958	19305
6871	22269
10518	25956
11318	26736
11377	26796
11893	27351
10360	25798
10590	26025
13391	17999
8552	24035
10227	25667
14846	29828
3092	17932
297	15253
6491	21870
3769	19064
14745	29737
5696	18742
7414	22857
6319	21688
1833	16786
7021	22424
6111	21471
10578	26012
6904	22303
2679	17558
2981	17825
3681	18962
12630	28046
10585	26020
7816	23294
2805	23032
13032	28323
8331	23809
708	15665
1502	16456
13547	28511
6010	21357
14201	29176
13464	18468
5235	17996
3791	19087
6081	21443
2143	22700
6109	21468
2933	17777
2937	17781
7779	23260
13719	28674
4660	19997
13956	28938
7838	23316
11114	26531
3950	19297
1973	16932
2750	23156
913	15868
2093	17051
638	15907
4086	19429
11954	27402
10022	25478
9758	25240
1114	16068
9700	25175
8182	23663
961	15915
11321	26714
8431	23914
3724	19018
2141	22701
7276	22709
4427	19767
8162	23639
975	15926
2697	17574
7262	22689
2524	17433
3575	18868
8586	24069
5077	20440
4169	19516
6553	21932
13377	28442
6286	21657
8859	24366
5411	20767
8480	23964
9654	25128
369	15318
3855	19076
4535	19879
5823	22872
13637	28592
1782	23177
3862	20041
1581	16543
13971	28909
2211	17150
11029	26448
8787	24277
2463	17374
8970	24488
12337	27765
7298	22737
8345	23824
9111	24607
5206	20560
6816	22214
2447	17358
6872	22270
4637	24816
3733	19013
713	15670
13167	28365
10338	25776
7171	22586
5755	21119
8731	24216
1014	15964
1965	16912
5948	21297
889	15846
7612	23071
8171	23651
1008	15958
9239	24729
5341	20697
13687	28639
2066	18309
2839	21293
795	15748
6540	21918
2467	17378
14767	16653
5216	20571
5475	20826
7380	22822
1530	16487
7034	22437
1278	16242
9126	24621
10171	25643
12100	27544
9771	25244
2071	17039
4292	19617
1024	15973
13618	18016
3743	19023
9043	24550
8886	28577
11653	27075
1893	16845
1515	16471
2745	17617
6069	21428
5991	21551
6940	22339
14879	29859
6013	21369
14176	29130
7515	22950
11997	27440
7749	23231
2456	17367
5508	24987
7970	23453
8880	24389
13321	18390
7636	23104
13495	18447
2254	18690
14166	29410
10006	25462
6532	21909
2457	17368
12078	27524
7954	23438
539	15484
8524	24008
5471	20402
12527	27955
10239	25679
4189	19538
5364	20740
1298	16187
13270	18620
10892	26311
2532	17439
14777	29763
14720	29716
3133	18056
7129	22533
9341	24915
14634	29630
12093	27539
14688	29684
13572	28533
10325	25764
13615	28574
8513	23997
687	15642
9309	24797
5617	20975
11348	26765
10013	25470
12824	27445
8933	24442
8403	23883
1559	16515
8314	23793
4927	18761
4109	19453
4525	19867
4048	19393
11464	26889
9178	24668
4298	19629
10807	26232
3432	21726
9583	25055
175	15136
269	15224
775	15730
4230	19562
577	15529
5321	20837
261	15216
1305	16262
6874	22272
6720	22118
4232	19564
13025	29449
4666	20003
2607	17502
9112	24608
5100	20461
7011	22411
4562	19905
14705	29702
12241	27679
1182	16128
1005	15955
14371	29314
2576	17475
13925	28872
12286	27722
4840	20183
9353	24838
3960	19307
14487	29438
9966	25426
3020	17863
1556	16512
6026	21372
7560	23007
8283	23762
4475	19821
8941	24459
4063	29913
2113	17066
8702	24185
3356	18272
14030	28985
789	15742
903	15859
6610	21998
13978	28913
3786	19082
11660	27085
7238	22655
8104	23577
6623	22011
8402	23882
8752	24237
7010	21355
10441	25880
860	15817
3004	17847
13313	18494
567	15494
9811	25279
8653	24139
2588	17487
10270	25710
6448	21827
9954	25414
11406	26829
14922	29906
7516	22951
10249	25689
9139	24635
11303	26724
13531	28496
7892	23378
14991	29980
1924	16876
4545	19889
928	15883
12484	27912
14677	29676
13855	28808
5931	21647
1418	16373
5399	20753
11975	27422
8307	23786
4824	20160
942	15896
6944	22343
9200	24691
4839	20182
9652	25126
7578	23028
11624	27044
10608	26041
13621	28579
7478	22920
6463	21843
2181	17119
9478	24961
8259	23738
5298	23249
11383	26803
13041	28328
7702	23182
6352	21720
8847	24353
2830	17685
3720	19004
13352	18040
9493	24974
14213	29185
6114	21478
2717	17591
10208	25647
2927	17771
7562	23009
6849	22247
1026	15977
9528	25008
6920	22319
8811	24316
827	15782
3903	19247
7511	22946
5304	20663
1191	16145
7484	27478
1078	16030
8654	24140
3425	18527
5047	19525
5291	20651
6959	22359
11687	27111
3969	19316
2935	17779
8201	24245
7733	23319
7751	23233
5127	20486
12418	27846
2625	17509
2931	17775
3350	18270
8751	24236
2615	29018
9831	25300
412	15367
6948	22346
1029	15981
13385	27083
7802	23286
13427	18676
4049	19394
13470	28467
3014	17857
3915	19259
7029	22432
2479	17389
7952	23436
13310	28417
11405	26828
3797	19095
118	18831
445	15403
14126	29087
8024	23496
3906	19250
10496	25934
7025	22429
8423	23906
5315	20673
4158	19505
2744	28014
1531	16488
4886	20230
9144	24639
12198	27634
7783	23263
4553	19896
3698	18983
9887	25355
10529	19181
9935	25395
609	15445
5218	19640
2559	17459
11784	27248
12990	27848
11952	27400
13125	20750
14912	29902
8914	24421
487	15444
3542	18837
13825	28780
4619	19961
10028	25484
2461	17372
8475	23959
4330	19655
9052	24559
5349	20706
10398	25836
1714	23167
5523	20878
10278	25718
5951	28843
3519	18818
2743	17616
1131	16086
14287	29251
3932	19278
1086	16038
8565	24048
8546	24030
10330	25770
7991	23537
11351	26769
585	15541
2766	17634
75	26314
5383	20758
1077	16029
9969	25429
1090	16042
210	15172
4291	17034
8031	23503
13301	20524
8227	23708
10170	25609
12740	28168
3829	19125
14801	29773
2894	17739
9199	24690
5331	20688
3564	18850
12015	27459
1061	16014
11794	27257
7758	23241
11302	26723
14921	29905
9843	25311
7236	22651
7221	22638
14500	29462
10910	26326
11089	26505
10801	26225
2821	17678
11362	26781
10533	25971
10743	26162
2938	17782
12504	27933
12255	27693
7536	22975
13756	28713
1998	16944
4117	19461
8962	24480
2780	23015
5512	20856
9209	24700
13815	28768
9604	25077
1167	16116
5824	21190
5720	21085
2561	17461
12807	28229
7797	23279
1098	16051
765	19184
13007	18507
5039	20403
10180	25618
10658	26091
12330	27760
4898	20240
4089	19432
648	15606
12947	18592
1437	16392
3588	18879
3984	19045
9050	24557
2613	17040
1337	16294
5856	29493
7630	18717
9806	25274
2241	17175
13430	28457
1567	16524
5820	21187
3098	17939
251	15206
12816	20334
10687	18591
6238	21602
13901	28850
6425	21804
1825	16780
6078	21435
10526	25964
11281	26702
6815	22213
4011	19356
2698	17575
7972	23454
11506	27684
1334	16290
1509	16465
14562	29530
3245	18168
14648	29648
2738	17611
5962	21305
10159	25598
6285	21656
11515	26936
14954	29945
6858	22257
12287	17000
3261	18185
7388	22831
18	15010
1550	16506
2151	17090
9177	24667
2740	17613
8456	23939
4445	19785
6146	21509
40	15032
6781	22181
13115	18619
3252	18176
1757	16713
6155	21520
4569	19911
12195	18990
1063	16016
1431	16387
4930	20276
1783	16735
2459	17370
4340	19669
813	15766
9603	25075
13343	28427
7412	22855
6302	21671
1975	16921
6825	22223
9883	25351
12434	27862
14339	29074
8977	24495
12217	27648
14827	29804
12029	27472
5549	20904
2677	18961
4752	20084
4313	19642
5007	20357
3604	18912
11561	29450
9630	25104
2036	16982
4378	28963
3467	18766
10427	25965
3140	18061
9589	25061
6767	22166
5075	20438
11227	26648
14701	29698
7492	22929
6503	21882
12085	27531
9206	24696
11651	27073
6939	22338
770	15725
4327	19693
8673	24158
72	15078
7183	22597
10018	25475
11056	26476
6813	22212
883	15836
4380	29013
7149	22554
6242	21605
10780	26203
13331	18469
13849	28801
11209	26631
7886	23374
12584	28010
14514	29472
11086	26502
2031	16977
9235	24725
13414	18974
1995	16941
3991	19333
5765	21129
13813	28767
4460	19805
6189	21557
29	15019
1497	16454
7794	23275
2115	22679
6106	21465
11727	27188
9022	24532
3755	19048
14739	22026
5633	20991
9957	25415
10167	25606
4372	28195
5059	20421
12122	27567
10126	25567
7027	22356
8430	23913
10244	25688
10755	26182
5045	16048
8845	24351
7420	22863
9547	25023
7513	22947
8145	23623
2696	17572
938	15892
4521	19863
13593	28554
4241	19570
2873	25412
13853	28805
12653	28070
8850	24357
6253	21613
11275	26696
6973	22373
11360	26779
5482	20834
8396	23876
4204	19553
800	15753
9893	25361
12668	28093
13865	28818
11087	26503
7303	22742
1906	16858
14968	29958
3824	19122
6875	22273
8205	23685
5883	21242
12766	28190
13432	18608
2961	17804
954	15905
1661	16619
1843	16796
2578	17477
11015	26434
8646	24132
11963	27411
14707	21837
9877	25345
12479	27907
10271	25711
13046	18711
7448	22890
11437	26863
5335	20692
3834	19129
2458	17369
3651	18937
9572	25044
2995	17837
12412	27840
12738	28166
5925	21283
6024	21366
2653	17538
4665	20002
1636	16593
11514	26933
7469	22911
5148	18526
1620	16578
5722	21087
11775	27239
9153	24648
6127	21492
11534	27225
13867	28820
11371	26790
4849	20191
936	15890
8964	24482
5874	21233
10912	26330
6873	22271
13907	28856
11505	26938
5787	21157
6869	22267
6199	21570
1414	16369
4067	19409
12148	27593
9179	24669
4995	20345
6946	22344
307	15263
13871	28824
13952	28898
10292	25730
6817	22215
11311	26732
14227	29497
2138	17084
1705	16665
12439	27867
14014	28968
11259	26680
7753	23235
11656	27078
12551	27980
9314	24802
684	15635
2400	17312
13851	28803
2391	15169
8030	23502
12087	27533
11200	26624
14860	29841
956	15909
13445	18757
2300	17226
13835	28789
14357	29614
7045	22448
12601	27172
8724	24209
7585	23043
10771	26198
10747	26174
6055	21410
3719	19003
10625	26062
10692	26123
13	15005
5396	22921
7857	23348
4957	20303
9862	25331
4160	19507
5698	21064
7706	23186
5919	21274
313	15269
6735	22134
14844	29825
3781	19077
9724	25201
7906	23391
4695	20040
2913	17759
8237	23714
4745	20077
11158	26576
4717	20060
12109	17997
7607	23066
312	15268
14066	29014
5616	20974
12413	27841
6753	22152
6603	21990
9236	24726
8241	23717
12890	28264
8920	24427
14125	29086
43	15035
10762	26189
4512	19853
6710	22108
11962	27410
6404	21784
7884	23372
12447	27875
12213	19687
12537	27967
14462	29419
13274	18656
2105	17060
3184	18107
14867	29848
1514	16470
3721	18449
1880	16829
14494	29454
7676	23145
2121	17072
9259	24751
12532	27962
10776	16076
11725	27186
1197	16151
10410	25848
12605	28027
2301	17227
7866	23355
2330	17250
935	15889
7829	23305
7358	22803
13718	28673
10911	26327
7246	22666
637	15594
2474	17384
1512	16468
12732	28158
12568	27996
5301	20660
4547	19890
13380	18668
13390	18353
3888	19232
9187	24678
2699	17576
11491	26917
14321	29618
12135	27582
8844	24350
14571	29539
11242	26669
11767	27231
3817	19115
12720	28144
4901	20242
273	15228
965	15919
12728	16547
8217	23696
3758	19053
11858	27317
5713	21078
11592	27013
4505	19846
4264	20958
633	15590
11030	26449
5420	20776
13574	28535
2731	28944
70	15069
5520	20875
10388	25826
3240	18163
8997	24507
11661	27086
2614	23278
2380	17295
990	15940
10923	26341
6235	21636
9524	25005
9296	24785
12934	18322
13181	18639
12620	28036
1310	16267
8627	24114
6986	22385
7386	22829
2550	17453
8805	24294
4044	19389
11988	27430
604	15558
345	15295
9794	25258
13545	28509
2511	23707
8873	24382
2643	17528
8170	21437
5068	20432
11983	15643
7734	23216
3673	18953
8134	23608
1634	16591
12576	25049
500	15456
2293	17220
4151	19499
11870	27316
13578	28539
13134	18357
5332	20689
5906	21258
4418	19756
1064	16017
185	15147
7207	22622
7364	22807
13366	28435
6627	22014
12131	27578
12999	18204
13344	18399
374	15324
2545	17447
12960	17564
5270	20628
6741	22140
12637	28054
3549	18853
4366	19689
7287	22720
10387	25825
945	15899
3818	19116
2782	17647
2086	17041
8498	23982
4996	20346
7571	23021
14927	19379
9337	24823
4931	20277
14624	29600
4026	19370
10122	25563
7226	22644
13717	28672
10643	26077
8001	29153
12933	17969
1367	16323
12526	29038
11901	27359
7334	22746
4198	16209
11124	26540
6220	21580
7326	22773
4640	19977
8058	23529
8346	23825
8581	24064
9372	24853
11522	26945
13107	18338
13994	28945
1185	16139
4581	22407
7397	22840
8655	19112
7049	22452
6776	22175
7106	22627
3492	18790
1183	16130
6680	22078
4643	15679
7650	23118
9433	24910
7868	23356
7823	16839
2957	17800
6342	21710
5498	20862
1535	16492
12264	27702
10042	25495
2977	17821
10644	26078
9931	25391
11109	26526
189	15151
2441	17352
1552	16508
11336	26753
7602	23061
415	15370
14323	29275
4302	19024
8453	23936
3648	18934
14151	29104
3099	17940
12091	27537
693	15652
12174	27616
4782	20118
10941	26361
7839	23317
10505	25941
5968	21311
13612	28573
2835	17689
3114	17954
6128	21491
2054	16997
11260	26681
2666	17547
12589	28015
5469	20821
5020	20369
7124	22528
3254	18178
4631	19971
14426	29380
9059	24566
6179	21545
5344	20700
3008	17851
12689	26383
4491	19833
13158	18361
3453	18557
10693	18649
2314	22723
7772	23253
5400	20754
7163	22579
9660	25133
9584	25056
9429	24906
2570	17470
2190	17113
11361	26780
7177	22592
9345	24829
10094	23171
14602	29575
14387	29332
5560	20915
5146	20505
9574	25045
8140	23616
6162	21529
11603	27023
12389	27816
10419	25857
2951	17794
9778	16529
6367	21747
13497	28481
1137	16093
7466	22908
7189	22603
1927	16879
8327	23805
5028	20379
7203	22618
9549	25025
4694	20039
81	15056
8899	24406
10920	24809
7372	22814
2604	17499
7893	23379
8116	23587
1912	16864
2807	23034
4273	19592
2013	16959
9622	25096
11059	26479
10091	25533
14485	29435
3384	18297
5376	20726
6549	21928
3988	19330
3104	17945
4474	19795
1274	16238
4667	20004
2042	16987
6091	21450
8206	24263
5459	20811
12442	27870
114	15102
4240	19058
11357	26776
11225	26646
10603	26037
10767	26194
3574	21133
3309	20997
8885	20540
1807	16760
10428	25866
14531	29481
6637	21721
14719	29715
7307	22749
1450	16404
7550	23002
5825	21193
14698	29695
5993	21342
13412	28448
1359	16315
9326	24814
14225	29496
2480	17390
7367	20506
7518	22953
1823	16778
9208	24698
6607	21995
9167	24670
2084	17032
11517	26939
8042	23514
8370	23849
9010	24520
10652	26087
7669	23138
11434	18424
5573	20926
14356	29615
4145	19047
3529	18828
1710	16668
12227	27659
7645	23112
7353	22798
2883	17727
1572	22656
5432	20775
6022	21367
14308	29624
801	15754
7479	22930
4028	19372
8972	24490
1038	15991
11288	26708
12705	27260
10350	25789
11195	26615
9270	24760
5916	21270
5837	21203
14008	28953
8434	23917
10329	25769
4975	20323
11621	27041
4490	19832
10728	26156
14662	29662
3655	18260
9764	19792
878	15834
3163	18086
14314	29622
778	15733
14629	29611
8539	24023
13703	28657
14886	29874
8520	24004
1335	22559
5297	20656
547	15491
4715	20059
1053	16005
3876	19220
5194	20552
9201	24692
5143	20502
13904	28853
3710	18996
308	15264
6724	22123
9458	24942
781	15736
7894	23380
5320	28926
1241	16191
11876	27347
5197	21500
14614	29587
14811	29782
9114	24610
12051	27499
3689	18970
11925	27379
2370	17284
7241	22660
8973	24491
11701	27124
6918	22317
5830	19207
6056	21411
6818	22216
9508	24989
12977	28299
5915	21269
3486	18785
5556	20911
13443	18448
2572	17472
13407	18017
7264	22691
5693	21057
4958	20304
2500	17411
9382	24863
5660	21027
13299	28411
13903	28852
8966	24484
7623	23095
14642	18695
9349	24834
1862	16814
1378	16334
9917	25382
4816	20150
13665	28621
3892	19235
12433	27783
1921	16873
2445	17356
586	15542
1094	16045
5859	21218
323	15278
12652	28068
11649	27071
6947	22345
10796	18651
11296	26731
13798	28754
4387	29217
650	15605
7033	22436
912	15867
335	15287
9881	25349
4032	19376
12086	27532
14200	29175
7400	22843
1212	15180
13712	28666
8112	23583
12843	15709
1495	16452
11447	26873
2070	16444
2249	21146
7572	23022
17	15009
14246	29219
14104	29061
7620	23088
11812	27272
2523	17432
6914	22313
8163	23642
3442	18552
14393	29397
10850	26277
10075	25516
5969	21312
5911	21265
8866	24375
8505	23989
14796	22575
112	15101
10559	25990
5961	21304
295	15251
8911	24418
5682	21045
1280	29937
2283	17212
2536	17442
1687	16644
1112	16066
5675	27604
13753	28709
9320	24807
12599	28025
5695	21060
1903	16855
9244	24735
12665	28088
13737	28692
9287	24777
12145	20246
13896	28846
1200	16154
3849	19146
14361	29304
12925	18584
7254	22675
5370	20720
14851	27570
11368	26787
13189	23108
14428	29381
1942	16889
4870	20206
2501	17412
3617	18900
7534	22973
9975	25435
1945	16892
4149	19496
4672	20009
13226	18723
8694	24177
7574	23024
6527	21905
14274	29242
12685	28110
4074	19416
2976	17820
8879	24388
8862	24371
3346	18273
12631	28047
4422	19761
4314	19644
13571	28532
1109	16062
917	15872
10537	25973
4796	20132
4768	20102
3299	18219
1670	16629
3038	17880
11280	26701
3678	18958
14717	29713
14054	29002
10891	26310
537	15501
11889	27345
9810	25278
6512	20266
4353	19680
13076	18345
1180	16135
370	15319
2539	23325
13772	28729
6477	21857
4449	19789
8468	23952
2946	17790
11081	26340
10138	19168
14828	29805
4046	19391
8377	23857
12185	27624
9614	25088
2131	17079
3957	19304
4388	19712
10340	25778
3366	19028
8934	24443
11821	27285
12280	26966
319	15273
5601	20956
4693	20038
7520	22955
2682	17561
6660	22059
1223	16174
11231	26652
11752	27212
3288	18209
8660	24145
6454	21833
12820	18458
2955	17798
2881	17725
7803	23287
3730	19010
9865	25335
56	15046
14336	29287
5419	20774
13911	28859
7812	23293
7701	23181
6358	21737
3874	19218
6712	22110
3069	17912
2678	17557
9900	25367
7709	23189
6731	22130
3760	19055
8072	23546
13678	28633
974	19036
4344	19671
5740	21105
14865	29846
11664	27088
5965	21308
11092	26509
2092	20377
11309	26726
11509	26952
11040	26460
14235	29212
4319	19747
13117	20930
7249	22669
7023	22426
9515	24996
3088	17929
11742	27202
14022	28976
11572	26991
11257	26678
9009	24519
2581	17479
7806	23290
1289	16248
12173	27615
6903	22302
13586	28547
14273	29241
77	15097
2609	17503
9089	24588
13490	18406
6861	22260
7257	22678
13601	25282
1892	19612
8000	23480
6686	22084
437	15394
14836	27208
10663	26096
7159	22565
1668	16627
2814	19214
1752	16708
3982	19326
159	15124
13767	28724
5963	21306
6641	22041
13910	28858
14243	29508
10818	26239
5850	21214
1193	16147
9919	25383
13829	28784
7817	23295
2924	17768
8684	24168
4847	20189
11050	26470
12230	27666
12288	27723
6060	21417
10626	26063
1739	26563
6457	21836
13609	28569
10933	26373
7557	22992
8326	23804
9714	25189
9768	25227
14684	29681
5190	20548
6429	21808
5620	24828
4543	19887
1019	15974
12767	28191
326	15282
1413	16368
3872	19213
10323	25763
3097	17938
13640	28595
10782	26205
253	15208
3866	29895
1338	16295
7748	23230
4976	16911
12022	27465
6475	21855
7696	23162
841	15805
8484	23968
6195	21563
4854	20224
9595	25067
12165	27609
14973	29963
8523	24007
9684	25166
14703	29700
7849	23339
471	15429
13121	20971
12183	18421
8086	23559
10324	25758
533	15481
2353	17271
8316	23795
10546	25981
7760	23240
14289	29607
1779	16732
10399	25837
8265	23744
8898	24405
7688	23158
10181	25619
10800	26224
14924	29908
9317	24805
14944	29929
6682	22080
4245	19574
9162	24655
1631	16588
6289	21659
4577	19920
12232	27667
1729	16687
3557	18847
12656	28074
5493	21189
14759	29750
6648	22048
7951	23435
14150	29103
12564	27992
3987	19329
157	15123
4766	20100
12019	27462
205	15166
2443	17354
11088	26504
6143	21506
13654	28609
4332	24344
579	15532
9148	24643
3370	18283
11308	26729
4138	20025
13178	18638
2245	17178
7766	23245
2135	17082
5074	20437
6991	22390
3639	18925
670	15626
2244	17177
2584	17483
7359	22804
9498	24979
4124	19470
14897	29885
3783	19079
9047	24554
10778	26201
4623	19965
11555	26975
6824	22222
12721	28145
3503	18799
4104	19447
11854	27325
8115	23586
12338	27766
10930	26348
12674	28099
12533	27963
14958	29949
4998	20348
10805	26228
1328	16286
12147	18027
9616	25090
4689	20035
3371	18284
10394	25832
8587	24070
1142	16098
13202	28376
12110	27553
6084	21445
8624	24111
513	15463
10832	26257
1902	16854
11118	26535
5625	20983
5628	20986
9323	24811
10792	26217
10618	26053
8835	24338
10010	25466
13020	28315
336	20395
9414	24891
8246	23722
11165	26584
4737	20166
9845	25313
14256	29556
3761	19275
4176	19523
11712	27134
9846	25314
7998	23478
856	15812
11723	28507
1773	19610
12315	27748
8709	24193
1882	16831
12169	27612
8125	23599
4698	20043
13622	28581
521	15470
12797	21326
14515	15292
6519	21897
8066	23540
9713	25188
6524	21902
3910	19254
3454	18558
4875	20211
11471	26896
6681	22079
9250	24743
2051	15277
12547	27976
7635	23103
10276	25716
13327	18627
13315	18389
11254	26675
12191	28073
3999	19343
4284	19601
14473	29426
2468	17379
4910	20255
3804	19103
7126	22530
13870	28823
1746	16703
9645	28111
6703	22101
13684	28636
1344	16300
628	15585
11953	17925
1250	15146
4161	19508
8419	23901
13237	28384
14449	29405
14744	29736
6427	21806
11222	26644
10745	26172
7941	23423
13776	28733
11073	26491
13073	28339
13200	18481
13070	19580
6035	21383
5284	20643
6073	21431
9266	24757
6103	21462
14003	28946
8080	23553
13271	28929
6051	21395
1270	16230
13592	28553
1626	16584
10473	25912
8299	23778
2686	17565
8006	28164
4822	20156
8052	23523
4682	20028
5131	20490
9496	22450
9765	23135
5851	21215
11554	26974
2871	17717
1292	29815
8144	23621
5454	20807
3522	18821
12231	27668
6125	21489
14675	29674
9814	20284
11035	26454
10247	25686
1242	17035
14483	29437
11996	27439
11201	26623
14466	29420
4692	29204
13086	18721
4062	19405
3622	18905
4163	19510
11634	27055
4133	19487
6071	21438
5630	20988
1982	16927
5114	20478
12556	27985
976	19201
3302	18221
11665	27089
6916	22315
8533	24017
5538	20892
12	15004
1881	16830
12920	28280
7142	22547
13789	28745
5407	20763
10530	25968
13111	18706
9188	24681
12006	27452
8186	23667
6784	22184
7568	23018
9620	25094
9295	24789
2900	17746
5689	21053
14063	20271
2197	17135
10381	25819
13160	18440
13731	28686
13159	28364
13265	18653
9381	24862
10176	25614
11055	26475
4990	20340
3186	18109
11038	26457
12134	27580
2329	17249
13694	28646
6520	21898
13278	18038
5060	20422
8129	23603
3286	18207
2815	17674
11564	26982
3525	18824
9037	24544
11551	26972
7859	23350
7390	22833
11033	26452
14538	29488
4681	20018
6370	21750
13423	18671
527	15522
5638	20996
656	15610
30	15022
7940	23422
2751	17620
2483	17394
8051	23522
14605	29579
6765	22164
8540	24026
14507	21469
1485	16440
2020	17087
7094	22499
7589	23048
9556	25032
7155	22562
3310	18227
13193	18478
5406	20761
881	15839
7409	22852
10875	26300
104	15090
14570	29538
12129	27577
11707	27129
2837	17691
14945	29930
14447	29403
6113	21477
8992	19367
6644	22044
7639	18004
9840	25308
6232	21598
5224	20578
8367	23847
184	15160
463	15421
14381	29324
7280	22713
6006	21352
8479	23963
13831	28786
5733	21098
9874	25342
1047	15999
10597	26032
7217	22633
7222	22640
1111	16063
14858	29839
7685	23154
9363	24844
6764	22163
5913	21267
10334	22418
4735	20164
504	15565
3975	18012
45	15037
12747	28931
14807	29778
11838	27301
6700	22098
13858	28811
6852	22250
13428	28456
1793	16744
12596	28022
3523	18822
5152	20508
13122	28351
11463	26888
8087	23560
10799	26223
8447	23930
6086	21446
12502	20497
2403	19623
3223	18147
589	15560
11715	27137
11930	27383
11809	27268
9936	19994
11730	26934
11141	26558
279	15235
12274	19691
14241	29509
8298	23777
9519	25000
2735	17608
6624	21993
675	21277
7780	23261
10463	25901
4605	19948
8166	23647
14599	29572
5251	20607
8143	23620
4202	19551
7308	22750
8489	23973
9256	24747
9933	25393
14464	29595
14443	29395
833	15787
7342	22756
3653	20317
5900	21255
6428	21807
10878	26302
9392	18680
10359	25858
6397	21777
410	15365
2001	16947
1775	19765
11369	26788
10474	25913
8305	23784
10486	25923
11911	27369
896	15853
4791	20127
4943	20293
2624	17508
11840	26058
3077	17920
13817	28772
5892	21250
265	15220
14454	29413
2583	22962
12181	27623
11301	26722
10288	25738
2979	17822
6322	21691
13355	26043
11813	27277
11639	27063
7158	22564
11694	27117
3572	18874
9939	25397
11240	26660
7061	22465
14075	29026
12845	15842
6066	21424
8360	23840
13457	27861
14502	29466
8833	18000
11191	26610
2162	17100
10872	26298
3137	18131
4973	20320
1361	16317
14864	29845
8827	24331
10231	25671
9146	24641
4123	19469
13698	28650
3482	18781
7116	22519
8329	23807
11223	26645
10849	26276
11880	27353
9132	24627
6160	18003
4275	15930
7438	17313
4424	19763
5778	26860
4212	29399
2608	24978
1199	16153
10156	25595
6594	21981
6755	22154
7026	22430
5784	21155
1152	16107
5122	20473
12331	27761
1428	16382
3400	18498
8632	24119
99	15084
4592	19937
4478	19823
8921	24428
351	15302
10012	25468
12057	27504
6585	21972
5736	21101
2409	17320
2114	17067
12650	28066
13483	28473
13955	28937
14587	29560
12345	27772
10031	25486
1483	16438
5529	22553
10926	26342
6447	21826
7844	23324
8903	24410
8975	24493
1954	25418
1178	16133
1453	16407
6498	21876
12327	27757
5247	20603
12778	28201
11614	27034
8215	23693
4194	19544
7759	23239
5347	20704
10759	26186
1560	16516
12592	28018
516	15467
4437	19777
9343	24898
4184	19530
8421	23903
10700	26129
9544	25020
6884	22282
5033	20384
3307	18225
2950	17793
7212	22629
11932	27385
11982	27427
11944	27394
12055	27503
11083	26500
4121	19466
3846	19143
549	15492
9073	24580
1898	16850
716	15673
560	15502
602	15621
7237	22652
14169	29123
147	15117
1171	16121
4566	19909
9273	21730
2947	17840
7433	22877
2219	17157
4470	19816
6158	21523
13555	28519
13459	19984
2763	17631
3608	18914
6530	21907
12866	28252
2342	27178
9863	15438
1808	16761
4354	19681
7573	23023
14618	29591
4747	20079
1993	16939
468	15426
12603	27174
11743	27203
5283	20642
54	15045
6972	22372
1814	16767
6402	21782
8568	24051
7629	18034
2646	17531
2642	17527
3680	18960
2517	17428
5569	20923
4649	19987
641	15597
12451	27879
2287	17215
14888	29876
3065	17908
1354	16310
2844	28879
7815	23640
3423	18520
11478	26903
353	15305
2097	17054
14905	29892
11422	26846
8788	24278
2868	17715
2220	17158
6932	22329
10041	25494
1835	16788
9501	24982
5977	21320
8334	23813
5311	20670
4980	20327
13811	28765
704	15661
10859	26287
1870	16815
11148	26566
4134	19488
4607	24920
13953	28899
14878	29858
8840	24345
1856	16808
1797	16749
8900	24407
9403	24881
4017	19361
1753	16709
12428	27857
1190	16144
13285	28402
3885	19231
13133	18355
5920	21275
12609	28030
7462	22904
2884	17729
4877	20213
7531	23089
64	29398
228	15186
1422	16377
11662	27092
11294	26715
14005	28949
5835	21201
9261	24753
4404	19733
10437	25876
8969	24487
9085	24479
14474	29427
9149	24644
14803	29774
11598	27019
10673	26106
14078	29036
3554	18862
6459	21839
5468	20820
9769	25242
11004	26419
6615	22007
4193	19543
6511	21890
5354	20710
966	15920
12849	28243
5797	21167
7928	23412
11688	27112
2510	17421
13918	28865
2134	17081
10407	25845
3490	18788
4806	20141
8907	24414
3032	17874
9812	25280
6747	22146
4571	19914
6922	22324
8167	23648
12473	27901
1819	16772
14217	29189
2028	16974
4684	20031
7996	23476
12517	27944
10527	25966
6966	22366
14130	29345
1331	16287
9072	24579
11205	26627
1694	16655
2047	16991
1715	16672
2098	17055
4960	20306
10998	26414
6098	21458
1313	16269
9070	24577
13439	28461
14517	18699
13187	18645
9322	25267
1195	16149
7306	22748
8598	24082
9	19176
8310	23789
2288	17216
6577	21964
11423	26847
13084	20648
1645	16602
10295	25732
897	15854
4348	19676
14146	29098
13748	28705
7147	22550
13769	28726
911	15866
1534	16491
12043	27493
5427	20783
14763	23237
1439	16394
9258	24750
2148	17089
4800	20136
13630	17031
4520	19862
12885	15639
11215	26642
2670	17553
9650	18658
11980	27426
4539	19882
6371	21751
13659	28614
12882	28262
5238	19641
7480	22923
10354	25793
12717	28141
7796	23277
3517	18816
2742	17615
2772	17640
12396	28055
2326	17247
8130	23604
688	15647
4896	29138
5785	21154
1216	16167
13460	18410
7672	23141
5776	21149
8603	24072
7396	22839
9045	24552
8399	23879
5055	20417
14385	29329
3470	18769
7937	15640
14124	29085
10145	25584
5967	21310
2949	17792
4058	29910
1095	16046
3593	18884
1050	16002
2058	17002
7258	22682
12757	28181
7476	22918
4703	16217
14304	29265
4774	20110
9904	25372
10876	29994
3158	18081
11146	26562
9646	18662
6000	29642
4408	19742
12228	27661
13722	28677
9279	24771
10684	26116
14668	24374
14345	29637
13548	28512
3974	19321
14341	29076
4900	22736
11358	26778
10873	26299
5374	20724
2238	17172
4941	20291
12508	27937
8309	23788
6733	22132
4933	20279
1246	16195
13523	18569
5795	21165
13799	28755
5305	20664
5225	20581
14652	29652
10130	25571
6029	21378
5676	21040
11559	26978
7856	23347
13704	28658
13337	18344
2038	16983
11632	27053
9527	25007
9569	25041
9211	23340
9378	24308
7440	22881
10087	25528
13309	28416
6542	21921
10285	25725
8255	23732
10178	25616
3538	18834
12636	28053
8011	23486
5003	20353
5738	21103
8994	24704
5457	20809
9967	25427
909	15864
12449	27877
11177	26597
1127	16082
1153	16108
8267	23746
733	15692
1980	16925
12789	28212
1635	16592
5067	20431
377	15326
13132	18356
1598	16557
11304	26725
1349	18590
5718	21083
13570	28531
14035	28989
12837	28239
866	15824
12149	27674
12677	28102
12973	23641
12205	27641
5685	21048
10439	25878
2198	17136
192	15154
14941	29926
12259	27698
13589	28550
8102	23596
14086	29043
13217	16065
2853	17700
4154	19501
13496	28480
13778	28735
10916	26334
12698	28124
5507	20868
7798	23280
522	15471
13950	28896
10723	26151
14589	29559
2765	17633
7722	23203
8785	24275
1436	16391
9979	22428
9469	24953
6052	21397
6794	22194
2628	17512
13454	18708
9629	25103
5612	20970
1741	16698
667	15624
9627	25101
964	15918
271	15226
5079	20442
12523	27951
2125	17076
4985	20335
13616	28575
13304	28412
7852	23343
2515	17425
2078	17019
10188	25626
10710	26138
2159	17097
10411	25849
1221	16172
5885	21244
6349	21716
6187	21555
13266	28395
6515	21893
1036	15990
6062	21419
5470	20822
2554	17456
2907	17752
9151	24646
12422	27851
325	15281
14372	29315
4746	20078
4065	19407
3544	18839
11221	26640
8219	23698
8262	23740
1307	16264
9039	24546
711	15668
8861	24370
11907	27365
11093	26510
167	15128
10531	25969
11781	27245
12063	27509
2904	17749
14690	29686
13680	27275
7556	23005
5684	21047
4096	19439
6331	21700
9821	25289
11606	27026
4736	20165
11489	26915
2791	17655
6716	22114
14496	29458
5343	20699
6156	21517
12900	28270
8576	24059
6003	21349
10616	26050
12687	28114
9449	24933
1294	16252
11631	27052
14597	29570
2378	17291
46	15038
958	15911
14326	29627
614	15571
11566	26984
6500	21879
4082	19424
9198	24689
1765	16720
4926	19979
7654	23122
6706	22104
4611	19953
2585	17484
10836	26263
12708	28133
3641	20383
8954	24472
4496	19838
10711	26139
3629	18915
9788	18687
11811	27271
11762	18480
1461	16415
8188	23668
4334	19658
14253	29224
10751	26177
3168	18091
2074	17008
2193	17131
2848	19625
13108	28348
4013	19358
14050	29001
5431	20787
3002	17845
2079	17024
8630	24117
5426	20782
4994	20344
1830	16783
8236	23713
14646	29646
13534	28499
9281	24773
20	15012
2801	17667
4153	19498
7332	22745
7341	22786
4482	19828
1023	15972
9215	24707
10882	26306
8353	23833
262	15217
3422	18519
11957	27404
1303	16260
5154	20510
5618	20976
5624	20982
10123	25564
12309	27742
418	15373
9175	24664
13516	19811
8405	23887
6748	22147
12058	28835
6406	21786
4924	20267
9377	24858
1690	16647
5087	20449
14938	29922
6260	21620
1375	16330
1433	16389
5499	20863
7056	22463
9169	24660
8501	23985
314	15270
1218	16169
8108	23580
7662	23130
6980	22380
1476	16430
5497	20848
4395	21951
11802	27264
7727	23208
891	15848
11121	26538
13517	15335
14425	29379
10202	25641
85	15062
8208	23687
6431	21810
1007	15957
9214	24728
4146	19049
894	15851
11183	26602
7081	22485
13447	18484
3262	18186
10606	26040
12787	28210
14798	29769
12912	28277
12775	28198
599	15564
9007	24517
6492	21871
304	15260
3256	18180
1325	16283
13065	28336
234	15190
2903	17753
4613	19955
2556	17458
9721	25198
11457	26883
10052	25504
12401	27828
12104	27549
9513	24994
12435	27863
12070	27516
11390	26811
11785	27249
5188	20545
12391	27818
14480	29431
11602	27022
12178	27619
4070	19412
5799	21169
11427	26851
11235	26656
14011	28942
1575	16536
9591	25063
7652	23120
12336	27764
11157	26574
1629	16587
4915	18545
9668	25140
8389	23869
9956	20647
7778	23259
5554	20909
9356	24841
9142	24637
1984	16930
4804	20139
7514	22948
3918	19263
5647	21008
4536	19880
3595	18886
1979	16924
9316	24804
8497	23981
6168	21534
6957	22357
12243	28994
11646	27068
6008	21354
11132	26548
10038	25491
2671	22977
11657	27079
14812	29785
14606	29580
1539	16496
1569	16526
1962	16907
6308	21676
4255	19584
8397	23877
11424	26848
6709	22107
12258	27697
4038	19383
7992	23536
13758	28715
783	19869
11626	27047
4453	19794
7984	23466
50	15042
14080	16232
14620	29593
12909	16718
14495	29457
3354	18989
10376	25814
8383	23863
12197	27633
1093	16044
11353	26771
9105	24603
541	15477
4106	19450
12468	27896
12059	27505
9579	25051
9828	25295
10732	22396
11417	26840
1449	16403
11167	26586
5777	21150
1343	16299
627	15584
3802	19101
88	25381
11452	26875
4826	20162
1091	19596
6486	21866
14866	29847
12254	27691
14639	29635
12353	22770
12851	28245
7299	22738
8569	24052
6277	21643
10937	26357
5366	20742
5056	20418
10919	26337
13300	18006
14461	29418
4902	20243
2618	16199
6927	22327
7192	22607
3911	19255
508	26426
1336	16292
9354	24839
5721	21086
5241	20597
7584	23041
2863	17710
10206	25645
10803	26227
9402	24884
127	15108
12972	18359
1703	23169
10484	25921
11282	26703
996	15946
2612	28952
7930	23413
2621	17504
3049	17892
14641	29640
5089	20451
10076	25517
4128	19474
5873	21232
4603	29517
3933	19279
692	15651
2346	17264
12560	27989
9730	25206
11758	27219
4172	19519
5750	21115
4279	19597
10067	27663
14320	29273
3732	19012
10493	25931
11080	26498
6281	21652
10368	25806
13010	23173
14965	29955
10358	25851
1516	16472
1602	16561
9063	24570
1787	16739
5051	20413
5882	21241
4224	22028
469	15427
13919	28866
5891	21249
3193	18116
12425	27854
14909	29897
14994	29983
13341	28426
2632	17517
5790	23157
1121	16075
10885	26109
1103	16056
11136	26552
2521	17430
2668	17551
3704	27160
13119	18461
4537	19881
8742	24227
6058	21413
14313	29621
5532	20886
3289	18211
9736	25210
12096	27541
4175	19522
1971	16917
3341	18257
5340	28799
5023	20372
3894	19238
13249	18375
10840	26268
3536	18722
7491	26525
4809	20143
12988	17937
11972	27419
5027	20378
9759	22681
3093	17933
6535	21912
2119	17070
9573	25197
11456	26882
2654	17539
12535	27965
12298	27732
3869	19163
4337	19666
676	15645
5505	20852
5806	21172
13752	28710
14506	29468
10893	19749
12782	28205
5515	20871
1149	19726
879	15835
11549	26969
8842	24346
10313	23905
1650	16606
7927	23411
1675	18669
853	15808
3686	18967
3231	18154
9300	24790
2465	17376
1429	16383
7329	22777
2416	17327
14656	29656
4426	19766
12121	21723
5237	20592
10414	25797
2520	17429
2348	17265
10224	25664
10822	26246
2205	17144
9670	25143
11640	27064
2870	19626
1284	16243
8784	24274
8929	24438
3278	18202
8392	23872
7404	22847
1607	16565
12570	22961
2692	21339
9396	24872
14486	29436
10132	25574
10456	25895
9903	25371
11298	26730
12284	27720
7750	23232
1488	16445
1457	16411
6655	22054
12382	27809
14186	29159
12245	26946
9961	25421
1441	29657
11976	27423
6472	21852
10677	26190
5094	20455
6589	21976
186	15148
10258	25699
3066	17909
13805	28760
8573	24056
2482	17393
10717	26145
3331	18246
6791	22191
7162	22578
67	15065
13129	19486
7043	22446
7092	22497
7494	22932
8504	23988
6298	21667
3516	18815
10620	26055
546	15489
9338	24824
8324	23802
12421	27850
8563	24046
558	15496
2367	17281
7465	22907
5461	20813
5589	20944
9020	24530
4173	19520
128	15109
6963	22363
6978	22378
7277	22710
12750	17022
14465	29594
4679	20016
11264	26685
6537	21915
2693	17570
11182	26601
2248	17182
8368	23848
1427	16384
7693	23163
12477	27905
13596	28557
2504	17415
3798	19097
8454	23937
11149	26567
2926	17769
9580	25052
8433	23916
10651	26086
7251	22671
6171	21537
8269	23748
9722	25199
10824	26248
612	15569
12446	27874
5728	21093
3064	17907
3156	18079
3843	19140
9351	24836
5978	25761
10516	25954
12416	27844
1658	16616
3569	18864
11044	26463
5260	20617
14672	29670
9422	24905
930	15885
10995	26412
2398	17020
11010	26429
3276	18201
8230	23710
155	15122
3881	19224
467	15425
1555	16511
9260	24752
3625	18909
11197	26617
2974	17818
6846	22242
11154	26572
2359	17274
1588	16550
6689	22087
1916	16868
12948	19175
5424	20778
8720	24205
10317	25754
8619	24106
5262	20620
8472	23956
11790	27253
6836	22234
12917	28279
9826	25297
13411	18681
2655	17540
11174	26594
7946	23427
9376	24857
13842	28796
880	15838
12140	27587
7545	22997
8160	24269
11503	26928
2492	17403
1989	16935
9276	28413
250	15205
1475	16429
2514	17424
8257	23736
8534	24018
6274	21639
3056	17899
8690	24174
5483	20835
9472	18738
12575	28004
4471	19817
5496	20873
10000	25457
12203	27639
10089	25531
8195	23675
11352	26770
9182	24666
6214	21573
404	15359
4248	19577
9495	24976
1564	16521
329	15284
8688	24172
7558	23006
6729	22128
6217	21576
7657	23125
1770	16725
1619	16577
4907	20251
1664	16622
6275	21640
3095	17935
9609	25082
1083	26352
6666	22064
11803	18032
12285	27721
12889	16910
11216	26643
661	15615
1871	16817
2209	17148
9104	24602
6691	22089
2228	21566
8671	24156
6258	21618
12688	28115
731	15690
5211	20566
7579	23029
6122	16682
5458	20810
6878	22276
9516	24997
12272	27710
6543	21922
4529	19873
13126	28352
4006	19351
10555	17515
403	15357
11874	28069
13104	28347
12060	27506
10312	25750
6646	22046
14368	29311
8705	24189
13658	28613
10142	25581
12040	27490
9594	25066
8855	24362
6864	22263
13734	28689
14140	29352
1869	16824
3823	19121
5622	20980
10817	26242
5018	17989
375	15325
1689	16646
7451	22894
11793	27256
11113	26530
10536	22555
12855	28246
12583	28009
5974	21317
3968	19315
1923	16875
6287	21658
4306	19633
6728	22127
14619	29592
9965	25425
7346	22790
8629	24116
1684	16641
7529	22970
947	15901
5030	20381
12394	27821
11045	26465
14603	29576
2706	22985
7508	23087
5132	20491
13553	28517
6136	21499
386	15342
13727	28682
12273	19690
12467	27895
837	15797
266	15221
3614	18897
11475	26900
11849	27312
10654	26108
3744	19025
8061	23533
7822	23300
10148	25587
2130	17078
6364	21744
8596	24080
3660	18942
1426	16381
13844	18454
7407	22850
3322	15178
13790	28746
972	15924
10362	25800
2580	17480
11381	26800
11380	26799
12373	27799
10712	26140
5664	21031
1217	16168
8703	24186
3854	19152
5587	20940
4462	19807
1913	16865
2674	22795
4373	19698
11091	26507
14829	29806
8897	24404
9530	25110
7692	23302
3175	18098
2030	16976
9541	25018
12146	27592
10534	25972
2413	17324
13026	28320
1919	16871
3927	19272
1748	16705
12464	27892
11676	27099
14337	29072
4190	19539
12996	18430
10628	26065
2792	17656
2310	17236
8993	24506
4986	20336
11765	27230
9398	24874
7873	23361
11992	27434
7528	18643
9512	24993
12003	27449
4947	20296
439	15397
3524	18823
4156	19503
3912	19256
14193	29168
9774	25247
1897	16849
7608	23067
5599	20954
8843	24348
14231	29208
5150	18523
5268	20626
7872	23360
6954	22352
14406	29360
8516	24000
10570	26003
6550	21929
7993	23473
2936	17780
4720	27969
6148	21512
7195	22610
9539	25017
11859	27320
10615	27601
10319	25757
3306	18224
2155	17093
12802	28224
10294	25731
3809	19106
9482	18525
3509	18806
8635	24122
5236	18005
7122	22526
240	15196
2144	22705
400	15354
4383	19706
6800	22200
1816	16769
5741	21106
5987	21330
5069	20433
4345	25991
2491	17402
5317	20676
13242	28386
8436	23919
1678	16635
12364	27790
13502	28483
12839	17973
6320	21689
2672	17554
14033	28987
11347	26764
4328	23434
745	15704
3166	18089
12822	18572
10035	25489
4771	20105
6169	21535
2507	17418
5723	21088
5378	20728
11032	26451
8782	24271
7005	22405
10716	26144
474	15431
3085	17926
5166	19639
9786	19483
9754	25235
1725	16680
13453	19541
4661	19998
13397	17982
2641	17526
8923	24430
6411	21791
5661	21028
3508	18804
42	15034
6229	21595
4999	20349
12136	27583
13791	28747
5322	20679
3741	19368
11466	26891
4031	19375
1227	16177
14658	29659
9795	25260
13027	28321
6100	22680
8856	24363
1332	16291
12545	21476
6085	17744
11402	26823
11104	26521
13929	19193
2153	17092
5117	20480
9870	25337
12781	28204
2499	17410
3369	18282
14572	29540
14917	19092
14775	29762
3136	18059
10080	25521
10619	26054
4646	19983
9656	25130
7521	22956
5455	20808
4642	18644
12333	23013
9049	24556
11750	27210
10005	25461
11219	26638
10584	26019
11548	26968
3986	29162
4802	20216
14456	29414
5683	21046
11540	26960
12906	28274
5416	20771
5745	21110
939	15893
10769	26196
10963	21525
14264	29233
11445	26871
8109	23581
282	15238
5172	20529
7405	22848
3756	19050
7959	23443
7678	23147
5813	21180
5397	22922
3956	19303
1673	16631
12516	27170
5307	20666
6489	21869
47	15039
2851	17698
4633	18713
8549	24032
2018	16964
7834	23312
7110	22514
7070	22475
4367	19692
7773	23254
8585	24068
6151	21515
11097	26514
900	15856
6321	21690
8602	24086
9452	24936
3234	18157
10907	26323
4609	19951
8226	23706
6779	22178
7255	22676
10119	25560
8466	23950
1380	16336
4687	20033
3813	18463
8824	24328
13035	28324
1464	16417
4499	20263
1051	16003
11484	26910
11198	26619
5393	20746
6667	22065
6166	21533
14390	29338
6999	22399
7247	22667
6299	21668
14961	29952
3997	19341
9542	25019
2994	17836
12277	27713
2998	17841
6470	21850
9984	25441
12942	28287
2061	17005
2635	17520
787	15740
1594	18315
2934	17778
13830	28785
3334	18249
14475	29428
796	15749
3108	17949
8626	24113
2277	17206
2278	17207
4956	20302
5032	17916
10147	25586
13670	28626
14309	29620
11565	26983
5629	20987
6452	21831
12460	27888
293	15249
8319	23798
4290	19611
14363	29306
10296	25739
12405	27832
2393	17307
13253	18596
2865	17712
12512	20214
14470	29424
12081	27527
6583	21970
763	16558
9224	24714
5280	20639
4403	19732
11473	26898
110	15098
10656	26089
7481	22924
4359	19684
2230	21567
11429	26854
4501	19843
6912	22311
14697	29694
13510	18604
5250	20606
7450	22893
8183	23664
3210	18133
13828	28783
5858	21217
3327	18242
6249	21610
4235	18631
11207	26629
13378	28443
8325	23803
5773	21143
2700	17577
12106	27550
7132	22536
12684	28109
3579	18871
4935	20281
5909	21263
6657	22056
9533	25113
14171	29125
1243	16192
9145	24640
13093	20516
9992	25450
2872	17718
9699	25174
12032	27475
13061	19812
4384	19707
13766	28723
11106	26524
13051	28331
12215	27646
14070	29020
4716	20058
10993	26410
8939	24448
13794	28750
3376	18289
5379	20729
6343	21711
8789	24279
5754	21118
9628	25102
6445	21824
6413	21793
8697	24180
5650	21012
8780	24268
1857	16809
2161	17099
2124	17075
13701	28655
11224	26636
3164	18087
2758	17626
2452	17363
5174	20531
10571	26006
151	15119
10440	25879
499	15455
5711	21077
13003	28311
14452	29411
3251	18175
2986	17830
9781	25251
8904	24411
13628	28586
10436	25874
256	15211
6941	22340
1321	16278
2215	17154
3978	19323
9914	16215
9677	25150
13605	28565
2041	16986
12369	27795
10813	20619
3391	18306
13646	28601
9408	24886
7007	22408
7137	22542
646	15601
10489	25926
448	15406
8764	24247
5398	20752
14272	29240
9559	25013
5066	20425
5450	20796
5984	21327
14842	29824
2689	17568
10748	26175
1268	16228
9245	24736
4041	19386
10361	25799
14778	29764
4100	19443
7690	23160
6408	21788
12611	28031
4959	20305
11777	27241
14430	29383
13916	28863
6300	21669
11834	27297
797	15750
6745	22144
9946	25403
11927	27380
14161	29114
6422	21801
2196	17134
3983	19327
9294	24784
14815	29790
12377	27804
14541	29499
3109	19628
12192	27630
2690	19463
12995	28309
11722	18326
6047	28140
11936	27388
583	15539
8019	23492
11343	26760
3161	18084
3171	18094
357	15309
442	15400
14413	29377
7452	22895
8531	24015
4409	19744
9841	25310
12586	29137
8336	23815
4363	27662
9663	25141
1035	15988
8044	23516
1651	16607
3527	18826
2675	17556
9854	21429
11077	26495
4393	19717
2104	22673
13071	16419
9739	25216
9535	25011
12850	28244
7694	23164
4914	20258
5160	18366
2722	17596
3236	18159
2527	16288
5207	20561
9690	25160
2972	17816
5048	20410
9128	24623
3511	18810
3491	18789
10636	26071
6788	22188
6600	21987
7169	24311
640	15596
6353	21732
4130	19476
7818	23296
12771	18393
4120	19465
12913	28278
13932	28876
12007	27453
14542	29500
14946	29931
2136	29028
12714	28137
13102	18718
5752	21117
11428	26853
2867	17714
665	15622
4787	20123
6738	22137
11017	26436
62	15184
14504	29401
720	15677
5282	20641
4991	20341
303	15259
14575	29544
3018	17861
1059	16011
11062	26482
7211	22626
5944	18036
4961	20307
8422	20094
5110	20472
7801	23285
1236	16185
12542	27973
5430	20786
3385	18298
10645	26079
5585	20941
6064	21421
3190	18113
859	15816
1323	16281
3469	18768
12036	27484
10021	25469
10079	25520
8121	23592
6033	21382
2268	17196
8119	23590
4533	19877
7140	22545
5932	21648
7680	23149
10127	25568
6983	22383
8200	23682
3449	18542
11733	27193
13567	28527
4556	19899
13617	28576
10064	23433
1646	16603
6248	21593
5120	20585
4035	19380
12067	27513
12204	27640
1630	29541
5029	20380
12370	27796
13417	18492
8963	24481
14716	29711
3628	18911
2160	17098
9412	24889
3949	19296
13538	28503
2189	17127
6284	21655
2405	17316
13138	28356
9978	25437
14876	29857
5680	24342
786	15739
12647	19694
10016	25473
8355	23835
8503	23987
815	15769
14686	16613
5044	20408
7354	22799
11482	26908
8049	23520
5377	20727
7170	22585
5107	20477
3292	18214
14215	29187
8779	24267
11400	26821
5164	20520
13204	28377
886	15843
9680	25155
854	15810
14932	19428
98	15082
14728	18927
13573	28534
13424	28454
2120	17071
13729	28684
2469	17662
6102	21461
12741	28169
5390	20739
13998	28959
10686	26118
6974	22374
8889	24396
1174	16117
8672	24157
2417	17328
6905	22304
12247	27682
3718	25087
14388	29333
5092	20453
5356	20398
7739	23221
9357	24842
5848	21020
12800	28222
11866	27329
13937	28885
9203	22797
1941	16888
842	15807
10868	26294
5101	20463
12823	18391
10958	26379
5732	21097
2834	17688
9675	25148
3464	18763
2246	17179
204	15165
11556	26976
7373	22815
12071	27517
10935	26354
4433	19773
3191	18114
8739	24225
11067	26486
12922	18582
5410	20766
1702	16663
7799	23282
12844	18703
11487	26913
1521	16478
2050	16994
1930	16881
2171	17109
12718	28142
11910	27368
10304	25744
6820	22218
10576	26010
10085	25526
5541	20895
3587	18878
11655	27077
4767	20101
8793	24332
6756	22155
7858	23349
7250	22670
10774	26200
14347	29293
4481	19826
8854	24361
14702	29699
5771	21139
13757	28714
1341	16297
10263	25704
5438	20792
6290	21660
5217	20572
12733	28159
13519	29688
9804	25272
1890	16843
6995	22394
10708	26136
7575	23025
14377	29320
12984	28303
13336	18343
4937	20287
12888	21403
11894	26662
106	15092
8078	23551
12503	22002
1643	16600
12544	27975
11964	27412
1844	16798
10164	25603
11322	29553
3632	18918
7774	23255
11027	26446
12454	27882
970	28995
10752	26178
11977	27424
2809	17670
1224	16216
7464	22906
3795	19093
1498	18642
11658	27080
4455	19798
10666	26099
149	15118
3006	17849
13992	28934
2702	17578
10521	25959
9311	24799
7888	23266
4954	20300
10173	25611
5357	20749
7725	23206
107	15093
1269	16229
12075	27521
6651	22050
1117	16071
7841	23321
1960	16905
12723	28147
11987	27429
4878	20220
11420	26844
10697	26127
2890	17735
7467	22909
4301	18865
9803	25270
5413	20768
7252	22672
6997	22397
6234	21631
3101	17942
5384	20733
529	15506
8737	24222
2779	27168
5972	21315
7103	22510
11430	26855
2600	17497
3713	18999
12730	28156
2877	17722
8760	24252
12361	27787
10826	26250
10517	25955
1399	16356
8796	24284
2902	17748
9444	23892
372	15322
13015	18030
12162	27606
5522	20877
3609	19827
4223	22020
9901	25369
10715	26142
5596	20951
3446	18539
14097	29054
11817	27280
11955	27143
5817	21184
12916	18580
9514	24995
384	15338
9888	25356
7942	23424
1419	16374
8323	23812
12548	27977
4699	20044
3806	16222
11830	27293
9638	25117
12184	17451
3667	18948
10372	25810
8470	23954
1940	16887
2191	17128
1721	16676
830	15785
7096	22502
10088	25530
1237	16186
12881	18042
11453	26877
5016	20366
6280	21650
2771	17639
3428	18530
4981	20329
2664	17545
7482	22925
10736	26170
3566	18861
3580	18872
6507	21886
6272	24230
3059	17902
14402	29357
13721	28676
7867	29443
7764	18370
129	17259
3118	17958
5226	20580
3028	19030
1829	16782
14510	20658
799	15752
2265	22764
61	15051
810	15763
10062	23311
5209	20564
8053	23524
8778	24266
7319	22765
10279	25719
6228	21634
6247	21608
5861	21221
2866	17713
9013	24523
11500	26925
12042	27492
9241	24732
8313	23792
998	15948
4862	20198
5402	20756
8449	23932
794	15767
3506	18802
683	15634
14021	28975
6329	21698
8088	23561
11172	26591
3736	19016
4398	27151
4799	20135
9454	24938
1606	16564
9355	24840
11711	27133
12236	27672
3811	16087
14862	29843
12699	28125
2101	20399
1232	28233
3120	17960
12664	28087
14009	28955
3856	19153
14604	29577
455	15412
2406	17317
11971	27418
517	15499
10897	26313
14294	29256
10451	25890
1126	16081
10950	26370
7994	23474
14283	29608
10162	25601
8070	23544
6468	21848
1679	16636
10657	26090
1599	23618
5708	21074
8610	23885
4497	19840
12571	27999
3782	19078
7185	22599
7932	23414
1069	16021
8332	23810
2341	17260
8026	23498
12010	27455
11532	26956
4250	19579
4143	19494
3362	18278
7763	23243
5006	20356
14312	29626
14978	21641
12050	24315
1505	16459
14962	20614
6750	22149
8321	23800
7381	22823
8149	23627
10444	25883
8987	24503
13606	28566
14818	29793
14762	29752
6809	22209
3247	18170
1510	16466
10809	26231
14481	29568
6956	22355
11000	26416
9873	25341
1597	16556
681	18018
14989	29978
2351	17269
12300	27734
7966	23457
9977	25436
7104	22489
12495	27923
14110	29067
14492	29452
407	15361
11378	26797
13770	28727
230	15188
590	15554
7278	22711
14429	29382
11542	26962
7980	29156
6902	22301
989	19191
132	22887
7057	22451
12441	27869
10447	18009
14539	29498
10806	26230
540	15485
3762	19057
536	15503
11906	27364
2637	17522
9546	25022
6142	21505
4356	27140
1264	18323
3900	19244
13365	18756
5233	20590
10458	25897
3246	18169
12088	27534
10187	25625
4382	19705
1186	16140
10847	26274
4249	19578
8122	23594
9094	24592
9640	25119
89	27660
12207	28081
14566	29534
13210	18371
2752	17621
8487	23971
10543	25979
2887	17732
3726	19007
10104	25542
3838	19142
10706	26134
10321	25760
4856	20225
14616	29589
11230	26651
6348	21715
3961	19308
7456	22899
11204	26626
11922	27481
12979	28301
383	15336
11462	26887
10365	25803
8418	23900
12897	21919
1309	16266
12582	28008
5764	21128
8689	24173
7267	22694
3700	24679
11836	27299
11376	26795
13113	27948
1722	16651
9033	24432
12796	28219
2027	16973
11387	26808
9180	24671
12437	27865
3300	18220
7242	22661
14083	29040
5373	20723
11890	27348
5759	21123
9949	25406
3461	21731
4792	20128
7641	23109
9176	24665
13155	28363
11868	27331
12233	27669
1403	16358
5929	21645
180	15141
5862	17391
183	15145
4447	19787
7259	22683
1150	16104
8416	23898
14564	29532
12117	27563
2449	17360
6198	27781
6591	21978
9383	24864
6534	21911
13091	20252
4012	19357
3052	17895
4289	19608
13089	20694
6430	21809
48	15040
4654	19989
2818	17676
1548	16504
11426	26852
7577	23027
8639	24126
14072	29022
2723	17597
7004	22404
10557	25994
10116	25557
12248	27683
1625	16583
5926	21284
13288	28405
1119	16074
7603	23062
2182	17120
8781	24270
5869	21228
11819	27283
6384	21764
5386	20735
2410	17321
12202	27638
2016	16962
11815	27279
767	15722
16	15008
9298	24787
14920	29904
11474	26899
2874	18173
7664	23132
5966	21309
899	15858
3311	18228
1381	16337
10343	25782
5036	20388
1750	16707
11274	26695
13669	28625
13834	28788
1738	16696
2496	17407
9689	25159
10635	18726
6760	22159
14491	29451
1766	16721
14848	29830
5712	20860
1181	16129
1915	16867
8905	24412
6967	22367
5959	21302
12932	18341
11262	26683
14738	22025
4323	19743
14579	29548
254	15209
826	15781
5053	20415
1490	16447
11370	26789
7223	22641
2294	17221
13078	28341
2542	22960
10417	25855
2910	17756
13241	18714
5031	20382
2056	16999
7968	23451
3106	17947
1470	16424
5562	20917
11206	26628
12809	28231
6964	22364
249	19173
4528	19872
13511	20389
11633	27054
9360	19198
7507	22944
8648	24134
3080	17921
10197	25634
7263	22690
10827	26251
10465	25904
13400	18044
9044	24551
758	15717
2684	22983
10511	25947
60	27480
12982	28302
9988	25444
13530	28495
3634	18920
1671	16630
5672	21037
4593	19938
5156	20512
3013	17856
7956	23440
1351	16306
10344	25783
464	15422
11016	26435
6292	21662
574	15535
4540	19884
14332	29283
11499	26924
8864	24373
10149	25588
10348	25787
13750	28707
9492	24973
7631	23099
3865	21944
6193	21561
2307	17234
9275	24768
7711	23191
1477	16431
10223	25663
9056	24563
7765	23244
12111	27556
9366	23327
9830	25299
12923	18583
3571	18866
10037	15143
12549	27978
3992	19334
10525	25963
7455	22898
14671	29671
8692	24188
9593	25065
6640	22040
8543	23854
4511	19852
14196	29171
3061	17904
12918	18320
6375	21755
2167	17105
4864	20200
6497	21875
12604	27175
5478	20829
8829	24334
9621	25095
3784	19080
14228	19991
3777	19070
2922	17767
5473	20824
769	15724
11751	27211
3931	19277
5924	21282
9695	25173
6245	21635
10630	26067
14557	29525
7955	23439
4867	20203
10466	25905
13927	28873
10161	25600
5264	20622
3070	18908
13350	28429
8722	24207
1009	15959
882	15840
5854	19183
13723	28678
6705	22103
13053	18335
7483	22926
6132	21495
1707	18460
738	15697
4441	19782
8510	23994
14028	28982
626	15580
14627	29603
11497	26825
4793	20129
905	15861
14843	27142
12765	28189
6675	22073
512	15462
3444	18554
2568	17468
1469	16423
933	15887
8841	20869
10099	25538
6563	21946
14990	29979
7055	22462
8016	23489
11771	27235
5295	20654
9719	25195
13101	18719
10422	25861
5649	21010
8947	24465
4724	20065
3605	18913
13661	28617
12141	27589
1124	16079
7288	22721
11560	26979
14085	29042
6390	21771
14751	29742
2534	17441
4487	19829
1362	16318
14681	29679
3217	18141
3613	20414
2911	17757
5103	20465
9092	24591
10772	26199
6423	26406
10714	26143
1812	16765
2869	17716
1551	16507
5121	20587
8667	24152
9738	25212
13819	28774
2593	29007
2109	17062
9661	25134
11850	18745
11069	29034
6063	21420
10789	26212
12393	27820
7789	23270
3335	18250
7917	23400
2549	17452
285	15241
1817	16770
6865	22264
1273	16237
9662	25138
2394	17308
1391	16348
3082	17923
5868	21227
8636	24123
11596	27017
5783	21153
511	15461
12168	18422
5034	20385
6328	21697
12095	27540
6708	22106
7611	23070
11705	27127
10705	26133
8025	23497
7444	22885
9038	24545
5697	21062
6719	22117
7336	22781
5865	17023
3731	19011
5988	20387
14103	29060
3930	19276
7610	23069
10283	25741
13913	28861
8063	23535
4600	19944
1105	16058
11125	26541
2225	17163
11918	27376
4587	19930
13118	20931
4164	19511
10243	25683
1267	16227
14421	29374
10777	24300
2803	17669
1794	16745
6333	21702
12625	28041
3773	19630
8372	23852
1781	16734
2218	18349
2822	17679
12518	29447
14592	29563
6539	21917
13012	24921
10991	26408
4662	19999
1356	16312
6141	21504
11557	26977
991	15941
9332	29197
244	15200
12294	27728
7703	23183
4730	19839
6742	22141
10262	25703
8013	29990
11531	26955
11586	27006
9489	24969
14029	28983
9119	27408
11780	27244
12634	28051
11745	27205
11279	26700
8177	23658
8804	24293
5273	20633
11612	27032
10757	26184
14163	29116
5394	20747
5793	21162
14397	29344
3546	18842
7644	25766
5104	20466
5530	20884
11537	27228
3011	17854
13255	18383
2638	17524
4575	19918
10884	26307
9255	24746
12944	18635
3725	19006
14852	29833
12924	18586
6347	21714
5222	20576
3658	18941
14410	19714
4386	19710
9962	25422
1229	16179
11388	26809
13267	23328
2683	17562
10406	25844
7945	27488
13991	28933
11728	27189
1616	16574
7419	22862
12931	27167
115	18585
2426	17337
13094	18465
9036	24543
2538	17444
15	15007
6077	21341
10024	25480
13480	29099
2687	18451
14047	28998
1044	15980
707	15664
11228	26649
6687	22085
8446	23929
3301	18380
5337	19643
1080	16032
8719	24203
12826	18567
1955	16898
7555	22991
3435	18536
10307	25747
7320	22766
14859	29840
13751	28708
1118	16072
3729	19009
5064	20427
14158	29111
14758	29749
1369	16325
4532	19876
492	15453
6346	18002
8199	23680
7504	22941
12986	28304
12417	27845
5158	20514
1800	16752
14741	29732
6965	22365
10100	25539
10058	16518
7977	23459
8014	23330
14179	29132
9737	25211
2714	17589
1301	16258
11903	27361
4090	19433
6565	21948
12749	28173
6269	21627
8094	23568
618	15575
1358	16314
12991	28306
1699	16659
773	15727
14933	29917
13485	18648
13761	28718
3859	19155
8380	23860
1096	16049
2540	17445
14062	29140
10356	25795
13784	28740
13435	28459
11036	26455
6450	21829
8976	24494
7840	23318
8661	24146
14913	29900
1499	16455
6478	21858
2192	17130
11214	26635
3126	17978
2174	17110
11861	27327
1994	16940
8932	24441
13936	28878
3754	19044
8357	23837
12842	18452
11520	26943
4055	19400
9025	24534
227	15185
10816	26241
10679	26112
14931	29916
10102	29464
11695	27119
8797	24285
2355	19619
5762	21126
5724	21089
8437	23920
8989	24702
4180	19528
13442	18513
3836	19131
13681	27146
13399	18015
14546	16758
7164	22580
4740	20073
1058	16010
9610	25083
6908	22307
3141	18062
8349	23829
10915	26333
11795	27258
13219	18697
4025	19349
10160	25599
9735	25209
12127	27575
8238	23715
629	15586
14845	29827
12830	18570
9715	25190
3679	18959
10412	25850
736	15695
7720	23201
2451	17362
14233	29209
305	15261
5444	20798
13941	28888
13874	16047
14839	29820
12955	18365
5073	20436
9731	24868
822	15777
4932	20278
14898	29879
330	24914
6631	22017
1052	16004
9102	24600
5727	21092
7848	23214
13364	28434
3411	19196
6628	22015
11129	26545
13229	28382
6295	21665
8495	23979
9237	24727
9158	24652
2756	17624
1848	16801
4185	19531
8477	23961
13692	28644
3819	19117
5953	21299
14785	29767
6185	21553
14511	29470
1586	16548
1266	16226
4583	19926
9207	24697
5510	20855
7935	23417
1644	16601
8187	18827
13213	23215
11884	27341
11171	26590
14982	29970
562	15511
4710	20053
10669	26102
1138	16094
12673	28097
13633	28943
5350	20707
2418	17329
7118	22522
10316	25753
3398	18495
3601	18892
14139	29095
9707	25183
12266	27704
11875	27350
8317	23796
7475	22917
8948	24466
7544	22996
472	19593
12357	27782
3027	17869
9981	25443
1545	16501
14453	29412
9042	24549
364	15321
145	27557
4706	20047
3127	18001
2895	17740
1896	16848
4167	19514
11585	27005
8506	23990
435	15392
983	15934
5328	20685
6945	22354
1734	16692
11600	27057
9550	25026
6955	22353
3808	19105
11501	26926
9554	25030
7114	18022
2966	17809
8224	23704
12546	25986
14760	29751
13090	28344
356	15308
9682	25172
13800	28756
7903	23389
7351	22794
1740	16697
14584	29554
13619	28578
1473	23320
11974	27421
5472	20823
11883	27340
7361	27938
12536	27966
1677	16634
8708	24192
6020	21363
5266	20624
423	15379
14322	29274
13059	28335
10733	26158
12156	27650
14251	29222
11448	26874
8734	24219
9792	25257
4891	20234
8311	23790
14199	29174
9435	24912
2043	16988
2462	17373
1700	16661
937	15891
4912	20256
3174	18097
3875	19219
12384	27811
21	15013
1804	16756
1230	16180
322	15276
13537	28502
2065	17495
12199	27637
14252	29223
5021	20370
9866	25333
3089	17965
1	29989
694	15653
5363	20716
13733	28688
417	15372
14316	29271
9076	24583
14971	29961
8378	23858
8017	23490
289	15245
397	15351
12216	27647
13308	21224
444	15402
258	15213
3693	18977
3642	18929
5699	21065
6774	22173
2004	16950
9084	24454
13656	28611
334	15286
8358	23838
2988	17831
11857	27555
9417	24894
9953	25413
4405	19735
3867	29896
7747	23229
10753	26179
2429	17340
5677	21041
9869	25340
14586	29557
4913	20257
13668	28624
12151	27595
7458	22900
12567	27994
14427	29368
9634	25108
2557	29297
1706	16666
9728	25205
9219	24711
9942	23702
13182	28372
6752	22151
12633	28050
10492	25930
14992	29981
8872	24381
10957	26378
13068	28338
10136	25577
6618	22001
6509	21888
3344	18259
6438	21817
9370	24851
7907	23392
11090	26506
2210	17149
11648	27070
884	15837
4944	20294
13518	15334
4181	19529
4599	15728
9432	24909
2832	17687
9619	25093
355	15307
9386	18611
949	15903
13976	28912
9385	24304
14437	29389
11675	27098
4765	20099
14020	28974
8733	24218
8491	23975
9783	25253
7597	23056
968	15921
3271	18197
10177	25615
14907	29894
14580	29549
14137	29350
578	15531
6928	22328
12471	27900
831	15790
13624	28583
8728	24213
3533	18830
3772	19067
14518	20394
1845	16799
13883	28831
759	15718
2701	23886
4226	19723
11232	26653
8308	23787
10969	26388
7746	23228
379	15328
5980	21322
14957	29948
9165	24657
13205	18409
1288	16247
14458	21377
12180	27622
11001	26417
86	15063
2875	17720
2768	17636
9989	25445
7498	22937
1277	16241
5144	20503
9586	25058
7938	23419
10726	26154
8857	24364
5011	20361
9362	24843
14503	20563
4463	19026
14871	29852
13673	28491
4628	19969
476	15433
13885	18483
12101	27545
697	15656
1718	16674
2157	17095
6392	21772
9467	24951
10662	26095
11734	27194
1578	16540
13597	28558
13926	19056
7331	22779
10655	25226
4670	20007
13804	28759
8609	24096
12500	27928
12188	27627
10046	25499
1716	16673
3015	17858
10082	25523
4304	19738
4299	18805
14024	28978
9844	25312
14301	27166
8802	24290
399	15353
12874	18014
13783	28739
14880	29860
987	15938
2404	17315
10905	29512
4558	19901
13148	21226
8590	24074
13696	28648
7786	23267
13201	21278
14111	29068
10802	26226
2526	17434
39	15031
12817	18050
6396	21776
298	15254
13663	28619
10588	26023
9694	25162
7393	22836
8233	23734
2571	17471
11616	27036
12079	27525
4101	19444
11740	27200
13818	28773
4541	19885
4152	19500
459	15417
12208	28082
8315	23794
4492	19834
4655	19484
7218	22634
2603	19613
11668	27093
5614	20972
6126	21490
4465	19810
7454	22897
2795	17659
13130	19194
3267	18191
10932	26350
6702	22100
744	15703
5091	20462
5973	21316
202	15164
14051	29030
10248	25687
2444	17355
9882	25350
7428	22871
653	15607
7920	23402
13660	28615
8831	24336
12608	28086
5761	21125
14526	29478
8212	23695
8792	24282
13996	28954
1365	16321
11246	26666
14512	26027
4303	19737
5464	20816
11708	27130
6663	22062
171	15132
349	15299
5042	20406
5910	21264
4059	19403
8035	23507
11761	27222
12362	27788
14833	29810
4355	19682
2194	17132
14419	29372
13325	28420
10254	25694
4371	19752
37	15028
9154	24649
14414	29366
3029	17871
2382	17297
1039	15992
703	15660
5986	21329
10540	25976
14956	29947
1931	18716
7	29992
14281	29249
9534	19537
6679	22077
2082	17027
13890	28838
9916	18037
576	15528
4844	20186
5395	20748
1853	16805
13689	28641
8613	24099
5437	20791
1563	16520
4570	19913
12794	28217
9599	25071
12158	25546
13898	28833
438	15395
12292	27726
3187	18110
341	24089
6034	18672
8822	24327
6909	22308
12385	27812
4018	19362
13436	18743
2749	24859
9943	25400
13802	28758
13371	18752
8092	23566
6564	21947
9445	24930
11991	27433
8679	24163
12940	18637
5511	20870
4644	20282
4572	19915
14218	29190
13353	18011
9766	25241
6496	21874
1233	16182
12314	27747
8169	23650
9726	25203
3923	19267
3075	17918
11480	26905
14563	29531
14715	29712
8490	23974
9318	19966
8055	23526
4015	22891
505	15458
13682	28635
4697	20042
3907	19251
10944	26364
6206	21587
6002	21348
10366	25804
4586	19929
8214	23691
1097	16050
9500	24981
5440	20793
13082	18387
1961	16906
6821	22219
3030	17872
6440	21819
6504	21883
12365	27791
10787	26210
14951	29942
6796	22196
6659	22058
11654	27076
8902	24409
9536	25010
6278	21651
5674	21039
1786	16738
10758	26185
5779	24314
7157	20108
14392	29340
6588	21975
287	15243
4251	19581
9431	24908
10336	25774
5404	20759
9477	24959
12692	28118
14534	29484
6197	21568
1084	16036
9185	24676
13782	28738
14318	29619
10940	26360
12458	27886
6336	21704
9624	25098
14026	28980
8277	23756
4423	19762
7315	22758
1652	16608
10943	26363
13049	27940
2284	17213
2836	17690
6341	21709
10913	26331
9487	24967
1937	16885
8662	24147
9240	24730
11273	26694
1592	16552
10332	29816
10786	26209
14949	29934
57	15047
4216	22024
10631	26068
10624	26061
5815	21182
4206	19554
2636	17521
362	15314
4307	19338
8723	24208
8410	23944
1130	16085
1949	25410
12001	27442
3404	18502
895	15852
1582	16544
182	15144
3414	18510
3929	19274
14884	29872
14786	22566
13207	23430
1364	16320
9307	24795
3439	18549
7965	23448
11052	26472
12035	27483
4845	20187
14874	29856
8852	24359
8583	24066
14637	29633
8302	23781
13862	20999
2026	16972
9558	25035
148	19190
2594	17492
1656	16614
13807	28761
8245	23721
12833	28237
9086	24585
5939	27773
7978	23461
3209	18132
754	15713
1600	16559
11939	27391
14106	29063
10242	25682
6930	22331
10994	26411
8712	24196
5694	21058
14459	29416
198	19268
8998	24508
8700	24183
10233	25673
9156	24650
13560	28521
8366	23846
7112	22516
11180	26599
14360	29616
5871	21230
12711	28134
9787	18688
12772	28196
4364	19688
1711	16669
13203	27435
5086	20428
6557	21936
9252	18488
14883	29871
5502	20850
2334	23139
4548	19891
5619	20977
2318	22724
12152	27596
2960	17803
10880	26304
13474	28469
11312	26733
11459	26885
9019	24524
5896	29004
9109	24629
3001	17844
1033	15986
11449	26880
3226	18150
3339	18254
2707	17582
5239	20595
910	15865
4177	19524
11567	26985
5709	21075
5446	20800
11530	26954
8556	24039
12519	27946
8674	24159
6264	21623
14493	29453
6357	21736
5531	20885
12265	27703
603	15544
2399	17311
1815	16768
6153	21518
3493	18791
14156	29109
3717	19002
2227	21565
8276	23755
6394	21774
14800	29772
133	15111
13724	28679
10997	26425
5324	20681
11801	27262
11493	26919
13944	15976
6262	21621
2108	17061
5479	20831
5139	20498
6212	21572
4010	19355
12497	27925
11193	26613
1357	16313
3977	19322
4778	20114
5223	20577
5796	21166
9490	24970
1959	16903
3650	18936
2718	22993
4925	16219
10583	26018
1983	16928
5365	20741
7800	23281
9600	25072
1319	16277
11144	26561
10055	25508
14210	29183
13649	28604
4759	20090
1660	16618
10182	25620
1613	16571
10211	25650
449	15407
2332	17252
10154	25593
9692	25170
6889	22287
11913	27371
2195	17133
13110	28350
9160	22457
5655	21016
3079	17980
4527	19871
10157	25596
7837	23315
1421	16376
2790	17654
12351	27777
5563	21260
1281	29938
3138	18135
2987	17832
3039	17881
8037	23509
8157	23635
821	15776
5097	20458
1508	16462
7543	28807
76	15096
3727	25114
14143	29096
5653	21014
10685	26117
1590	26238
6831	22229
4280	19598
7202	22617
13177	18749
14528	29480
6019	21364
871	15829
3847	19144
5281	20640
6016	21362
1888	16837
1968	16915
2324	17246
7285	22718
4841	20184
8541	24027
3040	17882
3279	17573
12193	27631
14286	29250
12378	27805
11768	27232
10092	25534
8254	23731
3707	18993
10086	25527
4254	19583
10471	25910
3980	19324
5178	20535
12090	27536
7093	22498
7402	22845
28	15020
9948	25405
1157	16125
5521	21261
4614	19956
12744	28180
6877	22275
398	15352
14149	29102
9401	24879
1454	16408
8936	24445
1189	16533
741	15700
4024	19369
7490	23085
6569	21953
14307	29268
1011	15961
10550	25985
10498	25927
6552	21931
4479	19824
14853	29834
4081	19423
9666	25137
12860	28248
10327	25767
6301	21670
164	15127
14999	29988
13434	28458
13333	21132
3073	17915
8875	24384
10349	25788
12150	27594
14765	17181
4376	28813
13233	29158
9231	24720
557	15505
9747	25223
3121	17961
5679	21042
12561	15080
13230	18731
173	15134
8983	24500
14376	29319
2075	17009
14043	28996
13912	28860
2748	17619
3715	19001
2784	17649
427	15382
3487	18786
1066	16019
10812	26236
7915	23398
14802	29786
9625	25099
498	15454
1571	16528
3618	18901
7756	23238
981	15932
14595	29566
7768	23248
10225	25665
1401	19602
3775	19068
3117	17957
14985	29975
7967	23450
14791	22569
14220	29193
8139	23613
13398	17984
3483	18782
2338	17257
12221	27653
3753	19042
14757	29748
14224	29198
1648	24738
11608	27028
10921	26338
12297	27731
3213	18137
4984	20331
12870	28255
13489	28477
4252	19582
8318	23797
2721	17594
3022	17864
12119	27565
1681	16638
7963	23446
978	15928
12963	18329
6437	21816
7854	23345
3750	19039
8393	23873
9442	29191
1006	15956
14023	28977
13594	28555
14344	29638
12707	28132
1513	16469
7988	23470
2386	17302
12282	27718
6850	22248
12005	27451
7548	23000
5334	20691
5890	21248
14329	29280
12593	28019
12957	18601
11237	26657
8003	23175
2918	17763
10784	26207
5452	20805
1003	15953
11882	27339
3789	19085
9673	25146
1471	16426
14236	29213
9423	24902
9906	25374
1780	16733
13908	19702
1286	16245
11419	26841
4744	20076
8721	24206
12427	27856
7047	22453
8342	23821
9172	24878
4076	19418
6094	21453
6793	22193
960	15914
14625	29601
4001	19345
14090	29047
5159	20517
10842	26270
5369	20719
6839	22237
8290	23769
11414	26837
6419	21798
1638	16595
13892	28840
6693	22091
3539	21717
2103	17059
2430	17341
3970	19317
2437	17348
11278	26699
14875	18730
10638	27153
11410	26833
12105	27548
3413	18509
14382	29325
874	15832
5113	20476
8891	24398
6194	21562
2369	17283
1467	16421
1929	16425
6887	22285
2518	16148
3844	19141
10449	25888
3308	18226
14660	19719
4848	20190
1737	16695
13709	28663
2473	17383
13136	18358
1025	15975
4836	20178
14398	29353
1170	16120
5043	20407
8180	23661
1340	23645
2331	17251
3304	28932
4052	19397
13058	18398
10939	26359
3764	15230
6518	21896
6163	21530
3067	17910
5012	20362
14963	29953
4876	20212
4229	19561
10001	25458
6847	22244
13939	29866
6894	22292
5234	20591
14709	29705
7302	22741
121	15105
13083	17987
1885	16834
9958	25416
10894	27673
396	15350
12724	28149
1900	16852
10988	26404
2011	16956
7441	22882
1878	27822
12667	28092
2856	17703
6683	22081
13295	28409
361	15312
9552	25028
5453	20806
501	15457
1445	16401
1777	16730
916	15871
13951	28897
12390	27817
8995	15301
2424	17335
6317	21686
11677	27100
2223	17161
793	15745
12968	28295
7532	22972
8769	24248
12499	27927
11843	27305
8012	23331
1420	16375
4579	19922
12642	28059
11212	26634
10063	23386
3765	19060
8809	24297
4719	20062
11970	27417
13072	20321
8047	23593
2000	16946
2292	17500
7732	23212
14664	29664
4552	19895
12501	27930
14434	20392
12436	27864
8268	23747
2634	17519
10432	25870
10901	26318
10071	25514
510	15460
11340	26757
6196	21564
11805	25544
4214	22033
1542	18647
9264	24755
11744	27204
955	21335
12496	19072
6183	21549
12240	16244
7439	22880
6332	21701
14476	18624
3709	18995
14568	29536
6181	28422
4819	20153
10118	25559
7296	22734
644	15599
1778	16731
514	15465
6075	21432
11084	26508
3167	18090
8312	23791
8801	24289
9644	25123
13338	28423
14056	29009
10309	25698
10347	25786
13793	28749
7660	23128
13239	28385
12021	27468
13645	28600
10189	25627
13741	28696
8686	24170
13146	28360
300	15256
6568	21952
12577	28005
10674	26110
849	15806
2163	17101
9420	23595
8940	24452
2669	17552
14585	29555
7284	22717
10497	25935
12883	18704
11438	26864
10573	26008
12676	28101
1368	16324
7512	29995
4709	20052
9982	25439
5316	20674
8606	24093
2076	17015
5640	21001
8320	23799
10992	26409
9686	25168
3359	18264
14549	29515
13762	28719
4450	19790
12911	19858
1854	16806
3925	19270
9940	25398
10862	19675
2897	17742
7828	28948
2963	17806
10609	26045
5716	21080
4805	20140
10008	25464
14177	29433
14489	29440
9642	25121
6859	22258
13672	28628
5245	20601
8091	23564
1088	16040
2179	17117
8944	24462
12745	18727
13425	28455
4861	20197
7599	23058
622	15579
11385	26806
7383	22825
11243	26663
10976	26393
1963	16908
7964	23447
9121	24615
12263	27701
4004	19348
1176	16127
422	15377
10103	25541
14247	25552
14764	18683
9889	25357
12466	27894
9693	25171
14052	18489
2575	16637
8032	23504
509	15459
9997	29935
6723	22122
3767	19061
11823	27287
8848	24354
1251	16201
14198	29173
8424	23907
2508	23904
481	15439
9064	24571
7770	23251
13639	28594
9416	24893
9344	24899
10483	25920
12858	18589
3472	18771
9659	25153
3438	18548
4851	20193
4271	19589
2543	17446
387	15341
1842	16795
12014	27458
14861	29842
2052	29430
7832	23309
6282	21653
12879	28261
2912	17758
2826	18337
10561	15638
13060	18339
8146	23624
211	15173
4045	19390
68	17300
1136	16092
7958	23442
863	15821
1165	16136
7248	22668
14145	25411
14615	29588
6766	22165
14069	29017
5309	20668
11458	26884
9488	24968
12262	24686
5128	20487
7275	22708
11516	26937
9032	24540
5652	21013
772	15726
4278	19728
12813	17231
3368	18281
6931	22332
8893	24400
7413	22856
13349	19073
4982	20328
13854	28806
8620	24107
4560	19903
5041	20405
13900	28849
14041	18748
12612	28032
13056	28334
338	15289
14222	29195
11408	26831
13697	28649
7698	23178
8373	23853
12291	27725
867	15825
13812	28766
12606	27176
3567	18846
7151	22556
11595	27016
7881	23369
6237	21601
10226	25666
14101	29058
12626	28042
5049	20412
12321	27753
13995	27045
1010	15960
12777	28200
4022	29152
10198	25635
10084	25525
1665	16623
753	29144
5704	21070
13760	28717
12222	27654
2896	17741
1132	16088
7058	22466
8643	24129
6536	21914
1100	16053
11162	26580
3203	18125
3068	17911
809	15762
1876	16826
7050	22455
3825	19113
9364	24845
5024	20373
9892	25360
10265	25706
10632	26069
12578	28006
14643	29643
5490	20843
7457	19648
597	15546
2920	17765
8649	24135
6173	21539
5254	20610
6921	22321
8529	24013
14417	29370
5681	25886
4187	19535
5668	21035
7271	22704
6595	21982
10951	26371
7117	22639
14635	29631
11002	26427
834	15809
6460	21840
3172	18095
9058	24565
2739	17612
3393	18308
12739	28167
4333	24347
8582	24065
6053	21392
10169	25608
421	15376
11286	26706
2262	17191
5691	21055
1517	16473
1173	16123
4919	20262
11189	26607
6910	22309
8567	24050
7327	22775
535	15519
5380	20730
3624	18907
3603	21163
14683	29680
6458	21838
2333	17253
12271	27709
4761	20093
10370	25808
9517	24998
14195	29170
8834	20250
1329	27177
2630	17514
7489	22928
4114	19458
1784	16736
1612	16570
13982	28917
3035	17877
11828	27291
6911	22310
2649	17534
5203	23329
4585	19927
792	15747
8878	24387
6338	21706
11102	26519
9325	24813
5330	20687
7899	23385
6479	21859
342	15291
8271	23750
9410	24887
1749	16706
14863	29844
13749	28706
13469	28466
11502	26927
1315	16272
6059	21414
2455	17366
6769	22168
8682	24166
3165	18088
6562	21941
12600	28026
2025	16971
8597	24081
2068	17037
4751	20083
10605	27932
4911	29291
9813	17028
4632	19973
12498	27926
8730	24215
6164	21531
11220	26639
9996	25454
9521	25002
8485	23969
13566	28526
13019	28314
4977	20324
6642	22042
10825	26249
3475	18774
12875	28260
3873	19216
1459	16413
1379	16335
8876	24385
10433	25871
11407	26830
3160	18083
